worker,start_time_iso,latency_ms,status,allowed,subject_address,subject_role,resource_id,resource_type,resource_sensitivity,action,error
w6,2025-12-19T15:11:34.607592Z,321.508,200,True,0x8FA3c986B63dEd44ce62D4aC5b3b0F49FF447700,COURT,426,IMAGE,2,READ,
w61,2025-12-19T15:11:34.609330Z,320.305,200,True,0x73E42dF14ff21e7994A37802a292F71830CDA5aF,INSURER,46,VIDEO,2,READ,
w7,2025-12-19T15:11:34.607625Z,322.273,200,True,0x5e3B546a11dc657CdFa106cd26E2211ee451c0d7,INSURER,668,FNOL,4,READ,
w62,2025-12-19T15:11:34.609362Z,320.960,403,False,0x84FDd0E1F145C20f9451b1eB751c26e76B3232d4,POLICE,715,TELEMATICS,3,READ,
w8,2025-12-19T15:11:34.607654Z,322.834,200,True,0xCdb11D137710f0a5234b9D3c040668B6D48e59d4,COURT,310,IMAGE,2,READ,
w63,2025-12-19T15:11:34.609392Z,321.298,200,True,0x7fBAcb835330c3A23597A355A26Cf6E0ee69A0B5,COURT,40,VIDEO,2,READ,
w9,2025-12-19T15:11:34.607695Z,323.204,200,True,0x28606132Fb05B11eee1fa6ACe3CB39F3EFFFdCCe,ADJUSTER,610,FNOL,4,READ,
w64,2025-12-19T15:11:34.609417Z,321.684,200,True,0x67A9BC3Fb3B4a392C223A8C644B48346b9Ca5128,COURT,508,FNOL,4,READ,
w10,2025-12-19T15:11:34.607732Z,323.560,200,True,0x2ee7F051BB940423f554ea44742f7c4c8C20Ea59,INSURER,382,IMAGE,2,READ,
w65,2025-12-19T15:11:34.609446Z,322.037,200,True,0xcE078954f123a07010672Fff05b36f5E43642106,INSURER,90,VIDEO,2,READ,
w11,2025-12-19T15:11:34.607760Z,323.911,200,True,0x0479AcE8E12E22b9751dF7542dd8f225c221EC34,ADJUSTER,10,VIDEO,2,READ,
w66,2025-12-19T15:11:34.609472Z,322.815,200,True,0x2875Aa8C20c095495Ab5d6A1aBE2E2b07077dF55,INSURER,884,OTHER,1,READ,
w12,2025-12-19T15:11:34.607793Z,324.714,200,True,0x598405697b464FEbA8C76367b7C75C59D8BE2eCF,COURT,400,IMAGE,2,READ,
w67,2025-12-19T15:11:34.609499Z,323.227,200,True,0xE385ea618340FfE0d7c7e9EB25048F1c1E437F33,INSURER,750,TELEMATICS,3,READ,
w13,2025-12-19T15:11:34.607824Z,325.096,200,True,0xC23BB727D3Ae6bD9cd90AC52ee26359F19176de3,INSURER,859,OTHER,1,READ,
w68,2025-12-19T15:11:34.609525Z,323.551,403,False,0x567dccd668D18B4ACd8A2795151edB162Bc34767,ADJUSTER,646,MEDICAL_REPORT,5,READ,
w14,2025-12-19T15:11:34.607851Z,325.348,200,True,0x7B678e542Dec17ab096b423D15262dcD9B8c11D8,POLICE,212,VIDEO,2,READ,
w69,2025-12-19T15:11:34.609550Z,323.759,200,True,0x0Bc81E8481993A5F61D3011a142E1510de00ECae,GARAGE,496,IMAGE,2,READ,
w15,2025-12-19T15:11:34.607879Z,325.558,403,False,0x955f7F1386d8d5FB12bc50876B418e4D206D9530,GARAGE,648,FNOL,4,READ,
w70,2025-12-19T15:11:34.609577Z,323.971,200,True,0xa814b4D02E07Daa3235ffc1E4752eCF8f6C2D8d8,ADJUSTER,369,IMAGE,2,READ,
w16,2025-12-19T15:11:34.607906Z,325.746,200,True,0x12DF904699208278b4355b568d47De4F2c9646fe,INSURER,722,TELEMATICS,3,READ,
w71,2025-12-19T15:11:34.609606Z,324.833,403,False,0x3116De7d4519B71BA014e7EF3e874D3a98B64A91,POLICE,882,OTHER,1,READ,
w17,2025-12-19T15:11:34.607934Z,326.669,403,False,0xafA5Afd00Ec5464DAf96FCe2b09f4e4e157F4A67,POLICE,719,TELEMATICS,3,READ,
w72,2025-12-19T15:11:34.609633Z,325.094,403,False,0xAA49CCe569366189355225212a2EA06B8172Fa22,ADJUSTER,550,MEDICAL_REPORT,5,READ,
w18,2025-12-19T15:11:34.607959Z,326.882,200,True,0x3db0bD968176A243AC81C5c8Cf02Cf429b04dD57,COURT,942,OTHER,1,READ,
w73,2025-12-19T15:11:34.609659Z,325.312,403,False,0x5C63EFf960008F7F9783957f07533386097149ce,POLICE,522,MEDICAL_REPORT,5,READ,
w19,2025-12-19T15:11:34.607991Z,327.106,200,True,0x2ee7F051BB940423f554ea44742f7c4c8C20Ea59,INSURER,215,VIDEO,2,READ,
w74,2025-12-19T15:11:34.609685Z,325.526,200,True,0xBC78986794f1658340222E011F7e1Cf375177F95,ADJUSTER,367,IMAGE,2,READ,
w20,2025-12-19T15:11:34.608021Z,327.297,200,True,0x466ec685AE894BAc153c11350FC488cAAa2C062E,INSURER,286,IMAGE,2,READ,
w75,2025-12-19T15:11:34.609711Z,325.707,200,True,0x89cb551204456FFCd8e595feE394120dD047b57A,INSURER,919,OTHER,1,READ,
w76,2025-12-19T15:11:34.609738Z,325.777,403,False,0xa814b4D02E07Daa3235ffc1E4752eCF8f6C2D8d8,ADJUSTER,522,MEDICAL_REPORT,5,READ,
w77,2025-12-19T15:11:34.609765Z,325.858,200,True,0x81daFDe6F70ee2Fb93671DC220cC29F8205ACB57,INSURER,811,TELEMATICS,3,READ,
w21,2025-12-19T15:11:34.608047Z,327.705,403,False,0xE3De53E77787ac96c6f78B3eD0A6Acea23953342,POLICE,676,FNOL,4,READ,
w78,2025-12-19T15:11:34.609876Z,325.983,200,True,0x8D21394c336D57f89564705Aa61307561b63E310,POLICE,469,IMAGE,2,READ,
w22,2025-12-19T15:11:34.608074Z,327.883,200,True,0xBeBf134906e0FCcd85b0D99a4626a7B8584e742c,ADJUSTER,315,IMAGE,2,READ,
w79,2025-12-19T15:11:34.609904Z,326.174,200,True,0xC23BB727D3Ae6bD9cd90AC52ee26359F19176de3,INSURER,600,MEDICAL_REPORT,5,READ,
w23,2025-12-19T15:11:34.608102Z,328.097,200,True,0x85C720Ae65eF1706A0cf41695a93A34E189D5Ea0,INSURER,896,OTHER,1,READ,
w80,2025-12-19T15:11:34.609931Z,326.366,200,True,0x59A67A1183C69AAf8Fe3D746D569392b7d4A5035,ADJUSTER,405,IMAGE,2,READ,
w24,2025-12-19T15:11:34.608130Z,328.273,403,False,0xD261b62ccB398d8100234C5fD641c6D67B10C62B,GARAGE,873,OTHER,1,READ,
w81,2025-12-19T15:11:34.609959Z,326.540,403,False,0xC586D6C2dc89b791ae2AA6ae054c2629891275e1,POLICE,855,OTHER,1,READ,
w25,2025-12-19T15:11:34.608157Z,328.461,200,True,0x090F26617cAab81C15934159343Ff688fAf23820,POLICE,31,VIDEO,2,READ,
w82,2025-12-19T15:11:34.609986Z,326.749,200,True,0x4828419eA02B1D4399E039f8E5F346f37f19fA13,INSURER,478,IMAGE,2,READ,
w26,2025-12-19T15:11:34.608184Z,328.665,200,True,0x933be1Be0aF68b62934fE96ADB1AB2Ee1C47B4F0,INSURER,992,OTHER,1,READ,
w83,2025-12-19T15:11:34.610014Z,326.934,200,True,0x78273aa663aa16C08590efF5582bb4C9DD30Bb95,INSURER,875,OTHER,1,READ,
w27,2025-12-19T15:11:34.608220Z,328.823,403,False,0x090F26617cAab81C15934159343Ff688fAf23820,POLICE,845,TELEMATICS,3,READ,
w84,2025-12-19T15:11:34.610040Z,327.109,200,True,0x3495fF4A33D3b8aCCB512226B501122064b1e8fe,INSURER,654,FNOL,4,READ,
w28,2025-12-19T15:11:34.608250Z,329.005,200,True,0x58e8E907e02C35e581Ed3a4e98906344861E7265,INSURER,388,IMAGE,2,READ,
w85,2025-12-19T15:11:34.610068Z,327.283,403,False,0x419d3b699AA38c218f3D84f0a3129a6383634f17,ADJUSTER,520,MEDICAL_REPORT,5,READ,
w29,2025-12-19T15:11:34.608280Z,329.171,200,True,0xC6Ffd174B730f05f52aF93e216103D6C7464cc96,INSURER,262,IMAGE,2,READ,
w86,2025-12-19T15:11:34.610096Z,327.453,200,True,0x077f45EB3eB6027C0D05Ab77CAC4D29c46cb3a6E,INSURER,59,VIDEO,2,READ,
w30,2025-12-19T15:11:34.608307Z,329.337,200,True,0xBdfeA99CC2B9e09E4A7e6C7B14808189488E3985,COURT,990,OTHER,1,READ,
w87,2025-12-19T15:11:34.610121Z,327.617,200,True,0x97910F1306b5414B4C61D9A719B6871f5c77662f,INSURER,378,IMAGE,2,READ,
w31,2025-12-19T15:11:34.608334Z,329.505,200,True,0x73E42dF14ff21e7994A37802a292F71830CDA5aF,INSURER,362,IMAGE,2,READ,
w88,2025-12-19T15:11:34.610149Z,327.790,200,True,0x7B678e542Dec17ab096b423D15262dcD9B8c11D8,POLICE,98,VIDEO,2,READ,
w32,2025-12-19T15:11:34.608365Z,329.668,200,True,0xd6f5696C80b8cb2D4AAaFdaf8E7C266cf4af4538,COURT,878,OTHER,1,READ,
w89,2025-12-19T15:11:34.610178Z,327.951,200,True,0xeaD317253F31780B00e0Ef360b1ade2Fb83c2b3E,INSURER,79,VIDEO,2,READ,
w33,2025-12-19T15:11:34.608393Z,329.834,200,True,0x58f181cd636a8F0a8335240Efc4979212ff45341,INSURER,772,TELEMATICS,3,READ,
w90,2025-12-19T15:11:34.610206Z,328.117,200,True,0x685A29EE8A06E458E58A29d721dFB677cdF8a600,INSURER,37,VIDEO,2,READ,
w34,2025-12-19T15:11:34.608420Z,330.003,200,True,0x11F50254a88A6e26E6Bb5aAE8d74E52372B4270E,COURT,743,TELEMATICS,3,READ,
w91,2025-12-19T15:11:34.610232Z,328.290,403,False,0x27158a264fdA9698B85485706B47BBC87Fa6Db4b,ADJUSTER,650,MEDICAL_REPORT,5,READ,
w35,2025-12-19T15:11:34.608447Z,330.190,200,True,0xB8954C40b419Ae7332fF39Ce3d458ba1fed03941,REGULATOR,677,FNOL,4,READ,
w92,2025-12-19T15:11:34.610261Z,329.491,403,False,0xcCC472e2d0eDA52066a80BCFb4577Dc9Fb7CD453,POLICE,824,TELEMATICS,3,READ,
w36,2025-12-19T15:11:34.608474Z,331.451,200,True,0x78b99D5D04232b9650d619DBa5F5600a9242A472,INSURER,137,VIDEO,2,READ,
w93,2025-12-19T15:11:34.610288Z,329.767,200,True,0xF88a95Dd8B84AF76941627AA419BEFc507d88125,ADJUSTER,7,VIDEO,2,READ,
w37,2025-12-19T15:11:34.608628Z,331.559,200,True,0x811FdDFb3340F34AB2b91C97AcB5FAeB6405847E,REGULATOR,361,IMAGE,2,READ,
w94,2025-12-19T15:11:34.610314Z,329.983,403,False,0xDd45386232533D2C209976e678A91A2263676ECB,GARAGE,655,FNOL,4,READ,
w38,2025-12-19T15:11:34.608657Z,331.747,403,False,0x23aA93bc659A3e3D0da5434a4088578341D43278,GARAGE,876,OTHER,1,READ,
w95,2025-12-19T15:11:34.610341Z,330.187,200,True,0xF09aBd729B48E734Ad684B93585E8D043D55c967,INSURER,101,VIDEO,2,READ,
w39,2025-12-19T15:11:34.608689Z,331.968,200,True,0xE385ea618340FfE0d7c7e9EB25048F1c1E437F33,INSURER,664,FNOL,4,READ,
w96,2025-12-19T15:11:34.610367Z,330.395,200,True,0xD46492141A5F13412fa59e5F47Ce969c7954E752,INSURER,672,FNOL,4,READ,
w40,2025-12-19T15:11:34.608718Z,332.174,200,True,0x2ee7F051BB940423f554ea44742f7c4c8C20Ea59,INSURER,916,OTHER,1,READ,
w97,2025-12-19T15:11:34.610394Z,330.648,200,True,0x68cBdE77b98e3AF3281dBC229ee66540Eac3f007,ADJUSTER,707,TELEMATICS,3,READ,
w41,2025-12-19T15:11:34.608747Z,332.436,200,True,0xD0Ce1d9D5A9c7E4F03d499A265d3014Ae5da7644,ADJUSTER,871,OTHER,1,READ,
w98,2025-12-19T15:11:34.610419Z,330.915,200,True,0xBdfeA99CC2B9e09E4A7e6C7B14808189488E3985,COURT,285,IMAGE,2,READ,
w42,2025-12-19T15:11:34.608774Z,332.681,200,True,0x09596bf36cE63dABDeB58d68a52792B7BA13ba84,ADJUSTER,210,VIDEO,2,READ,
w99,2025-12-19T15:11:34.610445Z,331.114,200,True,0x51A2465dc26f17e37524f93494A8409715ACc9c2,INSURER,426,IMAGE,2,READ,
w43,2025-12-19T15:11:34.608800Z,332.877,200,True,0x33F5a90B9400A21046089Aaf44319BA889B0B9ed,INSURER,945,OTHER,1,READ,
w1,2025-12-19T15:11:34.607304Z,334.527,403,False,0x7B678e542Dec17ab096b423D15262dcD9B8c11D8,POLICE,619,FNOL,4,READ,
w44,2025-12-19T15:11:34.608830Z,333.183,200,True,0xdBf006c9b4fEA25fFA98161abc660B4643109625,ADJUSTER,45,VIDEO,2,READ,
w45,2025-12-19T15:11:34.608860Z,333.340,200,True,0x0172115667882E73749128243A943873087c09D3,INSURER,16,VIDEO,2,READ,
w46,2025-12-19T15:11:34.608887Z,333.450,200,True,0x78273aa663aa16C08590efF5582bb4C9DD30Bb95,INSURER,606,MEDICAL_REPORT,5,READ,
w47,2025-12-19T15:11:34.608915Z,333.538,200,True,0xFf85d9d86E5E1a3792266E2a5BB970C470C1e0c5,COURT,157,VIDEO,2,READ,
w48,2025-12-19T15:11:34.608943Z,333.626,200,True,0x5e3B546a11dc657CdFa106cd26E2211ee451c0d7,INSURER,950,OTHER,1,READ,
w49,2025-12-19T15:11:34.608970Z,333.713,200,True,0xB81c8729A121819695CEEDA9b389f559D6398B3C,REGULATOR,402,IMAGE,2,READ,
w50,2025-12-19T15:11:34.609005Z,333.798,200,True,0x7fBAcb835330c3A23597A355A26Cf6E0ee69A0B5,COURT,151,VIDEO,2,READ,
w51,2025-12-19T15:11:34.609038Z,333.875,200,True,0xC753D2a5211C57F7C2b4279053b11aEC435b41AB,REGULATOR,623,FNOL,4,READ,
w52,2025-12-19T15:11:34.609066Z,333.960,200,True,0xC6Ffd174B730f05f52aF93e216103D6C7464cc96,INSURER,954,OTHER,1,READ,
w53,2025-12-19T15:11:34.609094Z,334.037,200,True,0x0AbFb230511189A840157bF7FcA43b1b69338dC6,POLICE,180,VIDEO,2,READ,
w54,2025-12-19T15:11:34.609123Z,334.110,200,True,0xB2241965995ed972D442D6A9461eF3583ecA95B6,INSURER,929,OTHER,1,READ,
w55,2025-12-19T15:11:34.609151Z,334.191,200,True,0x3E93709810FB754ab4D6A2487344dF504087996D,INSURER,820,TELEMATICS,3,READ,
w56,2025-12-19T15:11:34.609182Z,334.259,200,True,0x4395153bc7Ac8ebD080b3C98FE634fcA40E5609F,COURT,103,VIDEO,2,READ,
w2,2025-12-19T15:11:34.607425Z,336.111,200,True,0x78b99D5D04232b9650d619DBa5F5600a9242A472,INSURER,27,VIDEO,2,READ,
w57,2025-12-19T15:11:34.609208Z,334.457,200,True,0x630ba53C12B20a6EBd04Eb0819a24b1f8C554A01,INSURER,521,FNOL,4,READ,
w3,2025-12-19T15:11:34.607478Z,336.355,200,True,0x48c487f18ce4aAFcf592B2eC3611eAa7B1C85918,ADJUSTER,157,VIDEO,2,READ,
w58,2025-12-19T15:11:34.609241Z,334.780,403,False,0x5C63EFf960008F7F9783957f07533386097149ce,POLICE,599,MEDICAL_REPORT,5,READ,
w4,2025-12-19T15:11:34.607517Z,336.652,403,False,0x786da68d54Be22366903D370c34910372Db174c9,POLICE,720,TELEMATICS,3,READ,
w59,2025-12-19T15:11:34.609270Z,335.014,403,False,0x1F022FfD0700E02E8f01B8f05f539f8C7a0339bb,POLICE,793,TELEMATICS,3,READ,
w60,2025-12-19T15:11:34.609300Z,335.094,200,True,0xD46492141A5F13412fa59e5F47Ce969c7954E752,INSURER,756,TELEMATICS,3,READ,
w5,2025-12-19T15:11:34.607558Z,337.130,200,True,0x07DA3024980d3B92Bcf6B8850A7C08F758B5F781,INSURER,123,VIDEO,2,READ,
w0,2025-12-19T15:11:34.605175Z,339.651,200,True,0x1Ab5D0f68133DA5E100635Bdf5030650cA2bE691,ADJUSTER,264,IMAGE,2,READ,
w61,2025-12-19T15:11:34.929649Z,314.853,200,True,0x4828419eA02B1D4399E039f8E5F346f37f19fA13,INSURER,561,MEDICAL_REPORT,5,READ,
w7,2025-12-19T15:11:34.929907Z,314.928,200,True,0xd132a79Ca7Be8caaC9A27467EB9B65F7cBD6F50E,ADJUSTER,781,TELEMATICS,3,READ,
w62,2025-12-19T15:11:34.930329Z,314.844,200,True,0x29Da547ffD477d0d4628d547368EcFDF73054469,ADJUSTER,247,VIDEO,2,READ,
w8,2025-12-19T15:11:34.930495Z,314.859,403,False,0x1Ab5D0f68133DA5E100635Bdf5030650cA2bE691,ADJUSTER,588,MEDICAL_REPORT,5,READ,
w63,2025-12-19T15:11:34.930697Z,314.810,200,True,0x3116De7d4519B71BA014e7EF3e874D3a98B64A91,POLICE,450,IMAGE,2,READ,
w9,2025-12-19T15:11:34.930908Z,314.733,200,True,0x0520cA4f9c2359a2d1cc1B072e4dA8A3587C2088,INSURER,560,FNOL,4,READ,
w64,2025-12-19T15:11:34.931109Z,314.653,200,True,0xBCb233Ef85EC11C88E20Ea53Bb47f454d116FBe3,ADJUSTER,773,TELEMATICS,3,READ,
w10,2025-12-19T15:11:34.931299Z,314.600,200,True,0xd132a79Ca7Be8caaC9A27467EB9B65F7cBD6F50E,ADJUSTER,769,TELEMATICS,3,READ,
w65,2025-12-19T15:11:34.931490Z,314.586,200,True,0x27158a264fdA9698B85485706B47BBC87Fa6Db4b,ADJUSTER,270,IMAGE,2,READ,
w11,2025-12-19T15:11:34.931678Z,314.527,200,True,0x3d68C58ebB81123d1Ac10655857193A1cDee90CE,INSURER,460,IMAGE,2,READ,
w66,2025-12-19T15:11:34.932296Z,314.457,200,True,0x3A995E7B23E0Fe0f9a5537f57AA80BACa529eFC4,INSURER,908,OTHER,1,READ,
w12,2025-12-19T15:11:34.932525Z,314.443,200,True,0x3d68C58ebB81123d1Ac10655857193A1cDee90CE,INSURER,855,OTHER,1,READ,
w67,2025-12-19T15:11:34.932734Z,314.376,200,True,0x892Bc4E7F6D9a6aD507664d8A8EEB33b2544f3Ea,COURT,897,OTHER,1,READ,
w13,2025-12-19T15:11:34.932928Z,314.307,200,True,0x3db0bD968176A243AC81C5c8Cf02Cf429b04dD57,COURT,969,OTHER,1,READ,
w68,2025-12-19T15:11:34.933081Z,314.271,200,True,0x57e02f30Dd15545B3A9eC4841D0D58Ee1D829414,GARAGE,395,IMAGE,2,READ,
w14,2025-12-19T15:11:34.933205Z,314.275,200,True,0x58f181cd636a8F0a8335240Efc4979212ff45341,INSURER,508,FNOL,4,READ,
w69,2025-12-19T15:11:34.933314Z,314.291,200,True,0xAF3C604AE7a9E247C368331a22270415269Ef10d,INSURER,660,FNOL,4,READ,
w15,2025-12-19T15:11:34.933442Z,314.797,200,True,0x6032b722b48DC8717A2C437485f2D3d264BD803B,ADJUSTER,551,FNOL,4,READ,
w70,2025-12-19T15:11:34.933553Z,314.856,200,True,0x5cA86E3342DEA0C1a26C49f1a4fA40DeEeAFf8a8,INSURER,154,VIDEO,2,READ,
w16,2025-12-19T15:11:34.933658Z,314.921,200,True,0x14E81fB79823D062AFEEC4B80e0bCCBE578d057e,REGULATOR,388,IMAGE,2,READ,
w71,2025-12-19T15:11:34.934446Z,314.322,200,True,0x82B01EfD510Bee8680730EEf777526b020e2398B,INSURER,806,TELEMATICS,3,READ,
w17,2025-12-19T15:11:34.934608Z,314.360,200,True,0x620a52535BA00719f0747D42746525D807319996,ADJUSTER,717,TELEMATICS,3,READ,
w72,2025-12-19T15:11:34.934732Z,314.475,200,True,0xF96D07BDd0404b21a6B987cF6C21b9A5E3045f5F,INSURER,739,TELEMATICS,3,READ,
w18,2025-12-19T15:11:34.934847Z,314.555,200,True,0x199baf9971453910adbCD45ae05Dc8f9B68fcB1f,INSURER,848,TELEMATICS,3,READ,
w73,2025-12-19T15:11:34.934977Z,314.595,200,True,0xD1ce8183cCf94d1494c99DFC523Af7Bd51494E8d,INSURER,893,OTHER,1,READ,
w19,2025-12-19T15:11:34.935102Z,314.648,200,True,0xD0Ce1d9D5A9c7E4F03d499A265d3014Ae5da7644,ADJUSTER,977,OTHER,1,READ,
w74,2025-12-19T15:11:34.935216Z,314.719,200,True,0xD1ce8183cCf94d1494c99DFC523Af7Bd51494E8d,INSURER,867,OTHER,1,READ,
w20,2025-12-19T15:11:34.935323Z,314.828,200,True,0x42dC03c90d7652B937d26628a86f9317bbf521dc,INSURER,385,IMAGE,2,READ,
w75,2025-12-19T15:11:34.935422Z,314.923,403,False,0x786da68d54Be22366903D370c34910372Db174c9,POLICE,932,OTHER,1,READ,
w76,2025-12-19T15:11:34.935519Z,315.015,403,False,0x0AbFb230511189A840157bF7FcA43b1b69338dC6,POLICE,629,MEDICAL_REPORT,5,READ,
w77,2025-12-19T15:11:34.935629Z,315.044,200,True,0x1cf47318cada656180563507BDd94262cAA29a4a,INSURER,177,VIDEO,2,READ,
w21,2025-12-19T15:11:34.935758Z,315.033,200,True,0xAA49CCe569366189355225212a2EA06B8172Fa22,ADJUSTER,371,IMAGE,2,READ,
w78,2025-12-19T15:11:34.935863Z,315.089,200,True,0x18BFB9A0Bf9293D0D3bf9F42bD6e7e7b300Dc391,COURT,167,VIDEO,2,READ,
w22,2025-12-19T15:11:34.935961Z,315.174,403,False,0x290FAd62Cb657cBfDA616da814529a670cdad059,POLICE,781,TELEMATICS,3,READ,
w79,2025-12-19T15:11:34.936083Z,315.204,200,True,0xeD60C4758Fab078c38685EeEF9692D8Fa4F3dDB9,INSURER,714,TELEMATICS,3,READ,
w23,2025-12-19T15:11:34.936204Z,315.212,200,True,0xD756c57480Ea623123AB3a5ad4445875E3309Ac6,INSURER,400,IMAGE,2,READ,
w80,2025-12-19T15:11:34.936301Z,315.228,200,True,0x97910F1306b5414B4C61D9A719B6871f5c77662f,INSURER,217,VIDEO,2,READ,
w24,2025-12-19T15:11:34.936407Z,315.230,200,True,0xD0Ce1d9D5A9c7E4F03d499A265d3014Ae5da7644,ADJUSTER,658,FNOL,4,READ,
w81,2025-12-19T15:11:34.936504Z,315.887,200,True,0x12DF904699208278b4355b568d47De4F2c9646fe,INSURER,1000,OTHER,1,READ,
w25,2025-12-19T15:11:34.936624Z,315.964,403,False,0x01891323537Ca8c745Cd76182c9eB81519eaC821,GARAGE,37,VIDEO,2,READ,
w82,2025-12-19T15:11:34.936741Z,316.004,200,True,0xE1C502975CC15E22bC10c8a6e352061ef61bBc2A,COURT,893,OTHER,1,READ,
w26,2025-12-19T15:11:34.936855Z,316.025,403,False,0x01891323537Ca8c745Cd76182c9eB81519eaC821,GARAGE,713,TELEMATICS,3,READ,
w83,2025-12-19T15:11:34.936953Z,316.043,200,True,0x58e8E907e02C35e581Ed3a4e98906344861E7265,INSURER,602,MEDICAL_REPORT,5,READ,
w27,2025-12-19T15:11:34.937048Z,316.080,200,True,0x46Adf75988C45FBD67a07651b6f684943428c17C,INSURER,573,MEDICAL_REPORT,5,READ,
w84,2025-12-19T15:11:34.937153Z,316.098,403,False,0x2B5dEec5325fd9befC139A2071d830B25FAd52Ef,GARAGE,629,MEDICAL_REPORT,5,READ,
w28,2025-12-19T15:11:34.937260Z,316.110,200,True,0xD06Cc40e4D98aDc886d652F4253985B5c04282b9,REGULATOR,330,IMAGE,2,READ,
w85,2025-12-19T15:11:34.937356Z,316.122,200,True,0x07DA3024980d3B92Bcf6B8850A7C08F758B5F781,INSURER,254,IMAGE,2,READ,
w29,2025-12-19T15:11:34.937455Z,316.127,200,True,0xC66fE61Fe01B90e3C051c0ED40Dd41fC9347D018,REGULATOR,348,IMAGE,2,READ,
w86,2025-12-19T15:11:34.937553Z,316.147,200,True,0xe9b50040eeAA45F16fd24222f4a97482737f6C8A,ADJUSTER,944,OTHER,1,READ,
w30,2025-12-19T15:11:34.937648Z,316.157,403,False,0x955f7F1386d8d5FB12bc50876B418e4D206D9530,GARAGE,673,MEDICAL_REPORT,5,READ,
w87,2025-12-19T15:11:34.937743Z,316.164,200,True,0x2ee7F051BB940423f554ea44742f7c4c8C20Ea59,INSURER,568,FNOL,4,READ,
w31,2025-12-19T15:11:34.937844Z,316.165,200,True,0xFf85d9d86E5E1a3792266E2a5BB970C470C1e0c5,COURT,853,OTHER,1,READ,
w88,2025-12-19T15:11:34.937943Z,316.191,200,True,0x330f902fF463e2B611211Ccb44EF749E558Ba02a,INSURER,78,VIDEO,2,READ,
w32,2025-12-19T15:11:34.938037Z,316.210,200,True,0x51a1E6D900E3e04c169Be84b2D5e5ccB2420B0EB,INSURER,905,OTHER,1,READ,
w89,2025-12-19T15:11:34.938133Z,316.214,200,True,0x786da68d54Be22366903D370c34910372Db174c9,POLICE,84,VIDEO,2,READ,
w33,2025-12-19T15:11:34.938230Z,316.218,200,True,0x415Ba7B0D983442D5407ABEF5Ebd8e9d2bB533B7,POLICE,16,VIDEO,2,READ,
w90,2025-12-19T15:11:34.938327Z,316.220,403,False,0x4BA98aed0F31F1E56A9bc733FD86aB30e5b88D0E,GARAGE,192,VIDEO,2,READ,
w34,2025-12-19T15:11:34.938427Z,316.218,403,False,0x955f7F1386d8d5FB12bc50876B418e4D206D9530,GARAGE,52,VIDEO,2,READ,
w91,2025-12-19T15:11:34.938527Z,316.223,200,True,0x3308795A526382DB26cF04047fE2bBd4F56E6CE7,COURT,62,VIDEO,2,READ,
w35,2025-12-19T15:11:34.938643Z,316.209,200,True,0x808936f08CCC0a9C3953Cd3716006fB99825CBa4,COURT,342,IMAGE,2,READ,
w92,2025-12-19T15:11:34.939759Z,315.194,200,True,0x5173D7F8755FdF3d2f05C01D029A3Dc55EaC0476,POLICE,220,VIDEO,2,READ,
w36,2025-12-19T15:11:34.939931Z,315.125,200,True,0xB81c8729A121819695CEEDA9b389f559D6398B3C,REGULATOR,71,VIDEO,2,READ,
w93,2025-12-19T15:11:34.940061Z,315.094,200,True,0x520F6Be8B20312c8CA4bB2773000A94923A4FaE5,POLICE,14,VIDEO,2,READ,
w37,2025-12-19T15:11:34.940192Z,315.713,200,True,0x4f464925226709cf94C01633A1f468E106AD6413,INSURER,215,VIDEO,2,READ,
w94,2025-12-19T15:11:34.940302Z,315.792,200,True,0x14E81fB79823D062AFEEC4B80e0bCCBE578d057e,REGULATOR,910,OTHER,1,READ,
w38,2025-12-19T15:11:34.940409Z,315.830,200,True,0x065Fd3F8fcF30384f50eceBa324b1EF8411Fa759,COURT,412,IMAGE,2,READ,
w95,2025-12-19T15:11:34.940532Z,315.831,200,True,0x933be1Be0aF68b62934fE96ADB1AB2Ee1C47B4F0,INSURER,190,VIDEO,2,READ,
w39,2025-12-19T15:11:34.940662Z,315.818,200,True,0xD756c57480Ea623123AB3a5ad4445875E3309Ac6,INSURER,93,VIDEO,2,READ,
w96,2025-12-19T15:11:34.940766Z,315.824,200,True,0x59A67A1183C69AAf8Fe3D746D569392b7d4A5035,ADJUSTER,53,VIDEO,2,READ,
w40,2025-12-19T15:11:34.940899Z,315.798,200,True,0x42dC03c90d7652B937d26628a86f9317bbf521dc,INSURER,681,MEDICAL_REPORT,5,READ,
w97,2025-12-19T15:11:34.941047Z,315.763,200,True,0xB8954C40b419Ae7332fF39Ce3d458ba1fed03941,REGULATOR,379,IMAGE,2,READ,
w41,2025-12-19T15:11:34.941189Z,315.729,200,True,0x5CdF84465a68A1A9CEfe264b98c0701879D78982,INSURER,425,IMAGE,2,READ,
w98,2025-12-19T15:11:34.941339Z,315.680,200,True,0x29950abd635aF427d5E2fF0DB9f6920fC915bC55,INSURER,838,TELEMATICS,3,READ,
w42,2025-12-19T15:11:34.941461Z,315.662,200,True,0x0479AcE8E12E22b9751dF7542dd8f225c221EC34,ADJUSTER,125,VIDEO,2,READ,
w99,2025-12-19T15:11:34.941563Z,315.659,200,True,0x5ee06906aF52aEd2c884D505d3a0A7CA7513188D,INSURER,8,VIDEO,2,READ,
w43,2025-12-19T15:11:34.941684Z,315.637,403,False,0xcCC472e2d0eDA52066a80BCFb4577Dc9Fb7CD453,POLICE,830,TELEMATICS,3,READ,
w1,2025-12-19T15:11:34.941839Z,315.581,200,True,0x73c07A746181c5256aC8EB8006fFbCF2239bEcC5,COURT,175,VIDEO,2,READ,
w44,2025-12-19T15:11:34.942021Z,315.499,200,True,0xDD3EceF8307a47a0307E4f44135C61Dd2C75c6d7,POLICE,212,VIDEO,2,READ,
w45,2025-12-19T15:11:34.942206Z,315.424,200,True,0x0520cA4f9c2359a2d1cc1B072e4dA8A3587C2088,INSURER,330,IMAGE,2,READ,
w46,2025-12-19T15:11:34.942343Z,315.387,200,True,0xAF3C604AE7a9E247C368331a22270415269Ef10d,INSURER,882,OTHER,1,READ,
w47,2025-12-19T15:11:34.942457Z,315.370,200,True,0xcA28195b12c3c8cB960d8423584ee9a8677BD158,POLICE,203,VIDEO,2,READ,
w48,2025-12-19T15:11:34.942574Z,315.350,200,True,0x933be1Be0aF68b62934fE96ADB1AB2Ee1C47B4F0,INSURER,970,OTHER,1,READ,
w49,2025-12-19T15:11:34.942687Z,315.334,200,True,0xD46492141A5F13412fa59e5F47Ce969c7954E752,INSURER,886,OTHER,1,READ,
w50,2025-12-19T15:11:34.942807Z,315.335,200,True,0x50Ed54bf40D96Fda59d7F83abE5551535d7938ac,COURT,104,VIDEO,2,READ,
w51,2025-12-19T15:11:34.942918Z,315.325,403,False,0x7C8B230898f07628a4f24e2D0ffe62373593dCce,POLICE,656,MEDICAL_REPORT,5,READ,
w52,2025-12-19T15:11:34.943031Z,315.316,200,True,0xd86Fa5B280bf58C28aaE39fB535e0e965F0E285B,INSURER,461,IMAGE,2,READ,
w53,2025-12-19T15:11:34.943135Z,315.310,200,True,0x2ee7F051BB940423f554ea44742f7c4c8C20Ea59,INSURER,936,OTHER,1,READ,
w54,2025-12-19T15:11:34.943239Z,315.309,200,True,0x892Bc4E7F6D9a6aD507664d8A8EEB33b2544f3Ea,COURT,352,IMAGE,2,READ,
w55,2025-12-19T15:11:34.943347Z,315.303,403,False,0x8D21394c336D57f89564705Aa61307561b63E310,POLICE,957,OTHER,1,READ,
w56,2025-12-19T15:11:34.943444Z,315.305,200,True,0x786da68d54Be22366903D370c34910372Db174c9,POLICE,211,VIDEO,2,READ,
w2,2025-12-19T15:11:34.943539Z,315.314,200,True,0x3d4Bd094c1894ed38F3EcF0799bE66f83a4199ca,ADJUSTER,57,VIDEO,2,READ,
w57,2025-12-19T15:11:34.943673Z,315.287,200,True,0xACaaedBfb07404f2aAf0ccd6503B1529C1A48764,ADJUSTER,593,FNOL,4,READ,
w3,2025-12-19T15:11:34.943840Z,315.222,200,True,0x78273aa663aa16C08590efF5582bb4C9DD30Bb95,INSURER,11,VIDEO,2,READ,
w58,2025-12-19T15:11:34.944027Z,315.134,200,True,0xaCB712DC0982F8B6c52EB4C5D2c205766cE3d00D,INSURER,237,VIDEO,2,READ,
w4,2025-12-19T15:11:34.944174Z,315.092,403,False,0x7B678e542Dec17ab096b423D15262dcD9B8c11D8,POLICE,754,TELEMATICS,3,READ,
w59,2025-12-19T15:11:34.944289Z,315.077,200,True,0x89cb551204456FFCd8e595feE394120dD047b57A,INSURER,150,VIDEO,2,READ,
w60,2025-12-19T15:11:34.944399Z,315.066,200,True,0x436f253A31aB81e4427747050f42C4907a6C388D,ADJUSTER,866,OTHER,1,READ,
w6,2025-12-19T15:11:34.929118Z,330.458,200,True,0x3d4Bd094c1894ed38F3EcF0799bE66f83a4199ca,ADJUSTER,961,OTHER,1,READ,
w5,2025-12-19T15:11:34.944695Z,315.023,403,False,0x3d4Bd094c1894ed38F3EcF0799bE66f83a4199ca,ADJUSTER,527,MEDICAL_REPORT,5,READ,
w0,2025-12-19T15:11:34.944831Z,315.124,200,True,0xC29Fbef10EC6e6A787036cEA0C9024ce9F435d97,INSURER,198,VIDEO,2,READ,
w7,2025-12-19T15:11:35.244844Z,317.062,200,True,0xf5d0314845FCf19022a28FeD6650e58CFc01f243,INSURER,855,OTHER,1,READ,
w62,2025-12-19T15:11:35.245180Z,317.095,200,True,0x02BD9B3b464b98EB353C8f83Eb3b4cB0627A52Ed,COURT,852,OTHER,1,READ,
w8,2025-12-19T15:11:35.245361Z,317.101,200,True,0x98eAB44F56Ae1f00C301517F1B6fCDb7a452D64b,ADJUSTER,954,OTHER,1,READ,
w63,2025-12-19T15:11:35.245514Z,317.484,403,False,0xcA28195b12c3c8cB960d8423584ee9a8677BD158,POLICE,665,FNOL,4,READ,
w9,2025-12-19T15:11:35.245646Z,317.649,200,True,0x7fBAcb835330c3A23597A355A26Cf6E0ee69A0B5,COURT,844,TELEMATICS,3,READ,
w64,2025-12-19T15:11:35.245768Z,317.745,200,True,0x1F98dd762361D7256a816f8086AE6FfB657fa5bC,POLICE,138,VIDEO,2,READ,
w10,2025-12-19T15:11:35.245906Z,317.785,200,True,0x3d9c5458418bD082b010C0F93c3b8FBF9826E0Bf,INSURER,806,TELEMATICS,3,READ,
w65,2025-12-19T15:11:35.246083Z,317.754,200,True,0xB2241965995ed972D442D6A9461eF3583ecA95B6,INSURER,985,OTHER,1,READ,
w11,2025-12-19T15:11:35.246212Z,317.784,200,True,0xC6Ffd174B730f05f52aF93e216103D6C7464cc96,INSURER,351,IMAGE,2,READ,
w66,2025-12-19T15:11:35.246762Z,317.366,200,True,0xBC78986794f1658340222E011F7e1Cf375177F95,ADJUSTER,11,VIDEO,2,READ,
w12,2025-12-19T15:11:35.246975Z,317.537,200,True,0x98eAB44F56Ae1f00C301517F1B6fCDb7a452D64b,ADJUSTER,907,OTHER,1,READ,
w67,2025-12-19T15:11:35.247116Z,317.566,200,True,0x7fBAcb835330c3A23597A355A26Cf6E0ee69A0B5,COURT,53,VIDEO,2,READ,
w13,2025-12-19T15:11:35.247240Z,317.582,200,True,0x182C98818C6b29Ff23d7d1d9766e1B1dEB1aBAeB,INSURER,249,VIDEO,2,READ,
w68,2025-12-19T15:11:35.247357Z,317.618,200,True,0x3308795A526382DB26cF04047fE2bBd4F56E6CE7,COURT,92,VIDEO,2,READ,
w14,2025-12-19T15:11:35.247485Z,317.630,200,True,0xE056D0a60EfEE3e1642D5B2129E2bbBdAf22444c,INSURER,883,OTHER,1,READ,
w69,2025-12-19T15:11:35.247611Z,317.624,200,True,0x620a52535BA00719f0747D42746525D807319996,ADJUSTER,665,FNOL,4,READ,
w15,2025-12-19T15:11:35.248246Z,317.102,200,True,0xAA49CCe569366189355225212a2EA06B8172Fa22,ADJUSTER,876,OTHER,1,READ,
w70,2025-12-19T15:11:35.248415Z,317.601,200,True,0x68cBdE77b98e3AF3281dBC229ee66540Eac3f007,ADJUSTER,443,IMAGE,2,READ,
w16,2025-12-19T15:11:35.248585Z,317.607,200,True,0xB81c8729A121819695CEEDA9b389f559D6398B3C,REGULATOR,384,IMAGE,2,READ,
w71,2025-12-19T15:11:35.248776Z,317.563,200,True,0x2ee7F051BB940423f554ea44742f7c4c8C20Ea59,INSURER,102,VIDEO,2,READ,
w17,2025-12-19T15:11:35.248977Z,317.502,200,True,0xeD60C4758Fab078c38685EeEF9692D8Fa4F3dDB9,INSURER,527,MEDICAL_REPORT,5,READ,
w72,2025-12-19T15:11:35.249214Z,317.406,403,False,0x996644d2075D6c96FEB649879534dFAb933903f6,GARAGE,28,VIDEO,2,READ,
w18,2025-12-19T15:11:35.249409Z,317.337,200,True,0x044bef4Ff250cBBFE36FEfE3b859D78bA04c1223,INSURER,865,OTHER,1,READ,
w73,2025-12-19T15:11:35.249578Z,317.308,200,True,0xD06Cc40e4D98aDc886d652F4253985B5c04282b9,REGULATOR,683,MEDICAL_REPORT,5,READ,
w19,2025-12-19T15:11:35.249759Z,317.288,200,True,0x3d4Bd094c1894ed38F3EcF0799bE66f83a4199ca,ADJUSTER,701,TELEMATICS,3,READ,
w74,2025-12-19T15:11:35.249942Z,317.251,200,True,0x5e3B546a11dc657CdFa106cd26E2211ee451c0d7,INSURER,313,IMAGE,2,READ,
w20,2025-12-19T15:11:35.250159Z,317.160,200,True,0x182C98818C6b29Ff23d7d1d9766e1B1dEB1aBAeB,INSURER,571,FNOL,4,READ,
w75,2025-12-19T15:11:35.250354Z,317.074,200,True,0xF96D07BDd0404b21a6B987cF6C21b9A5E3045f5F,INSURER,469,IMAGE,2,READ,
w76,2025-12-19T15:11:35.250541Z,316.998,200,True,0xE1C502975CC15E22bC10c8a6e352061ef61bBc2A,COURT,233,VIDEO,2,READ,
w77,2025-12-19T15:11:35.250679Z,316.977,200,True,0x3495fF4A33D3b8aCCB512226B501122064b1e8fe,INSURER,892,OTHER,1,READ,
w21,2025-12-19T15:11:35.250797Z,316.995,200,True,0x8FA3c986B63dEd44ce62D4aC5b3b0F49FF447700,COURT,803,TELEMATICS,3,READ,
w78,2025-12-19T15:11:35.250959Z,316.978,403,False,0x1EBe67547Da63652edcAE7c36347A6d05ef27c1C,POLICE,684,FNOL,4,READ,
w22,2025-12-19T15:11:35.251143Z,316.921,200,True,0x3d4Bd094c1894ed38F3EcF0799bE66f83a4199ca,ADJUSTER,938,OTHER,1,READ,
w79,2025-12-19T15:11:35.251292Z,316.890,200,True,0x09596bf36cE63dABDeB58d68a52792B7BA13ba84,ADJUSTER,873,OTHER,1,READ,
w23,2025-12-19T15:11:35.251422Z,316.931,200,True,0xE4A8571e1F142Bd99866AA9464c49517B2ac0E01,ADJUSTER,729,TELEMATICS,3,READ,
w80,2025-12-19T15:11:35.251535Z,317.009,200,True,0x78273aa663aa16C08590efF5582bb4C9DD30Bb95,INSURER,419,IMAGE,2,READ,
w24,2025-12-19T15:11:35.251642Z,317.075,200,True,0xF80B0672A4f16BDe21fA2DF31482dA0fC606A43f,ADJUSTER,327,IMAGE,2,READ,
w81,2025-12-19T15:11:35.252400Z,316.489,200,True,0x933be1Be0aF68b62934fE96ADB1AB2Ee1C47B4F0,INSURER,480,IMAGE,2,READ,
w25,2025-12-19T15:11:35.252594Z,316.472,200,True,0x520F6Be8B20312c8CA4bB2773000A94923A4FaE5,POLICE,86,VIDEO,2,READ,
w82,2025-12-19T15:11:35.252751Z,316.509,200,True,0x97910F1306b5414B4C61D9A719B6871f5c77662f,INSURER,503,MEDICAL_REPORT,5,READ,
w26,2025-12-19T15:11:35.252885Z,316.560,200,True,0x182C98818C6b29Ff23d7d1d9766e1B1dEB1aBAeB,INSURER,486,IMAGE,2,READ,
w83,2025-12-19T15:11:35.253001Z,316.621,200,True,0x14E81fB79823D062AFEEC4B80e0bCCBE578d057e,REGULATOR,505,FNOL,4,READ,
w27,2025-12-19T15:11:35.253134Z,316.664,200,True,0xd963E5e27CB9872abc2Fbed9107c373Aa59583a4,INSURER,137,VIDEO,2,READ,
w84,2025-12-19T15:11:35.253258Z,317.653,200,True,0x808936f08CCC0a9C3953Cd3716006fB99825CBa4,COURT,779,TELEMATICS,3,READ,
w28,2025-12-19T15:11:35.253376Z,317.790,200,True,0x7C8B230898f07628a4f24e2D0ffe62373593dCce,POLICE,46,VIDEO,2,READ,
w85,2025-12-19T15:11:35.253482Z,317.892,403,False,0xcCC472e2d0eDA52066a80BCFb4577Dc9Fb7CD453,POLICE,720,TELEMATICS,3,READ,
w29,2025-12-19T15:11:35.253587Z,317.982,200,True,0x7fBAcb835330c3A23597A355A26Cf6E0ee69A0B5,COURT,629,MEDICAL_REPORT,5,READ,
w86,2025-12-19T15:11:35.253707Z,318.050,403,False,0x59760590b1fCF3C846635ae6432DE56ef26298B8,GARAGE,854,OTHER,1,READ,
w30,2025-12-19T15:11:35.253809Z,318.116,200,True,0xD6e58dE85e171C0D6BB42Cf4a85fBa7C55ce5618,INSURER,11,VIDEO,2,READ,
w87,2025-12-19T15:11:35.253911Z,318.150,200,True,0x3d4Bd094c1894ed38F3EcF0799bE66f83a4199ca,ADJUSTER,40,VIDEO,2,READ,
w31,2025-12-19T15:11:35.254014Z,318.171,200,True,0x48f8656e15a2FC22Ccd6cDe7c56db39C1B62E770,POLICE,147,VIDEO,2,READ,
w88,2025-12-19T15:11:35.254139Z,318.159,200,True,0x466ec685AE894BAc153c11350FC488cAAa2C062E,INSURER,710,TELEMATICS,3,READ,
w32,2025-12-19T15:11:35.254251Z,318.159,200,True,0x8216a92a44877D72a31FA6453e4583a6DCe25752,INSURER,1,VIDEO,2,READ,
w89,2025-12-19T15:11:35.254352Z,318.177,200,True,0xD1ce8183cCf94d1494c99DFC523Af7Bd51494E8d,INSURER,298,IMAGE,2,READ,
w33,2025-12-19T15:11:35.254452Z,318.184,403,False,0x01891323537Ca8c745Cd76182c9eB81519eaC821,GARAGE,556,FNOL,4,READ,
w90,2025-12-19T15:11:35.254550Z,318.215,200,True,0xD21eB53384cE472F3DE7527DC9A5820dA80bBB01,INSURER,825,TELEMATICS,3,READ,
w34,2025-12-19T15:11:35.254650Z,318.222,403,False,0x8D21394c336D57f89564705Aa61307561b63E310,POLICE,850,TELEMATICS,3,READ,
w91,2025-12-19T15:11:35.254755Z,318.239,200,True,0xc0F601980c6FD898E06229024740eec17abbF5C2,INSURER,253,IMAGE,2,READ,
w35,2025-12-19T15:11:35.254856Z,318.251,200,True,0xDA941366d7481DffDAd4458a22913423f40dA1eA,ADJUSTER,53,VIDEO,2,READ,
w92,2025-12-19T15:11:35.254958Z,318.253,200,True,0x7B46635cB6cA958f34ae933b93884a5f19b258D7,INSURER,366,IMAGE,2,READ,
w36,2025-12-19T15:11:35.255059Z,318.259,200,True,0xf9314f31cc38103bC7607a176a804e5C1Ecbf511,INSURER,800,TELEMATICS,3,READ,
w93,2025-12-19T15:11:35.255159Z,318.267,200,True,0x3495fF4A33D3b8aCCB512226B501122064b1e8fe,INSURER,279,IMAGE,2,READ,
w37,2025-12-19T15:11:35.255914Z,317.616,200,True,0x467316319C6B5f391c5a6B3b0190d4209202fC25,ADJUSTER,796,TELEMATICS,3,READ,
w94,2025-12-19T15:11:35.256100Z,317.535,200,True,0x7B46635cB6cA958f34ae933b93884a5f19b258D7,INSURER,386,IMAGE,2,READ,
w38,2025-12-19T15:11:35.256244Z,317.492,200,True,0x5CdF84465a68A1A9CEfe264b98c0701879D78982,INSURER,523,FNOL,4,READ,
w95,2025-12-19T15:11:35.256369Z,317.499,200,True,0x82B01EfD510Bee8680730EEf777526b020e2398B,INSURER,61,VIDEO,2,READ,
w39,2025-12-19T15:11:35.256485Z,317.498,200,True,0x3db0bD968176A243AC81C5c8Cf02Cf429b04dD57,COURT,389,IMAGE,2,READ,
w96,2025-12-19T15:11:35.256595Z,317.492,200,True,0x98eAB44F56Ae1f00C301517F1B6fCDb7a452D64b,ADJUSTER,712,TELEMATICS,3,READ,
w40,2025-12-19T15:11:35.256701Z,317.490,200,True,0xE4A8571e1F142Bd99866AA9464c49517B2ac0E01,ADJUSTER,4,VIDEO,2,READ,
w97,2025-12-19T15:11:35.256814Z,317.479,200,True,0xF80B0672A4f16BDe21fA2DF31482dA0fC606A43f,ADJUSTER,112,VIDEO,2,READ,
w41,2025-12-19T15:11:35.256923Z,317.472,200,True,0x68cBdE77b98e3AF3281dBC229ee66540Eac3f007,ADJUSTER,839,TELEMATICS,3,READ,
w98,2025-12-19T15:11:35.257025Z,317.485,200,True,0xF80B0672A4f16BDe21fA2DF31482dA0fC606A43f,ADJUSTER,400,IMAGE,2,READ,
w42,2025-12-19T15:11:35.257127Z,317.982,200,True,0xE056D0a60EfEE3e1642D5B2129E2bbBdAf22444c,INSURER,876,OTHER,1,READ,
w99,2025-12-19T15:11:35.257227Z,318.054,200,True,0x3418C54B33ca42d0dF096EaD255791c7B2E2f3d9,ADJUSTER,921,OTHER,1,READ,
w43,2025-12-19T15:11:35.257325Z,318.106,200,True,0x5ee06906aF52aEd2c884D505d3a0A7CA7513188D,INSURER,91,VIDEO,2,READ,
w1,2025-12-19T15:11:35.257424Z,318.126,403,False,0x290FAd62Cb657cBfDA616da814529a670cdad059,POLICE,592,MEDICAL_REPORT,5,READ,
w44,2025-12-19T15:11:35.257524Z,318.139,200,True,0xDD3EceF8307a47a0307E4f44135C61Dd2C75c6d7,POLICE,350,IMAGE,2,READ,
w45,2025-12-19T15:11:35.257635Z,318.135,200,True,0x3418C54B33ca42d0dF096EaD255791c7B2E2f3d9,ADJUSTER,816,TELEMATICS,3,READ,
w46,2025-12-19T15:11:35.257734Z,318.146,200,True,0x73E42dF14ff21e7994A37802a292F71830CDA5aF,INSURER,801,TELEMATICS,3,READ,
w47,2025-12-19T15:11:35.257831Z,318.161,403,False,0xC586D6C2dc89b791ae2AA6ae054c2629891275e1,POLICE,764,TELEMATICS,3,READ,
w48,2025-12-19T15:11:35.257927Z,318.193,200,True,0x09596bf36cE63dABDeB58d68a52792B7BA13ba84,ADJUSTER,727,TELEMATICS,3,READ,
w49,2025-12-19T15:11:35.258026Z,318.203,200,True,0x090F26617cAab81C15934159343Ff688fAf23820,POLICE,249,VIDEO,2,READ,
w50,2025-12-19T15:11:35.258147Z,318.185,200,True,0xd132a79Ca7Be8caaC9A27467EB9B65F7cBD6F50E,ADJUSTER,7,VIDEO,2,READ,
w51,2025-12-19T15:11:35.258249Z,318.185,200,True,0xD06Cc40e4D98aDc886d652F4253985B5c04282b9,REGULATOR,699,MEDICAL_REPORT,5,READ,
w52,2025-12-19T15:11:35.258352Z,318.201,200,True,0xd6f5696C80b8cb2D4AAaFdaf8E7C266cf4af4538,COURT,366,IMAGE,2,READ,
w53,2025-12-19T15:11:35.258450Z,318.206,200,True,0xB81c8729A121819695CEEDA9b389f559D6398B3C,REGULATOR,330,IMAGE,2,READ,
w54,2025-12-19T15:11:35.258552Z,318.206,200,True,0xb8Fe0E775705824a50658ef111434567024d4310,REGULATOR,615,FNOL,4,READ,
w55,2025-12-19T15:11:35.258653Z,318.209,200,True,0x5ee06906aF52aEd2c884D505d3a0A7CA7513188D,INSURER,994,OTHER,1,READ,
w56,2025-12-19T15:11:35.258753Z,318.233,200,True,0xBdfeA99CC2B9e09E4A7e6C7B14808189488E3985,COURT,121,VIDEO,2,READ,
w2,2025-12-19T15:11:35.258858Z,318.238,200,True,0x456F6DbE8aF9e05a1918B64f0Bd0690809b23E6B,INSURER,768,TELEMATICS,3,READ,
w57,2025-12-19T15:11:35.258965Z,318.235,403,False,0xE1c2102345d7379f4bb3F114e908e9cC9154A335,POLICE,502,MEDICAL_REPORT,5,READ,
w3,2025-12-19T15:11:35.259066Z,318.249,200,True,0x4395153bc7Ac8ebD080b3C98FE634fcA40E5609F,COURT,213,VIDEO,2,READ,
w58,2025-12-19T15:11:35.259165Z,318.251,200,True,0xBeBf134906e0FCcd85b0D99a4626a7B8584e742c,ADJUSTER,777,TELEMATICS,3,READ,
w4,2025-12-19T15:11:35.259270Z,318.250,200,True,0x467316319C6B5f391c5a6B3b0190d4209202fC25,ADJUSTER,4,VIDEO,2,READ,
w59,2025-12-19T15:11:35.259371Z,318.248,200,True,0x81A893236EFCdC58F1f9421b59Ee21eb7e38f8FB,INSURER,538,MEDICAL_REPORT,5,READ,
w60,2025-12-19T15:11:35.259470Z,318.266,200,True,0xE1C502975CC15E22bC10c8a6e352061ef61bBc2A,COURT,587,FNOL,4,READ,
w6,2025-12-19T15:11:35.259580Z,318.263,200,True,0xC5f6e3512D3B1133da1f88159fDf63dC9f2d43FB,ADJUSTER,140,VIDEO,2,READ,
w5,2025-12-19T15:11:35.259722Z,318.241,200,True,0x3d4Bd094c1894ed38F3EcF0799bE66f83a4199ca,ADJUSTER,100,VIDEO,2,READ,
w61,2025-12-19T15:11:35.244514Z,333.585,200,True,0xe9b50040eeAA45F16fd24222f4a97482737f6C8A,ADJUSTER,822,TELEMATICS,3,READ,
w0,2025-12-19T15:11:35.259959Z,318.275,403,False,0x26b179d013C696c433c0f316E594f7a7AcE77C79,GARAGE,939,OTHER,1,READ,
w62,2025-12-19T15:11:35.562284Z,323.353,200,True,0x3308795A526382DB26cF04047fE2bBd4F56E6CE7,COURT,355,IMAGE,2,READ,
w8,2025-12-19T15:11:35.562468Z,323.511,200,True,0x09596bf36cE63dABDeB58d68a52792B7BA13ba84,ADJUSTER,906,OTHER,1,READ,
w63,2025-12-19T15:11:35.563024Z,323.345,200,True,0xCaa6A1a26D28f97DEDD4f555dEd43bC607f78384,INSURER,286,IMAGE,2,READ,
w9,2025-12-19T15:11:35.563306Z,323.301,200,True,0x620a52535BA00719f0747D42746525D807319996,ADJUSTER,16,VIDEO,2,READ,
w64,2025-12-19T15:11:35.563521Z,323.299,200,True,0xd6f5696C80b8cb2D4AAaFdaf8E7C266cf4af4538,COURT,169,VIDEO,2,READ,
w10,2025-12-19T15:11:35.563697Z,323.330,200,True,0xd132a79Ca7Be8caaC9A27467EB9B65F7cBD6F50E,ADJUSTER,324,IMAGE,2,READ,
w65,2025-12-19T15:11:35.563845Z,323.670,200,True,0x3A995E7B23E0Fe0f9a5537f57AA80BACa529eFC4,INSURER,309,IMAGE,2,READ,
w11,2025-12-19T15:11:35.564002Z,323.741,403,False,0x0Bc81E8481993A5F61D3011a142E1510de00ECae,GARAGE,644,FNOL,4,READ,
w66,2025-12-19T15:11:35.564133Z,323.843,200,True,0x85C720Ae65eF1706A0cf41695a93A34E189D5Ea0,INSURER,100,VIDEO,2,READ,
w12,2025-12-19T15:11:35.564520Z,323.653,200,True,0x09596bf36cE63dABDeB58d68a52792B7BA13ba84,ADJUSTER,926,OTHER,1,READ,
w67,2025-12-19T15:11:35.564688Z,323.675,200,True,0x466ec685AE894BAc153c11350FC488cAAa2C062E,INSURER,336,IMAGE,2,READ,
w13,2025-12-19T15:11:35.564828Z,323.724,200,True,0x46Adf75988C45FBD67a07651b6f684943428c17C,INSURER,454,IMAGE,2,READ,
w68,2025-12-19T15:11:35.564981Z,323.750,403,False,0x01891323537Ca8c745Cd76182c9eB81519eaC821,GARAGE,67,VIDEO,2,READ,
w14,2025-12-19T15:11:35.565120Z,324.410,200,True,0xeD60C4758Fab078c38685EeEF9692D8Fa4F3dDB9,INSURER,297,IMAGE,2,READ,
w69,2025-12-19T15:11:35.565241Z,324.505,403,False,0x7B678e542Dec17ab096b423D15262dcD9B8c11D8,POLICE,981,OTHER,1,READ,
w15,2025-12-19T15:11:35.565352Z,324.599,200,True,0xE056D0a60EfEE3e1642D5B2129E2bbBdAf22444c,INSURER,35,VIDEO,2,READ,
w70,2025-12-19T15:11:35.566024Z,324.127,200,True,0x077f45EB3eB6027C0D05Ab77CAC4D29c46cb3a6E,INSURER,625,FNOL,4,READ,
w16,2025-12-19T15:11:35.566200Z,324.148,200,True,0x3495fF4A33D3b8aCCB512226B501122064b1e8fe,INSURER,977,OTHER,1,READ,
w71,2025-12-19T15:11:35.566344Z,324.205,200,True,0xeaD317253F31780B00e0Ef360b1ade2Fb83c2b3E,INSURER,317,IMAGE,2,READ,
w17,2025-12-19T15:11:35.566485Z,324.252,200,True,0xDA941366d7481DffDAd4458a22913423f40dA1eA,ADJUSTER,300,IMAGE,2,READ,
w72,2025-12-19T15:11:35.566626Z,324.295,403,False,0x0479AcE8E12E22b9751dF7542dd8f225c221EC34,ADJUSTER,621,MEDICAL_REPORT,5,READ,
w18,2025-12-19T15:11:35.566751Z,324.352,200,True,0xCC05C551476CDbEfAd79Ed75427937b892aaFE9C,ADJUSTER,609,FNOL,4,READ,
w73,2025-12-19T15:11:35.566893Z,324.426,200,True,0xafA5Afd00Ec5464DAf96FCe2b09f4e4e157F4A67,POLICE,489,IMAGE,2,READ,
w19,2025-12-19T15:11:35.567052Z,324.458,403,False,0x26b179d013C696c433c0f316E594f7a7AcE77C79,GARAGE,626,FNOL,4,READ,
w74,2025-12-19T15:11:35.567199Z,324.495,200,True,0x811FdDFb3340F34AB2b91C97AcB5FAeB6405847E,REGULATOR,236,VIDEO,2,READ,
w20,2025-12-19T15:11:35.567323Z,324.553,200,True,0x3495fF4A33D3b8aCCB512226B501122064b1e8fe,INSURER,158,VIDEO,2,READ,
w75,2025-12-19T15:11:35.567431Z,324.637,200,True,0x077f45EB3eB6027C0D05Ab77CAC4D29c46cb3a6E,INSURER,780,TELEMATICS,3,READ,
w76,2025-12-19T15:11:35.567544Z,324.715,200,True,0x0172115667882E73749128243A943873087c09D3,INSURER,772,TELEMATICS,3,READ,
w77,2025-12-19T15:11:35.567661Z,324.788,200,True,0x1cf47318cada656180563507BDd94262cAA29a4a,INSURER,210,VIDEO,2,READ,
w21,2025-12-19T15:11:35.567797Z,324.829,403,False,0xcA28195b12c3c8cB960d8423584ee9a8677BD158,POLICE,662,FNOL,4,READ,
w78,2025-12-19T15:11:35.567944Z,324.856,403,False,0xEcbE69567Cf42475FbE6Ea4523541e58C4d22957,GARAGE,937,OTHER,1,READ,
w22,2025-12-19T15:11:35.568070Z,324.906,200,True,0x5173D7F8755FdF3d2f05C01D029A3Dc55EaC0476,POLICE,60,VIDEO,2,READ,
w79,2025-12-19T15:11:35.568189Z,324.969,200,True,0xF96D07BDd0404b21a6B987cF6C21b9A5E3045f5F,INSURER,755,TELEMATICS,3,READ,
w23,2025-12-19T15:11:35.568360Z,325.942,200,True,0x5173D7F8755FdF3d2f05C01D029A3Dc55EaC0476,POLICE,371,IMAGE,2,READ,
w80,2025-12-19T15:11:35.568551Z,325.970,200,True,0xFeC4882fEAf263ac0fD1b9B4271dD1852B413584,INSURER,230,VIDEO,2,READ,
w24,2025-12-19T15:11:35.568725Z,326.004,200,True,0x3B4ab93e0901742BFfc8A18D301F36f820AD3bB9,ADJUSTER,159,VIDEO,2,READ,
w81,2025-12-19T15:11:35.568896Z,326.033,200,True,0x1EBe67547Da63652edcAE7c36347A6d05ef27c1C,POLICE,311,IMAGE,2,READ,
w25,2025-12-19T15:11:35.569073Z,326.045,200,True,0xC29Fbef10EC6e6A787036cEA0C9024ce9F435d97,INSURER,679,MEDICAL_REPORT,5,READ,
w82,2025-12-19T15:11:35.569268Z,326.067,200,True,0xf9314f31cc38103bC7607a176a804e5C1Ecbf511,INSURER,918,OTHER,1,READ,
w26,2025-12-19T15:11:35.569453Z,326.088,200,True,0x78273aa663aa16C08590efF5582bb4C9DD30Bb95,INSURER,569,MEDICAL_REPORT,5,READ,
w83,2025-12-19T15:11:35.569629Z,326.112,200,True,0xC753D2a5211C57F7C2b4279053b11aEC435b41AB,REGULATOR,444,IMAGE,2,READ,
w27,2025-12-19T15:11:35.569805Z,326.278,200,True,0x7C8B230898f07628a4f24e2D0ffe62373593dCce,POLICE,476,IMAGE,2,READ,
w84,2025-12-19T15:11:35.570922Z,325.418,403,False,0xEcbE69567Cf42475FbE6Ea4523541e58C4d22957,GARAGE,857,OTHER,1,READ,
w28,2025-12-19T15:11:35.571174Z,325.381,200,True,0x89cb551204456FFCd8e595feE394120dD047b57A,INSURER,898,OTHER,1,READ,
w85,2025-12-19T15:11:35.571382Z,325.449,200,True,0xF88a95Dd8B84AF76941627AA419BEFc507d88125,ADJUSTER,99,VIDEO,2,READ,
w29,2025-12-19T15:11:35.571577Z,325.485,200,True,0x456F6DbE8aF9e05a1918B64f0Bd0690809b23E6B,INSURER,81,VIDEO,2,READ,
w86,2025-12-19T15:11:35.571764Z,325.477,200,True,0xdBf006c9b4fEA25fFA98161abc660B4643109625,ADJUSTER,897,OTHER,1,READ,
w30,2025-12-19T15:11:35.571931Z,325.495,200,True,0x3d9c5458418bD082b010C0F93c3b8FBF9826E0Bf,INSURER,42,VIDEO,2,READ,
w87,2025-12-19T15:11:35.572067Z,325.511,200,True,0x8FA3c986B63dEd44ce62D4aC5b3b0F49FF447700,COURT,322,IMAGE,2,READ,
w31,2025-12-19T15:11:35.572189Z,325.532,403,False,0x415Ba7B0D983442D5407ABEF5Ebd8e9d2bB533B7,POLICE,857,OTHER,1,READ,
w88,2025-12-19T15:11:35.572303Z,325.579,200,True,0x05d1ef5b43268c6a5BD456A953029092795045d9,INSURER,819,TELEMATICS,3,READ,
w32,2025-12-19T15:11:35.572415Z,325.631,403,False,0xD261b62ccB398d8100234C5fD641c6D67B10C62B,GARAGE,534,FNOL,4,READ,
w89,2025-12-19T15:11:35.572534Z,325.665,200,True,0x1EBe67547Da63652edcAE7c36347A6d05ef27c1C,POLICE,436,IMAGE,2,READ,
w33,2025-12-19T15:11:35.572640Z,325.724,200,True,0x456F6DbE8aF9e05a1918B64f0Bd0690809b23E6B,INSURER,425,IMAGE,2,READ,
w90,2025-12-19T15:11:35.572771Z,325.752,200,True,0xA75Af013B9CBdf4322e0c459A2fB8B708fbB8Ddc,POLICE,409,IMAGE,2,READ,
w34,2025-12-19T15:11:35.572875Z,325.792,200,True,0xE385ea618340FfE0d7c7e9EB25048F1c1E437F33,INSURER,950,OTHER,1,READ,
w91,2025-12-19T15:11:35.572998Z,325.808,200,True,0x630ba53C12B20a6EBd04Eb0819a24b1f8C554A01,INSURER,911,OTHER,1,READ,
w35,2025-12-19T15:11:35.573112Z,325.834,200,True,0x466ec685AE894BAc153c11350FC488cAAa2C062E,INSURER,796,TELEMATICS,3,READ,
w92,2025-12-19T15:11:35.573215Z,325.858,403,False,0x8D21394c336D57f89564705Aa61307561b63E310,POLICE,725,TELEMATICS,3,READ,
w36,2025-12-19T15:11:35.573322Z,325.905,403,False,0x520F6Be8B20312c8CA4bB2773000A94923A4FaE5,POLICE,825,TELEMATICS,3,READ,
w93,2025-12-19T15:11:35.573430Z,325.917,200,True,0x598405697b464FEbA8C76367b7C75C59D8BE2eCF,COURT,70,VIDEO,2,READ,
w37,2025-12-19T15:11:35.573535Z,325.950,200,True,0xCdb11D137710f0a5234b9D3c040668B6D48e59d4,COURT,866,OTHER,1,READ,
w94,2025-12-19T15:11:35.573639Z,326.009,200,True,0xc0F601980c6FD898E06229024740eec17abbF5C2,INSURER,4,VIDEO,2,READ,
w38,2025-12-19T15:11:35.573740Z,326.041,200,True,0x73E42dF14ff21e7994A37802a292F71830CDA5aF,INSURER,613,FNOL,4,READ,
w95,2025-12-19T15:11:35.573872Z,326.039,200,True,0xF88a95Dd8B84AF76941627AA419BEFc507d88125,ADJUSTER,942,OTHER,1,READ,
w39,2025-12-19T15:11:35.573988Z,326.041,200,True,0x892Bc4E7F6D9a6aD507664d8A8EEB33b2544f3Ea,COURT,603,FNOL,4,READ,
w96,2025-12-19T15:11:35.574092Z,326.060,200,True,0xF80B0672A4f16BDe21fA2DF31482dA0fC606A43f,ADJUSTER,110,VIDEO,2,READ,
w40,2025-12-19T15:11:35.574198Z,326.084,200,True,0xCe3b338346378767324b87Cb888eC3F1d6d34940,POLICE,394,IMAGE,2,READ,
w97,2025-12-19T15:11:35.574298Z,326.102,200,True,0x73E42dF14ff21e7994A37802a292F71830CDA5aF,INSURER,100,VIDEO,2,READ,
w41,2025-12-19T15:11:35.574398Z,326.117,200,True,0x0172115667882E73749128243A943873087c09D3,INSURER,26,VIDEO,2,READ,
w98,2025-12-19T15:11:35.574514Z,326.112,200,True,0x5ee06906aF52aEd2c884D505d3a0A7CA7513188D,INSURER,182,VIDEO,2,READ,
w42,2025-12-19T15:11:35.575116Z,325.634,200,True,0xD6e58dE85e171C0D6BB42Cf4a85fBa7C55ce5618,INSURER,290,IMAGE,2,READ,
w99,2025-12-19T15:11:35.575288Z,325.563,200,True,0xC23BB727D3Ae6bD9cd90AC52ee26359F19176de3,INSURER,317,IMAGE,2,READ,
w43,2025-12-19T15:11:35.575437Z,326.055,200,True,0x18BFB9A0Bf9293D0D3bf9F42bD6e7e7b300Dc391,COURT,897,OTHER,1,READ,
w1,2025-12-19T15:11:35.575555Z,326.085,403,False,0xCe3b338346378767324b87Cb888eC3F1d6d34940,POLICE,997,OTHER,1,READ,
w44,2025-12-19T15:11:35.575668Z,326.101,200,True,0x9F6d6682cb1957F9585F9b8AC3469E4D767600D6,INSURER,489,IMAGE,2,READ,
w45,2025-12-19T15:11:35.575773Z,326.127,200,True,0x9F6d6682cb1957F9585F9b8AC3469E4D767600D6,INSURER,965,OTHER,1,READ,
w46,2025-12-19T15:11:35.575884Z,326.128,200,True,0x07DA3024980d3B92Bcf6B8850A7C08F758B5F781,INSURER,800,TELEMATICS,3,READ,
w47,2025-12-19T15:11:35.575997Z,326.125,200,True,0x59760590b1fCF3C846635ae6432DE56ef26298B8,GARAGE,422,IMAGE,2,READ,
w48,2025-12-19T15:11:35.576125Z,326.107,200,True,0xC6Ffd174B730f05f52aF93e216103D6C7464cc96,INSURER,676,FNOL,4,READ,
w49,2025-12-19T15:11:35.576234Z,326.106,200,True,0x6B97e16D77504562cB9392834019252f4057F4D5,POLICE,170,VIDEO,2,READ,
w50,2025-12-19T15:11:35.576336Z,326.109,200,True,0x3db0bD968176A243AC81C5c8Cf02Cf429b04dD57,COURT,315,IMAGE,2,READ,
w51,2025-12-19T15:11:35.576438Z,326.151,403,False,0x68cBdE77b98e3AF3281dBC229ee66540Eac3f007,ADJUSTER,632,MEDICAL_REPORT,5,READ,
w52,2025-12-19T15:11:35.576557Z,326.147,200,True,0x4395153bc7Ac8ebD080b3C98FE634fcA40E5609F,COURT,685,MEDICAL_REPORT,5,READ,
w53,2025-12-19T15:11:35.576660Z,326.147,200,True,0xCdb11D137710f0a5234b9D3c040668B6D48e59d4,COURT,195,VIDEO,2,READ,
w54,2025-12-19T15:11:35.576762Z,326.146,200,True,0x78b99D5D04232b9650d619DBa5F5600a9242A472,INSURER,995,OTHER,1,READ,
w55,2025-12-19T15:11:35.576867Z,326.147,200,True,0xB8954C40b419Ae7332fF39Ce3d458ba1fed03941,REGULATOR,691,MEDICAL_REPORT,5,READ,
w56,2025-12-19T15:11:35.576992Z,326.127,200,True,0xDA941366d7481DffDAd4458a22913423f40dA1eA,ADJUSTER,281,IMAGE,2,READ,
w2,2025-12-19T15:11:35.577100Z,326.135,200,True,0x3308795A526382DB26cF04047fE2bBd4F56E6CE7,COURT,667,FNOL,4,READ,
w57,2025-12-19T15:11:35.577205Z,326.143,403,False,0xDd45386232533D2C209976e678A91A2263676ECB,GARAGE,1000,OTHER,1,READ,
w3,2025-12-19T15:11:35.577320Z,326.129,200,True,0x1Ab5D0f68133DA5E100635Bdf5030650cA2bE691,ADJUSTER,746,TELEMATICS,3,READ,
w58,2025-12-19T15:11:35.577421Z,326.131,200,True,0x567dccd668D18B4ACd8A2795151edB162Bc34767,ADJUSTER,763,TELEMATICS,3,READ,
w4,2025-12-19T15:11:35.577524Z,326.127,200,True,0xD21eB53384cE472F3DE7527DC9A5820dA80bBB01,INSURER,222,VIDEO,2,READ,
w59,2025-12-19T15:11:35.577622Z,326.124,403,False,0xafA5Afd00Ec5464DAf96FCe2b09f4e4e157F4A67,POLICE,523,FNOL,4,READ,
w60,2025-12-19T15:11:35.577740Z,326.115,200,True,0x6B97e16D77504562cB9392834019252f4057F4D5,POLICE,99,VIDEO,2,READ,
w6,2025-12-19T15:11:35.577847Z,326.119,200,True,0xe9b50040eeAA45F16fd24222f4a97482737f6C8A,ADJUSTER,798,TELEMATICS,3,READ,
w5,2025-12-19T15:11:35.577968Z,326.131,200,True,0x476ad4Ce50BbD6624855e3d1e12E6cC23654359A,INSURER,817,TELEMATICS,3,READ,
w7,2025-12-19T15:11:35.561920Z,342.308,200,True,0xDA941366d7481DffDAd4458a22913423f40dA1eA,ADJUSTER,664,FNOL,4,READ,
w61,2025-12-19T15:11:35.578106Z,326.244,200,True,0x01891323537Ca8c745Cd76182c9eB81519eaC821,GARAGE,254,IMAGE,2,READ,
w0,2025-12-19T15:11:35.578238Z,326.258,403,False,0x09596bf36cE63dABDeB58d68a52792B7BA13ba84,ADJUSTER,601,MEDICAL_REPORT,5,READ,
w8,2025-12-19T15:11:35.885989Z,348.604,200,True,0xB8954C40b419Ae7332fF39Ce3d458ba1fed03941,REGULATOR,576,MEDICAL_REPORT,5,READ,
w63,2025-12-19T15:11:35.886378Z,348.558,200,True,0x3308795A526382DB26cF04047fE2bBd4F56E6CE7,COURT,703,TELEMATICS,3,READ,
w9,2025-12-19T15:11:35.886615Z,348.669,200,True,0xFeC4882fEAf263ac0fD1b9B4271dD1852B413584,INSURER,639,MEDICAL_REPORT,5,READ,
w64,2025-12-19T15:11:35.886828Z,348.623,200,True,0x48c487f18ce4aAFcf592B2eC3611eAa7B1C85918,ADJUSTER,309,IMAGE,2,READ,
w10,2025-12-19T15:11:35.887035Z,348.552,403,False,0xA75Af013B9CBdf4322e0c459A2fB8B708fbB8Ddc,POLICE,567,FNOL,4,READ,
w65,2025-12-19T15:11:35.887524Z,348.182,200,True,0x42dC03c90d7652B937d26628a86f9317bbf521dc,INSURER,299,IMAGE,2,READ,
w11,2025-12-19T15:11:35.887751Z,348.076,200,True,0xd963E5e27CB9872abc2Fbed9107c373Aa59583a4,INSURER,808,TELEMATICS,3,READ,
w66,2025-12-19T15:11:35.887986Z,347.969,200,True,0x808936f08CCC0a9C3953Cd3716006fB99825CBa4,COURT,47,VIDEO,2,READ,
w12,2025-12-19T15:11:35.888181Z,347.913,403,False,0x27158a264fdA9698B85485706B47BBC87Fa6Db4b,ADJUSTER,503,MEDICAL_REPORT,5,READ,
w67,2025-12-19T15:11:35.888370Z,347.851,403,False,0x26b179d013C696c433c0f316E594f7a7AcE77C79,GARAGE,11,VIDEO,2,READ,
w13,2025-12-19T15:11:35.888559Z,348.033,200,True,0x68cBdE77b98e3AF3281dBC229ee66540Eac3f007,ADJUSTER,984,OTHER,1,READ,
w68,2025-12-19T15:11:35.888738Z,347.980,200,True,0x330f902fF463e2B611211Ccb44EF749E558Ba02a,INSURER,733,TELEMATICS,3,READ,
w14,2025-12-19T15:11:35.889539Z,347.290,200,True,0x89cb551204456FFCd8e595feE394120dD047b57A,INSURER,875,OTHER,1,READ,
w69,2025-12-19T15:11:35.889755Z,347.185,403,False,0x59A67A1183C69AAf8Fe3D746D569392b7d4A5035,ADJUSTER,612,MEDICAL_REPORT,5,READ,
w15,2025-12-19T15:11:35.889960Z,347.095,403,False,0x23aA93bc659A3e3D0da5434a4088578341D43278,GARAGE,40,VIDEO,2,READ,
w70,2025-12-19T15:11:35.890158Z,347.008,200,True,0x11F50254a88A6e26E6Bb5aAE8d74E52372B4270E,COURT,93,VIDEO,2,READ,
w16,2025-12-19T15:11:35.890355Z,346.920,200,True,0x182C98818C6b29Ff23d7d1d9766e1B1dEB1aBAeB,INSURER,599,MEDICAL_REPORT,5,READ,
w71,2025-12-19T15:11:35.890557Z,346.821,200,True,0x065Fd3F8fcF30384f50eceBa324b1EF8411Fa759,COURT,137,VIDEO,2,READ,
w17,2025-12-19T15:11:35.890745Z,347.212,200,True,0x67A9BC3Fb3B4a392C223A8C644B48346b9Ca5128,COURT,695,MEDICAL_REPORT,5,READ,
w72,2025-12-19T15:11:35.890928Z,347.179,200,True,0x4828419eA02B1D4399E039f8E5F346f37f19fA13,INSURER,78,VIDEO,2,READ,
w18,2025-12-19T15:11:35.891113Z,347.122,200,True,0x3E93709810FB754ab4D6A2487344dF504087996D,INSURER,854,OTHER,1,READ,
w73,2025-12-19T15:11:35.891326Z,347.019,200,True,0x3d9c5458418bD082b010C0F93c3b8FBF9826E0Bf,INSURER,733,TELEMATICS,3,READ,
w19,2025-12-19T15:11:35.891518Z,346.936,200,True,0x892Bc4E7F6D9a6aD507664d8A8EEB33b2544f3Ea,COURT,944,OTHER,1,READ,
w74,2025-12-19T15:11:35.891701Z,346.860,200,True,0x46Adf75988C45FBD67a07651b6f684943428c17C,INSURER,142,VIDEO,2,READ,
w20,2025-12-19T15:11:35.891883Z,346.780,200,True,0xD756c57480Ea623123AB3a5ad4445875E3309Ac6,INSURER,259,IMAGE,2,READ,
w75,2025-12-19T15:11:35.892077Z,346.699,200,True,0xeD60C4758Fab078c38685EeEF9692D8Fa4F3dDB9,INSURER,83,VIDEO,2,READ,
w76,2025-12-19T15:11:35.892265Z,346.634,200,True,0x199baf9971453910adbCD45ae05Dc8f9B68fcB1f,INSURER,181,VIDEO,2,READ,
w77,2025-12-19T15:11:35.892456Z,346.550,200,True,0x262C7B7B136C441fA055dA7F585a2Ab956c1123C,INSURER,322,IMAGE,2,READ,
w21,2025-12-19T15:11:35.892632Z,346.483,200,True,0xC5f6e3512D3B1133da1f88159fDf63dC9f2d43FB,ADJUSTER,441,IMAGE,2,READ,
w78,2025-12-19T15:11:35.892806Z,346.412,200,True,0xD32B24Ff4D28e42239EcCd5cbdb456a1565DC083,ADJUSTER,796,TELEMATICS,3,READ,
w22,2025-12-19T15:11:35.892982Z,346.354,200,True,0x1F022FfD0700E02E8f01B8f05f539f8C7a0339bb,POLICE,16,VIDEO,2,READ,
w79,2025-12-19T15:11:35.893167Z,346.276,200,True,0x182C98818C6b29Ff23d7d1d9766e1B1dEB1aBAeB,INSURER,937,OTHER,1,READ,
w23,2025-12-19T15:11:35.894310Z,345.249,200,True,0xd86Fa5B280bf58C28aaE39fB535e0e965F0E285B,INSURER,195,VIDEO,2,READ,
w80,2025-12-19T15:11:35.894530Z,345.141,200,True,0xCaa6A1a26D28f97DEDD4f555dEd43bC607f78384,INSURER,965,OTHER,1,READ,
w24,2025-12-19T15:11:35.894737Z,345.062,200,True,0x3418C54B33ca42d0dF096EaD255791c7B2E2f3d9,ADJUSTER,810,TELEMATICS,3,READ,
w81,2025-12-19T15:11:35.894935Z,344.977,200,True,0x27158a264fdA9698B85485706B47BBC87Fa6Db4b,ADJUSTER,165,VIDEO,2,READ,
w25,2025-12-19T15:11:35.895125Z,344.894,200,True,0x014E540c98B93f6ce2a6F2D7FE66BeD9a19f7bEC,ADJUSTER,237,VIDEO,2,READ,
w82,2025-12-19T15:11:35.895344Z,344.789,200,True,0x11652BF4c5D394F3a46E96f2bE659939a0f6a6ed,INSURER,184,VIDEO,2,READ,
w26,2025-12-19T15:11:35.895548Z,344.698,200,True,0x40fca3Fa04d657c9879B638C57A2a70683E3efED,REGULATOR,693,FNOL,4,READ,
w83,2025-12-19T15:11:35.895748Z,344.601,403,False,0x415Ba7B0D983442D5407ABEF5Ebd8e9d2bB533B7,POLICE,543,MEDICAL_REPORT,5,READ,
w27,2025-12-19T15:11:35.896095Z,344.353,403,False,0x4BC2c2b671822006a9D592cdd2Db24e8Da3C6adf,GARAGE,788,TELEMATICS,3,READ,
w84,2025-12-19T15:11:35.896348Z,344.198,200,True,0xFeC4882fEAf263ac0fD1b9B4271dD1852B413584,INSURER,980,OTHER,1,READ,
w28,2025-12-19T15:11:35.896563Z,344.086,403,False,0x7C8B230898f07628a4f24e2D0ffe62373593dCce,POLICE,646,MEDICAL_REPORT,5,READ,
w85,2025-12-19T15:11:35.896839Z,343.931,403,False,0x0Bc81E8481993A5F61D3011a142E1510de00ECae,GARAGE,39,VIDEO,2,READ,
w29,2025-12-19T15:11:35.897070Z,343.843,403,False,0x28365792Da71bc8AcAD11a4393049d006EF2E972,GARAGE,531,MEDICAL_REPORT,5,READ,
w86,2025-12-19T15:11:35.897247Z,343.777,200,True,0x290FAd62Cb657cBfDA616da814529a670cdad059,POLICE,432,IMAGE,2,READ,
w30,2025-12-19T15:11:35.897433Z,344.240,200,True,0x05d1ef5b43268c6a5BD456A953029092795045d9,INSURER,892,OTHER,1,READ,
w87,2025-12-19T15:11:35.897584Z,344.251,200,True,0x29Da547ffD477d0d4628d547368EcFDF73054469,ADJUSTER,320,IMAGE,2,READ,
w31,2025-12-19T15:11:35.897727Z,344.234,200,True,0x93787a823E3D4Ae295F5a91C0e87325E40B3aa3F,REGULATOR,243,VIDEO,2,READ,
w88,2025-12-19T15:11:35.897889Z,344.179,403,False,0xEcbE69567Cf42475FbE6Ea4523541e58C4d22957,GARAGE,904,OTHER,1,READ,
w32,2025-12-19T15:11:35.898053Z,344.135,200,True,0xC6Ffd174B730f05f52aF93e216103D6C7464cc96,INSURER,261,IMAGE,2,READ,
w89,2025-12-19T15:11:35.898207Z,344.104,200,True,0x290FAd62Cb657cBfDA616da814529a670cdad059,POLICE,38,VIDEO,2,READ,
w33,2025-12-19T15:11:35.898370Z,344.047,200,True,0xafA5Afd00Ec5464DAf96FCe2b09f4e4e157F4A67,POLICE,307,IMAGE,2,READ,
w90,2025-12-19T15:11:35.898529Z,343.991,200,True,0xcCC472e2d0eDA52066a80BCFb4577Dc9Fb7CD453,POLICE,87,VIDEO,2,READ,
w34,2025-12-19T15:11:35.898673Z,343.952,200,True,0xE1C502975CC15E22bC10c8a6e352061ef61bBc2A,COURT,539,FNOL,4,READ,
w91,2025-12-19T15:11:35.898812Z,343.913,200,True,0xC23BB727D3Ae6bD9cd90AC52ee26359F19176de3,INSURER,481,IMAGE,2,READ,
w35,2025-12-19T15:11:35.898951Z,343.871,200,True,0xf9314f31cc38103bC7607a176a804e5C1Ecbf511,INSURER,307,IMAGE,2,READ,
w92,2025-12-19T15:11:35.899080Z,343.848,200,True,0xD6e58dE85e171C0D6BB42Cf4a85fBa7C55ce5618,INSURER,792,TELEMATICS,3,READ,
w36,2025-12-19T15:11:35.899232Z,343.802,200,True,0xd963E5e27CB9872abc2Fbed9107c373Aa59583a4,INSURER,969,OTHER,1,READ,
w93,2025-12-19T15:11:35.899352Z,343.780,200,True,0x67A9BC3Fb3B4a392C223A8C644B48346b9Ca5128,COURT,799,TELEMATICS,3,READ,
w37,2025-12-19T15:11:35.899492Z,343.740,200,True,0x5cA86E3342DEA0C1a26C49f1a4fA40DeEeAFf8a8,INSURER,378,IMAGE,2,READ,
w94,2025-12-19T15:11:35.899654Z,343.673,200,True,0x8Dd96368f7a8216813107Fe89688AcaafE8Cb76D,INSURER,657,MEDICAL_REPORT,5,READ,
w38,2025-12-19T15:11:35.899786Z,343.656,200,True,0x73E42dF14ff21e7994A37802a292F71830CDA5aF,INSURER,721,TELEMATICS,3,READ,
w95,2025-12-19T15:11:35.899917Z,343.628,200,True,0x1Ab5D0f68133DA5E100635Bdf5030650cA2bE691,ADJUSTER,470,IMAGE,2,READ,
w39,2025-12-19T15:11:35.900035Z,343.609,200,True,0x620a52535BA00719f0747D42746525D807319996,ADJUSTER,346,IMAGE,2,READ,
w96,2025-12-19T15:11:35.900158Z,343.582,200,True,0x6B97e16D77504562cB9392834019252f4057F4D5,POLICE,309,IMAGE,2,READ,
w40,2025-12-19T15:11:35.900287Z,343.567,200,True,0xD0Ce1d9D5A9c7E4F03d499A265d3014Ae5da7644,ADJUSTER,930,OTHER,1,READ,
w97,2025-12-19T15:11:35.900406Z,343.556,200,True,0x892Bc4E7F6D9a6aD507664d8A8EEB33b2544f3Ea,COURT,729,TELEMATICS,3,READ,
w41,2025-12-19T15:11:35.900520Z,343.550,200,True,0x0479AcE8E12E22b9751dF7542dd8f225c221EC34,ADJUSTER,919,OTHER,1,READ,
w98,2025-12-19T15:11:35.900631Z,343.557,200,True,0x14d0cb07D407E25F725b7f9854B98fEEEBb4942F,INSURER,930,OTHER,1,READ,
w42,2025-12-19T15:11:35.900754Z,343.539,200,True,0xC5f6e3512D3B1133da1f88159fDf63dC9f2d43FB,ADJUSTER,319,IMAGE,2,READ,
w99,2025-12-19T15:11:35.900855Z,343.537,200,True,0xC753D2a5211C57F7C2b4279053b11aEC435b41AB,REGULATOR,304,IMAGE,2,READ,
w43,2025-12-19T15:11:35.901498Z,342.994,403,False,0x59760590b1fCF3C846635ae6432DE56ef26298B8,GARAGE,952,OTHER,1,READ,
w1,2025-12-19T15:11:35.901645Z,342.959,200,True,0xeD60C4758Fab078c38685EeEF9692D8Fa4F3dDB9,INSURER,928,OTHER,1,READ,
w44,2025-12-19T15:11:35.901775Z,342.940,200,True,0x5CdF84465a68A1A9CEfe264b98c0701879D78982,INSURER,231,VIDEO,2,READ,
w45,2025-12-19T15:11:35.901905Z,342.914,200,True,0x3A995E7B23E0Fe0f9a5537f57AA80BACa529eFC4,INSURER,608,FNOL,4,READ,
w46,2025-12-19T15:11:35.902015Z,343.308,200,True,0x48c487f18ce4aAFcf592B2eC3611eAa7B1C85918,ADJUSTER,607,FNOL,4,READ,
w47,2025-12-19T15:11:35.902127Z,343.335,200,True,0x3d68C58ebB81123d1Ac10655857193A1cDee90CE,INSURER,892,OTHER,1,READ,
w48,2025-12-19T15:11:35.902236Z,343.349,200,True,0xF96D07BDd0404b21a6B987cF6C21b9A5E3045f5F,INSURER,579,FNOL,4,READ,
w49,2025-12-19T15:11:35.902345Z,343.346,403,False,0xCF5E79F0E2BFC3eb5fe4aB0975E9F0eEc50b54E3,GARAGE,995,OTHER,1,READ,
w50,2025-12-19T15:11:35.902448Z,343.354,403,False,0xCF5E79F0E2BFC3eb5fe4aB0975E9F0eEc50b54E3,GARAGE,860,OTHER,1,READ,
w51,2025-12-19T15:11:35.902594Z,343.427,200,True,0x8Dd96368f7a8216813107Fe89688AcaafE8Cb76D,INSURER,299,IMAGE,2,READ,
w52,2025-12-19T15:11:35.902709Z,343.586,200,True,0x2875Aa8C20c095495Ab5d6A1aBE2E2b07077dF55,INSURER,256,IMAGE,2,READ,
w53,2025-12-19T15:11:35.902811Z,343.708,200,True,0x58e8E907e02C35e581Ed3a4e98906344861E7265,INSURER,468,IMAGE,2,READ,
w54,2025-12-19T15:11:35.902913Z,343.844,200,True,0xd6f5696C80b8cb2D4AAaFdaf8E7C266cf4af4538,COURT,905,OTHER,1,READ,
w55,2025-12-19T15:11:35.903018Z,343.954,200,True,0xcA28195b12c3c8cB960d8423584ee9a8677BD158,POLICE,471,IMAGE,2,READ,
w56,2025-12-19T15:11:35.903125Z,344.010,200,True,0xB2241965995ed972D442D6A9461eF3583ecA95B6,INSURER,945,OTHER,1,READ,
w2,2025-12-19T15:11:35.903240Z,344.120,200,True,0x69254de41949D1A246C5c1A168e5e8473D2d50f0,ADJUSTER,990,OTHER,1,READ,
w57,2025-12-19T15:11:35.903352Z,344.168,403,False,0x1F022FfD0700E02E8f01B8f05f539f8C7a0339bb,POLICE,582,MEDICAL_REPORT,5,READ,
w3,2025-12-19T15:11:35.903453Z,344.320,200,True,0xCC05C551476CDbEfAd79Ed75427937b892aaFE9C,ADJUSTER,780,TELEMATICS,3,READ,
w58,2025-12-19T15:11:35.903556Z,344.386,200,True,0x09596bf36cE63dABDeB58d68a52792B7BA13ba84,ADJUSTER,480,IMAGE,2,READ,
w4,2025-12-19T15:11:35.903655Z,344.427,200,True,0xC5f6e3512D3B1133da1f88159fDf63dC9f2d43FB,ADJUSTER,375,IMAGE,2,READ,
w59,2025-12-19T15:11:35.903751Z,344.604,200,True,0x8216a92a44877D72a31FA6453e4583a6DCe25752,INSURER,167,VIDEO,2,READ,
w60,2025-12-19T15:11:35.903860Z,344.621,403,False,0x996644d2075D6c96FEB649879534dFAb933903f6,GARAGE,49,VIDEO,2,READ,
w6,2025-12-19T15:11:35.903971Z,344.630,200,True,0x8216a92a44877D72a31FA6453e4583a6DCe25752,INSURER,293,IMAGE,2,READ,
w5,2025-12-19T15:11:35.904105Z,344.773,200,True,0x33F5a90B9400A21046089Aaf44319BA889B0B9ed,INSURER,812,TELEMATICS,3,READ,
w7,2025-12-19T15:11:35.904233Z,344.777,200,True,0x415Ba7B0D983442D5407ABEF5Ebd8e9d2bB533B7,POLICE,7,VIDEO,2,READ,
w62,2025-12-19T15:11:35.885649Z,363.483,200,True,0x466ec685AE894BAc153c11350FC488cAAa2C062E,INSURER,127,VIDEO,2,READ,
w61,2025-12-19T15:11:35.904355Z,344.904,200,True,0xD46492141A5F13412fa59e5F47Ce969c7954E752,INSURER,722,TELEMATICS,3,READ,
w0,2025-12-19T15:11:35.904501Z,344.875,200,True,0xD3b3bd4ce4B597519FCE080Ce05805A99cC8C772,GARAGE,427,IMAGE,2,READ,
w63,2025-12-19T15:11:36.234947Z,289.668,200,True,0x73c07A746181c5256aC8EB8006fFbCF2239bEcC5,COURT,209,VIDEO,2,READ,
w9,2025-12-19T15:11:36.235291Z,289.676,403,False,0xa96C0E04f38F8dC8842789660AA8C570bfCCFF50,GARAGE,958,OTHER,1,READ,
w64,2025-12-19T15:11:36.235457Z,289.891,200,True,0xE1C502975CC15E22bC10c8a6e352061ef61bBc2A,COURT,137,VIDEO,2,READ,
w10,2025-12-19T15:11:36.235592Z,289.976,403,False,0x4BC2c2b671822006a9D592cdd2Db24e8Da3C6adf,GARAGE,163,VIDEO,2,READ,
w65,2025-12-19T15:11:36.235712Z,290.068,200,True,0x598405697b464FEbA8C76367b7C75C59D8BE2eCF,COURT,362,IMAGE,2,READ,
w11,2025-12-19T15:11:36.235832Z,290.153,200,True,0x3d68C58ebB81123d1Ac10655857193A1cDee90CE,INSURER,642,MEDICAL_REPORT,5,READ,
w66,2025-12-19T15:11:36.235960Z,290.238,200,True,0x85C720Ae65eF1706A0cf41695a93A34E189D5Ea0,INSURER,865,OTHER,1,READ,
w12,2025-12-19T15:11:36.236100Z,290.315,200,True,0x3d4Bd094c1894ed38F3EcF0799bE66f83a4199ca,ADJUSTER,41,VIDEO,2,READ,
w67,2025-12-19T15:11:36.236226Z,290.437,200,True,0xd963E5e27CB9872abc2Fbed9107c373Aa59583a4,INSURER,234,VIDEO,2,READ,
w13,2025-12-19T15:11:36.236598Z,290.275,200,True,0x4828419eA02B1D4399E039f8E5F346f37f19fA13,INSURER,107,VIDEO,2,READ,
w68,2025-12-19T15:11:36.236724Z,290.714,200,True,0xD21eB53384cE472F3DE7527DC9A5820dA80bBB01,INSURER,992,OTHER,1,READ,
w14,2025-12-19T15:11:36.236833Z,290.824,200,True,0x262C7B7B136C441fA055dA7F585a2Ab956c1123C,INSURER,297,IMAGE,2,READ,
w69,2025-12-19T15:11:36.236944Z,290.888,200,True,0x4f464925226709cf94C01633A1f468E106AD6413,INSURER,911,OTHER,1,READ,
w15,2025-12-19T15:11:36.237060Z,290.909,200,True,0x3db0bD968176A243AC81C5c8Cf02Cf429b04dD57,COURT,559,FNOL,4,READ,
w70,2025-12-19T15:11:36.237171Z,290.942,200,True,0xe9b50040eeAA45F16fd24222f4a97482737f6C8A,ADJUSTER,64,VIDEO,2,READ,
w16,2025-12-19T15:11:36.237279Z,290.962,200,True,0x0520cA4f9c2359a2d1cc1B072e4dA8A3587C2088,INSURER,447,IMAGE,2,READ,
w71,2025-12-19T15:11:36.237383Z,290.972,200,True,0x58f181cd636a8F0a8335240Efc4979212ff45341,INSURER,247,VIDEO,2,READ,
w17,2025-12-19T15:11:36.237963Z,291.603,200,True,0xFeC4882fEAf263ac0fD1b9B4271dD1852B413584,INSURER,640,MEDICAL_REPORT,5,READ,
w72,2025-12-19T15:11:36.238112Z,291.733,200,True,0xC23BB727D3Ae6bD9cd90AC52ee26359F19176de3,INSURER,780,TELEMATICS,3,READ,
w18,2025-12-19T15:11:36.238241Z,291.790,200,True,0x419d3b699AA38c218f3D84f0a3129a6383634f17,ADJUSTER,322,IMAGE,2,READ,
w73,2025-12-19T15:11:36.238351Z,291.850,200,True,0x3E93709810FB754ab4D6A2487344dF504087996D,INSURER,36,VIDEO,2,READ,
w19,2025-12-19T15:11:36.238458Z,291.900,200,True,0x808936f08CCC0a9C3953Cd3716006fB99825CBa4,COURT,535,MEDICAL_REPORT,5,READ,
w74,2025-12-19T15:11:36.238565Z,291.938,200,True,0x12DF904699208278b4355b568d47De4F2c9646fe,INSURER,876,OTHER,1,READ,
w20,2025-12-19T15:11:36.238667Z,291.977,403,False,0x6B97e16D77504562cB9392834019252f4057F4D5,POLICE,541,MEDICAL_REPORT,5,READ,
w75,2025-12-19T15:11:36.238782Z,291.988,403,False,0x3418C54B33ca42d0dF096EaD255791c7B2E2f3d9,ADJUSTER,645,MEDICAL_REPORT,5,READ,
w76,2025-12-19T15:11:36.238905Z,291.999,200,True,0x01891323537Ca8c745Cd76182c9eB81519eaC821,GARAGE,345,IMAGE,2,READ,
w77,2025-12-19T15:11:36.239011Z,292.055,200,True,0x808936f08CCC0a9C3953Cd3716006fB99825CBa4,COURT,915,OTHER,1,READ,
w21,2025-12-19T15:11:36.239120Z,292.070,200,True,0x4828419eA02B1D4399E039f8E5F346f37f19fA13,INSURER,557,FNOL,4,READ,
w78,2025-12-19T15:11:36.239222Z,292.107,200,True,0x78273aa663aa16C08590efF5582bb4C9DD30Bb95,INSURER,253,IMAGE,2,READ,
w22,2025-12-19T15:11:36.239342Z,292.109,200,True,0x5cA86E3342DEA0C1a26C49f1a4fA40DeEeAFf8a8,INSURER,126,VIDEO,2,READ,
w79,2025-12-19T15:11:36.239447Z,292.133,200,True,0xD46492141A5F13412fa59e5F47Ce969c7954E752,INSURER,20,VIDEO,2,READ,
w23,2025-12-19T15:11:36.239563Z,292.141,403,False,0x3a74Fec63a615BC94b9A47bEa6340935Ab155117,ADJUSTER,552,MEDICAL_REPORT,5,READ,
w80,2025-12-19T15:11:36.239676Z,292.156,200,True,0xE056D0a60EfEE3e1642D5B2129E2bbBdAf22444c,INSURER,310,IMAGE,2,READ,
w24,2025-12-19T15:11:36.239803Z,292.160,200,True,0xf5d0314845FCf19022a28FeD6650e58CFc01f243,INSURER,599,MEDICAL_REPORT,5,READ,
w81,2025-12-19T15:11:36.239917Z,292.168,200,True,0x81daFDe6F70ee2Fb93671DC220cC29F8205ACB57,INSURER,841,TELEMATICS,3,READ,
w25,2025-12-19T15:11:36.240024Z,292.164,200,True,0xFeC4882fEAf263ac0fD1b9B4271dD1852B413584,INSURER,541,MEDICAL_REPORT,5,READ,
w82,2025-12-19T15:11:36.240137Z,292.152,403,False,0x0AbFb230511189A840157bF7FcA43b1b69338dC6,POLICE,958,OTHER,1,READ,
w26,2025-12-19T15:11:36.240251Z,292.179,200,True,0xF80B0672A4f16BDe21fA2DF31482dA0fC606A43f,ADJUSTER,990,OTHER,1,READ,
w83,2025-12-19T15:11:36.240353Z,292.245,200,True,0x68cBdE77b98e3AF3281dBC229ee66540Eac3f007,ADJUSTER,611,FNOL,4,READ,
w27,2025-12-19T15:11:36.240453Z,292.278,403,False,0x1F98dd762361D7256a816f8086AE6FfB657fa5bC,POLICE,707,TELEMATICS,3,READ,
w84,2025-12-19T15:11:36.240551Z,292.292,200,True,0x598405697b464FEbA8C76367b7C75C59D8BE2eCF,COURT,455,IMAGE,2,READ,
w28,2025-12-19T15:11:36.240653Z,292.310,200,True,0xE3De53E77787ac96c6f78B3eD0A6Acea23953342,POLICE,491,IMAGE,2,READ,
w85,2025-12-19T15:11:36.240776Z,292.320,200,True,0x1cf47318cada656180563507BDd94262cAA29a4a,INSURER,691,MEDICAL_REPORT,5,READ,
w29,2025-12-19T15:11:36.240918Z,292.284,200,True,0x262C7B7B136C441fA055dA7F585a2Ab956c1123C,INSURER,985,OTHER,1,READ,
w86,2025-12-19T15:11:36.241030Z,292.276,200,True,0x3d4Bd094c1894ed38F3EcF0799bE66f83a4199ca,ADJUSTER,773,TELEMATICS,3,READ,
w30,2025-12-19T15:11:36.241679Z,291.737,403,False,0xE3De53E77787ac96c6f78B3eD0A6Acea23953342,POLICE,707,TELEMATICS,3,READ,
w87,2025-12-19T15:11:36.241841Z,291.674,200,True,0x933be1Be0aF68b62934fE96ADB1AB2Ee1C47B4F0,INSURER,807,TELEMATICS,3,READ,
w31,2025-12-19T15:11:36.241966Z,291.658,200,True,0x0172115667882E73749128243A943873087c09D3,INSURER,868,OTHER,1,READ,
w88,2025-12-19T15:11:36.242072Z,291.681,200,True,0x98eAB44F56Ae1f00C301517F1B6fCDb7a452D64b,ADJUSTER,362,IMAGE,2,READ,
w32,2025-12-19T15:11:36.242193Z,291.677,200,True,0x1Ab5D0f68133DA5E100635Bdf5030650cA2bE691,ADJUSTER,798,TELEMATICS,3,READ,
w89,2025-12-19T15:11:36.242316Z,291.654,200,True,0x8FA3c986B63dEd44ce62D4aC5b3b0F49FF447700,COURT,333,IMAGE,2,READ,
w33,2025-12-19T15:11:36.242421Z,291.648,200,True,0x3116De7d4519B71BA014e7EF3e874D3a98B64A91,POLICE,74,VIDEO,2,READ,
w90,2025-12-19T15:11:36.242525Z,291.660,403,False,0xC5f6e3512D3B1133da1f88159fDf63dC9f2d43FB,ADJUSTER,645,MEDICAL_REPORT,5,READ,
w34,2025-12-19T15:11:36.242630Z,291.685,200,True,0xD756c57480Ea623123AB3a5ad4445875E3309Ac6,INSURER,309,IMAGE,2,READ,
w91,2025-12-19T15:11:36.242729Z,291.711,200,True,0x51A2465dc26f17e37524f93494A8409715ACc9c2,INSURER,598,FNOL,4,READ,
w35,2025-12-19T15:11:36.242827Z,291.750,200,True,0x59A67A1183C69AAf8Fe3D746D569392b7d4A5035,ADJUSTER,852,OTHER,1,READ,
w92,2025-12-19T15:11:36.242932Z,291.787,200,True,0x3A995E7B23E0Fe0f9a5537f57AA80BACa529eFC4,INSURER,431,IMAGE,2,READ,
w36,2025-12-19T15:11:36.243038Z,291.795,200,True,0x2875Aa8C20c095495Ab5d6A1aBE2E2b07077dF55,INSURER,898,OTHER,1,READ,
w93,2025-12-19T15:11:36.243136Z,291.799,403,False,0xE1c2102345d7379f4bb3F114e908e9cC9154A335,POLICE,835,TELEMATICS,3,READ,
w37,2025-12-19T15:11:36.243236Z,291.822,200,True,0x7C8B230898f07628a4f24e2D0ffe62373593dCce,POLICE,108,VIDEO,2,READ,
w94,2025-12-19T15:11:36.243331Z,293.331,200,True,0x0479AcE8E12E22b9751dF7542dd8f225c221EC34,ADJUSTER,709,TELEMATICS,3,READ,
w38,2025-12-19T15:11:36.243446Z,293.399,200,True,0xaCB712DC0982F8B6c52EB4C5D2c205766cE3d00D,INSURER,272,IMAGE,2,READ,
w95,2025-12-19T15:11:36.243549Z,293.442,200,True,0x786da68d54Be22366903D370c34910372Db174c9,POLICE,140,VIDEO,2,READ,
w39,2025-12-19T15:11:36.243648Z,293.482,200,True,0x59760590b1fCF3C846635ae6432DE56ef26298B8,GARAGE,363,IMAGE,2,READ,
w96,2025-12-19T15:11:36.243744Z,293.523,200,True,0x89cb551204456FFCd8e595feE394120dD047b57A,INSURER,597,FNOL,4,READ,
w40,2025-12-19T15:11:36.243858Z,293.569,403,False,0x2B5dEec5325fd9befC139A2071d830B25FAd52Ef,GARAGE,583,MEDICAL_REPORT,5,READ,
w97,2025-12-19T15:11:36.243967Z,293.627,200,True,0x48c487f18ce4aAFcf592B2eC3611eAa7B1C85918,ADJUSTER,198,VIDEO,2,READ,
w41,2025-12-19T15:11:36.244074Z,293.677,200,True,0x0520cA4f9c2359a2d1cc1B072e4dA8A3587C2088,INSURER,967,OTHER,1,READ,
w98,2025-12-19T15:11:36.244192Z,293.709,200,True,0xeD60C4758Fab078c38685EeEF9692D8Fa4F3dDB9,INSURER,877,OTHER,1,READ,
w42,2025-12-19T15:11:36.244297Z,293.749,200,True,0xa814b4D02E07Daa3235ffc1E4752eCF8f6C2D8d8,ADJUSTER,974,OTHER,1,READ,
w99,2025-12-19T15:11:36.244396Z,293.758,200,True,0x51A2465dc26f17e37524f93494A8409715ACc9c2,INSURER,973,OTHER,1,READ,
w43,2025-12-19T15:11:36.244496Z,293.761,200,True,0x4395153bc7Ac8ebD080b3C98FE634fcA40E5609F,COURT,825,TELEMATICS,3,READ,
w1,2025-12-19T15:11:36.244608Z,293.751,200,True,0x28606132Fb05B11eee1fa6ACe3CB39F3EFFFdCCe,ADJUSTER,217,VIDEO,2,READ,
w44,2025-12-19T15:11:36.244719Z,293.740,200,True,0x3d68C58ebB81123d1Ac10655857193A1cDee90CE,INSURER,410,IMAGE,2,READ,
w45,2025-12-19T15:11:36.244823Z,293.748,200,True,0x090F26617cAab81C15934159343Ff688fAf23820,POLICE,360,IMAGE,2,READ,
w46,2025-12-19T15:11:36.245329Z,293.355,200,True,0xcE078954f123a07010672Fff05b36f5E43642106,INSURER,434,IMAGE,2,READ,
w47,2025-12-19T15:11:36.245467Z,293.317,403,False,0x28365792Da71bc8AcAD11a4393049d006EF2E972,GARAGE,188,VIDEO,2,READ,
w48,2025-12-19T15:11:36.245591Z,293.290,200,True,0x67A9BC3Fb3B4a392C223A8C644B48346b9Ca5128,COURT,775,TELEMATICS,3,READ,
w49,2025-12-19T15:11:36.245696Z,293.286,200,True,0x93787a823E3D4Ae295F5a91C0e87325E40B3aa3F,REGULATOR,22,VIDEO,2,READ,
w50,2025-12-19T15:11:36.245808Z,293.287,200,True,0x85C720Ae65eF1706A0cf41695a93A34E189D5Ea0,INSURER,652,MEDICAL_REPORT,5,READ,
w51,2025-12-19T15:11:36.246032Z,293.169,200,True,0xD261b62ccB398d8100234C5fD641c6D67B10C62B,GARAGE,477,IMAGE,2,READ,
w52,2025-12-19T15:11:36.246303Z,292.999,200,True,0xeD60C4758Fab078c38685EeEF9692D8Fa4F3dDB9,INSURER,595,FNOL,4,READ,
w53,2025-12-19T15:11:36.246528Z,292.884,200,True,0x29Da547ffD477d0d4628d547368EcFDF73054469,ADJUSTER,983,OTHER,1,READ,
w54,2025-12-19T15:11:36.246765Z,292.753,200,True,0x476ad4Ce50BbD6624855e3d1e12E6cC23654359A,INSURER,402,IMAGE,2,READ,
w55,2025-12-19T15:11:36.246979Z,292.634,200,True,0x7C8B230898f07628a4f24e2D0ffe62373593dCce,POLICE,116,VIDEO,2,READ,
w56,2025-12-19T15:11:36.247141Z,292.566,200,True,0x97910F1306b5414B4C61D9A719B6871f5c77662f,INSURER,330,IMAGE,2,READ,
w2,2025-12-19T15:11:36.247367Z,292.446,403,False,0xCF5E79F0E2BFC3eb5fe4aB0975E9F0eEc50b54E3,GARAGE,243,VIDEO,2,READ,
w57,2025-12-19T15:11:36.247525Z,292.402,200,True,0xCF5E79F0E2BFC3eb5fe4aB0975E9F0eEc50b54E3,GARAGE,313,IMAGE,2,READ,
w3,2025-12-19T15:11:36.247780Z,292.253,200,True,0xD0Ce1d9D5A9c7E4F03d499A265d3014Ae5da7644,ADJUSTER,423,IMAGE,2,READ,
w58,2025-12-19T15:11:36.247950Z,292.185,200,True,0xeD60C4758Fab078c38685EeEF9692D8Fa4F3dDB9,INSURER,145,VIDEO,2,READ,
w4,2025-12-19T15:11:36.248087Z,292.157,200,True,0xF88a95Dd8B84AF76941627AA419BEFc507d88125,ADJUSTER,843,TELEMATICS,3,READ,
w59,2025-12-19T15:11:36.248361Z,291.981,403,False,0x59760590b1fCF3C846635ae6432DE56ef26298B8,GARAGE,765,TELEMATICS,3,READ,
w60,2025-12-19T15:11:36.248486Z,291.950,200,True,0x3308795A526382DB26cF04047fE2bBd4F56E6CE7,COURT,304,IMAGE,2,READ,
w6,2025-12-19T15:11:36.248731Z,291.850,200,True,0x1cf47318cada656180563507BDd94262cAA29a4a,INSURER,496,IMAGE,2,READ,
w5,2025-12-19T15:11:36.248885Z,291.820,200,True,0x51a1E6D900E3e04c169Be84b2D5e5ccB2420B0EB,INSURER,942,OTHER,1,READ,
w7,2025-12-19T15:11:36.249016Z,291.801,200,True,0x892Bc4E7F6D9a6aD507664d8A8EEB33b2544f3Ea,COURT,172,VIDEO,2,READ,
w62,2025-12-19T15:11:36.249136Z,291.784,200,True,0xcE078954f123a07010672Fff05b36f5E43642106,INSURER,726,TELEMATICS,3,READ,
w61,2025-12-19T15:11:36.249264Z,291.757,200,True,0x48c487f18ce4aAFcf592B2eC3611eAa7B1C85918,ADJUSTER,166,VIDEO,2,READ,
w8,2025-12-19T15:11:36.234608Z,306.518,200,True,0x1F022FfD0700E02E8f01B8f05f539f8C7a0339bb,POLICE,191,VIDEO,2,READ,
w0,2025-12-19T15:11:36.249382Z,291.995,200,True,0xF80B0672A4f16BDe21fA2DF31482dA0fC606A43f,ADJUSTER,309,IMAGE,2,READ,
w9,2025-12-19T15:11:36.524976Z,313.485,200,True,0xCC05C551476CDbEfAd79Ed75427937b892aaFE9C,ADJUSTER,667,FNOL,4,READ,
w64,2025-12-19T15:11:36.525356Z,313.437,200,True,0xE4A8571e1F142Bd99866AA9464c49517B2ac0E01,ADJUSTER,941,OTHER,1,READ,
w10,2025-12-19T15:11:36.525575Z,313.486,200,True,0xCaa6A1a26D28f97DEDD4f555dEd43bC607f78384,INSURER,579,FNOL,4,READ,
w65,2025-12-19T15:11:36.525788Z,313.433,403,False,0x090F26617cAab81C15934159343Ff688fAf23820,POLICE,651,FNOL,4,READ,
w11,2025-12-19T15:11:36.525993Z,313.367,200,True,0x933be1Be0aF68b62934fE96ADB1AB2Ee1C47B4F0,INSURER,100,VIDEO,2,READ,
w66,2025-12-19T15:11:36.526206Z,313.276,403,False,0x0AbFb230511189A840157bF7FcA43b1b69338dC6,POLICE,874,OTHER,1,READ,
w12,2025-12-19T15:11:36.526423Z,314.158,200,True,0x14E81fB79823D062AFEEC4B80e0bCCBE578d057e,REGULATOR,866,OTHER,1,READ,
w67,2025-12-19T15:11:36.526671Z,314.092,200,True,0xC6Ffd174B730f05f52aF93e216103D6C7464cc96,INSURER,187,VIDEO,2,READ,
w13,2025-12-19T15:11:36.526881Z,314.120,200,True,0xD46492141A5F13412fa59e5F47Ce969c7954E752,INSURER,176,VIDEO,2,READ,
w68,2025-12-19T15:11:36.527447Z,313.699,403,False,0x23aA93bc659A3e3D0da5434a4088578341D43278,GARAGE,676,FNOL,4,READ,
w14,2025-12-19T15:11:36.527665Z,313.605,200,True,0xAA49CCe569366189355225212a2EA06B8172Fa22,ADJUSTER,829,TELEMATICS,3,READ,
w69,2025-12-19T15:11:36.527839Z,313.545,200,True,0x78b99D5D04232b9650d619DBa5F5600a9242A472,INSURER,341,IMAGE,2,READ,
w15,2025-12-19T15:11:36.527975Z,313.679,200,True,0x73E42dF14ff21e7994A37802a292F71830CDA5aF,INSURER,548,MEDICAL_REPORT,5,READ,
w70,2025-12-19T15:11:36.528119Z,313.684,200,True,0x436f253A31aB81e4427747050f42C4907a6C388D,ADJUSTER,827,TELEMATICS,3,READ,
w16,2025-12-19T15:11:36.528246Z,313.710,200,True,0xBeBf134906e0FCcd85b0D99a4626a7B8584e742c,ADJUSTER,870,OTHER,1,READ,
w71,2025-12-19T15:11:36.528360Z,313.749,200,True,0x6B97e16D77504562cB9392834019252f4057F4D5,POLICE,270,IMAGE,2,READ,
w17,2025-12-19T15:11:36.529577Z,312.935,403,False,0xA75Af013B9CBdf4322e0c459A2fB8B708fbB8Ddc,POLICE,557,FNOL,4,READ,
w72,2025-12-19T15:11:36.529854Z,312.825,200,True,0x4828419eA02B1D4399E039f8E5F346f37f19fA13,INSURER,91,VIDEO,2,READ,
w18,2025-12-19T15:11:36.530036Z,312.843,200,True,0x3418C54B33ca42d0dF096EaD255791c7B2E2f3d9,ADJUSTER,196,VIDEO,2,READ,
w73,2025-12-19T15:11:36.530208Z,312.857,200,True,0xafA5Afd00Ec5464DAf96FCe2b09f4e4e157F4A67,POLICE,276,IMAGE,2,READ,
w19,2025-12-19T15:11:36.530364Z,312.885,403,False,0xBeBf134906e0FCcd85b0D99a4626a7B8584e742c,ADJUSTER,646,MEDICAL_REPORT,5,READ,
w74,2025-12-19T15:11:36.530509Z,312.917,200,True,0x48c487f18ce4aAFcf592B2eC3611eAa7B1C85918,ADJUSTER,72,VIDEO,2,READ,
w20,2025-12-19T15:11:36.530650Z,312.953,200,True,0x3a74Fec63a615BC94b9A47bEa6340935Ab155117,ADJUSTER,976,OTHER,1,READ,
w75,2025-12-19T15:11:36.530776Z,313.010,200,True,0xC66fE61Fe01B90e3C051c0ED40Dd41fC9347D018,REGULATOR,504,MEDICAL_REPORT,5,READ,
w76,2025-12-19T15:11:36.530909Z,313.066,200,True,0xB8954C40b419Ae7332fF39Ce3d458ba1fed03941,REGULATOR,47,VIDEO,2,READ,
w77,2025-12-19T15:11:36.531071Z,313.093,200,True,0xC753D2a5211C57F7C2b4279053b11aEC435b41AB,REGULATOR,228,VIDEO,2,READ,
w21,2025-12-19T15:11:36.531195Z,313.166,403,False,0x955f7F1386d8d5FB12bc50876B418e4D206D9530,GARAGE,621,MEDICAL_REPORT,5,READ,
w78,2025-12-19T15:11:36.531335Z,313.201,200,True,0x78b99D5D04232b9650d619DBa5F5600a9242A472,INSURER,311,IMAGE,2,READ,
w22,2025-12-19T15:11:36.531456Z,313.256,403,False,0x955f7F1386d8d5FB12bc50876B418e4D206D9530,GARAGE,747,TELEMATICS,3,READ,
w79,2025-12-19T15:11:36.531584Z,313.299,403,False,0x23aA93bc659A3e3D0da5434a4088578341D43278,GARAGE,593,FNOL,4,READ,
w23,2025-12-19T15:11:36.531709Z,313.932,200,True,0x808936f08CCC0a9C3953Cd3716006fB99825CBa4,COURT,983,OTHER,1,READ,
w80,2025-12-19T15:11:36.531838Z,314.017,200,True,0x3d4Bd094c1894ed38F3EcF0799bE66f83a4199ca,ADJUSTER,367,IMAGE,2,READ,
w24,2025-12-19T15:11:36.531967Z,314.111,200,True,0x685A29EE8A06E458E58A29d721dFB677cdF8a600,INSURER,623,FNOL,4,READ,
w81,2025-12-19T15:11:36.532089Z,314.206,200,True,0xdBf006c9b4fEA25fFA98161abc660B4643109625,ADJUSTER,385,IMAGE,2,READ,
w25,2025-12-19T15:11:36.532192Z,314.358,200,True,0xDA941366d7481DffDAd4458a22913423f40dA1eA,ADJUSTER,77,VIDEO,2,READ,
w82,2025-12-19T15:11:36.532293Z,314.441,403,False,0x290FAd62Cb657cBfDA616da814529a670cdad059,POLICE,847,TELEMATICS,3,READ,
w26,2025-12-19T15:11:36.532435Z,314.448,200,True,0xACaaedBfb07404f2aAf0ccd6503B1529C1A48764,ADJUSTER,278,IMAGE,2,READ,
w83,2025-12-19T15:11:36.532604Z,314.413,403,False,0x5C63EFf960008F7F9783957f07533386097149ce,POLICE,550,MEDICAL_REPORT,5,READ,
w27,2025-12-19T15:11:36.532737Z,314.406,200,True,0x4395153bc7Ac8ebD080b3C98FE634fcA40E5609F,COURT,184,VIDEO,2,READ,
w84,2025-12-19T15:11:36.532848Z,314.407,200,True,0x02BD9B3b464b98EB353C8f83Eb3b4cB0627A52Ed,COURT,902,OTHER,1,READ,
w28,2025-12-19T15:11:36.532969Z,314.394,200,True,0x0520cA4f9c2359a2d1cc1B072e4dA8A3587C2088,INSURER,556,FNOL,4,READ,
w85,2025-12-19T15:11:36.533100Z,314.371,403,False,0x59760590b1fCF3C846635ae6432DE56ef26298B8,GARAGE,766,TELEMATICS,3,READ,
w29,2025-12-19T15:11:36.533206Z,314.418,200,True,0xC23BB727D3Ae6bD9cd90AC52ee26359F19176de3,INSURER,612,MEDICAL_REPORT,5,READ,
w86,2025-12-19T15:11:36.533312Z,314.425,200,True,0xBeBf134906e0FCcd85b0D99a4626a7B8584e742c,ADJUSTER,304,IMAGE,2,READ,
w30,2025-12-19T15:11:36.533420Z,314.421,200,True,0x9F6d6682cb1957F9585F9b8AC3469E4D767600D6,INSURER,760,TELEMATICS,3,READ,
w87,2025-12-19T15:11:36.533520Z,314.425,200,True,0x07DA3024980d3B92Bcf6B8850A7C08F758B5F781,INSURER,637,FNOL,4,READ,
w31,2025-12-19T15:11:36.533628Z,315.397,403,False,0x38C88185b74B534134345be38916483044075686,POLICE,992,OTHER,1,READ,
w88,2025-12-19T15:11:36.533758Z,315.441,200,True,0xAF3C604AE7a9E247C368331a22270415269Ef10d,INSURER,632,MEDICAL_REPORT,5,READ,
w32,2025-12-19T15:11:36.533875Z,315.500,200,True,0xBeBf134906e0FCcd85b0D99a4626a7B8584e742c,ADJUSTER,481,IMAGE,2,READ,
w89,2025-12-19T15:11:36.533974Z,315.588,200,True,0xCC05C551476CDbEfAd79Ed75427937b892aaFE9C,ADJUSTER,905,OTHER,1,READ,
w33,2025-12-19T15:11:36.534075Z,315.682,200,True,0x89cb551204456FFCd8e595feE394120dD047b57A,INSURER,65,VIDEO,2,READ,
w90,2025-12-19T15:11:36.534189Z,315.769,200,True,0x78273aa663aa16C08590efF5582bb4C9DD30Bb95,INSURER,291,IMAGE,2,READ,
w34,2025-12-19T15:11:36.534321Z,315.822,200,True,0xcE078954f123a07010672Fff05b36f5E43642106,INSURER,70,VIDEO,2,READ,
w91,2025-12-19T15:11:36.534445Z,315.898,200,True,0xd86Fa5B280bf58C28aaE39fB535e0e965F0E285B,INSURER,481,IMAGE,2,READ,
w35,2025-12-19T15:11:36.534583Z,315.950,200,True,0xACaaedBfb07404f2aAf0ccd6503B1529C1A48764,ADJUSTER,497,IMAGE,2,READ,
w92,2025-12-19T15:11:36.534724Z,315.984,200,True,0xBdfeA99CC2B9e09E4A7e6C7B14808189488E3985,COURT,984,OTHER,1,READ,
w36,2025-12-19T15:11:36.534837Z,316.044,200,True,0xACaaedBfb07404f2aAf0ccd6503B1529C1A48764,ADJUSTER,349,IMAGE,2,READ,
w93,2025-12-19T15:11:36.534938Z,316.134,200,True,0xdBf006c9b4fEA25fFA98161abc660B4643109625,ADJUSTER,22,VIDEO,2,READ,
w37,2025-12-19T15:11:36.535063Z,316.199,200,True,0x620a52535BA00719f0747D42746525D807319996,ADJUSTER,284,IMAGE,2,READ,
w94,2025-12-19T15:11:36.536671Z,314.773,200,True,0x1F022FfD0700E02E8f01B8f05f539f8C7a0339bb,POLICE,30,VIDEO,2,READ,
w38,2025-12-19T15:11:36.536851Z,314.774,403,False,0x3D8B37E283940B186f3d817371AE9834E2836f7f,GARAGE,974,OTHER,1,READ,
w95,2025-12-19T15:11:36.536999Z,314.809,200,True,0x5ee06906aF52aEd2c884D505d3a0A7CA7513188D,INSURER,596,FNOL,4,READ,
w39,2025-12-19T15:11:36.537135Z,314.859,200,True,0x290FAd62Cb657cBfDA616da814529a670cdad059,POLICE,450,IMAGE,2,READ,
w96,2025-12-19T15:11:36.537273Z,314.911,200,True,0xACaaedBfb07404f2aAf0ccd6503B1529C1A48764,ADJUSTER,563,FNOL,4,READ,
w40,2025-12-19T15:11:36.537435Z,314.956,200,True,0xCC05C551476CDbEfAd79Ed75427937b892aaFE9C,ADJUSTER,1000,OTHER,1,READ,
w97,2025-12-19T15:11:36.537600Z,314.971,200,True,0xd963E5e27CB9872abc2Fbed9107c373Aa59583a4,INSURER,758,TELEMATICS,3,READ,
w41,2025-12-19T15:11:36.537757Z,314.998,200,True,0xF96D07BDd0404b21a6B987cF6C21b9A5E3045f5F,INSURER,110,VIDEO,2,READ,
w98,2025-12-19T15:11:36.537907Z,315.021,200,True,0x58e8E907e02C35e581Ed3a4e98906344861E7265,INSURER,117,VIDEO,2,READ,
w42,2025-12-19T15:11:36.538051Z,315.074,200,True,0x02BD9B3b464b98EB353C8f83Eb3b4cB0627A52Ed,COURT,281,IMAGE,2,READ,
w99,2025-12-19T15:11:36.538159Z,315.153,200,True,0x469Bf06C8a44e5E2Bb2752C29B92d88DCA076B8a,POLICE,492,IMAGE,2,READ,
w43,2025-12-19T15:11:36.538261Z,315.231,200,True,0x786da68d54Be22366903D370c34910372Db174c9,POLICE,459,IMAGE,2,READ,
w1,2025-12-19T15:11:36.538363Z,315.304,200,True,0x48f8656e15a2FC22Ccd6cDe7c56db39C1B62E770,POLICE,317,IMAGE,2,READ,
w44,2025-12-19T15:11:36.538464Z,315.377,200,True,0x0479AcE8E12E22b9751dF7542dd8f225c221EC34,ADJUSTER,383,IMAGE,2,READ,
w45,2025-12-19T15:11:36.538577Z,315.445,200,True,0xCaa6A1a26D28f97DEDD4f555dEd43bC607f78384,INSURER,706,TELEMATICS,3,READ,
w46,2025-12-19T15:11:36.538689Z,315.537,200,True,0x50Ed54bf40D96Fda59d7F83abE5551535d7938ac,COURT,957,OTHER,1,READ,
w47,2025-12-19T15:11:36.538789Z,315.648,200,True,0xD3b3bd4ce4B597519FCE080Ce05805A99cC8C772,GARAGE,432,IMAGE,2,READ,
w48,2025-12-19T15:11:36.538884Z,315.763,200,True,0x065Fd3F8fcF30384f50eceBa324b1EF8411Fa759,COURT,494,IMAGE,2,READ,
w49,2025-12-19T15:11:36.538987Z,315.850,200,True,0x3418C54B33ca42d0dF096EaD255791c7B2E2f3d9,ADJUSTER,30,VIDEO,2,READ,
w50,2025-12-19T15:11:36.539100Z,315.919,403,False,0xa814b4D02E07Daa3235ffc1E4752eCF8f6C2D8d8,ADJUSTER,627,MEDICAL_REPORT,5,READ,
w51,2025-12-19T15:11:36.539205Z,315.988,403,False,0x3116De7d4519B71BA014e7EF3e874D3a98B64A91,POLICE,884,OTHER,1,READ,
w52,2025-12-19T15:11:36.539306Z,316.079,200,True,0xD21eB53384cE472F3DE7527DC9A5820dA80bBB01,INSURER,142,VIDEO,2,READ,
w53,2025-12-19T15:11:36.539418Z,316.151,200,True,0x67A9BC3Fb3B4a392C223A8C644B48346b9Ca5128,COURT,297,IMAGE,2,READ,
w54,2025-12-19T15:11:36.539523Z,316.231,200,True,0x09596bf36cE63dABDeB58d68a52792B7BA13ba84,ADJUSTER,756,TELEMATICS,3,READ,
w55,2025-12-19T15:11:36.539617Z,316.311,200,True,0x2875Aa8C20c095495Ab5d6A1aBE2E2b07077dF55,INSURER,216,VIDEO,2,READ,
w56,2025-12-19T15:11:36.539711Z,316.408,200,True,0xE1C502975CC15E22bC10c8a6e352061ef61bBc2A,COURT,566,FNOL,4,READ,
w2,2025-12-19T15:11:36.539819Z,316.497,200,True,0x46Adf75988C45FBD67a07651b6f684943428c17C,INSURER,601,MEDICAL_REPORT,5,READ,
w57,2025-12-19T15:11:36.539932Z,316.576,200,True,0x014E540c98B93f6ce2a6F2D7FE66BeD9a19f7bEC,ADJUSTER,437,IMAGE,2,READ,
w3,2025-12-19T15:11:36.540037Z,316.654,200,True,0xC23BB727D3Ae6bD9cd90AC52ee26359F19176de3,INSURER,543,MEDICAL_REPORT,5,READ,
w58,2025-12-19T15:11:36.540139Z,316.735,200,True,0x81daFDe6F70ee2Fb93671DC220cC29F8205ACB57,INSURER,547,MEDICAL_REPORT,5,READ,
w4,2025-12-19T15:11:36.540250Z,316.811,200,True,0xD21eB53384cE472F3DE7527DC9A5820dA80bBB01,INSURER,48,VIDEO,2,READ,
w59,2025-12-19T15:11:36.540346Z,316.886,200,True,0x419d3b699AA38c218f3D84f0a3129a6383634f17,ADJUSTER,417,IMAGE,2,READ,
w60,2025-12-19T15:11:36.540458Z,316.942,403,False,0xa96C0E04f38F8dC8842789660AA8C570bfCCFF50,GARAGE,115,VIDEO,2,READ,
w6,2025-12-19T15:11:36.540585Z,316.994,200,True,0x3495fF4A33D3b8aCCB512226B501122064b1e8fe,INSURER,559,FNOL,4,READ,
w5,2025-12-19T15:11:36.540710Z,317.044,200,True,0x520F6Be8B20312c8CA4bB2773000A94923A4FaE5,POLICE,348,IMAGE,2,READ,
w7,2025-12-19T15:11:36.540822Z,317.107,200,True,0x466ec685AE894BAc153c11350FC488cAAa2C062E,INSURER,683,MEDICAL_REPORT,5,READ,
w62,2025-12-19T15:11:36.540925Z,317.174,200,True,0xF09aBd729B48E734Ad684B93585E8D043D55c967,INSURER,362,IMAGE,2,READ,
w61,2025-12-19T15:11:36.541026Z,317.256,200,True,0x81A893236EFCdC58F1f9421b59Ee21eb7e38f8FB,INSURER,941,OTHER,1,READ,
w63,2025-12-19T15:11:36.524626Z,333.847,200,True,0x567dccd668D18B4ACd8A2795151edB162Bc34767,ADJUSTER,756,TELEMATICS,3,READ,
w8,2025-12-19T15:11:36.541130Z,317.536,200,True,0x12DF904699208278b4355b568d47De4F2c9646fe,INSURER,14,VIDEO,2,READ,
w0,2025-12-19T15:11:36.541382Z,317.478,200,True,0x811FdDFb3340F34AB2b91C97AcB5FAeB6405847E,REGULATOR,640,MEDICAL_REPORT,5,READ,
w64,2025-12-19T15:11:36.838801Z,328.672,200,True,0x29950abd635aF427d5E2fF0DB9f6920fC915bC55,INSURER,296,IMAGE,2,READ,
w10,2025-12-19T15:11:36.839067Z,328.748,200,True,0x3d68C58ebB81123d1Ac10655857193A1cDee90CE,INSURER,535,MEDICAL_REPORT,5,READ,
w65,2025-12-19T15:11:36.839228Z,328.928,200,True,0x5cA86E3342DEA0C1a26C49f1a4fA40DeEeAFf8a8,INSURER,764,TELEMATICS,3,READ,
w11,2025-12-19T15:11:36.839365Z,328.963,403,False,0x28365792Da71bc8AcAD11a4393049d006EF2E972,GARAGE,698,FNOL,4,READ,
w66,2025-12-19T15:11:36.839488Z,328.975,200,True,0x0172115667882E73749128243A943873087c09D3,INSURER,284,IMAGE,2,READ,
w12,2025-12-19T15:11:36.840588Z,328.012,200,True,0x98eAB44F56Ae1f00C301517F1B6fCDb7a452D64b,ADJUSTER,909,OTHER,1,READ,
w67,2025-12-19T15:11:36.840769Z,327.971,200,True,0x3418C54B33ca42d0dF096EaD255791c7B2E2f3d9,ADJUSTER,921,OTHER,1,READ,
w13,2025-12-19T15:11:36.841006Z,327.862,200,True,0x0479AcE8E12E22b9751dF7542dd8f225c221EC34,ADJUSTER,760,TELEMATICS,3,READ,
w68,2025-12-19T15:11:36.841152Z,327.866,200,True,0xE1C502975CC15E22bC10c8a6e352061ef61bBc2A,COURT,231,VIDEO,2,READ,
w14,2025-12-19T15:11:36.841276Z,328.069,200,True,0x38C88185b74B534134345be38916483044075686,POLICE,14,VIDEO,2,READ,
w69,2025-12-19T15:11:36.841388Z,328.091,200,True,0xF80B0672A4f16BDe21fA2DF31482dA0fC606A43f,ADJUSTER,256,IMAGE,2,READ,
w15,2025-12-19T15:11:36.841660Z,327.953,200,True,0xdBf006c9b4fEA25fFA98161abc660B4643109625,ADJUSTER,126,VIDEO,2,READ,
w70,2025-12-19T15:11:36.841809Z,327.914,403,False,0x59760590b1fCF3C846635ae6432DE56ef26298B8,GARAGE,147,VIDEO,2,READ,
w16,2025-12-19T15:11:36.841961Z,328.152,200,True,0x4395153bc7Ac8ebD080b3C98FE634fcA40E5609F,COURT,611,FNOL,4,READ,
w71,2025-12-19T15:11:36.842115Z,328.148,200,True,0x456F6DbE8aF9e05a1918B64f0Bd0690809b23E6B,INSURER,782,TELEMATICS,3,READ,
w17,2025-12-19T15:11:36.842518Z,327.870,200,True,0x78273aa663aa16C08590efF5582bb4C9DD30Bb95,INSURER,953,OTHER,1,READ,
w72,2025-12-19T15:11:36.842687Z,327.824,200,True,0xaCB712DC0982F8B6c52EB4C5D2c205766cE3d00D,INSURER,200,VIDEO,2,READ,
w18,2025-12-19T15:11:36.842886Z,327.746,200,True,0x48c487f18ce4aAFcf592B2eC3611eAa7B1C85918,ADJUSTER,257,IMAGE,2,READ,
w73,2025-12-19T15:11:36.843072Z,327.680,200,True,0xBC78986794f1658340222E011F7e1Cf375177F95,ADJUSTER,847,TELEMATICS,3,READ,
w19,2025-12-19T15:11:36.843256Z,327.609,200,True,0xB81c8729A121819695CEEDA9b389f559D6398B3C,REGULATOR,6,VIDEO,2,READ,
w74,2025-12-19T15:11:36.843433Z,327.534,200,True,0x7B678e542Dec17ab096b423D15262dcD9B8c11D8,POLICE,289,IMAGE,2,READ,
w20,2025-12-19T15:11:36.843610Z,327.497,200,True,0xFeC4882fEAf263ac0fD1b9B4271dD1852B413584,INSURER,800,TELEMATICS,3,READ,
w75,2025-12-19T15:11:36.843794Z,327.471,200,True,0x3d4Bd094c1894ed38F3EcF0799bE66f83a4199ca,ADJUSTER,802,TELEMATICS,3,READ,
w76,2025-12-19T15:11:36.843984Z,327.454,200,True,0x68cBdE77b98e3AF3281dBC229ee66540Eac3f007,ADJUSTER,168,VIDEO,2,READ,
w77,2025-12-19T15:11:36.844172Z,327.441,200,True,0x620a52535BA00719f0747D42746525D807319996,ADJUSTER,398,IMAGE,2,READ,
w21,2025-12-19T15:11:36.844369Z,327.387,403,False,0x1F022FfD0700E02E8f01B8f05f539f8C7a0339bb,POLICE,675,FNOL,4,READ,
w78,2025-12-19T15:11:36.844542Z,327.346,403,False,0x5C63EFf960008F7F9783957f07533386097149ce,POLICE,604,FNOL,4,READ,
w22,2025-12-19T15:11:36.844720Z,327.312,403,False,0xA75Af013B9CBdf4322e0c459A2fB8B708fbB8Ddc,POLICE,875,OTHER,1,READ,
w79,2025-12-19T15:11:36.844890Z,327.263,200,True,0xcA28195b12c3c8cB960d8423584ee9a8677BD158,POLICE,107,VIDEO,2,READ,
w23,2025-12-19T15:11:36.845650Z,326.886,200,True,0xC23BB727D3Ae6bD9cd90AC52ee26359F19176de3,INSURER,971,OTHER,1,READ,
w80,2025-12-19T15:11:36.845861Z,326.838,200,True,0x14E81fB79823D062AFEEC4B80e0bCCBE578d057e,REGULATOR,930,OTHER,1,READ,
w24,2025-12-19T15:11:36.846085Z,326.745,200,True,0x28606132Fb05B11eee1fa6ACe3CB39F3EFFFdCCe,ADJUSTER,352,IMAGE,2,READ,
w81,2025-12-19T15:11:36.846303Z,326.641,200,True,0x456F6DbE8aF9e05a1918B64f0Bd0690809b23E6B,INSURER,962,OTHER,1,READ,
w25,2025-12-19T15:11:36.846559Z,326.520,200,True,0xF96D07BDd0404b21a6B987cF6C21b9A5E3045f5F,INSURER,56,VIDEO,2,READ,
w82,2025-12-19T15:11:36.846740Z,326.451,200,True,0x27158a264fdA9698B85485706B47BBC87Fa6Db4b,ADJUSTER,11,VIDEO,2,READ,
w26,2025-12-19T15:11:36.846888Z,326.423,200,True,0x01891323537Ca8c745Cd76182c9eB81519eaC821,GARAGE,265,IMAGE,2,READ,
w83,2025-12-19T15:11:36.847021Z,326.402,200,True,0x42dC03c90d7652B937d26628a86f9317bbf521dc,INSURER,951,OTHER,1,READ,
w27,2025-12-19T15:11:36.847148Z,326.385,200,True,0x5e3B546a11dc657CdFa106cd26E2211ee451c0d7,INSURER,272,IMAGE,2,READ,
w84,2025-12-19T15:11:36.847259Z,326.905,200,True,0xD46492141A5F13412fa59e5F47Ce969c7954E752,INSURER,354,IMAGE,2,READ,
w28,2025-12-19T15:11:36.847367Z,326.983,200,True,0xFf85d9d86E5E1a3792266E2a5BB970C470C1e0c5,COURT,583,MEDICAL_REPORT,5,READ,
w85,2025-12-19T15:11:36.847477Z,327.055,200,True,0x467316319C6B5f391c5a6B3b0190d4209202fC25,ADJUSTER,794,TELEMATICS,3,READ,
w29,2025-12-19T15:11:36.847629Z,327.061,403,False,0xF80B0672A4f16BDe21fA2DF31482dA0fC606A43f,ADJUSTER,599,MEDICAL_REPORT,5,READ,
w86,2025-12-19T15:11:36.847741Z,327.075,403,False,0xDD3EceF8307a47a0307E4f44135C61Dd2C75c6d7,POLICE,874,OTHER,1,READ,
w30,2025-12-19T15:11:36.847846Z,327.140,200,True,0x97910F1306b5414B4C61D9A719B6871f5c77662f,INSURER,201,VIDEO,2,READ,
w87,2025-12-19T15:11:36.847950Z,327.229,200,True,0xCC05C551476CDbEfAd79Ed75427937b892aaFE9C,ADJUSTER,991,OTHER,1,READ,
w31,2025-12-19T15:11:36.849032Z,326.322,403,False,0x84FDd0E1F145C20f9451b1eB751c26e76B3232d4,POLICE,806,TELEMATICS,3,READ,
w88,2025-12-19T15:11:36.849205Z,326.328,200,True,0xBCb233Ef85EC11C88E20Ea53Bb47f454d116FBe3,ADJUSTER,789,TELEMATICS,3,READ,
w32,2025-12-19T15:11:36.849381Z,326.345,200,True,0xC23BB727D3Ae6bD9cd90AC52ee26359F19176de3,INSURER,420,IMAGE,2,READ,
w89,2025-12-19T15:11:36.849570Z,326.342,200,True,0xD756c57480Ea623123AB3a5ad4445875E3309Ac6,INSURER,944,OTHER,1,READ,
w33,2025-12-19T15:11:36.849765Z,326.321,403,False,0x3116De7d4519B71BA014e7EF3e874D3a98B64A91,POLICE,877,OTHER,1,READ,
w90,2025-12-19T15:11:36.849964Z,326.312,200,True,0x33F5a90B9400A21046089Aaf44319BA889B0B9ed,INSURER,880,OTHER,1,READ,
w34,2025-12-19T15:11:36.850151Z,326.308,200,True,0x3418C54B33ca42d0dF096EaD255791c7B2E2f3d9,ADJUSTER,818,TELEMATICS,3,READ,
w91,2025-12-19T15:11:36.850350Z,326.280,200,True,0xF96D07BDd0404b21a6B987cF6C21b9A5E3045f5F,INSURER,971,OTHER,1,READ,
w35,2025-12-19T15:11:36.850539Z,326.271,200,True,0x5e3B546a11dc657CdFa106cd26E2211ee451c0d7,INSURER,306,IMAGE,2,READ,
w92,2025-12-19T15:11:36.850714Z,326.278,200,True,0x4395153bc7Ac8ebD080b3C98FE634fcA40E5609F,COURT,464,IMAGE,2,READ,
w36,2025-12-19T15:11:36.850888Z,326.301,200,True,0x57e02f30Dd15545B3A9eC4841D0D58Ee1D829414,GARAGE,303,IMAGE,2,READ,
w93,2025-12-19T15:11:36.851080Z,326.288,200,True,0xc0F601980c6FD898E06229024740eec17abbF5C2,INSURER,487,IMAGE,2,READ,
w37,2025-12-19T15:11:36.851269Z,326.294,200,True,0x1Ab5D0f68133DA5E100635Bdf5030650cA2bE691,ADJUSTER,913,OTHER,1,READ,
w94,2025-12-19T15:11:36.851451Z,326.301,200,True,0x78273aa663aa16C08590efF5582bb4C9DD30Bb95,INSURER,593,FNOL,4,READ,
w38,2025-12-19T15:11:36.851632Z,326.324,200,True,0x81daFDe6F70ee2Fb93671DC220cC29F8205ACB57,INSURER,234,VIDEO,2,READ,
w95,2025-12-19T15:11:36.851814Z,326.332,200,True,0x5CdF84465a68A1A9CEfe264b98c0701879D78982,INSURER,644,FNOL,4,READ,
w39,2025-12-19T15:11:36.852002Z,326.336,200,True,0x3A995E7B23E0Fe0f9a5537f57AA80BACa529eFC4,INSURER,19,VIDEO,2,READ,
w96,2025-12-19T15:11:36.852191Z,326.324,403,False,0x996644d2075D6c96FEB649879534dFAb933903f6,GARAGE,90,VIDEO,2,READ,
w40,2025-12-19T15:11:36.852398Z,326.263,200,True,0xcCC472e2d0eDA52066a80BCFb4577Dc9Fb7CD453,POLICE,114,VIDEO,2,READ,
w97,2025-12-19T15:11:36.852579Z,326.221,200,True,0xfd4Fc17438169bC1228EB21c2cb9b8DE1E97472a,INSURER,619,FNOL,4,READ,
w41,2025-12-19T15:11:36.852762Z,326.156,403,False,0x415Ba7B0D983442D5407ABEF5Ebd8e9d2bB533B7,POLICE,613,FNOL,4,READ,
w98,2025-12-19T15:11:36.852937Z,326.108,200,True,0x620a52535BA00719f0747D42746525D807319996,ADJUSTER,989,OTHER,1,READ,
w42,2025-12-19T15:11:36.853132Z,326.053,200,True,0xA75Af013B9CBdf4322e0c459A2fB8B708fbB8Ddc,POLICE,139,VIDEO,2,READ,
w99,2025-12-19T15:11:36.853319Z,326.030,200,True,0x1F022FfD0700E02E8f01B8f05f539f8C7a0339bb,POLICE,220,VIDEO,2,READ,
w43,2025-12-19T15:11:36.853500Z,326.406,200,True,0xd86Fa5B280bf58C28aaE39fB535e0e965F0E285B,INSURER,104,VIDEO,2,READ,
w1,2025-12-19T15:11:36.853674Z,326.366,200,True,0xCC05C551476CDbEfAd79Ed75427937b892aaFE9C,ADJUSTER,425,IMAGE,2,READ,
w44,2025-12-19T15:11:36.853852Z,326.299,403,False,0x1F98dd762361D7256a816f8086AE6FfB657fa5bC,POLICE,688,FNOL,4,READ,
w45,2025-12-19T15:11:36.854029Z,326.236,403,False,0x1EBe67547Da63652edcAE7c36347A6d05ef27c1C,POLICE,955,OTHER,1,READ,
w46,2025-12-19T15:11:36.854235Z,326.141,200,True,0xCe3b338346378767324b87Cb888eC3F1d6d34940,POLICE,322,IMAGE,2,READ,
w47,2025-12-19T15:11:36.854446Z,326.035,200,True,0xB8954C40b419Ae7332fF39Ce3d458ba1fed03941,REGULATOR,344,IMAGE,2,READ,
w48,2025-12-19T15:11:36.854654Z,325.930,200,True,0x73c07A746181c5256aC8EB8006fFbCF2239bEcC5,COURT,635,MEDICAL_REPORT,5,READ,
w49,2025-12-19T15:11:36.854844Z,325.840,200,True,0xF88a95Dd8B84AF76941627AA419BEFc507d88125,ADJUSTER,426,IMAGE,2,READ,
w50,2025-12-19T15:11:36.855026Z,325.757,200,True,0x476ad4Ce50BbD6624855e3d1e12E6cC23654359A,INSURER,694,MEDICAL_REPORT,5,READ,
w51,2025-12-19T15:11:36.855201Z,325.685,200,True,0x12DF904699208278b4355b568d47De4F2c9646fe,INSURER,483,IMAGE,2,READ,
w52,2025-12-19T15:11:36.855394Z,325.591,200,True,0x73E42dF14ff21e7994A37802a292F71830CDA5aF,INSURER,213,VIDEO,2,READ,
w53,2025-12-19T15:11:36.855577Z,325.561,403,False,0xE3De53E77787ac96c6f78B3eD0A6Acea23953342,POLICE,943,OTHER,1,READ,
w54,2025-12-19T15:11:36.855761Z,325.496,200,True,0x077f45EB3eB6027C0D05Ab77CAC4D29c46cb3a6E,INSURER,378,IMAGE,2,READ,
w55,2025-12-19T15:11:36.855936Z,325.460,200,True,0xd6f5696C80b8cb2D4AAaFdaf8E7C266cf4af4538,COURT,668,FNOL,4,READ,
w56,2025-12-19T15:11:36.856128Z,325.387,200,True,0xcA28195b12c3c8cB960d8423584ee9a8677BD158,POLICE,14,VIDEO,2,READ,
w2,2025-12-19T15:11:36.856323Z,325.349,200,True,0x68cBdE77b98e3AF3281dBC229ee66540Eac3f007,ADJUSTER,328,IMAGE,2,READ,
w57,2025-12-19T15:11:36.856516Z,325.341,200,True,0x685A29EE8A06E458E58A29d721dFB677cdF8a600,INSURER,811,TELEMATICS,3,READ,
w3,2025-12-19T15:11:36.856699Z,325.363,200,True,0xf5d0314845FCf19022a28FeD6650e58CFc01f243,INSURER,884,OTHER,1,READ,
w58,2025-12-19T15:11:36.856881Z,325.368,200,True,0x28606132Fb05B11eee1fa6ACe3CB39F3EFFFdCCe,ADJUSTER,417,IMAGE,2,READ,
w4,2025-12-19T15:11:36.857067Z,325.361,403,False,0xCe3b338346378767324b87Cb888eC3F1d6d34940,POLICE,920,OTHER,1,READ,
w59,2025-12-19T15:11:36.857239Z,325.374,403,False,0x5173D7F8755FdF3d2f05C01D029A3Dc55EaC0476,POLICE,528,MEDICAL_REPORT,5,READ,
w60,2025-12-19T15:11:36.857408Z,325.712,200,True,0x11652BF4c5D394F3a46E96f2bE659939a0f6a6ed,INSURER,318,IMAGE,2,READ,
w6,2025-12-19T15:11:36.857587Z,325.747,200,True,0xFf85d9d86E5E1a3792266E2a5BB970C470C1e0c5,COURT,857,OTHER,1,READ,
w5,2025-12-19T15:11:36.857760Z,325.757,403,False,0x48f8656e15a2FC22Ccd6cDe7c56db39C1B62E770,POLICE,942,OTHER,1,READ,
w7,2025-12-19T15:11:36.857936Z,325.768,200,True,0x40fca3Fa04d657c9879B638C57A2a70683E3efED,REGULATOR,381,IMAGE,2,READ,
w62,2025-12-19T15:11:36.858107Z,325.775,200,True,0xE385ea618340FfE0d7c7e9EB25048F1c1E437F33,INSURER,239,VIDEO,2,READ,
w61,2025-12-19T15:11:36.858288Z,325.772,200,True,0xcE078954f123a07010672Fff05b36f5E43642106,INSURER,83,VIDEO,2,READ,
w63,2025-12-19T15:11:36.858481Z,325.739,200,True,0x29950abd635aF427d5E2fF0DB9f6920fC915bC55,INSURER,777,TELEMATICS,3,READ,
w9,2025-12-19T15:11:36.838474Z,345.895,200,True,0xeD60C4758Fab078c38685EeEF9692D8Fa4F3dDB9,INSURER,590,FNOL,4,READ,
w8,2025-12-19T15:11:36.858674Z,325.834,403,False,0x4BA98aed0F31F1E56A9bc733FD86aB30e5b88D0E,GARAGE,175,VIDEO,2,READ,
w0,2025-12-19T15:11:36.858867Z,325.772,200,True,0x077f45EB3eB6027C0D05Ab77CAC4D29c46cb3a6E,INSURER,700,MEDICAL_REPORT,5,READ,
w10,2025-12-19T15:11:37.167826Z,295.101,200,True,0x3A995E7B23E0Fe0f9a5537f57AA80BACa529eFC4,INSURER,826,TELEMATICS,3,READ,
w65,2025-12-19T15:11:37.168164Z,295.242,403,False,0x955f7F1386d8d5FB12bc50876B418e4D206D9530,GARAGE,942,OTHER,1,READ,
w11,2025-12-19T15:11:37.168334Z,295.501,403,False,0xE1c2102345d7379f4bb3F114e908e9cC9154A335,POLICE,637,FNOL,4,READ,
w66,2025-12-19T15:11:37.168468Z,295.601,200,True,0xB81c8729A121819695CEEDA9b389f559D6398B3C,REGULATOR,70,VIDEO,2,READ,
w12,2025-12-19T15:11:37.168606Z,295.682,200,True,0xEcbE69567Cf42475FbE6Ea4523541e58C4d22957,GARAGE,327,IMAGE,2,READ,
w67,2025-12-19T15:11:37.168746Z,295.776,200,True,0x51A2465dc26f17e37524f93494A8409715ACc9c2,INSURER,887,OTHER,1,READ,
w13,2025-12-19T15:11:37.168874Z,295.858,200,True,0x1cf47318cada656180563507BDd94262cAA29a4a,INSURER,433,IMAGE,2,READ,
w68,2025-12-19T15:11:37.169024Z,296.136,200,True,0x7B46635cB6cA958f34ae933b93884a5f19b258D7,INSURER,67,VIDEO,2,READ,
w14,2025-12-19T15:11:37.169351Z,296.042,200,True,0x199baf9971453910adbCD45ae05Dc8f9B68fcB1f,INSURER,390,IMAGE,2,READ,
w69,2025-12-19T15:11:37.169486Z,296.118,200,True,0xCC05C551476CDbEfAd79Ed75427937b892aaFE9C,ADJUSTER,962,OTHER,1,READ,
w15,2025-12-19T15:11:37.169617Z,296.189,403,False,0x0479AcE8E12E22b9751dF7542dd8f225c221EC34,ADJUSTER,679,MEDICAL_REPORT,5,READ,
w70,2025-12-19T15:11:37.169727Z,296.279,403,False,0x6c2d9F1aEdB2C485CABAF82412f88d5303Fd7B73,GARAGE,772,TELEMATICS,3,READ,
w16,2025-12-19T15:11:37.170121Z,296.538,200,True,0x955f7F1386d8d5FB12bc50876B418e4D206D9530,GARAGE,276,IMAGE,2,READ,
w71,2025-12-19T15:11:37.170269Z,296.618,200,True,0xe9b50040eeAA45F16fd24222f4a97482737f6C8A,ADJUSTER,964,OTHER,1,READ,
w17,2025-12-19T15:11:37.170394Z,296.732,200,True,0xd963E5e27CB9872abc2Fbed9107c373Aa59583a4,INSURER,183,VIDEO,2,READ,
w72,2025-12-19T15:11:37.170516Z,296.812,200,True,0x2ee7F051BB940423f554ea44742f7c4c8C20Ea59,INSURER,201,VIDEO,2,READ,
w18,2025-12-19T15:11:37.170636Z,296.888,200,True,0x02BD9B3b464b98EB353C8f83Eb3b4cB0627A52Ed,COURT,98,VIDEO,2,READ,
w73,2025-12-19T15:11:37.170757Z,296.958,200,True,0x68cBdE77b98e3AF3281dBC229ee66540Eac3f007,ADJUSTER,107,VIDEO,2,READ,
w19,2025-12-19T15:11:37.170869Z,297.048,200,True,0xBeBf134906e0FCcd85b0D99a4626a7B8584e742c,ADJUSTER,421,IMAGE,2,READ,
w74,2025-12-19T15:11:37.170972Z,297.173,200,True,0x02BD9B3b464b98EB353C8f83Eb3b4cB0627A52Ed,COURT,856,OTHER,1,READ,
w20,2025-12-19T15:11:37.171113Z,297.246,403,False,0x520F6Be8B20312c8CA4bB2773000A94923A4FaE5,POLICE,973,OTHER,1,READ,
w75,2025-12-19T15:11:37.171271Z,297.295,200,True,0xE4A8571e1F142Bd99866AA9464c49517B2ac0E01,ADJUSTER,83,VIDEO,2,READ,
w76,2025-12-19T15:11:37.171445Z,297.331,200,True,0x090F26617cAab81C15934159343Ff688fAf23820,POLICE,467,IMAGE,2,READ,
w77,2025-12-19T15:11:37.171619Z,297.351,200,True,0x12DF904699208278b4355b568d47De4F2c9646fe,INSURER,356,IMAGE,2,READ,
w21,2025-12-19T15:11:37.171762Z,297.398,200,True,0x9F6d6682cb1957F9585F9b8AC3469E4D767600D6,INSURER,38,VIDEO,2,READ,
w78,2025-12-19T15:11:37.171893Z,297.459,200,True,0x3418C54B33ca42d0dF096EaD255791c7B2E2f3d9,ADJUSTER,660,FNOL,4,READ,
w22,2025-12-19T15:11:37.172038Z,297.517,200,True,0x78b99D5D04232b9650d619DBa5F5600a9242A472,INSURER,887,OTHER,1,READ,
w79,2025-12-19T15:11:37.172158Z,298.258,200,True,0x7B46635cB6cA958f34ae933b93884a5f19b258D7,INSURER,1000,OTHER,1,READ,
w23,2025-12-19T15:11:37.172543Z,298.110,403,False,0x01891323537Ca8c745Cd76182c9eB81519eaC821,GARAGE,573,MEDICAL_REPORT,5,READ,
w80,2025-12-19T15:11:37.172705Z,298.163,200,True,0xB2241965995ed972D442D6A9461eF3583ecA95B6,INSURER,144,VIDEO,2,READ,
w24,2025-12-19T15:11:37.172835Z,298.237,200,True,0xBC78986794f1658340222E011F7e1Cf375177F95,ADJUSTER,282,IMAGE,2,READ,
w81,2025-12-19T15:11:37.172948Z,298.306,403,False,0x0AbFb230511189A840157bF7FcA43b1b69338dC6,POLICE,632,MEDICAL_REPORT,5,READ,
w25,2025-12-19T15:11:37.173085Z,298.408,200,True,0x1cf47318cada656180563507BDd94262cAA29a4a,INSURER,618,MEDICAL_REPORT,5,READ,
w82,2025-12-19T15:11:37.173195Z,298.467,200,True,0x40fca3Fa04d657c9879B638C57A2a70683E3efED,REGULATOR,845,TELEMATICS,3,READ,
w26,2025-12-19T15:11:37.173315Z,298.483,200,True,0xcA28195b12c3c8cB960d8423584ee9a8677BD158,POLICE,350,IMAGE,2,READ,
w83,2025-12-19T15:11:37.173428Z,298.522,200,True,0xF09aBd729B48E734Ad684B93585E8D043D55c967,INSURER,16,VIDEO,2,READ,
w27,2025-12-19T15:11:37.173538Z,298.528,200,True,0x520F6Be8B20312c8CA4bB2773000A94923A4FaE5,POLICE,297,IMAGE,2,READ,
w84,2025-12-19T15:11:37.174170Z,298.008,200,True,0x2875Aa8C20c095495Ab5d6A1aBE2E2b07077dF55,INSURER,750,TELEMATICS,3,READ,
w28,2025-12-19T15:11:37.174357Z,297.943,403,False,0x5173D7F8755FdF3d2f05C01D029A3Dc55EaC0476,POLICE,504,MEDICAL_REPORT,5,READ,
w85,2025-12-19T15:11:37.174539Z,297.894,200,True,0xE056D0a60EfEE3e1642D5B2129E2bbBdAf22444c,INSURER,444,IMAGE,2,READ,
w29,2025-12-19T15:11:37.174695Z,297.854,200,True,0x476ad4Ce50BbD6624855e3d1e12E6cC23654359A,INSURER,427,IMAGE,2,READ,
w86,2025-12-19T15:11:37.174822Z,297.836,200,True,0x630ba53C12B20a6EBd04Eb0819a24b1f8C554A01,INSURER,526,MEDICAL_REPORT,5,READ,
w30,2025-12-19T15:11:37.175003Z,297.760,200,True,0x892Bc4E7F6D9a6aD507664d8A8EEB33b2544f3Ea,COURT,754,TELEMATICS,3,READ,
w87,2025-12-19T15:11:37.175185Z,297.680,200,True,0xcA28195b12c3c8cB960d8423584ee9a8677BD158,POLICE,177,VIDEO,2,READ,
w31,2025-12-19T15:11:37.175361Z,297.628,200,True,0x8FA3c986B63dEd44ce62D4aC5b3b0F49FF447700,COURT,687,FNOL,4,READ,
w88,2025-12-19T15:11:37.175540Z,298.224,200,True,0xc0F601980c6FD898E06229024740eec17abbF5C2,INSURER,36,VIDEO,2,READ,
w32,2025-12-19T15:11:37.175734Z,298.188,200,True,0xBeBf134906e0FCcd85b0D99a4626a7B8584e742c,ADJUSTER,238,VIDEO,2,READ,
w89,2025-12-19T15:11:37.175919Z,298.132,200,True,0x07DA3024980d3B92Bcf6B8850A7C08F758B5F781,INSURER,956,OTHER,1,READ,
w33,2025-12-19T15:11:37.176093Z,298.075,200,True,0x02BD9B3b464b98EB353C8f83Eb3b4cB0627A52Ed,COURT,507,FNOL,4,READ,
w90,2025-12-19T15:11:37.176283Z,297.996,200,True,0x9F6d6682cb1957F9585F9b8AC3469E4D767600D6,INSURER,278,IMAGE,2,READ,
w34,2025-12-19T15:11:37.176465Z,297.936,403,False,0xcCC472e2d0eDA52066a80BCFb4577Dc9Fb7CD453,POLICE,766,TELEMATICS,3,READ,
w91,2025-12-19T15:11:37.176637Z,297.874,200,True,0xBeBf134906e0FCcd85b0D99a4626a7B8584e742c,ADJUSTER,867,OTHER,1,READ,
w35,2025-12-19T15:11:37.176818Z,297.808,200,True,0x46Adf75988C45FBD67a07651b6f684943428c17C,INSURER,70,VIDEO,2,READ,
w92,2025-12-19T15:11:37.177009Z,297.724,200,True,0x46Adf75988C45FBD67a07651b6f684943428c17C,INSURER,893,OTHER,1,READ,
w36,2025-12-19T15:11:37.177196Z,297.638,403,False,0xDD3EceF8307a47a0307E4f44135C61Dd2C75c6d7,POLICE,946,OTHER,1,READ,
w93,2025-12-19T15:11:37.177374Z,297.562,200,True,0x811FdDFb3340F34AB2b91C97AcB5FAeB6405847E,REGULATOR,611,FNOL,4,READ,
w37,2025-12-19T15:11:37.177570Z,297.468,200,True,0x11F50254a88A6e26E6Bb5aAE8d74E52372B4270E,COURT,137,VIDEO,2,READ,
w94,2025-12-19T15:11:37.177758Z,297.383,403,False,0xCF5E79F0E2BFC3eb5fe4aB0975E9F0eEc50b54E3,GARAGE,202,VIDEO,2,READ,
w38,2025-12-19T15:11:37.177963Z,297.303,200,True,0x48c487f18ce4aAFcf592B2eC3611eAa7B1C85918,ADJUSTER,126,VIDEO,2,READ,
w95,2025-12-19T15:11:37.178154Z,297.218,200,True,0x3d68C58ebB81123d1Ac10655857193A1cDee90CE,INSURER,663,MEDICAL_REPORT,5,READ,
w39,2025-12-19T15:11:37.178345Z,297.129,200,True,0xB8954C40b419Ae7332fF39Ce3d458ba1fed03941,REGULATOR,536,FNOL,4,READ,
w96,2025-12-19T15:11:37.178522Z,297.062,403,False,0xDD3EceF8307a47a0307E4f44135C61Dd2C75c6d7,POLICE,681,MEDICAL_REPORT,5,READ,
w40,2025-12-19T15:11:37.178668Z,297.021,200,True,0x18BFB9A0Bf9293D0D3bf9F42bD6e7e7b300Dc391,COURT,67,VIDEO,2,READ,
w97,2025-12-19T15:11:37.178805Z,296.985,200,True,0x685A29EE8A06E458E58A29d721dFB677cdF8a600,INSURER,369,IMAGE,2,READ,
w41,2025-12-19T15:11:37.178922Z,296.978,200,True,0x33F5a90B9400A21046089Aaf44319BA889B0B9ed,INSURER,980,OTHER,1,READ,
w98,2025-12-19T15:11:37.179050Z,296.955,403,False,0xDd45386232533D2C209976e678A91A2263676ECB,GARAGE,723,TELEMATICS,3,READ,
w42,2025-12-19T15:11:37.179191Z,296.919,200,True,0x8FA3c986B63dEd44ce62D4aC5b3b0F49FF447700,COURT,123,VIDEO,2,READ,
w99,2025-12-19T15:11:37.179354Z,296.858,200,True,0x8Dd96368f7a8216813107Fe89688AcaafE8Cb76D,INSURER,285,IMAGE,2,READ,
w43,2025-12-19T15:11:37.179912Z,296.402,200,True,0xE1c2102345d7379f4bb3F114e908e9cC9154A335,POLICE,4,VIDEO,2,READ,
w1,2025-12-19T15:11:37.180045Z,296.402,200,True,0x933be1Be0aF68b62934fE96ADB1AB2Ee1C47B4F0,INSURER,442,IMAGE,2,READ,
w44,2025-12-19T15:11:37.180156Z,296.409,200,True,0xcE078954f123a07010672Fff05b36f5E43642106,INSURER,844,TELEMATICS,3,READ,
w45,2025-12-19T15:11:37.180269Z,296.405,200,True,0x09596bf36cE63dABDeB58d68a52792B7BA13ba84,ADJUSTER,836,TELEMATICS,3,READ,
w46,2025-12-19T15:11:37.180380Z,296.396,200,True,0x3d68C58ebB81123d1Ac10655857193A1cDee90CE,INSURER,485,IMAGE,2,READ,
w47,2025-12-19T15:11:37.180486Z,296.396,200,True,0x1cf47318cada656180563507BDd94262cAA29a4a,INSURER,40,VIDEO,2,READ,
w48,2025-12-19T15:11:37.180588Z,296.396,200,True,0x46Adf75988C45FBD67a07651b6f684943428c17C,INSURER,203,VIDEO,2,READ,
w49,2025-12-19T15:11:37.180687Z,296.397,403,False,0xBC78986794f1658340222E011F7e1Cf375177F95,ADJUSTER,601,MEDICAL_REPORT,5,READ,
w50,2025-12-19T15:11:37.180787Z,296.400,200,True,0xEcbE69567Cf42475FbE6Ea4523541e58C4d22957,GARAGE,454,IMAGE,2,READ,
w51,2025-12-19T15:11:37.180889Z,296.398,200,True,0x1cf47318cada656180563507BDd94262cAA29a4a,INSURER,319,IMAGE,2,READ,
w52,2025-12-19T15:11:37.180989Z,296.402,403,False,0x0Bc81E8481993A5F61D3011a142E1510de00ECae,GARAGE,637,FNOL,4,READ,
w53,2025-12-19T15:11:37.181143Z,296.355,200,True,0x98eAB44F56Ae1f00C301517F1B6fCDb7a452D64b,ADJUSTER,826,TELEMATICS,3,READ,
w54,2025-12-19T15:11:37.181262Z,296.341,200,True,0x51A2465dc26f17e37524f93494A8409715ACc9c2,INSURER,200,VIDEO,2,READ,
w55,2025-12-19T15:11:37.181400Z,296.306,403,False,0x59760590b1fCF3C846635ae6432DE56ef26298B8,GARAGE,162,VIDEO,2,READ,
w56,2025-12-19T15:11:37.181520Z,296.308,200,True,0xd963E5e27CB9872abc2Fbed9107c373Aa59583a4,INSURER,729,TELEMATICS,3,READ,
w2,2025-12-19T15:11:37.181678Z,296.258,200,True,0x14d0cb07D407E25F725b7f9854B98fEEEBb4942F,INSURER,124,VIDEO,2,READ,
w57,2025-12-19T15:11:37.181863Z,296.176,200,True,0xEcbE69567Cf42475FbE6Ea4523541e58C4d22957,GARAGE,279,IMAGE,2,READ,
w3,2025-12-19T15:11:37.182069Z,296.073,200,True,0xD06Cc40e4D98aDc886d652F4253985B5c04282b9,REGULATOR,873,OTHER,1,READ,
w58,2025-12-19T15:11:37.182255Z,295.987,200,True,0x40fca3Fa04d657c9879B638C57A2a70683E3efED,REGULATOR,81,VIDEO,2,READ,
w4,2025-12-19T15:11:37.182434Z,295.927,200,True,0x520F6Be8B20312c8CA4bB2773000A94923A4FaE5,POLICE,213,VIDEO,2,READ,
w59,2025-12-19T15:11:37.182619Z,295.858,200,True,0xFeC4882fEAf263ac0fD1b9B4271dD1852B413584,INSURER,392,IMAGE,2,READ,
w60,2025-12-19T15:11:37.183128Z,295.732,403,False,0x26b179d013C696c433c0f316E594f7a7AcE77C79,GARAGE,10,VIDEO,2,READ,
w6,2025-12-19T15:11:37.183341Z,295.666,200,True,0x3d4Bd094c1894ed38F3EcF0799bE66f83a4199ca,ADJUSTER,118,VIDEO,2,READ,
w5,2025-12-19T15:11:37.183524Z,295.611,200,True,0x4828419eA02B1D4399E039f8E5F346f37f19fA13,INSURER,602,MEDICAL_REPORT,5,READ,
w7,2025-12-19T15:11:37.183711Z,295.612,403,False,0xD0Ce1d9D5A9c7E4F03d499A265d3014Ae5da7644,ADJUSTER,547,MEDICAL_REPORT,5,READ,
w62,2025-12-19T15:11:37.183890Z,295.692,403,False,0xDd45386232533D2C209976e678A91A2263676ECB,GARAGE,217,VIDEO,2,READ,
w61,2025-12-19T15:11:37.184068Z,295.753,200,True,0xE4A8571e1F142Bd99866AA9464c49517B2ac0E01,ADJUSTER,342,IMAGE,2,READ,
w63,2025-12-19T15:11:37.184226Z,295.821,403,False,0xB3e698A67fD5AEeB61b8bE389e7E917Bc2Ea032a,POLICE,657,MEDICAL_REPORT,5,READ,
w9,2025-12-19T15:11:37.184375Z,295.880,200,True,0x7fBAcb835330c3A23597A355A26Cf6E0ee69A0B5,COURT,992,OTHER,1,READ,
w64,2025-12-19T15:11:37.167485Z,312.938,200,True,0x14E81fB79823D062AFEEC4B80e0bCCBE578d057e,REGULATOR,507,FNOL,4,READ,
w8,2025-12-19T15:11:37.184513Z,296.061,403,False,0xD261b62ccB398d8100234C5fD641c6D67B10C62B,GARAGE,602,MEDICAL_REPORT,5,READ,
w0,2025-12-19T15:11:37.184645Z,296.087,403,False,0x57e02f30Dd15545B3A9eC4841D0D58Ee1D829414,GARAGE,515,MEDICAL_REPORT,5,READ,
w65,2025-12-19T15:11:37.463417Z,297.179,200,True,0x81daFDe6F70ee2Fb93671DC220cC29F8205ACB57,INSURER,304,IMAGE,2,READ,
w11,2025-12-19T15:11:37.463844Z,296.860,403,False,0x996644d2075D6c96FEB649879534dFAb933903f6,GARAGE,977,OTHER,1,READ,
w66,2025-12-19T15:11:37.464078Z,296.706,200,True,0xE385ea618340FfE0d7c7e9EB25048F1c1E437F33,INSURER,591,FNOL,4,READ,
w12,2025-12-19T15:11:37.464309Z,296.569,200,True,0xB8954C40b419Ae7332fF39Ce3d458ba1fed03941,REGULATOR,770,TELEMATICS,3,READ,
w67,2025-12-19T15:11:37.464530Z,296.382,200,True,0x73E42dF14ff21e7994A37802a292F71830CDA5aF,INSURER,509,MEDICAL_REPORT,5,READ,
w13,2025-12-19T15:11:37.464739Z,296.256,200,True,0x014E540c98B93f6ce2a6F2D7FE66BeD9a19f7bEC,ADJUSTER,367,IMAGE,2,READ,
w68,2025-12-19T15:11:37.465170Z,295.902,200,True,0x330f902fF463e2B611211Ccb44EF749E558Ba02a,INSURER,259,IMAGE,2,READ,
w14,2025-12-19T15:11:37.465402Z,295.734,200,True,0x42dC03c90d7652B937d26628a86f9317bbf521dc,INSURER,672,FNOL,4,READ,
w69,2025-12-19T15:11:37.465612Z,295.580,200,True,0x11652BF4c5D394F3a46E96f2bE659939a0f6a6ed,INSURER,365,IMAGE,2,READ,
w15,2025-12-19T15:11:37.465814Z,295.471,200,True,0x14E81fB79823D062AFEEC4B80e0bCCBE578d057e,REGULATOR,669,FNOL,4,READ,
w70,2025-12-19T15:11:37.466014Z,295.333,200,True,0xa814b4D02E07Daa3235ffc1E4752eCF8f6C2D8d8,ADJUSTER,462,IMAGE,2,READ,
w16,2025-12-19T15:11:37.466667Z,294.785,200,True,0xD06Cc40e4D98aDc886d652F4253985B5c04282b9,REGULATOR,613,FNOL,4,READ,
w71,2025-12-19T15:11:37.466897Z,294.626,200,True,0x1cf47318cada656180563507BDd94262cAA29a4a,INSURER,578,FNOL,4,READ,
w17,2025-12-19T15:11:37.467134Z,294.637,403,False,0x5173D7F8755FdF3d2f05C01D029A3Dc55EaC0476,POLICE,902,OTHER,1,READ,
w72,2025-12-19T15:11:37.467336Z,294.576,200,True,0x955f7F1386d8d5FB12bc50876B418e4D206D9530,GARAGE,392,IMAGE,2,READ,
w18,2025-12-19T15:11:37.467532Z,294.511,200,True,0x29Da547ffD477d0d4628d547368EcFDF73054469,ADJUSTER,775,TELEMATICS,3,READ,
w73,2025-12-19T15:11:37.467723Z,294.472,200,True,0x808936f08CCC0a9C3953Cd3716006fB99825CBa4,COURT,828,TELEMATICS,3,READ,
w19,2025-12-19T15:11:37.467924Z,294.327,403,False,0xF80B0672A4f16BDe21fA2DF31482dA0fC606A43f,ADJUSTER,565,MEDICAL_REPORT,5,READ,
w74,2025-12-19T15:11:37.468153Z,294.210,200,True,0xCaa6A1a26D28f97DEDD4f555dEd43bC607f78384,INSURER,46,VIDEO,2,READ,
w20,2025-12-19T15:11:37.468367Z,294.129,403,False,0xDd45386232533D2C209976e678A91A2263676ECB,GARAGE,211,VIDEO,2,READ,
w75,2025-12-19T15:11:37.468575Z,293.974,200,True,0xF09aBd729B48E734Ad684B93585E8D043D55c967,INSURER,973,OTHER,1,READ,
w76,2025-12-19T15:11:37.468783Z,293.910,200,True,0xc0F601980c6FD898E06229024740eec17abbF5C2,INSURER,585,MEDICAL_REPORT,5,READ,
w77,2025-12-19T15:11:37.468977Z,293.769,200,True,0xeD60C4758Fab078c38685EeEF9692D8Fa4F3dDB9,INSURER,242,VIDEO,2,READ,
w21,2025-12-19T15:11:37.469167Z,293.730,200,True,0x3B4ab93e0901742BFfc8A18D301F36f820AD3bB9,ADJUSTER,215,VIDEO,2,READ,
w78,2025-12-19T15:11:37.469360Z,293.593,200,True,0x67A9BC3Fb3B4a392C223A8C644B48346b9Ca5128,COURT,655,FNOL,4,READ,
w22,2025-12-19T15:11:37.469563Z,293.547,200,True,0x98eAB44F56Ae1f00C301517F1B6fCDb7a452D64b,ADJUSTER,32,VIDEO,2,READ,
w79,2025-12-19T15:11:37.470425Z,292.738,403,False,0x786da68d54Be22366903D370c34910372Db174c9,POLICE,785,TELEMATICS,3,READ,
w23,2025-12-19T15:11:37.470661Z,292.646,200,True,0xd6f5696C80b8cb2D4AAaFdaf8E7C266cf4af4538,COURT,818,TELEMATICS,3,READ,
w80,2025-12-19T15:11:37.470876Z,292.500,200,True,0xAB814b041AB343702D64556Fdb3a3C104daa0445,ADJUSTER,751,TELEMATICS,3,READ,
w24,2025-12-19T15:11:37.471081Z,292.453,200,True,0x8Dd96368f7a8216813107Fe89688AcaafE8Cb76D,INSURER,340,IMAGE,2,READ,
w81,2025-12-19T15:11:37.471260Z,292.324,200,True,0x11652BF4c5D394F3a46E96f2bE659939a0f6a6ed,INSURER,492,IMAGE,2,READ,
w25,2025-12-19T15:11:37.471501Z,292.219,200,True,0x9F6d6682cb1957F9585F9b8AC3469E4D767600D6,INSURER,511,MEDICAL_REPORT,5,READ,
w82,2025-12-19T15:11:37.471669Z,292.101,200,True,0xACaaedBfb07404f2aAf0ccd6503B1529C1A48764,ADJUSTER,9,VIDEO,2,READ,
w26,2025-12-19T15:11:37.471803Z,292.101,200,True,0x3495fF4A33D3b8aCCB512226B501122064b1e8fe,INSURER,437,IMAGE,2,READ,
w83,2025-12-19T15:11:37.471954Z,291.996,200,True,0xD0Ce1d9D5A9c7E4F03d499A265d3014Ae5da7644,ADJUSTER,815,TELEMATICS,3,READ,
w27,2025-12-19T15:11:37.472071Z,292.008,200,True,0xE056D0a60EfEE3e1642D5B2129E2bbBdAf22444c,INSURER,863,OTHER,1,READ,
w84,2025-12-19T15:11:37.472183Z,291.944,200,True,0x0520cA4f9c2359a2d1cc1B072e4dA8A3587C2088,INSURER,477,IMAGE,2,READ,
w28,2025-12-19T15:11:37.472305Z,291.961,200,True,0x5CdF84465a68A1A9CEfe264b98c0701879D78982,INSURER,270,IMAGE,2,READ,
w85,2025-12-19T15:11:37.472438Z,291.883,200,True,0xeD60C4758Fab078c38685EeEF9692D8Fa4F3dDB9,INSURER,1000,OTHER,1,READ,
w29,2025-12-19T15:11:37.472554Z,291.906,200,True,0xC29Fbef10EC6e6A787036cEA0C9024ce9F435d97,INSURER,1,VIDEO,2,READ,
w86,2025-12-19T15:11:37.472662Z,291.845,200,True,0x4BA98aed0F31F1E56A9bc733FD86aB30e5b88D0E,GARAGE,493,IMAGE,2,READ,
w30,2025-12-19T15:11:37.472768Z,291.868,200,True,0x40fca3Fa04d657c9879B638C57A2a70683E3efED,REGULATOR,348,IMAGE,2,READ,
w87,2025-12-19T15:11:37.472869Z,291.814,200,True,0xE385ea618340FfE0d7c7e9EB25048F1c1E437F33,INSURER,365,IMAGE,2,READ,
w31,2025-12-19T15:11:37.472993Z,291.819,200,True,0x89cb551204456FFCd8e595feE394120dD047b57A,INSURER,328,IMAGE,2,READ,
w88,2025-12-19T15:11:37.473771Z,291.088,200,True,0xD21eB53384cE472F3DE7527DC9A5820dA80bBB01,INSURER,776,TELEMATICS,3,READ,
w32,2025-12-19T15:11:37.473928Z,291.065,200,True,0xD32B24Ff4D28e42239EcCd5cbdb456a1565DC083,ADJUSTER,259,IMAGE,2,READ,
w89,2025-12-19T15:11:37.474056Z,290.987,200,True,0x1F98dd762361D7256a816f8086AE6FfB657fa5bC,POLICE,220,VIDEO,2,READ,
w33,2025-12-19T15:11:37.474173Z,290.997,200,True,0x59A67A1183C69AAf8Fe3D746D569392b7d4A5035,ADJUSTER,276,IMAGE,2,READ,
w90,2025-12-19T15:11:37.474284Z,290.934,200,True,0x28365792Da71bc8AcAD11a4393049d006EF2E972,GARAGE,377,IMAGE,2,READ,
w34,2025-12-19T15:11:37.474406Z,290.964,200,True,0x73E42dF14ff21e7994A37802a292F71830CDA5aF,INSURER,616,MEDICAL_REPORT,5,READ,
w91,2025-12-19T15:11:37.474516Z,290.909,200,True,0xF88a95Dd8B84AF76941627AA419BEFc507d88125,ADJUSTER,42,VIDEO,2,READ,
w35,2025-12-19T15:11:37.474631Z,290.974,200,True,0x50Ed54bf40D96Fda59d7F83abE5551535d7938ac,COURT,629,MEDICAL_REPORT,5,READ,
w92,2025-12-19T15:11:37.474737Z,290.922,200,True,0xB3e698A67fD5AEeB61b8bE389e7E917Bc2Ea032a,POLICE,418,IMAGE,2,READ,
w36,2025-12-19T15:11:37.474838Z,290.994,200,True,0x630ba53C12B20a6EBd04Eb0819a24b1f8C554A01,INSURER,578,FNOL,4,READ,
w93,2025-12-19T15:11:37.474940Z,290.942,200,True,0xD21eB53384cE472F3DE7527DC9A5820dA80bBB01,INSURER,31,VIDEO,2,READ,
w37,2025-12-19T15:11:37.475043Z,290.884,200,True,0x3495fF4A33D3b8aCCB512226B501122064b1e8fe,INSURER,792,TELEMATICS,3,READ,
w94,2025-12-19T15:11:37.475146Z,290.910,200,True,0x567dccd668D18B4ACd8A2795151edB162Bc34767,ADJUSTER,424,IMAGE,2,READ,
w38,2025-12-19T15:11:37.475271Z,290.832,200,True,0xE385ea618340FfE0d7c7e9EB25048F1c1E437F33,INSURER,300,IMAGE,2,READ,
w95,2025-12-19T15:11:37.475377Z,290.853,403,False,0x955f7F1386d8d5FB12bc50876B418e4D206D9530,GARAGE,145,VIDEO,2,READ,
w39,2025-12-19T15:11:37.475480Z,290.803,200,True,0x090F26617cAab81C15934159343Ff688fAf23820,POLICE,79,VIDEO,2,READ,
w96,2025-12-19T15:11:37.475588Z,290.817,200,True,0x42dC03c90d7652B937d26628a86f9317bbf521dc,INSURER,27,VIDEO,2,READ,
w40,2025-12-19T15:11:37.475694Z,290.756,200,True,0x2875Aa8C20c095495Ab5d6A1aBE2E2b07077dF55,INSURER,177,VIDEO,2,READ,
w97,2025-12-19T15:11:37.475794Z,290.782,200,True,0x73E42dF14ff21e7994A37802a292F71830CDA5aF,INSURER,368,IMAGE,2,READ,
w41,2025-12-19T15:11:37.475904Z,290.721,200,True,0x73E42dF14ff21e7994A37802a292F71830CDA5aF,INSURER,856,OTHER,1,READ,
w98,2025-12-19T15:11:37.476009Z,290.753,200,True,0xBCb233Ef85EC11C88E20Ea53Bb47f454d116FBe3,ADJUSTER,366,IMAGE,2,READ,
w42,2025-12-19T15:11:37.476115Z,290.696,200,True,0x3D8B37E283940B186f3d817371AE9834E2836f7f,GARAGE,482,IMAGE,2,READ,
w99,2025-12-19T15:11:37.476215Z,290.745,200,True,0x3495fF4A33D3b8aCCB512226B501122064b1e8fe,INSURER,624,MEDICAL_REPORT,5,READ,
w43,2025-12-19T15:11:37.476317Z,290.691,403,False,0x59760590b1fCF3C846635ae6432DE56ef26298B8,GARAGE,684,FNOL,4,READ,
w1,2025-12-19T15:11:37.476453Z,290.681,403,False,0x1F022FfD0700E02E8f01B8f05f539f8C7a0339bb,POLICE,850,TELEMATICS,3,READ,
w44,2025-12-19T15:11:37.476570Z,290.610,403,False,0x1Ab5D0f68133DA5E100635Bdf5030650cA2bE691,ADJUSTER,630,MEDICAL_REPORT,5,READ,
w45,2025-12-19T15:11:37.476678Z,290.641,200,True,0x466ec685AE894BAc153c11350FC488cAAa2C062E,INSURER,961,OTHER,1,READ,
w46,2025-12-19T15:11:37.476782Z,290.601,200,True,0x5CdF84465a68A1A9CEfe264b98c0701879D78982,INSURER,877,OTHER,1,READ,
w47,2025-12-19T15:11:37.476886Z,290.637,200,True,0xD06Cc40e4D98aDc886d652F4253985B5c04282b9,REGULATOR,334,IMAGE,2,READ,
w48,2025-12-19T15:11:37.476987Z,290.588,200,True,0x5CdF84465a68A1A9CEfe264b98c0701879D78982,INSURER,394,IMAGE,2,READ,
w49,2025-12-19T15:11:37.477089Z,290.614,200,True,0x3A995E7B23E0Fe0f9a5537f57AA80BACa529eFC4,INSURER,44,VIDEO,2,READ,
w50,2025-12-19T15:11:37.477192Z,290.558,200,True,0x5cA86E3342DEA0C1a26C49f1a4fA40DeEeAFf8a8,INSURER,546,FNOL,4,READ,
w51,2025-12-19T15:11:37.477292Z,290.624,200,True,0x29950abd635aF427d5E2fF0DB9f6920fC915bC55,INSURER,156,VIDEO,2,READ,
w52,2025-12-19T15:11:37.477395Z,290.576,403,False,0x1EBe67547Da63652edcAE7c36347A6d05ef27c1C,POLICE,675,FNOL,4,READ,
w53,2025-12-19T15:11:37.477502Z,290.518,200,True,0x330f902fF463e2B611211Ccb44EF749E558Ba02a,INSURER,921,OTHER,1,READ,
w54,2025-12-19T15:11:37.477608Z,290.547,200,True,0x811FdDFb3340F34AB2b91C97AcB5FAeB6405847E,REGULATOR,679,MEDICAL_REPORT,5,READ,
w55,2025-12-19T15:11:37.477710Z,290.493,200,True,0x14E81fB79823D062AFEEC4B80e0bCCBE578d057e,REGULATOR,63,VIDEO,2,READ,
w56,2025-12-19T15:11:37.477833Z,290.503,200,True,0x28365792Da71bc8AcAD11a4393049d006EF2E972,GARAGE,466,IMAGE,2,READ,
w2,2025-12-19T15:11:37.477940Z,290.442,200,True,0xE385ea618340FfE0d7c7e9EB25048F1c1E437F33,INSURER,758,TELEMATICS,3,READ,
w57,2025-12-19T15:11:37.478044Z,290.476,200,True,0x4f464925226709cf94C01633A1f468E106AD6413,INSURER,501,FNOL,4,READ,
w3,2025-12-19T15:11:37.478146Z,290.420,200,True,0xc0F601980c6FD898E06229024740eec17abbF5C2,INSURER,481,IMAGE,2,READ,
w58,2025-12-19T15:11:37.478246Z,290.451,403,False,0x996644d2075D6c96FEB649879534dFAb933903f6,GARAGE,227,VIDEO,2,READ,
w4,2025-12-19T15:11:37.478366Z,290.379,200,True,0x3E93709810FB754ab4D6A2487344dF504087996D,INSURER,39,VIDEO,2,READ,
w59,2025-12-19T15:11:37.478482Z,290.375,200,True,0x2ee7F051BB940423f554ea44742f7c4c8C20Ea59,INSURER,645,MEDICAL_REPORT,5,READ,
w60,2025-12-19T15:11:37.478866Z,290.025,200,True,0xf5d0314845FCf19022a28FeD6650e58CFc01f243,INSURER,40,VIDEO,2,READ,
w6,2025-12-19T15:11:37.479013Z,289.954,403,False,0x48f8656e15a2FC22Ccd6cDe7c56db39C1B62E770,POLICE,654,FNOL,4,READ,
w5,2025-12-19T15:11:37.479141Z,289.902,200,True,0x48f8656e15a2FC22Ccd6cDe7c56db39C1B62E770,POLICE,457,IMAGE,2,READ,
w7,2025-12-19T15:11:37.479329Z,289.797,200,True,0x933be1Be0aF68b62934fE96ADB1AB2Ee1C47B4F0,INSURER,244,VIDEO,2,READ,
w62,2025-12-19T15:11:37.479591Z,289.621,403,False,0x2B5dEec5325fd9befC139A2071d830B25FAd52Ef,GARAGE,840,TELEMATICS,3,READ,
w61,2025-12-19T15:11:37.479830Z,289.529,200,True,0xC29Fbef10EC6e6A787036cEA0C9024ce9F435d97,INSURER,351,IMAGE,2,READ,
w63,2025-12-19T15:11:37.480056Z,289.384,200,True,0x0520cA4f9c2359a2d1cc1B072e4dA8A3587C2088,INSURER,748,TELEMATICS,3,READ,
w9,2025-12-19T15:11:37.480262Z,289.292,200,True,0x0479AcE8E12E22b9751dF7542dd8f225c221EC34,ADJUSTER,714,TELEMATICS,3,READ,
w64,2025-12-19T15:11:37.480430Z,289.345,200,True,0x69254de41949D1A246C5c1A168e5e8473D2d50f0,ADJUSTER,344,IMAGE,2,READ,
w8,2025-12-19T15:11:37.480579Z,289.340,200,True,0xC6Ffd174B730f05f52aF93e216103D6C7464cc96,INSURER,487,IMAGE,2,READ,
w10,2025-12-19T15:11:37.462945Z,307.083,403,False,0x996644d2075D6c96FEB649879534dFAb933903f6,GARAGE,798,TELEMATICS,3,READ,
w0,2025-12-19T15:11:37.480738Z,290.284,200,True,0x6032b722b48DC8717A2C437485f2D3d264BD803B,ADJUSTER,491,IMAGE,2,READ,
