worker,start_time_iso,latency_ms,status,allowed,subject_address,subject_role,resource_id,resource_type,resource_sensitivity,action,error
w6,2025-12-19T15:11:38.044316Z,329.367,200,True,0x50Ed54bf40D96Fda59d7F83abE5551535d7938ac,COURT,685,MEDICAL_REPORT,5,READ,
w61,2025-12-19T15:11:38.046409Z,327.701,200,True,0xE1C502975CC15E22bC10c8a6e352061ef61bBc2A,COURT,320,IMAGE,2,READ,
w7,2025-12-19T15:11:38.044347Z,329.968,403,False,0x2B5dEec5325fd9befC139A2071d830B25FAd52Ef,GARAGE,8,VIDEO,2,READ,
w62,2025-12-19T15:11:38.046443Z,328.253,200,True,0x065Fd3F8fcF30384f50eceBa324b1EF8411Fa759,COURT,877,OTHER,1,READ,
w8,2025-12-19T15:11:38.044378Z,330.478,200,True,0xE1C502975CC15E22bC10c8a6e352061ef61bBc2A,COURT,712,TELEMATICS,3,READ,
w63,2025-12-19T15:11:38.046576Z,328.420,200,True,0xd6f5696C80b8cb2D4AAaFdaf8E7C266cf4af4538,COURT,415,IMAGE,2,READ,
w9,2025-12-19T15:11:38.044411Z,330.744,200,True,0xE385ea618340FfE0d7c7e9EB25048F1c1E437F33,INSURER,595,FNOL,4,READ,
w64,2025-12-19T15:11:38.046608Z,328.671,200,True,0x40fca3Fa04d657c9879B638C57A2a70683E3efED,REGULATOR,876,OTHER,1,READ,
w10,2025-12-19T15:11:38.044440Z,330.964,200,True,0x78b99D5D04232b9650d619DBa5F5600a9242A472,INSURER,713,TELEMATICS,3,READ,
w65,2025-12-19T15:11:38.046638Z,328.896,200,True,0x4BA98aed0F31F1E56A9bc733FD86aB30e5b88D0E,GARAGE,320,IMAGE,2,READ,
w11,2025-12-19T15:11:38.044470Z,331.207,200,True,0x28606132Fb05B11eee1fa6ACe3CB39F3EFFFdCCe,ADJUSTER,916,OTHER,1,READ,
w66,2025-12-19T15:11:38.046679Z,329.114,200,True,0x3495fF4A33D3b8aCCB512226B501122064b1e8fe,INSURER,305,IMAGE,2,READ,
w12,2025-12-19T15:11:38.044502Z,331.748,200,True,0x68cBdE77b98e3AF3281dBC229ee66540Eac3f007,ADJUSTER,177,VIDEO,2,READ,
w67,2025-12-19T15:11:38.046724Z,329.672,403,False,0xD261b62ccB398d8100234C5fD641c6D67B10C62B,GARAGE,107,VIDEO,2,READ,
w13,2025-12-19T15:11:38.044531Z,332.020,200,True,0xCe3b338346378767324b87Cb888eC3F1d6d34940,POLICE,14,VIDEO,2,READ,
w68,2025-12-19T15:11:38.046762Z,329.911,200,True,0x7B46635cB6cA958f34ae933b93884a5f19b258D7,INSURER,995,OTHER,1,READ,
w14,2025-12-19T15:11:38.044560Z,332.233,200,True,0x1Ab5D0f68133DA5E100635Bdf5030650cA2bE691,ADJUSTER,435,IMAGE,2,READ,
w69,2025-12-19T15:11:38.046793Z,330.137,200,True,0xF09aBd729B48E734Ad684B93585E8D043D55c967,INSURER,421,IMAGE,2,READ,
w15,2025-12-19T15:11:38.044587Z,332.452,200,True,0x29Da547ffD477d0d4628d547368EcFDF73054469,ADJUSTER,62,VIDEO,2,READ,
w70,2025-12-19T15:11:38.046824Z,330.328,403,False,0x4BA98aed0F31F1E56A9bc733FD86aB30e5b88D0E,GARAGE,925,OTHER,1,READ,
w16,2025-12-19T15:11:38.044616Z,332.655,200,True,0x26b179d013C696c433c0f316E594f7a7AcE77C79,GARAGE,290,IMAGE,2,READ,
w71,2025-12-19T15:11:38.046854Z,330.544,200,True,0x077f45EB3eB6027C0D05Ab77CAC4D29c46cb3a6E,INSURER,953,OTHER,1,READ,
w17,2025-12-19T15:11:38.044645Z,332.892,403,False,0x1EBe67547Da63652edcAE7c36347A6d05ef27c1C,POLICE,754,TELEMATICS,3,READ,
w72,2025-12-19T15:11:38.046884Z,330.774,200,True,0xd86Fa5B280bf58C28aaE39fB535e0e965F0E285B,INSURER,770,TELEMATICS,3,READ,
w18,2025-12-19T15:11:38.044672Z,333.757,200,True,0xAB814b041AB343702D64556Fdb3a3C104daa0445,ADJUSTER,291,IMAGE,2,READ,
w73,2025-12-19T15:11:38.046911Z,331.684,200,True,0x436f253A31aB81e4427747050f42C4907a6C388D,ADJUSTER,384,IMAGE,2,READ,
w19,2025-12-19T15:11:38.044704Z,334.045,403,False,0xDd45386232533D2C209976e678A91A2263676ECB,GARAGE,34,VIDEO,2,READ,
w74,2025-12-19T15:11:38.046940Z,331.926,200,True,0xC29Fbef10EC6e6A787036cEA0C9024ce9F435d97,INSURER,874,OTHER,1,READ,
w20,2025-12-19T15:11:38.044733Z,334.265,200,True,0x78b99D5D04232b9650d619DBa5F5600a9242A472,INSURER,9,VIDEO,2,READ,
w75,2025-12-19T15:11:38.046969Z,332.176,200,True,0xd132a79Ca7Be8caaC9A27467EB9B65F7cBD6F50E,ADJUSTER,899,OTHER,1,READ,
w76,2025-12-19T15:11:38.046999Z,332.322,200,True,0x1Ab5D0f68133DA5E100635Bdf5030650cA2bE691,ADJUSTER,344,IMAGE,2,READ,
w77,2025-12-19T15:11:38.047027Z,332.528,403,False,0x415Ba7B0D983442D5407ABEF5Ebd8e9d2bB533B7,POLICE,619,FNOL,4,READ,
w21,2025-12-19T15:11:38.044759Z,335.105,200,True,0x5ee06906aF52aEd2c884D505d3a0A7CA7513188D,INSURER,28,VIDEO,2,READ,
w78,2025-12-19T15:11:38.047057Z,333.060,200,True,0x4828419eA02B1D4399E039f8E5F346f37f19fA13,INSURER,59,VIDEO,2,READ,
w22,2025-12-19T15:11:38.044919Z,335.374,200,True,0x84FDd0E1F145C20f9451b1eB751c26e76B3232d4,POLICE,371,IMAGE,2,READ,
w79,2025-12-19T15:11:38.047083Z,333.357,200,True,0xB81c8729A121819695CEEDA9b389f559D6398B3C,REGULATOR,751,TELEMATICS,3,READ,
w23,2025-12-19T15:11:38.044954Z,335.624,200,True,0x3A995E7B23E0Fe0f9a5537f57AA80BACa529eFC4,INSURER,469,IMAGE,2,READ,
w80,2025-12-19T15:11:38.047112Z,333.585,200,True,0xB2241965995ed972D442D6A9461eF3583ecA95B6,INSURER,999,OTHER,1,READ,
w24,2025-12-19T15:11:38.044985Z,335.850,200,True,0x51A2465dc26f17e37524f93494A8409715ACc9c2,INSURER,985,OTHER,1,READ,
w81,2025-12-19T15:11:38.047140Z,333.816,200,True,0xE056D0a60EfEE3e1642D5B2129E2bbBdAf22444c,INSURER,324,IMAGE,2,READ,
w25,2025-12-19T15:11:38.045014Z,336.089,200,True,0x78b99D5D04232b9650d619DBa5F5600a9242A472,INSURER,500,IMAGE,2,READ,
w82,2025-12-19T15:11:38.047168Z,334.055,403,False,0x4BA98aed0F31F1E56A9bc733FD86aB30e5b88D0E,GARAGE,70,VIDEO,2,READ,
w26,2025-12-19T15:11:38.045042Z,336.293,200,True,0x090F26617cAab81C15934159343Ff688fAf23820,POLICE,493,IMAGE,2,READ,
w83,2025-12-19T15:11:38.047199Z,334.265,200,True,0x5cA86E3342DEA0C1a26C49f1a4fA40DeEeAFf8a8,INSURER,736,TELEMATICS,3,READ,
w27,2025-12-19T15:11:38.045072Z,336.505,200,True,0x9F6d6682cb1957F9585F9b8AC3469E4D767600D6,INSURER,592,MEDICAL_REPORT,5,READ,
w84,2025-12-19T15:11:38.047227Z,334.461,200,True,0x3d68C58ebB81123d1Ac10655857193A1cDee90CE,INSURER,128,VIDEO,2,READ,
w28,2025-12-19T15:11:38.045101Z,336.705,200,True,0xAA49CCe569366189355225212a2EA06B8172Fa22,ADJUSTER,792,TELEMATICS,3,READ,
w85,2025-12-19T15:11:38.047255Z,334.659,200,True,0x199baf9971453910adbCD45ae05Dc8f9B68fcB1f,INSURER,513,MEDICAL_REPORT,5,READ,
w29,2025-12-19T15:11:38.045129Z,336.901,200,True,0x598405697b464FEbA8C76367b7C75C59D8BE2eCF,COURT,581,MEDICAL_REPORT,5,READ,
w86,2025-12-19T15:11:38.047283Z,334.857,200,True,0x620a52535BA00719f0747D42746525D807319996,ADJUSTER,717,TELEMATICS,3,READ,
w30,2025-12-19T15:11:38.045157Z,337.086,200,True,0x51a1E6D900E3e04c169Be84b2D5e5ccB2420B0EB,INSURER,175,VIDEO,2,READ,
w87,2025-12-19T15:11:38.047308Z,335.041,200,True,0xD32B24Ff4D28e42239EcCd5cbdb456a1565DC083,ADJUSTER,245,VIDEO,2,READ,
w31,2025-12-19T15:11:38.045185Z,337.273,200,True,0x4395153bc7Ac8ebD080b3C98FE634fcA40E5609F,COURT,473,IMAGE,2,READ,
w88,2025-12-19T15:11:38.047334Z,335.242,200,True,0xC6Ffd174B730f05f52aF93e216103D6C7464cc96,INSURER,776,TELEMATICS,3,READ,
w32,2025-12-19T15:11:38.045214Z,337.486,200,True,0x5cA86E3342DEA0C1a26C49f1a4fA40DeEeAFf8a8,INSURER,766,TELEMATICS,3,READ,
w89,2025-12-19T15:11:38.047364Z,336.670,200,True,0xEcbE69567Cf42475FbE6Ea4523541e58C4d22957,GARAGE,374,IMAGE,2,READ,
w33,2025-12-19T15:11:38.045243Z,338.967,200,True,0xF80B0672A4f16BDe21fA2DF31482dA0fC606A43f,ADJUSTER,842,TELEMATICS,3,READ,
w90,2025-12-19T15:11:38.047391Z,336.963,200,True,0xFf85d9d86E5E1a3792266E2a5BB970C470C1e0c5,COURT,255,IMAGE,2,READ,
w34,2025-12-19T15:11:38.045270Z,339.211,200,True,0xcE078954f123a07010672Fff05b36f5E43642106,INSURER,104,VIDEO,2,READ,
w91,2025-12-19T15:11:38.047417Z,337.178,200,True,0x3D8B37E283940B186f3d817371AE9834E2836f7f,GARAGE,426,IMAGE,2,READ,
w35,2025-12-19T15:11:38.045298Z,339.410,403,False,0x567dccd668D18B4ACd8A2795151edB162Bc34767,ADJUSTER,671,MEDICAL_REPORT,5,READ,
w92,2025-12-19T15:11:38.047444Z,337.382,200,True,0xBeBf134906e0FCcd85b0D99a4626a7B8584e742c,ADJUSTER,292,IMAGE,2,READ,
w36,2025-12-19T15:11:38.045324Z,339.647,200,True,0x40fca3Fa04d657c9879B638C57A2a70683E3efED,REGULATOR,577,FNOL,4,READ,
w93,2025-12-19T15:11:38.047475Z,337.620,200,True,0xF88a95Dd8B84AF76941627AA419BEFc507d88125,ADJUSTER,902,OTHER,1,READ,
w37,2025-12-19T15:11:38.045352Z,339.860,200,True,0x8Dd96368f7a8216813107Fe89688AcaafE8Cb76D,INSURER,274,IMAGE,2,READ,
w94,2025-12-19T15:11:38.047505Z,337.811,200,True,0x6B97e16D77504562cB9392834019252f4057F4D5,POLICE,61,VIDEO,2,READ,
w38,2025-12-19T15:11:38.045377Z,340.041,200,True,0x3d9c5458418bD082b010C0F93c3b8FBF9826E0Bf,INSURER,938,OTHER,1,READ,
w95,2025-12-19T15:11:38.047549Z,337.973,200,True,0x8D21394c336D57f89564705Aa61307561b63E310,POLICE,245,VIDEO,2,READ,
w39,2025-12-19T15:11:38.045406Z,340.236,200,True,0xCC05C551476CDbEfAd79Ed75427937b892aaFE9C,ADJUSTER,183,VIDEO,2,READ,
w96,2025-12-19T15:11:38.047584Z,338.180,200,True,0xC23BB727D3Ae6bD9cd90AC52ee26359F19176de3,INSURER,149,VIDEO,2,READ,
w40,2025-12-19T15:11:38.045435Z,340.441,200,True,0xD46492141A5F13412fa59e5F47Ce969c7954E752,INSURER,121,VIDEO,2,READ,
w97,2025-12-19T15:11:38.047613Z,338.369,200,True,0x89cb551204456FFCd8e595feE394120dD047b57A,INSURER,309,IMAGE,2,READ,
w41,2025-12-19T15:11:38.045464Z,340.624,200,True,0xD46492141A5F13412fa59e5F47Ce969c7954E752,INSURER,125,VIDEO,2,READ,
w98,2025-12-19T15:11:38.047639Z,338.565,403,False,0xF80B0672A4f16BDe21fA2DF31482dA0fC606A43f,ADJUSTER,543,MEDICAL_REPORT,5,READ,
w42,2025-12-19T15:11:38.045489Z,340.832,200,True,0x3308795A526382DB26cF04047fE2bBd4F56E6CE7,COURT,16,VIDEO,2,READ,
w99,2025-12-19T15:11:38.047667Z,338.768,200,True,0x3A995E7B23E0Fe0f9a5537f57AA80BACa529eFC4,INSURER,792,TELEMATICS,3,READ,
w43,2025-12-19T15:11:38.045517Z,341.031,403,False,0x3a74Fec63a615BC94b9A47bEa6340935Ab155117,ADJUSTER,686,MEDICAL_REPORT,5,READ,
w1,2025-12-19T15:11:38.044038Z,342.634,200,True,0x8Dd96368f7a8216813107Fe89688AcaafE8Cb76D,INSURER,785,TELEMATICS,3,READ,
w44,2025-12-19T15:11:38.045546Z,341.268,200,True,0x808936f08CCC0a9C3953Cd3716006fB99825CBa4,COURT,297,IMAGE,2,READ,
w45,2025-12-19T15:11:38.045574Z,341.350,403,False,0xDd45386232533D2C209976e678A91A2263676ECB,GARAGE,80,VIDEO,2,READ,
w46,2025-12-19T15:11:38.045602Z,341.429,200,True,0x8216a92a44877D72a31FA6453e4583a6DCe25752,INSURER,758,TELEMATICS,3,READ,
w47,2025-12-19T15:11:38.045629Z,341.516,200,True,0x48c487f18ce4aAFcf592B2eC3611eAa7B1C85918,ADJUSTER,892,OTHER,1,READ,
w48,2025-12-19T15:11:38.045659Z,341.592,200,True,0xb8Fe0E775705824a50658ef111434567024d4310,REGULATOR,255,IMAGE,2,READ,
w49,2025-12-19T15:11:38.045686Z,341.666,200,True,0x9F6d6682cb1957F9585F9b8AC3469E4D767600D6,INSURER,197,VIDEO,2,READ,
w50,2025-12-19T15:11:38.045714Z,341.739,200,True,0x85C720Ae65eF1706A0cf41695a93A34E189D5Ea0,INSURER,711,TELEMATICS,3,READ,
w51,2025-12-19T15:11:38.045750Z,341.804,200,True,0xC29Fbef10EC6e6A787036cEA0C9024ce9F435d97,INSURER,939,OTHER,1,READ,
w52,2025-12-19T15:11:38.045781Z,341.882,200,True,0xd6f5696C80b8cb2D4AAaFdaf8E7C266cf4af4538,COURT,164,VIDEO,2,READ,
w53,2025-12-19T15:11:38.045891Z,341.879,200,True,0x933be1Be0aF68b62934fE96ADB1AB2Ee1C47B4F0,INSURER,584,FNOL,4,READ,
w54,2025-12-19T15:11:38.045985Z,341.891,200,True,0x5ee06906aF52aEd2c884D505d3a0A7CA7513188D,INSURER,456,IMAGE,2,READ,
w55,2025-12-19T15:11:38.046046Z,341.930,403,False,0x4BC2c2b671822006a9D592cdd2Db24e8Da3C6adf,GARAGE,33,VIDEO,2,READ,
w56,2025-12-19T15:11:38.046102Z,341.974,200,True,0x933be1Be0aF68b62934fE96ADB1AB2Ee1C47B4F0,INSURER,612,MEDICAL_REPORT,5,READ,
w2,2025-12-19T15:11:38.044155Z,344.053,200,True,0xf9314f31cc38103bC7607a176a804e5C1Ecbf511,INSURER,656,MEDICAL_REPORT,5,READ,
w57,2025-12-19T15:11:38.046150Z,342.159,200,True,0x42dC03c90d7652B937d26628a86f9317bbf521dc,INSURER,933,OTHER,1,READ,
w3,2025-12-19T15:11:38.044206Z,344.208,403,False,0xa96C0E04f38F8dC8842789660AA8C570bfCCFF50,GARAGE,723,TELEMATICS,3,READ,
w58,2025-12-19T15:11:38.046218Z,342.296,200,True,0x7fBAcb835330c3A23597A355A26Cf6E0ee69A0B5,COURT,928,OTHER,1,READ,
w4,2025-12-19T15:11:38.044244Z,344.368,200,True,0xFf85d9d86E5E1a3792266E2a5BB970C470C1e0c5,COURT,342,IMAGE,2,READ,
w59,2025-12-19T15:11:38.046324Z,342.386,403,False,0xA75Af013B9CBdf4322e0c459A2fB8B708fbB8Ddc,POLICE,613,FNOL,4,READ,
w60,2025-12-19T15:11:38.046371Z,342.447,200,True,0x199baf9971453910adbCD45ae05Dc8f9B68fcB1f,INSURER,328,IMAGE,2,READ,
w5,2025-12-19T15:11:38.044283Z,344.935,200,True,0x182C98818C6b29Ff23d7d1d9766e1B1dEB1aBAeB,INSURER,513,MEDICAL_REPORT,5,READ,
w0,2025-12-19T15:11:38.041956Z,347.406,200,True,0x065Fd3F8fcF30384f50eceBa324b1EF8411Fa759,COURT,656,MEDICAL_REPORT,5,READ,
w6,2025-12-19T15:11:38.373700Z,305.595,200,True,0x6032b722b48DC8717A2C437485f2D3d264BD803B,ADJUSTER,934,OTHER,1,READ,
w61,2025-12-19T15:11:38.374119Z,305.649,200,True,0xfd4Fc17438169bC1228EB21c2cb9b8DE1E97472a,INSURER,750,TELEMATICS,3,READ,
w7,2025-12-19T15:11:38.374322Z,305.886,200,True,0x89cb551204456FFCd8e595feE394120dD047b57A,INSURER,337,IMAGE,2,READ,
w62,2025-12-19T15:11:38.374701Z,305.743,200,True,0x2ee7F051BB940423f554ea44742f7c4c8C20Ea59,INSURER,73,VIDEO,2,READ,
w8,2025-12-19T15:11:38.374860Z,305.758,200,True,0xc0F601980c6FD898E06229024740eec17abbF5C2,INSURER,858,OTHER,1,READ,
w63,2025-12-19T15:11:38.375002Z,305.773,403,False,0x1F022FfD0700E02E8f01B8f05f539f8C7a0339bb,POLICE,839,TELEMATICS,3,READ,
w9,2025-12-19T15:11:38.375162Z,305.774,200,True,0xf9314f31cc38103bC7607a176a804e5C1Ecbf511,INSURER,621,MEDICAL_REPORT,5,READ,
w64,2025-12-19T15:11:38.375284Z,306.022,200,True,0xE385ea618340FfE0d7c7e9EB25048F1c1E437F33,INSURER,265,IMAGE,2,READ,
w10,2025-12-19T15:11:38.375409Z,306.064,403,False,0x4BC2c2b671822006a9D592cdd2Db24e8Da3C6adf,GARAGE,797,TELEMATICS,3,READ,
w65,2025-12-19T15:11:38.375540Z,306.076,403,False,0x4BA98aed0F31F1E56A9bc733FD86aB30e5b88D0E,GARAGE,92,VIDEO,2,READ,
w66,2025-12-19T15:11:38.375797Z,305.947,200,True,0xC753D2a5211C57F7C2b4279053b11aEC435b41AB,REGULATOR,849,TELEMATICS,3,READ,
w12,2025-12-19T15:11:38.376256Z,305.607,200,True,0x9F6d6682cb1957F9585F9b8AC3469E4D767600D6,INSURER,974,OTHER,1,READ,
w67,2025-12-19T15:11:38.376403Z,305.574,200,True,0xcE078954f123a07010672Fff05b36f5E43642106,INSURER,272,IMAGE,2,READ,
w13,2025-12-19T15:11:38.376556Z,305.845,200,True,0xdBf006c9b4fEA25fFA98161abc660B4643109625,ADJUSTER,73,VIDEO,2,READ,
w68,2025-12-19T15:11:38.376678Z,305.882,200,True,0x98eAB44F56Ae1f00C301517F1B6fCDb7a452D64b,ADJUSTER,124,VIDEO,2,READ,
w14,2025-12-19T15:11:38.376799Z,305.899,200,True,0x3db0bD968176A243AC81C5c8Cf02Cf429b04dD57,COURT,82,VIDEO,2,READ,
w69,2025-12-19T15:11:38.376935Z,305.908,200,True,0x51a1E6D900E3e04c169Be84b2D5e5ccB2420B0EB,INSURER,315,IMAGE,2,READ,
w15,2025-12-19T15:11:38.377043Z,305.920,200,True,0x3db0bD968176A243AC81C5c8Cf02Cf429b04dD57,COURT,23,VIDEO,2,READ,
w70,2025-12-19T15:11:38.377156Z,305.920,200,True,0xc0F601980c6FD898E06229024740eec17abbF5C2,INSURER,421,IMAGE,2,READ,
w16,2025-12-19T15:11:38.377275Z,305.912,200,True,0xfd4Fc17438169bC1228EB21c2cb9b8DE1E97472a,INSURER,77,VIDEO,2,READ,
w71,2025-12-19T15:11:38.377404Z,305.894,200,True,0x33F5a90B9400A21046089Aaf44319BA889B0B9ed,INSURER,745,TELEMATICS,3,READ,
w17,2025-12-19T15:11:38.377541Z,305.879,200,True,0x6B97e16D77504562cB9392834019252f4057F4D5,POLICE,438,IMAGE,2,READ,
w72,2025-12-19T15:11:38.377662Z,305.873,200,True,0x69254de41949D1A246C5c1A168e5e8473D2d50f0,ADJUSTER,815,TELEMATICS,3,READ,
w18,2025-12-19T15:11:38.378435Z,305.239,200,True,0x330f902fF463e2B611211Ccb44EF749E558Ba02a,INSURER,687,FNOL,4,READ,
w73,2025-12-19T15:11:38.378602Z,305.201,403,False,0x6c2d9F1aEdB2C485CABAF82412f88d5303Fd7B73,GARAGE,709,TELEMATICS,3,READ,
w19,2025-12-19T15:11:38.378753Z,305.158,200,True,0x630ba53C12B20a6EBd04Eb0819a24b1f8C554A01,INSURER,33,VIDEO,2,READ,
w74,2025-12-19T15:11:38.378871Z,305.153,200,True,0xcCC472e2d0eDA52066a80BCFb4577Dc9Fb7CD453,POLICE,171,VIDEO,2,READ,
w20,2025-12-19T15:11:38.379003Z,305.146,200,True,0xF80B0672A4f16BDe21fA2DF31482dA0fC606A43f,ADJUSTER,188,VIDEO,2,READ,
w75,2025-12-19T15:11:38.379151Z,305.128,200,True,0x51A2465dc26f17e37524f93494A8409715ACc9c2,INSURER,430,IMAGE,2,READ,
w76,2025-12-19T15:11:38.379327Z,305.092,200,True,0x48c487f18ce4aAFcf592B2eC3611eAa7B1C85918,ADJUSTER,410,IMAGE,2,READ,
w77,2025-12-19T15:11:38.379564Z,305.268,200,True,0x4395153bc7Ac8ebD080b3C98FE634fcA40E5609F,COURT,34,VIDEO,2,READ,
w21,2025-12-19T15:11:38.379874Z,305.140,200,True,0x808936f08CCC0a9C3953Cd3716006fB99825CBa4,COURT,174,VIDEO,2,READ,
w78,2025-12-19T15:11:38.380123Z,305.076,200,True,0xC29Fbef10EC6e6A787036cEA0C9024ce9F435d97,INSURER,601,MEDICAL_REPORT,5,READ,
w22,2025-12-19T15:11:38.380300Z,305.084,200,True,0xB3e698A67fD5AEeB61b8bE389e7E917Bc2Ea032a,POLICE,91,VIDEO,2,READ,
w79,2025-12-19T15:11:38.380447Z,305.135,200,True,0xF80B0672A4f16BDe21fA2DF31482dA0fC606A43f,ADJUSTER,50,VIDEO,2,READ,
w23,2025-12-19T15:11:38.380583Z,305.205,403,False,0xcA28195b12c3c8cB960d8423584ee9a8677BD158,POLICE,932,OTHER,1,READ,
w80,2025-12-19T15:11:38.380701Z,305.286,200,True,0xfd4Fc17438169bC1228EB21c2cb9b8DE1E97472a,INSURER,727,TELEMATICS,3,READ,
w24,2025-12-19T15:11:38.380841Z,305.335,403,False,0xEcbE69567Cf42475FbE6Ea4523541e58C4d22957,GARAGE,170,VIDEO,2,READ,
w81,2025-12-19T15:11:38.380961Z,306.072,200,True,0xD06Cc40e4D98aDc886d652F4253985B5c04282b9,REGULATOR,321,IMAGE,2,READ,
w25,2025-12-19T15:11:38.381108Z,306.155,200,True,0x467316319C6B5f391c5a6B3b0190d4209202fC25,ADJUSTER,429,IMAGE,2,READ,
w82,2025-12-19T15:11:38.381228Z,306.242,200,True,0x3E93709810FB754ab4D6A2487344dF504087996D,INSURER,243,VIDEO,2,READ,
w26,2025-12-19T15:11:38.381341Z,306.331,200,True,0x50Ed54bf40D96Fda59d7F83abE5551535d7938ac,COURT,311,IMAGE,2,READ,
w83,2025-12-19T15:11:38.381468Z,306.407,200,True,0x466ec685AE894BAc153c11350FC488cAAa2C062E,INSURER,461,IMAGE,2,READ,
w27,2025-12-19T15:11:38.381582Z,306.488,200,True,0x090F26617cAab81C15934159343Ff688fAf23820,POLICE,43,VIDEO,2,READ,
w84,2025-12-19T15:11:38.381693Z,306.573,200,True,0xC66fE61Fe01B90e3C051c0ED40Dd41fC9347D018,REGULATOR,956,OTHER,1,READ,
w28,2025-12-19T15:11:38.381810Z,306.661,403,False,0x48f8656e15a2FC22Ccd6cDe7c56db39C1B62E770,POLICE,942,OTHER,1,READ,
w85,2025-12-19T15:11:38.381919Z,306.755,200,True,0x48c487f18ce4aAFcf592B2eC3611eAa7B1C85918,ADJUSTER,485,IMAGE,2,READ,
w29,2025-12-19T15:11:38.382036Z,306.848,403,False,0x955f7F1386d8d5FB12bc50876B418e4D206D9530,GARAGE,893,OTHER,1,READ,
w86,2025-12-19T15:11:38.382144Z,306.949,200,True,0xe9b50040eeAA45F16fd24222f4a97482737f6C8A,ADJUSTER,849,TELEMATICS,3,READ,
w30,2025-12-19T15:11:38.382247Z,307.051,200,True,0xF80B0672A4f16BDe21fA2DF31482dA0fC606A43f,ADJUSTER,454,IMAGE,2,READ,
w87,2025-12-19T15:11:38.382354Z,307.142,200,True,0x3db0bD968176A243AC81C5c8Cf02Cf429b04dD57,COURT,991,OTHER,1,READ,
w31,2025-12-19T15:11:38.382463Z,307.234,200,True,0xFeC4882fEAf263ac0fD1b9B4271dD1852B413584,INSURER,528,MEDICAL_REPORT,5,READ,
w88,2025-12-19T15:11:38.382580Z,307.312,200,True,0x5ee06906aF52aEd2c884D505d3a0A7CA7513188D,INSURER,902,OTHER,1,READ,
w32,2025-12-19T15:11:38.382704Z,307.382,200,True,0x50Ed54bf40D96Fda59d7F83abE5551535d7938ac,COURT,234,VIDEO,2,READ,
w89,2025-12-19T15:11:38.384040Z,306.241,200,True,0x7C8B230898f07628a4f24e2D0ffe62373593dCce,POLICE,351,IMAGE,2,READ,
w43,2025-12-19T15:11:38.386555Z,303.926,200,True,0x7C8B230898f07628a4f24e2D0ffe62373593dCce,POLICE,351,IMAGE,2,READ,
w33,2025-12-19T15:11:38.384216Z,306.421,200,True,0x73c07A746181c5256aC8EB8006fFbCF2239bEcC5,COURT,516,FNOL,4,READ,
w90,2025-12-19T15:11:38.384359Z,306.408,403,False,0xd132a79Ca7Be8caaC9A27467EB9B65F7cBD6F50E,ADJUSTER,646,MEDICAL_REPORT,5,READ,
w34,2025-12-19T15:11:38.384486Z,306.420,200,True,0xeD60C4758Fab078c38685EeEF9692D8Fa4F3dDB9,INSURER,686,MEDICAL_REPORT,5,READ,
w91,2025-12-19T15:11:38.384600Z,306.421,200,True,0xACaaedBfb07404f2aAf0ccd6503B1529C1A48764,ADJUSTER,122,VIDEO,2,READ,
w35,2025-12-19T15:11:38.384712Z,307.162,200,True,0xC753D2a5211C57F7C2b4279053b11aEC435b41AB,REGULATOR,377,IMAGE,2,READ,
w92,2025-12-19T15:11:38.384831Z,307.214,403,False,0xafA5Afd00Ec5464DAf96FCe2b09f4e4e157F4A67,POLICE,622,FNOL,4,READ,
w36,2025-12-19T15:11:38.384976Z,307.251,200,True,0xDD3EceF8307a47a0307E4f44135C61Dd2C75c6d7,POLICE,82,VIDEO,2,READ,
w93,2025-12-19T15:11:38.385100Z,307.312,200,True,0x84FDd0E1F145C20f9451b1eB751c26e76B3232d4,POLICE,439,IMAGE,2,READ,
w37,2025-12-19T15:11:38.385217Z,307.372,200,True,0x3418C54B33ca42d0dF096EaD255791c7B2E2f3d9,ADJUSTER,711,TELEMATICS,3,READ,
w94,2025-12-19T15:11:38.385321Z,307.403,403,False,0x3D8B37E283940B186f3d817371AE9834E2836f7f,GARAGE,539,FNOL,4,READ,
w38,2025-12-19T15:11:38.385422Z,307.461,200,True,0x05d1ef5b43268c6a5BD456A953029092795045d9,INSURER,815,TELEMATICS,3,READ,
w95,2025-12-19T15:11:38.385527Z,307.509,200,True,0xE3De53E77787ac96c6f78B3eD0A6Acea23953342,POLICE,451,IMAGE,2,READ,
w39,2025-12-19T15:11:38.385646Z,307.513,200,True,0xDA941366d7481DffDAd4458a22913423f40dA1eA,ADJUSTER,549,FNOL,4,READ,
w96,2025-12-19T15:11:38.385769Z,307.512,200,True,0x46Adf75988C45FBD67a07651b6f684943428c17C,INSURER,360,IMAGE,2,READ,
w40,2025-12-19T15:11:38.385882Z,307.505,200,True,0xAA49CCe569366189355225212a2EA06B8172Fa22,ADJUSTER,229,VIDEO,2,READ,
w97,2025-12-19T15:11:38.385986Z,307.507,200,True,0xBCb233Ef85EC11C88E20Ea53Bb47f454d116FBe3,ADJUSTER,889,OTHER,1,READ,
w41,2025-12-19T15:11:38.386093Z,307.554,200,True,0xAB814b041AB343702D64556Fdb3a3C104daa0445,ADJUSTER,658,FNOL,4,READ,
w98,2025-12-19T15:11:38.386210Z,307.630,200,True,0x82B01EfD510Bee8680730EEf777526b020e2398B,INSURER,765,TELEMATICS,3,READ,
w42,2025-12-19T15:11:38.386326Z,307.710,200,True,0x33F5a90B9400A21046089Aaf44319BA889B0B9ed,INSURER,424,IMAGE,2,READ,
w99,2025-12-19T15:11:38.386439Z,307.776,403,False,0x3116De7d4519B71BA014e7EF3e874D3a98B64A91,POLICE,615,FNOL,4,READ,
w1,2025-12-19T15:11:38.386677Z,307.714,200,True,0xD06Cc40e4D98aDc886d652F4253985B5c04282b9,REGULATOR,490,IMAGE,2,READ,
w44,2025-12-19T15:11:38.386819Z,307.707,200,True,0xD46492141A5F13412fa59e5F47Ce969c7954E752,INSURER,724,TELEMATICS,3,READ,
w45,2025-12-19T15:11:38.386928Z,307.722,200,True,0xD21eB53384cE472F3DE7527DC9A5820dA80bBB01,INSURER,272,IMAGE,2,READ,
w46,2025-12-19T15:11:38.387035Z,307.736,200,True,0x3A995E7B23E0Fe0f9a5537f57AA80BACa529eFC4,INSURER,726,TELEMATICS,3,READ,
w47,2025-12-19T15:11:38.387150Z,307.753,200,True,0xC66fE61Fe01B90e3C051c0ED40Dd41fC9347D018,REGULATOR,322,IMAGE,2,READ,
w48,2025-12-19T15:11:38.387254Z,307.766,200,True,0xcA28195b12c3c8cB960d8423584ee9a8677BD158,POLICE,306,IMAGE,2,READ,
w49,2025-12-19T15:11:38.387357Z,307.766,403,False,0x520F6Be8B20312c8CA4bB2773000A94923A4FaE5,POLICE,900,OTHER,1,READ,
w50,2025-12-19T15:11:38.387457Z,307.769,200,True,0x3B4ab93e0901742BFfc8A18D301F36f820AD3bB9,ADJUSTER,724,TELEMATICS,3,READ,
w51,2025-12-19T15:11:38.387558Z,307.815,200,True,0xF80B0672A4f16BDe21fA2DF31482dA0fC606A43f,ADJUSTER,546,FNOL,4,READ,
w52,2025-12-19T15:11:38.387667Z,307.873,200,True,0x892Bc4E7F6D9a6aD507664d8A8EEB33b2544f3Ea,COURT,187,VIDEO,2,READ,
w53,2025-12-19T15:11:38.387775Z,307.956,200,True,0x7B46635cB6cA958f34ae933b93884a5f19b258D7,INSURER,242,VIDEO,2,READ,
w54,2025-12-19T15:11:38.387882Z,308.060,200,True,0x077f45EB3eB6027C0D05Ab77CAC4D29c46cb3a6E,INSURER,610,FNOL,4,READ,
w55,2025-12-19T15:11:38.387980Z,308.156,200,True,0x9F6d6682cb1957F9585F9b8AC3469E4D767600D6,INSURER,468,IMAGE,2,READ,
w56,2025-12-19T15:11:38.388081Z,308.254,200,True,0xC5f6e3512D3B1133da1f88159fDf63dC9f2d43FB,ADJUSTER,317,IMAGE,2,READ,
w2,2025-12-19T15:11:38.388212Z,308.306,200,True,0x1cf47318cada656180563507BDd94262cAA29a4a,INSURER,184,VIDEO,2,READ,
w57,2025-12-19T15:11:38.388314Z,308.403,200,True,0x5cA86E3342DEA0C1a26C49f1a4fA40DeEeAFf8a8,INSURER,562,FNOL,4,READ,
w3,2025-12-19T15:11:38.388417Z,308.520,200,True,0xf5d0314845FCf19022a28FeD6650e58CFc01f243,INSURER,4,VIDEO,2,READ,
w58,2025-12-19T15:11:38.388517Z,308.616,403,False,0x26b179d013C696c433c0f316E594f7a7AcE77C79,GARAGE,866,OTHER,1,READ,
w4,2025-12-19T15:11:38.388617Z,308.706,403,False,0xCF5E79F0E2BFC3eb5fe4aB0975E9F0eEc50b54E3,GARAGE,127,VIDEO,2,READ,
w59,2025-12-19T15:11:38.388713Z,308.796,200,True,0x3a74Fec63a615BC94b9A47bEa6340935Ab155117,ADJUSTER,866,OTHER,1,READ,
w60,2025-12-19T15:11:38.388822Z,308.872,200,True,0x78273aa663aa16C08590efF5582bb4C9DD30Bb95,INSURER,52,VIDEO,2,READ,
w5,2025-12-19T15:11:38.389225Z,308.672,200,True,0xdBf006c9b4fEA25fFA98161abc660B4643109625,ADJUSTER,950,OTHER,1,READ,
w11,2025-12-19T15:11:38.375682Z,322.429,200,True,0x5CdF84465a68A1A9CEfe264b98c0701879D78982,INSURER,678,FNOL,4,READ,
w0,2025-12-19T15:11:38.389367Z,309.286,200,True,0x685A29EE8A06E458E58A29d721dFB677cdF8a600,INSURER,4,VIDEO,2,READ,
w61,2025-12-19T15:11:38.679778Z,294.640,200,True,0x48c487f18ce4aAFcf592B2eC3611eAa7B1C85918,ADJUSTER,434,IMAGE,2,READ,
w7,2025-12-19T15:11:38.680217Z,294.567,200,True,0x81A893236EFCdC58F1f9421b59Ee21eb7e38f8FB,INSURER,874,OTHER,1,READ,
w62,2025-12-19T15:11:38.680452Z,294.759,200,True,0x02BD9B3b464b98EB353C8f83Eb3b4cB0627A52Ed,COURT,847,TELEMATICS,3,READ,
w8,2025-12-19T15:11:38.680624Z,294.773,200,True,0x7C8B230898f07628a4f24e2D0ffe62373593dCce,POLICE,410,IMAGE,2,READ,
w63,2025-12-19T15:11:38.680780Z,294.752,200,True,0xAB814b041AB343702D64556Fdb3a3C104daa0445,ADJUSTER,320,IMAGE,2,READ,
w9,2025-12-19T15:11:38.680942Z,294.718,200,True,0x630ba53C12B20a6EBd04Eb0819a24b1f8C554A01,INSURER,712,TELEMATICS,3,READ,
w64,2025-12-19T15:11:38.681313Z,294.494,403,False,0x28365792Da71bc8AcAD11a4393049d006EF2E972,GARAGE,503,MEDICAL_REPORT,5,READ,
w10,2025-12-19T15:11:38.681481Z,294.458,200,True,0x82B01EfD510Bee8680730EEf777526b020e2398B,INSURER,734,TELEMATICS,3,READ,
w65,2025-12-19T15:11:38.681622Z,294.466,200,True,0xeaD317253F31780B00e0Ef360b1ade2Fb83c2b3E,INSURER,705,TELEMATICS,3,READ,
w66,2025-12-19T15:11:38.681749Z,294.481,200,True,0xC6Ffd174B730f05f52aF93e216103D6C7464cc96,INSURER,607,FNOL,4,READ,
w12,2025-12-19T15:11:38.681869Z,294.761,200,True,0xCe3b338346378767324b87Cb888eC3F1d6d34940,POLICE,401,IMAGE,2,READ,
w67,2025-12-19T15:11:38.681982Z,294.781,200,True,0x7B46635cB6cA958f34ae933b93884a5f19b258D7,INSURER,836,TELEMATICS,3,READ,
w13,2025-12-19T15:11:38.682408Z,294.474,403,False,0x567dccd668D18B4ACd8A2795151edB162Bc34767,ADJUSTER,627,MEDICAL_REPORT,5,READ,
w68,2025-12-19T15:11:38.682566Z,294.448,200,True,0xBCb233Ef85EC11C88E20Ea53Bb47f454d116FBe3,ADJUSTER,427,IMAGE,2,READ,
w14,2025-12-19T15:11:38.682703Z,294.430,200,True,0x33F5a90B9400A21046089Aaf44319BA889B0B9ed,INSURER,189,VIDEO,2,READ,
w69,2025-12-19T15:11:38.682848Z,294.397,200,True,0x5173D7F8755FdF3d2f05C01D029A3Dc55EaC0476,POLICE,286,IMAGE,2,READ,
w15,2025-12-19T15:11:38.682967Z,294.383,200,True,0x3db0bD968176A243AC81C5c8Cf02Cf429b04dD57,COURT,516,FNOL,4,READ,
w70,2025-12-19T15:11:38.683081Z,294.373,200,True,0x09596bf36cE63dABDeB58d68a52792B7BA13ba84,ADJUSTER,128,VIDEO,2,READ,
w16,2025-12-19T15:11:38.683192Z,294.370,200,True,0xD46492141A5F13412fa59e5F47Ce969c7954E752,INSURER,890,OTHER,1,READ,
w71,2025-12-19T15:11:38.683303Z,294.942,200,True,0xCC05C551476CDbEfAd79Ed75427937b892aaFE9C,ADJUSTER,914,OTHER,1,READ,
w17,2025-12-19T15:11:38.683424Z,294.984,200,True,0xD1ce8183cCf94d1494c99DFC523Af7Bd51494E8d,INSURER,470,IMAGE,2,READ,
w72,2025-12-19T15:11:38.683540Z,294.999,200,True,0x090F26617cAab81C15934159343Ff688fAf23820,POLICE,156,VIDEO,2,READ,
w18,2025-12-19T15:11:38.683681Z,294.976,200,True,0xFf85d9d86E5E1a3792266E2a5BB970C470C1e0c5,COURT,59,VIDEO,2,READ,
w73,2025-12-19T15:11:38.683807Z,294.960,200,True,0x28606132Fb05B11eee1fa6ACe3CB39F3EFFFdCCe,ADJUSTER,838,TELEMATICS,3,READ,
w19,2025-12-19T15:11:38.683916Z,294.957,200,True,0x262C7B7B136C441fA055dA7F585a2Ab956c1123C,INSURER,728,TELEMATICS,3,READ,
w74,2025-12-19T15:11:38.684030Z,294.948,200,True,0xBdfeA99CC2B9e09E4A7e6C7B14808189488E3985,COURT,836,TELEMATICS,3,READ,
w20,2025-12-19T15:11:38.684154Z,294.935,200,True,0x8216a92a44877D72a31FA6453e4583a6DCe25752,INSURER,985,OTHER,1,READ,
w75,2025-12-19T15:11:38.684286Z,294.910,403,False,0x6c2d9F1aEdB2C485CABAF82412f88d5303Fd7B73,GARAGE,720,TELEMATICS,3,READ,
w76,2025-12-19T15:11:38.684424Z,294.903,200,True,0x3308795A526382DB26cF04047fE2bBd4F56E6CE7,COURT,310,IMAGE,2,READ,
w77,2025-12-19T15:11:38.684837Z,294.598,403,False,0xD3b3bd4ce4B597519FCE080Ce05805A99cC8C772,GARAGE,98,VIDEO,2,READ,
w21,2025-12-19T15:11:38.685021Z,294.526,200,True,0x567dccd668D18B4ACd8A2795151edB162Bc34767,ADJUSTER,825,TELEMATICS,3,READ,
w78,2025-12-19T15:11:38.685206Z,294.453,200,True,0x0172115667882E73749128243A943873087c09D3,INSURER,245,VIDEO,2,READ,
w22,2025-12-19T15:11:38.685390Z,294.395,200,True,0x78273aa663aa16C08590efF5582bb4C9DD30Bb95,INSURER,567,FNOL,4,READ,
w79,2025-12-19T15:11:38.685591Z,294.315,200,True,0x18BFB9A0Bf9293D0D3bf9F42bD6e7e7b300Dc391,COURT,302,IMAGE,2,READ,
w23,2025-12-19T15:11:38.685796Z,294.240,200,True,0xB81c8729A121819695CEEDA9b389f559D6398B3C,REGULATOR,286,IMAGE,2,READ,
w80,2025-12-19T15:11:38.685994Z,294.154,200,True,0x9F6d6682cb1957F9585F9b8AC3469E4D767600D6,INSURER,105,VIDEO,2,READ,
w24,2025-12-19T15:11:38.686184Z,294.070,200,True,0xcE078954f123a07010672Fff05b36f5E43642106,INSURER,653,FNOL,4,READ,
w81,2025-12-19T15:11:38.687042Z,293.317,200,True,0x1Ab5D0f68133DA5E100635Bdf5030650cA2bE691,ADJUSTER,237,VIDEO,2,READ,
w25,2025-12-19T15:11:38.687272Z,293.201,403,False,0x1F022FfD0700E02E8f01B8f05f539f8C7a0339bb,POLICE,615,FNOL,4,READ,
w82,2025-12-19T15:11:38.687478Z,293.102,200,True,0x044bef4Ff250cBBFE36FEfE3b859D78bA04c1223,INSURER,273,IMAGE,2,READ,
w26,2025-12-19T15:11:38.687680Z,293.017,200,True,0x330f902fF463e2B611211Ccb44EF749E558Ba02a,INSURER,691,MEDICAL_REPORT,5,READ,
w83,2025-12-19T15:11:38.687883Z,292.928,403,False,0x3D8B37E283940B186f3d817371AE9834E2836f7f,GARAGE,756,TELEMATICS,3,READ,
w27,2025-12-19T15:11:38.688077Z,292.842,403,False,0x57e02f30Dd15545B3A9eC4841D0D58Ee1D829414,GARAGE,854,OTHER,1,READ,
w84,2025-12-19T15:11:38.688273Z,292.750,403,False,0xDA941366d7481DffDAd4458a22913423f40dA1eA,ADJUSTER,638,MEDICAL_REPORT,5,READ,
w28,2025-12-19T15:11:38.688479Z,292.646,200,True,0xaCB712DC0982F8B6c52EB4C5D2c205766cE3d00D,INSURER,850,TELEMATICS,3,READ,
w85,2025-12-19T15:11:38.688681Z,292.545,403,False,0x290FAd62Cb657cBfDA616da814529a670cdad059,POLICE,987,OTHER,1,READ,
w29,2025-12-19T15:11:38.688891Z,292.436,200,True,0xc0F601980c6FD898E06229024740eec17abbF5C2,INSURER,178,VIDEO,2,READ,
w86,2025-12-19T15:11:38.689102Z,292.342,200,True,0x014E540c98B93f6ce2a6F2D7FE66BeD9a19f7bEC,ADJUSTER,37,VIDEO,2,READ,
w30,2025-12-19T15:11:38.689306Z,292.271,200,True,0x065Fd3F8fcF30384f50eceBa324b1EF8411Fa759,COURT,351,IMAGE,2,READ,
w87,2025-12-19T15:11:38.689503Z,292.193,200,True,0x1cf47318cada656180563507BDd94262cAA29a4a,INSURER,928,OTHER,1,READ,
w31,2025-12-19T15:11:38.689705Z,292.837,200,True,0x51a1E6D900E3e04c169Be84b2D5e5ccB2420B0EB,INSURER,333,IMAGE,2,READ,
w88,2025-12-19T15:11:38.689900Z,292.801,200,True,0xD32B24Ff4D28e42239EcCd5cbdb456a1565DC083,ADJUSTER,362,IMAGE,2,READ,
w32,2025-12-19T15:11:38.690092Z,292.742,200,True,0xBC78986794f1658340222E011F7e1Cf375177F95,ADJUSTER,836,TELEMATICS,3,READ,
w89,2025-12-19T15:11:38.690289Z,292.662,200,True,0xC66fE61Fe01B90e3C051c0ED40Dd41fC9347D018,REGULATOR,350,IMAGE,2,READ,
w43,2025-12-19T15:11:38.690487Z,292.579,200,True,0xBC78986794f1658340222E011F7e1Cf375177F95,ADJUSTER,148,VIDEO,2,READ,
w33,2025-12-19T15:11:38.690643Z,292.537,200,True,0x51a1E6D900E3e04c169Be84b2D5e5ccB2420B0EB,INSURER,930,OTHER,1,READ,
w90,2025-12-19T15:11:38.690781Z,292.503,403,False,0x0AbFb230511189A840157bF7FcA43b1b69338dC6,POLICE,791,TELEMATICS,3,READ,
w34,2025-12-19T15:11:38.690911Z,292.483,200,True,0x4f464925226709cf94C01633A1f468E106AD6413,INSURER,279,IMAGE,2,READ,
w91,2025-12-19T15:11:38.691026Z,292.485,200,True,0xd6f5696C80b8cb2D4AAaFdaf8E7C266cf4af4538,COURT,660,FNOL,4,READ,
w35,2025-12-19T15:11:38.691881Z,291.741,200,True,0xD46492141A5F13412fa59e5F47Ce969c7954E752,INSURER,740,TELEMATICS,3,READ,
w92,2025-12-19T15:11:38.692051Z,291.679,200,True,0x3418C54B33ca42d0dF096EaD255791c7B2E2f3d9,ADJUSTER,411,IMAGE,2,READ,
w36,2025-12-19T15:11:38.692234Z,291.618,403,False,0x1F98dd762361D7256a816f8086AE6FfB657fa5bC,POLICE,953,OTHER,1,READ,
w93,2025-12-19T15:11:38.692419Z,291.548,200,True,0xFf85d9d86E5E1a3792266E2a5BB970C470C1e0c5,COURT,905,OTHER,1,READ,
w37,2025-12-19T15:11:38.692594Z,291.483,200,True,0xF80B0672A4f16BDe21fA2DF31482dA0fC606A43f,ADJUSTER,70,VIDEO,2,READ,
w94,2025-12-19T15:11:38.692730Z,291.449,200,True,0x598405697b464FEbA8C76367b7C75C59D8BE2eCF,COURT,902,OTHER,1,READ,
w38,2025-12-19T15:11:38.692888Z,291.393,200,True,0x28606132Fb05B11eee1fa6ACe3CB39F3EFFFdCCe,ADJUSTER,111,VIDEO,2,READ,
w95,2025-12-19T15:11:38.693041Z,291.342,403,False,0x7C8B230898f07628a4f24e2D0ffe62373593dCce,POLICE,503,MEDICAL_REPORT,5,READ,
w39,2025-12-19T15:11:38.693164Z,291.321,200,True,0x48c487f18ce4aAFcf592B2eC3611eAa7B1C85918,ADJUSTER,929,OTHER,1,READ,
w96,2025-12-19T15:11:38.693285Z,291.306,200,True,0x85C720Ae65eF1706A0cf41695a93A34E189D5Ea0,INSURER,852,OTHER,1,READ,
w40,2025-12-19T15:11:38.693391Z,291.306,200,True,0xF80B0672A4f16BDe21fA2DF31482dA0fC606A43f,ADJUSTER,701,TELEMATICS,3,READ,
w97,2025-12-19T15:11:38.693499Z,291.302,200,True,0x456F6DbE8aF9e05a1918B64f0Bd0690809b23E6B,INSURER,820,TELEMATICS,3,READ,
w41,2025-12-19T15:11:38.693655Z,291.247,200,True,0xeD60C4758Fab078c38685EeEF9692D8Fa4F3dDB9,INSURER,267,IMAGE,2,READ,
w98,2025-12-19T15:11:38.693847Z,291.165,200,True,0xCC05C551476CDbEfAd79Ed75427937b892aaFE9C,ADJUSTER,542,FNOL,4,READ,
w42,2025-12-19T15:11:38.694043Z,291.088,200,True,0xc0F601980c6FD898E06229024740eec17abbF5C2,INSURER,684,FNOL,4,READ,
w99,2025-12-19T15:11:38.694221Z,291.014,200,True,0xE4A8571e1F142Bd99866AA9464c49517B2ac0E01,ADJUSTER,668,FNOL,4,READ,
w1,2025-12-19T15:11:38.694397Z,290.942,200,True,0xCC05C551476CDbEfAd79Ed75427937b892aaFE9C,ADJUSTER,803,TELEMATICS,3,READ,
w44,2025-12-19T15:11:38.694530Z,290.910,403,False,0xD3b3bd4ce4B597519FCE080Ce05805A99cC8C772,GARAGE,21,VIDEO,2,READ,
w45,2025-12-19T15:11:38.694655Z,290.890,200,True,0xBdfeA99CC2B9e09E4A7e6C7B14808189488E3985,COURT,812,TELEMATICS,3,READ,
w46,2025-12-19T15:11:38.694776Z,290.879,200,True,0x467316319C6B5f391c5a6B3b0190d4209202fC25,ADJUSTER,971,OTHER,1,READ,
w47,2025-12-19T15:11:38.694907Z,290.849,200,True,0x18BFB9A0Bf9293D0D3bf9F42bD6e7e7b300Dc391,COURT,681,MEDICAL_REPORT,5,READ,
w48,2025-12-19T15:11:38.695025Z,290.831,200,True,0xa96C0E04f38F8dC8842789660AA8C570bfCCFF50,GARAGE,341,IMAGE,2,READ,
w49,2025-12-19T15:11:38.695127Z,290.838,200,True,0xDA941366d7481DffDAd4458a22913423f40dA1eA,ADJUSTER,766,TELEMATICS,3,READ,
w50,2025-12-19T15:11:38.695230Z,290.844,200,True,0x59A67A1183C69AAf8Fe3D746D569392b7d4A5035,ADJUSTER,365,IMAGE,2,READ,
w51,2025-12-19T15:11:38.695379Z,290.797,403,False,0x23aA93bc659A3e3D0da5434a4088578341D43278,GARAGE,145,VIDEO,2,READ,
w52,2025-12-19T15:11:38.695547Z,290.752,200,True,0xF96D07BDd0404b21a6B987cF6C21b9A5E3045f5F,INSURER,476,IMAGE,2,READ,
w53,2025-12-19T15:11:38.695738Z,291.047,200,True,0xd963E5e27CB9872abc2Fbed9107c373Aa59583a4,INSURER,242,VIDEO,2,READ,
w54,2025-12-19T15:11:38.695949Z,290.986,200,True,0xfd4Fc17438169bC1228EB21c2cb9b8DE1E97472a,INSURER,64,VIDEO,2,READ,
w55,2025-12-19T15:11:38.696144Z,290.914,200,True,0x59760590b1fCF3C846635ae6432DE56ef26298B8,GARAGE,461,IMAGE,2,READ,
w56,2025-12-19T15:11:38.696342Z,290.830,200,True,0x85C720Ae65eF1706A0cf41695a93A34E189D5Ea0,INSURER,880,OTHER,1,READ,
w2,2025-12-19T15:11:38.696529Z,290.750,403,False,0xDD3EceF8307a47a0307E4f44135C61Dd2C75c6d7,POLICE,504,MEDICAL_REPORT,5,READ,
w57,2025-12-19T15:11:38.696724Z,290.660,200,True,0x11652BF4c5D394F3a46E96f2bE659939a0f6a6ed,INSURER,591,FNOL,4,READ,
w3,2025-12-19T15:11:38.696945Z,290.560,403,False,0xcCC472e2d0eDA52066a80BCFb4577Dc9Fb7CD453,POLICE,533,MEDICAL_REPORT,5,READ,
w58,2025-12-19T15:11:38.697140Z,290.522,200,True,0x8216a92a44877D72a31FA6453e4583a6DCe25752,INSURER,709,TELEMATICS,3,READ,
w4,2025-12-19T15:11:38.697330Z,290.507,403,False,0x84FDd0E1F145C20f9451b1eB751c26e76B3232d4,POLICE,608,FNOL,4,READ,
w59,2025-12-19T15:11:38.697516Z,290.490,200,True,0xc0F601980c6FD898E06229024740eec17abbF5C2,INSURER,15,VIDEO,2,READ,
w60,2025-12-19T15:11:38.697701Z,290.482,200,True,0x3418C54B33ca42d0dF096EaD255791c7B2E2f3d9,ADJUSTER,3,VIDEO,2,READ,
w5,2025-12-19T15:11:38.697905Z,290.463,200,True,0x73E42dF14ff21e7994A37802a292F71830CDA5aF,INSURER,143,VIDEO,2,READ,
w6,2025-12-19T15:11:38.679312Z,309.270,200,True,0x685A29EE8A06E458E58A29d721dFB677cdF8a600,INSURER,302,IMAGE,2,READ,
w11,2025-12-19T15:11:38.698119Z,290.666,200,True,0xeaD317253F31780B00e0Ef360b1ade2Fb83c2b3E,INSURER,702,TELEMATICS,3,READ,
w0,2025-12-19T15:11:38.698660Z,290.323,200,True,0x73E42dF14ff21e7994A37802a292F71830CDA5aF,INSURER,539,FNOL,4,READ,
w7,2025-12-19T15:11:38.974794Z,328.910,200,True,0x29Da547ffD477d0d4628d547368EcFDF73054469,ADJUSTER,423,IMAGE,2,READ,
w62,2025-12-19T15:11:38.975219Z,328.842,200,True,0x0520cA4f9c2359a2d1cc1B072e4dA8A3587C2088,INSURER,77,VIDEO,2,READ,
w8,2025-12-19T15:11:38.975403Z,328.844,200,True,0x11652BF4c5D394F3a46E96f2bE659939a0f6a6ed,INSURER,688,FNOL,4,READ,
w63,2025-12-19T15:11:38.975537Z,329.079,200,True,0xD32B24Ff4D28e42239EcCd5cbdb456a1565DC083,ADJUSTER,530,FNOL,4,READ,
w9,2025-12-19T15:11:38.975665Z,329.153,200,True,0xd132a79Ca7Be8caaC9A27467EB9B65F7cBD6F50E,ADJUSTER,786,TELEMATICS,3,READ,
w64,2025-12-19T15:11:38.975813Z,329.213,200,True,0x3418C54B33ca42d0dF096EaD255791c7B2E2f3d9,ADJUSTER,323,IMAGE,2,READ,
w10,2025-12-19T15:11:38.975945Z,329.293,200,True,0xAF3C604AE7a9E247C368331a22270415269Ef10d,INSURER,260,IMAGE,2,READ,
w65,2025-12-19T15:11:38.976095Z,329.340,200,True,0xF88a95Dd8B84AF76941627AA419BEFc507d88125,ADJUSTER,456,IMAGE,2,READ,
w66,2025-12-19T15:11:38.976235Z,329.348,200,True,0x33F5a90B9400A21046089Aaf44319BA889B0B9ed,INSURER,625,FNOL,4,READ,
w12,2025-12-19T15:11:38.976635Z,329.075,200,True,0x29Da547ffD477d0d4628d547368EcFDF73054469,ADJUSTER,577,FNOL,4,READ,
w67,2025-12-19T15:11:38.976768Z,329.085,200,True,0x40fca3Fa04d657c9879B638C57A2a70683E3efED,REGULATOR,12,VIDEO,2,READ,
w13,2025-12-19T15:11:38.976886Z,329.485,200,True,0x1F98dd762361D7256a816f8086AE6FfB657fa5bC,POLICE,457,IMAGE,2,READ,
w68,2025-12-19T15:11:38.977019Z,329.559,200,True,0xd963E5e27CB9872abc2Fbed9107c373Aa59583a4,INSURER,992,OTHER,1,READ,
w14,2025-12-19T15:11:38.977138Z,329.637,403,False,0x090F26617cAab81C15934159343Ff688fAf23820,POLICE,916,OTHER,1,READ,
w69,2025-12-19T15:11:38.977250Z,329.717,200,True,0x68cBdE77b98e3AF3281dBC229ee66540Eac3f007,ADJUSTER,819,TELEMATICS,3,READ,
w15,2025-12-19T15:11:38.977354Z,329.802,200,True,0x8FA3c986B63dEd44ce62D4aC5b3b0F49FF447700,COURT,598,FNOL,4,READ,
w70,2025-12-19T15:11:38.977459Z,329.884,200,True,0x2ee7F051BB940423f554ea44742f7c4c8C20Ea59,INSURER,273,IMAGE,2,READ,
w16,2025-12-19T15:11:38.977566Z,329.925,200,True,0x58f181cd636a8F0a8335240Efc4979212ff45341,INSURER,433,IMAGE,2,READ,
w71,2025-12-19T15:11:38.978253Z,329.380,200,True,0x51A2465dc26f17e37524f93494A8409715ACc9c2,INSURER,416,IMAGE,2,READ,
w17,2025-12-19T15:11:38.978414Z,329.340,200,True,0xE385ea618340FfE0d7c7e9EB25048F1c1E437F33,INSURER,855,OTHER,1,READ,
w72,2025-12-19T15:11:38.978544Z,329.322,200,True,0x73E42dF14ff21e7994A37802a292F71830CDA5aF,INSURER,156,VIDEO,2,READ,
w18,2025-12-19T15:11:38.978662Z,329.981,403,False,0x3D8B37E283940B186f3d817371AE9834E2836f7f,GARAGE,141,VIDEO,2,READ,
w73,2025-12-19T15:11:38.978771Z,330.025,200,True,0x065Fd3F8fcF30384f50eceBa324b1EF8411Fa759,COURT,506,FNOL,4,READ,
w19,2025-12-19T15:11:38.978878Z,330.061,200,True,0xAB814b041AB343702D64556Fdb3a3C104daa0445,ADJUSTER,412,IMAGE,2,READ,
w74,2025-12-19T15:11:38.978982Z,330.079,200,True,0x28606132Fb05B11eee1fa6ACe3CB39F3EFFFdCCe,ADJUSTER,132,VIDEO,2,READ,
w20,2025-12-19T15:11:38.979093Z,330.082,200,True,0xc0F601980c6FD898E06229024740eec17abbF5C2,INSURER,222,VIDEO,2,READ,
w75,2025-12-19T15:11:38.979202Z,330.108,403,False,0xcCC472e2d0eDA52066a80BCFb4577Dc9Fb7CD453,POLICE,801,TELEMATICS,3,READ,
w76,2025-12-19T15:11:38.979331Z,330.102,200,True,0xE056D0a60EfEE3e1642D5B2129E2bbBdAf22444c,INSURER,913,OTHER,1,READ,
w77,2025-12-19T15:11:38.979440Z,330.108,200,True,0x290FAd62Cb657cBfDA616da814529a670cdad059,POLICE,364,IMAGE,2,READ,
w21,2025-12-19T15:11:38.979551Z,330.122,200,True,0x78b99D5D04232b9650d619DBa5F5600a9242A472,INSURER,754,TELEMATICS,3,READ,
w78,2025-12-19T15:11:38.979664Z,330.117,200,True,0x8216a92a44877D72a31FA6453e4583a6DCe25752,INSURER,81,VIDEO,2,READ,
w22,2025-12-19T15:11:38.979791Z,330.096,403,False,0x26b179d013C696c433c0f316E594f7a7AcE77C79,GARAGE,853,OTHER,1,READ,
w79,2025-12-19T15:11:38.979910Z,330.080,403,False,0x996644d2075D6c96FEB649879534dFAb933903f6,GARAGE,692,MEDICAL_REPORT,5,READ,
w23,2025-12-19T15:11:38.980042Z,330.046,200,True,0x27158a264fdA9698B85485706B47BBC87Fa6Db4b,ADJUSTER,415,IMAGE,2,READ,
w80,2025-12-19T15:11:38.980152Z,330.036,200,True,0xd132a79Ca7Be8caaC9A27467EB9B65F7cBD6F50E,ADJUSTER,821,TELEMATICS,3,READ,
w24,2025-12-19T15:11:38.980258Z,330.038,200,True,0xD46492141A5F13412fa59e5F47Ce969c7954E752,INSURER,636,FNOL,4,READ,
w81,2025-12-19T15:11:38.980364Z,330.035,200,True,0xE056D0a60EfEE3e1642D5B2129E2bbBdAf22444c,INSURER,536,FNOL,4,READ,
w25,2025-12-19T15:11:38.980478Z,330.018,403,False,0x6c2d9F1aEdB2C485CABAF82412f88d5303Fd7B73,GARAGE,804,TELEMATICS,3,READ,
w82,2025-12-19T15:11:38.980585Z,330.016,200,True,0x81A893236EFCdC58F1f9421b59Ee21eb7e38f8FB,INSURER,323,IMAGE,2,READ,
w26,2025-12-19T15:11:38.980701Z,329.998,200,True,0x51A2465dc26f17e37524f93494A8409715ACc9c2,INSURER,730,TELEMATICS,3,READ,
w83,2025-12-19T15:11:38.980816Z,329.981,200,True,0xd963E5e27CB9872abc2Fbed9107c373Aa59583a4,INSURER,882,OTHER,1,READ,
w27,2025-12-19T15:11:38.980923Z,329.969,200,True,0xE056D0a60EfEE3e1642D5B2129E2bbBdAf22444c,INSURER,832,TELEMATICS,3,READ,
w84,2025-12-19T15:11:38.981027Z,329.965,200,True,0xF96D07BDd0404b21a6B987cF6C21b9A5E3045f5F,INSURER,695,MEDICAL_REPORT,5,READ,
w28,2025-12-19T15:11:38.981130Z,329.961,200,True,0xD21eB53384cE472F3DE7527DC9A5820dA80bBB01,INSURER,813,TELEMATICS,3,READ,
w85,2025-12-19T15:11:38.981230Z,329.956,200,True,0x3d9c5458418bD082b010C0F93c3b8FBF9826E0Bf,INSURER,558,MEDICAL_REPORT,5,READ,
w29,2025-12-19T15:11:38.981332Z,329.978,200,True,0x182C98818C6b29Ff23d7d1d9766e1B1dEB1aBAeB,INSURER,153,VIDEO,2,READ,
w86,2025-12-19T15:11:38.981449Z,329.982,200,True,0xDA941366d7481DffDAd4458a22913423f40dA1eA,ADJUSTER,55,VIDEO,2,READ,
w30,2025-12-19T15:11:38.981583Z,329.953,200,True,0x68cBdE77b98e3AF3281dBC229ee66540Eac3f007,ADJUSTER,976,OTHER,1,READ,
w87,2025-12-19T15:11:38.981700Z,329.941,200,True,0x933be1Be0aF68b62934fE96ADB1AB2Ee1C47B4F0,INSURER,734,TELEMATICS,3,READ,
w31,2025-12-19T15:11:38.982548Z,329.194,403,False,0x415Ba7B0D983442D5407ABEF5Ebd8e9d2bB533B7,POLICE,996,OTHER,1,READ,
w88,2025-12-19T15:11:38.982706Z,329.139,200,True,0x29950abd635aF427d5E2fF0DB9f6920fC915bC55,INSURER,879,OTHER,1,READ,
w32,2025-12-19T15:11:38.982838Z,329.106,200,True,0x3B4ab93e0901742BFfc8A18D301F36f820AD3bB9,ADJUSTER,374,IMAGE,2,READ,
w89,2025-12-19T15:11:38.982955Z,329.087,200,True,0xcCC472e2d0eDA52066a80BCFb4577Dc9Fb7CD453,POLICE,274,IMAGE,2,READ,
w43,2025-12-19T15:11:38.983072Z,329.073,200,True,0x811FdDFb3340F34AB2b91C97AcB5FAeB6405847E,REGULATOR,886,OTHER,1,READ,
w33,2025-12-19T15:11:38.983184Z,329.062,200,True,0x0AbFb230511189A840157bF7FcA43b1b69338dC6,POLICE,323,IMAGE,2,READ,
w90,2025-12-19T15:11:38.983288Z,329.070,200,True,0x685A29EE8A06E458E58A29d721dFB677cdF8a600,INSURER,562,FNOL,4,READ,
w34,2025-12-19T15:11:38.983398Z,329.104,200,True,0x9F6d6682cb1957F9585F9b8AC3469E4D767600D6,INSURER,410,IMAGE,2,READ,
w91,2025-12-19T15:11:38.983515Z,329.178,403,False,0x59A67A1183C69AAf8Fe3D746D569392b7d4A5035,ADJUSTER,694,MEDICAL_REPORT,5,READ,
w35,2025-12-19T15:11:38.983627Z,329.248,200,True,0x5173D7F8755FdF3d2f05C01D029A3Dc55EaC0476,POLICE,310,IMAGE,2,READ,
w92,2025-12-19T15:11:38.983735Z,330.288,200,True,0x7B46635cB6cA958f34ae933b93884a5f19b258D7,INSURER,730,TELEMATICS,3,READ,
w36,2025-12-19T15:11:38.983856Z,330.377,200,True,0xb8Fe0E775705824a50658ef111434567024d4310,REGULATOR,181,VIDEO,2,READ,
w93,2025-12-19T15:11:38.983971Z,330.418,200,True,0xcE078954f123a07010672Fff05b36f5E43642106,INSURER,286,IMAGE,2,READ,
w37,2025-12-19T15:11:38.984081Z,330.467,200,True,0xD06Cc40e4D98aDc886d652F4253985B5c04282b9,REGULATOR,802,TELEMATICS,3,READ,
w94,2025-12-19T15:11:38.984184Z,330.489,200,True,0xD46492141A5F13412fa59e5F47Ce969c7954E752,INSURER,900,OTHER,1,READ,
w38,2025-12-19T15:11:38.984285Z,330.503,200,True,0x5cA86E3342DEA0C1a26C49f1a4fA40DeEeAFf8a8,INSURER,455,IMAGE,2,READ,
w95,2025-12-19T15:11:38.984388Z,330.543,200,True,0x97910F1306b5414B4C61D9A719B6871f5c77662f,INSURER,636,FNOL,4,READ,
w39,2025-12-19T15:11:38.984489Z,330.582,200,True,0x07DA3024980d3B92Bcf6B8850A7C08F758B5F781,INSURER,623,FNOL,4,READ,
w96,2025-12-19T15:11:38.984596Z,330.589,200,True,0x42dC03c90d7652B937d26628a86f9317bbf521dc,INSURER,32,VIDEO,2,READ,
w40,2025-12-19T15:11:38.984702Z,330.620,200,True,0x07DA3024980d3B92Bcf6B8850A7C08F758B5F781,INSURER,311,IMAGE,2,READ,
w97,2025-12-19T15:11:38.984805Z,330.649,200,True,0xa814b4D02E07Daa3235ffc1E4752eCF8f6C2D8d8,ADJUSTER,247,VIDEO,2,READ,
w41,2025-12-19T15:11:38.984906Z,330.663,200,True,0x933be1Be0aF68b62934fE96ADB1AB2Ee1C47B4F0,INSURER,528,MEDICAL_REPORT,5,READ,
w98,2025-12-19T15:11:38.985018Z,330.654,200,True,0x3308795A526382DB26cF04047fE2bBd4F56E6CE7,COURT,120,VIDEO,2,READ,
w42,2025-12-19T15:11:38.985135Z,330.661,200,True,0xC23BB727D3Ae6bD9cd90AC52ee26359F19176de3,INSURER,505,FNOL,4,READ,
w99,2025-12-19T15:11:38.985240Z,330.702,200,True,0x98eAB44F56Ae1f00C301517F1B6fCDb7a452D64b,ADJUSTER,570,FNOL,4,READ,
w1,2025-12-19T15:11:38.985343Z,330.723,200,True,0x50Ed54bf40D96Fda59d7F83abE5551535d7938ac,COURT,994,OTHER,1,READ,
w44,2025-12-19T15:11:38.985444Z,330.735,200,True,0x3d4Bd094c1894ed38F3EcF0799bE66f83a4199ca,ADJUSTER,763,TELEMATICS,3,READ,
w45,2025-12-19T15:11:38.985550Z,330.752,200,True,0xcA28195b12c3c8cB960d8423584ee9a8677BD158,POLICE,198,VIDEO,2,READ,
w46,2025-12-19T15:11:38.985659Z,330.757,200,True,0xcE078954f123a07010672Fff05b36f5E43642106,INSURER,277,IMAGE,2,READ,
w47,2025-12-19T15:11:38.985761Z,330.781,200,True,0x26b179d013C696c433c0f316E594f7a7AcE77C79,GARAGE,310,IMAGE,2,READ,
w48,2025-12-19T15:11:38.985860Z,330.796,200,True,0x1cf47318cada656180563507BDd94262cAA29a4a,INSURER,474,IMAGE,2,READ,
w49,2025-12-19T15:11:38.985969Z,330.810,200,True,0x466ec685AE894BAc153c11350FC488cAAa2C062E,INSURER,589,MEDICAL_REPORT,5,READ,
w50,2025-12-19T15:11:38.986078Z,330.834,200,True,0x7C8B230898f07628a4f24e2D0ffe62373593dCce,POLICE,158,VIDEO,2,READ,
w51,2025-12-19T15:11:38.986180Z,330.840,200,True,0x0520cA4f9c2359a2d1cc1B072e4dA8A3587C2088,INSURER,287,IMAGE,2,READ,
w52,2025-12-19T15:11:38.986304Z,330.827,200,True,0x5ee06906aF52aEd2c884D505d3a0A7CA7513188D,INSURER,350,IMAGE,2,READ,
w53,2025-12-19T15:11:38.986791Z,330.452,200,True,0xB2241965995ed972D442D6A9461eF3583ecA95B6,INSURER,116,VIDEO,2,READ,
w54,2025-12-19T15:11:38.986940Z,330.411,200,True,0x3d9c5458418bD082b010C0F93c3b8FBF9826E0Bf,INSURER,702,TELEMATICS,3,READ,
w55,2025-12-19T15:11:38.987063Z,330.396,403,False,0xA75Af013B9CBdf4322e0c459A2fB8B708fbB8Ddc,POLICE,799,TELEMATICS,3,READ,
w56,2025-12-19T15:11:38.987177Z,330.410,200,True,0xD21eB53384cE472F3DE7527DC9A5820dA80bBB01,INSURER,405,IMAGE,2,READ,
w2,2025-12-19T15:11:38.987283Z,330.414,200,True,0x3E93709810FB754ab4D6A2487344dF504087996D,INSURER,230,VIDEO,2,READ,
w57,2025-12-19T15:11:38.987389Z,330.424,200,True,0xC66fE61Fe01B90e3C051c0ED40Dd41fC9347D018,REGULATOR,393,IMAGE,2,READ,
w3,2025-12-19T15:11:38.987510Z,330.410,200,True,0x7B678e542Dec17ab096b423D15262dcD9B8c11D8,POLICE,339,IMAGE,2,READ,
w58,2025-12-19T15:11:38.987669Z,330.352,403,False,0x23aA93bc659A3e3D0da5434a4088578341D43278,GARAGE,33,VIDEO,2,READ,
w4,2025-12-19T15:11:38.987843Z,330.310,200,True,0xD06Cc40e4D98aDc886d652F4253985B5c04282b9,REGULATOR,986,OTHER,1,READ,
w59,2025-12-19T15:11:38.988013Z,330.250,200,True,0xDD3EceF8307a47a0307E4f44135C61Dd2C75c6d7,POLICE,493,IMAGE,2,READ,
w60,2025-12-19T15:11:38.988190Z,330.188,200,True,0xC5f6e3512D3B1133da1f88159fDf63dC9f2d43FB,ADJUSTER,810,TELEMATICS,3,READ,
w5,2025-12-19T15:11:38.988377Z,330.103,200,True,0xDA941366d7481DffDAd4458a22913423f40dA1eA,ADJUSTER,29,VIDEO,2,READ,
w6,2025-12-19T15:11:38.988590Z,329.991,200,True,0x33F5a90B9400A21046089Aaf44319BA889B0B9ed,INSURER,728,TELEMATICS,3,READ,
w11,2025-12-19T15:11:38.988793Z,329.902,200,True,0xB81c8729A121819695CEEDA9b389f559D6398B3C,REGULATOR,804,TELEMATICS,3,READ,
w61,2025-12-19T15:11:38.974431Z,344.398,200,True,0xC66fE61Fe01B90e3C051c0ED40Dd41fC9347D018,REGULATOR,887,OTHER,1,READ,
w0,2025-12-19T15:11:38.988988Z,330.176,200,True,0xf5d0314845FCf19022a28FeD6650e58CFc01f243,INSURER,266,IMAGE,2,READ,
w62,2025-12-19T15:11:39.304070Z,315.931,200,True,0xcE078954f123a07010672Fff05b36f5E43642106,INSURER,327,IMAGE,2,READ,
w8,2025-12-19T15:11:39.304253Z,316.120,403,False,0xcCC472e2d0eDA52066a80BCFb4577Dc9Fb7CD453,POLICE,561,MEDICAL_REPORT,5,READ,
w63,2025-12-19T15:11:39.304624Z,316.123,200,True,0x014E540c98B93f6ce2a6F2D7FE66BeD9a19f7bEC,ADJUSTER,259,IMAGE,2,READ,
w9,2025-12-19T15:11:39.304825Z,316.103,200,True,0xAF3C604AE7a9E247C368331a22270415269Ef10d,INSURER,480,IMAGE,2,READ,
w64,2025-12-19T15:11:39.305034Z,316.047,200,True,0x2ee7F051BB940423f554ea44742f7c4c8C20Ea59,INSURER,921,OTHER,1,READ,
w10,2025-12-19T15:11:39.305245Z,315.988,403,False,0x469Bf06C8a44e5E2Bb2752C29B92d88DCA076B8a,POLICE,895,OTHER,1,READ,
w65,2025-12-19T15:11:39.305440Z,315.950,200,True,0xD756c57480Ea623123AB3a5ad4445875E3309Ac6,INSURER,964,OTHER,1,READ,
w66,2025-12-19T15:11:39.305590Z,315.946,200,True,0x38C88185b74B534134345be38916483044075686,POLICE,136,VIDEO,2,READ,
w12,2025-12-19T15:11:39.305716Z,315.949,403,False,0x419d3b699AA38c218f3D84f0a3129a6383634f17,ADJUSTER,612,MEDICAL_REPORT,5,READ,
w67,2025-12-19T15:11:39.305858Z,315.934,200,True,0x1EBe67547Da63652edcAE7c36347A6d05ef27c1C,POLICE,349,IMAGE,2,READ,
w13,2025-12-19T15:11:39.306378Z,315.904,200,True,0xFeC4882fEAf263ac0fD1b9B4271dD1852B413584,INSURER,770,TELEMATICS,3,READ,
w68,2025-12-19T15:11:39.306584Z,315.841,200,True,0x3db0bD968176A243AC81C5c8Cf02Cf429b04dD57,COURT,778,TELEMATICS,3,READ,
w14,2025-12-19T15:11:39.306782Z,315.780,200,True,0x48c487f18ce4aAFcf592B2eC3611eAa7B1C85918,ADJUSTER,249,VIDEO,2,READ,
w69,2025-12-19T15:11:39.306973Z,315.704,200,True,0x42dC03c90d7652B937d26628a86f9317bbf521dc,INSURER,501,FNOL,4,READ,
w15,2025-12-19T15:11:39.307162Z,315.630,200,True,0x29950abd635aF427d5E2fF0DB9f6920fC915bC55,INSURER,864,OTHER,1,READ,
w70,2025-12-19T15:11:39.307349Z,315.560,200,True,0x11652BF4c5D394F3a46E96f2bE659939a0f6a6ed,INSURER,421,IMAGE,2,READ,
w16,2025-12-19T15:11:39.307497Z,315.529,200,True,0x419d3b699AA38c218f3D84f0a3129a6383634f17,ADJUSTER,203,VIDEO,2,READ,
w71,2025-12-19T15:11:39.307637Z,315.531,200,True,0xBCb233Ef85EC11C88E20Ea53Bb47f454d116FBe3,ADJUSTER,42,VIDEO,2,READ,
w17,2025-12-19T15:11:39.307759Z,316.130,200,True,0x46Adf75988C45FBD67a07651b6f684943428c17C,INSURER,125,VIDEO,2,READ,
w72,2025-12-19T15:11:39.307870Z,316.175,200,True,0x73E42dF14ff21e7994A37802a292F71830CDA5aF,INSURER,626,FNOL,4,READ,
w18,2025-12-19T15:11:39.308648Z,315.540,200,True,0x3A995E7B23E0Fe0f9a5537f57AA80BACa529eFC4,INSURER,703,TELEMATICS,3,READ,
w73,2025-12-19T15:11:39.308802Z,315.524,403,False,0x3a74Fec63a615BC94b9A47bEa6340935Ab155117,ADJUSTER,692,MEDICAL_REPORT,5,READ,
w19,2025-12-19T15:11:39.308945Z,315.526,200,True,0x51A2465dc26f17e37524f93494A8409715ACc9c2,INSURER,886,OTHER,1,READ,
w74,2025-12-19T15:11:39.309067Z,315.529,200,True,0xCF5E79F0E2BFC3eb5fe4aB0975E9F0eEc50b54E3,GARAGE,276,IMAGE,2,READ,
w20,2025-12-19T15:11:39.309179Z,315.535,200,True,0x415Ba7B0D983442D5407ABEF5Ebd8e9d2bB533B7,POLICE,370,IMAGE,2,READ,
w75,2025-12-19T15:11:39.309315Z,315.521,200,True,0x808936f08CCC0a9C3953Cd3716006fB99825CBa4,COURT,331,IMAGE,2,READ,
w76,2025-12-19T15:11:39.309438Z,315.513,403,False,0xCF5E79F0E2BFC3eb5fe4aB0975E9F0eEc50b54E3,GARAGE,181,VIDEO,2,READ,
w77,2025-12-19T15:11:39.309554Z,315.526,200,True,0x5ee06906aF52aEd2c884D505d3a0A7CA7513188D,INSURER,671,MEDICAL_REPORT,5,READ,
w21,2025-12-19T15:11:39.309678Z,315.542,403,False,0xDd45386232533D2C209976e678A91A2263676ECB,GARAGE,229,VIDEO,2,READ,
w78,2025-12-19T15:11:39.309786Z,315.556,200,True,0x8FA3c986B63dEd44ce62D4aC5b3b0F49FF447700,COURT,951,OTHER,1,READ,
w22,2025-12-19T15:11:39.309893Z,315.569,403,False,0x1F98dd762361D7256a816f8086AE6FfB657fa5bC,POLICE,908,OTHER,1,READ,
w79,2025-12-19T15:11:39.309993Z,315.615,200,True,0xB2241965995ed972D442D6A9461eF3583ecA95B6,INSURER,920,OTHER,1,READ,
w23,2025-12-19T15:11:39.310093Z,315.653,200,True,0xC586D6C2dc89b791ae2AA6ae054c2629891275e1,POLICE,461,IMAGE,2,READ,
w80,2025-12-19T15:11:39.310193Z,315.680,200,True,0x07DA3024980d3B92Bcf6B8850A7C08F758B5F781,INSURER,770,TELEMATICS,3,READ,
w24,2025-12-19T15:11:39.310301Z,315.683,403,False,0xDA941366d7481DffDAd4458a22913423f40dA1eA,ADJUSTER,674,MEDICAL_REPORT,5,READ,
w81,2025-12-19T15:11:39.310403Z,315.688,200,True,0x27158a264fdA9698B85485706B47BBC87Fa6Db4b,ADJUSTER,380,IMAGE,2,READ,
w25,2025-12-19T15:11:39.310500Z,315.696,200,True,0xC29Fbef10EC6e6A787036cEA0C9024ce9F435d97,INSURER,760,TELEMATICS,3,READ,
w82,2025-12-19T15:11:39.310604Z,315.710,200,True,0xAB814b041AB343702D64556Fdb3a3C104daa0445,ADJUSTER,666,FNOL,4,READ,
w26,2025-12-19T15:11:39.310703Z,315.721,403,False,0xD261b62ccB398d8100234C5fD641c6D67B10C62B,GARAGE,671,MEDICAL_REPORT,5,READ,
w83,2025-12-19T15:11:39.310801Z,315.725,200,True,0x6B97e16D77504562cB9392834019252f4057F4D5,POLICE,151,VIDEO,2,READ,
w27,2025-12-19T15:11:39.310896Z,315.737,200,True,0x469Bf06C8a44e5E2Bb2752C29B92d88DCA076B8a,POLICE,411,IMAGE,2,READ,
w84,2025-12-19T15:11:39.310997Z,315.751,200,True,0x58e8E907e02C35e581Ed3a4e98906344861E7265,INSURER,813,TELEMATICS,3,READ,
w28,2025-12-19T15:11:39.311094Z,315.769,200,True,0x466ec685AE894BAc153c11350FC488cAAa2C062E,INSURER,268,IMAGE,2,READ,
w85,2025-12-19T15:11:39.311190Z,315.778,200,True,0x630ba53C12B20a6EBd04Eb0819a24b1f8C554A01,INSURER,218,VIDEO,2,READ,
w29,2025-12-19T15:11:39.311316Z,315.760,200,True,0x4395153bc7Ac8ebD080b3C98FE634fcA40E5609F,COURT,720,TELEMATICS,3,READ,
w86,2025-12-19T15:11:39.311435Z,315.754,403,False,0xA75Af013B9CBdf4322e0c459A2fB8B708fbB8Ddc,POLICE,812,TELEMATICS,3,READ,
w30,2025-12-19T15:11:39.311541Z,315.793,403,False,0x6c2d9F1aEdB2C485CABAF82412f88d5303Fd7B73,GARAGE,112,VIDEO,2,READ,
w87,2025-12-19T15:11:39.311645Z,315.814,200,True,0x67A9BC3Fb3B4a392C223A8C644B48346b9Ca5128,COURT,842,TELEMATICS,3,READ,
w31,2025-12-19T15:11:39.311748Z,315.849,200,True,0x290FAd62Cb657cBfDA616da814529a670cdad059,POLICE,414,IMAGE,2,READ,
w88,2025-12-19T15:11:39.311849Z,315.859,200,True,0x469Bf06C8a44e5E2Bb2752C29B92d88DCA076B8a,POLICE,234,VIDEO,2,READ,
w32,2025-12-19T15:11:39.311948Z,316.540,200,True,0xcCC472e2d0eDA52066a80BCFb4577Dc9Fb7CD453,POLICE,427,IMAGE,2,READ,
w89,2025-12-19T15:11:39.312047Z,316.589,403,False,0x59760590b1fCF3C846635ae6432DE56ef26298B8,GARAGE,744,TELEMATICS,3,READ,
w43,2025-12-19T15:11:39.312149Z,316.617,200,True,0x933be1Be0aF68b62934fE96ADB1AB2Ee1C47B4F0,INSURER,505,FNOL,4,READ,
w33,2025-12-19T15:11:39.312250Z,316.631,200,True,0xBC78986794f1658340222E011F7e1Cf375177F95,ADJUSTER,776,TELEMATICS,3,READ,
w90,2025-12-19T15:11:39.312362Z,316.624,403,False,0x26b179d013C696c433c0f316E594f7a7AcE77C79,GARAGE,202,VIDEO,2,READ,
w34,2025-12-19T15:11:39.312508Z,316.586,200,True,0x85C720Ae65eF1706A0cf41695a93A34E189D5Ea0,INSURER,340,IMAGE,2,READ,
w91,2025-12-19T15:11:39.312699Z,316.551,403,False,0xEcbE69567Cf42475FbE6Ea4523541e58C4d22957,GARAGE,514,MEDICAL_REPORT,5,READ,
w35,2025-12-19T15:11:39.312881Z,316.546,200,True,0x2875Aa8C20c095495Ab5d6A1aBE2E2b07077dF55,INSURER,522,MEDICAL_REPORT,5,READ,
w92,2025-12-19T15:11:39.314034Z,315.580,200,True,0xD1ce8183cCf94d1494c99DFC523Af7Bd51494E8d,INSURER,864,OTHER,1,READ,
w36,2025-12-19T15:11:39.314239Z,315.556,200,True,0x50Ed54bf40D96Fda59d7F83abE5551535d7938ac,COURT,521,FNOL,4,READ,
w93,2025-12-19T15:11:39.314395Z,315.574,200,True,0x7B46635cB6cA958f34ae933b93884a5f19b258D7,INSURER,588,MEDICAL_REPORT,5,READ,
w37,2025-12-19T15:11:39.314554Z,315.626,200,True,0x014E540c98B93f6ce2a6F2D7FE66BeD9a19f7bEC,ADJUSTER,919,OTHER,1,READ,
w94,2025-12-19T15:11:39.314678Z,315.667,403,False,0x57e02f30Dd15545B3A9eC4841D0D58Ee1D829414,GARAGE,933,OTHER,1,READ,
w38,2025-12-19T15:11:39.314793Z,315.684,200,True,0x065Fd3F8fcF30384f50eceBa324b1EF8411Fa759,COURT,544,MEDICAL_REPORT,5,READ,
w95,2025-12-19T15:11:39.314935Z,315.661,200,True,0x3d9c5458418bD082b010C0F93c3b8FBF9826E0Bf,INSURER,390,IMAGE,2,READ,
w39,2025-12-19T15:11:39.315075Z,315.635,200,True,0x1EBe67547Da63652edcAE7c36347A6d05ef27c1C,POLICE,68,VIDEO,2,READ,
w96,2025-12-19T15:11:39.315191Z,315.642,200,True,0x51a1E6D900E3e04c169Be84b2D5e5ccB2420B0EB,INSURER,123,VIDEO,2,READ,
w40,2025-12-19T15:11:39.315326Z,315.625,403,False,0x5173D7F8755FdF3d2f05C01D029A3Dc55EaC0476,POLICE,907,OTHER,1,READ,
w97,2025-12-19T15:11:39.315459Z,315.611,200,True,0x3495fF4A33D3b8aCCB512226B501122064b1e8fe,INSURER,368,IMAGE,2,READ,
w41,2025-12-19T15:11:39.315574Z,315.616,403,False,0xA75Af013B9CBdf4322e0c459A2fB8B708fbB8Ddc,POLICE,951,OTHER,1,READ,
w98,2025-12-19T15:11:39.315676Z,315.655,200,True,0x1EBe67547Da63652edcAE7c36347A6d05ef27c1C,POLICE,18,VIDEO,2,READ,
w42,2025-12-19T15:11:39.315800Z,315.651,200,True,0x4BA98aed0F31F1E56A9bc733FD86aB30e5b88D0E,GARAGE,394,IMAGE,2,READ,
w99,2025-12-19T15:11:39.315946Z,315.653,200,True,0xD756c57480Ea623123AB3a5ad4445875E3309Ac6,INSURER,678,FNOL,4,READ,
w1,2025-12-19T15:11:39.316070Z,315.652,200,True,0x0520cA4f9c2359a2d1cc1B072e4dA8A3587C2088,INSURER,243,VIDEO,2,READ,
w44,2025-12-19T15:11:39.316184Z,315.648,200,True,0xD06Cc40e4D98aDc886d652F4253985B5c04282b9,REGULATOR,121,VIDEO,2,READ,
w45,2025-12-19T15:11:39.316307Z,315.633,200,True,0x685A29EE8A06E458E58A29d721dFB677cdF8a600,INSURER,175,VIDEO,2,READ,
w46,2025-12-19T15:11:39.316423Z,315.648,200,True,0xC6Ffd174B730f05f52aF93e216103D6C7464cc96,INSURER,668,FNOL,4,READ,
w47,2025-12-19T15:11:39.316547Z,315.635,200,True,0xaCB712DC0982F8B6c52EB4C5D2c205766cE3d00D,INSURER,943,OTHER,1,READ,
w48,2025-12-19T15:11:39.316662Z,315.654,200,True,0x620a52535BA00719f0747D42746525D807319996,ADJUSTER,665,FNOL,4,READ,
w49,2025-12-19T15:11:39.316784Z,315.660,403,False,0x996644d2075D6c96FEB649879534dFAb933903f6,GARAGE,660,FNOL,4,READ,
w50,2025-12-19T15:11:39.316916Z,315.673,200,True,0xE4A8571e1F142Bd99866AA9464c49517B2ac0E01,ADJUSTER,496,IMAGE,2,READ,
w51,2025-12-19T15:11:39.317024Z,315.694,200,True,0x48f8656e15a2FC22Ccd6cDe7c56db39C1B62E770,POLICE,460,IMAGE,2,READ,
w52,2025-12-19T15:11:39.317136Z,315.690,403,False,0x23aA93bc659A3e3D0da5434a4088578341D43278,GARAGE,38,VIDEO,2,READ,
w53,2025-12-19T15:11:39.317247Z,315.687,200,True,0x97910F1306b5414B4C61D9A719B6871f5c77662f,INSURER,36,VIDEO,2,READ,
w54,2025-12-19T15:11:39.317356Z,316.215,403,False,0x436f253A31aB81e4427747050f42C4907a6C388D,ADJUSTER,685,MEDICAL_REPORT,5,READ,
w55,2025-12-19T15:11:39.317464Z,316.276,200,True,0xFeC4882fEAf263ac0fD1b9B4271dD1852B413584,INSURER,584,FNOL,4,READ,
w56,2025-12-19T15:11:39.317593Z,316.319,200,True,0xF80B0672A4f16BDe21fA2DF31482dA0fC606A43f,ADJUSTER,481,IMAGE,2,READ,
w2,2025-12-19T15:11:39.317702Z,316.348,200,True,0x5e3B546a11dc657CdFa106cd26E2211ee451c0d7,INSURER,927,OTHER,1,READ,
w57,2025-12-19T15:11:39.317818Z,316.369,403,False,0x8D21394c336D57f89564705Aa61307561b63E310,POLICE,884,OTHER,1,READ,
w3,2025-12-19T15:11:39.317924Z,316.382,200,True,0x2ee7F051BB940423f554ea44742f7c4c8C20Ea59,INSURER,286,IMAGE,2,READ,
w58,2025-12-19T15:11:39.318027Z,316.394,200,True,0x1cf47318cada656180563507BDd94262cAA29a4a,INSURER,976,OTHER,1,READ,
w4,2025-12-19T15:11:39.318158Z,316.392,403,False,0xcCC472e2d0eDA52066a80BCFb4577Dc9Fb7CD453,POLICE,501,FNOL,4,READ,
w59,2025-12-19T15:11:39.318267Z,316.418,200,True,0x58e8E907e02C35e581Ed3a4e98906344861E7265,INSURER,343,IMAGE,2,READ,
w60,2025-12-19T15:11:39.318381Z,316.442,200,True,0xD1ce8183cCf94d1494c99DFC523Af7Bd51494E8d,INSURER,345,IMAGE,2,READ,
w5,2025-12-19T15:11:39.318483Z,316.463,403,False,0x4BA98aed0F31F1E56A9bc733FD86aB30e5b88D0E,GARAGE,115,VIDEO,2,READ,
w6,2025-12-19T15:11:39.318585Z,316.478,403,False,0x3D8B37E283940B186f3d817371AE9834E2836f7f,GARAGE,3,VIDEO,2,READ,
w11,2025-12-19T15:11:39.318700Z,316.472,200,True,0x58f181cd636a8F0a8335240Efc4979212ff45341,INSURER,832,TELEMATICS,3,READ,
w7,2025-12-19T15:11:39.303715Z,331.569,200,True,0x065Fd3F8fcF30384f50eceBa324b1EF8411Fa759,COURT,60,VIDEO,2,READ,
w61,2025-12-19T15:11:39.318834Z,316.584,200,True,0xC66fE61Fe01B90e3C051c0ED40Dd41fC9347D018,REGULATOR,924,OTHER,1,READ,
w0,2025-12-19T15:11:39.319170Z,316.388,200,True,0x8Dd96368f7a8216813107Fe89688AcaafE8Cb76D,INSURER,404,IMAGE,2,READ,
w8,2025-12-19T15:11:39.620381Z,286.935,200,True,0x5e3B546a11dc657CdFa106cd26E2211ee451c0d7,INSURER,763,TELEMATICS,3,READ,
w63,2025-12-19T15:11:39.620756Z,286.901,200,True,0xeaD317253F31780B00e0Ef360b1ade2Fb83c2b3E,INSURER,45,VIDEO,2,READ,
w9,2025-12-19T15:11:39.620934Z,287.074,200,True,0x0172115667882E73749128243A943873087c09D3,INSURER,766,TELEMATICS,3,READ,
w64,2025-12-19T15:11:39.621086Z,287.087,200,True,0x81daFDe6F70ee2Fb93671DC220cC29F8205ACB57,INSURER,132,VIDEO,2,READ,
w10,2025-12-19T15:11:39.621238Z,287.078,200,True,0x14E81fB79823D062AFEEC4B80e0bCCBE578d057e,REGULATOR,880,OTHER,1,READ,
w65,2025-12-19T15:11:39.621396Z,287.046,200,True,0x97910F1306b5414B4C61D9A719B6871f5c77662f,INSURER,731,TELEMATICS,3,READ,
w66,2025-12-19T15:11:39.621542Z,287.022,200,True,0x933be1Be0aF68b62934fE96ADB1AB2Ee1C47B4F0,INSURER,624,MEDICAL_REPORT,5,READ,
w12,2025-12-19T15:11:39.621670Z,287.004,200,True,0x3E93709810FB754ab4D6A2487344dF504087996D,INSURER,206,VIDEO,2,READ,
w67,2025-12-19T15:11:39.621796Z,287.007,200,True,0x05d1ef5b43268c6a5BD456A953029092795045d9,INSURER,733,TELEMATICS,3,READ,
w13,2025-12-19T15:11:39.622289Z,286.635,403,False,0x996644d2075D6c96FEB649879534dFAb933903f6,GARAGE,698,FNOL,4,READ,
w68,2025-12-19T15:11:39.622430Z,286.850,200,True,0x14d0cb07D407E25F725b7f9854B98fEEEBb4942F,INSURER,674,MEDICAL_REPORT,5,READ,
w14,2025-12-19T15:11:39.622567Z,286.871,200,True,0x78273aa663aa16C08590efF5582bb4C9DD30Bb95,INSURER,697,FNOL,4,READ,
w69,2025-12-19T15:11:39.622682Z,286.887,200,True,0xC23BB727D3Ae6bD9cd90AC52ee26359F19176de3,INSURER,278,IMAGE,2,READ,
w15,2025-12-19T15:11:39.622798Z,286.889,200,True,0xD1ce8183cCf94d1494c99DFC523Af7Bd51494E8d,INSURER,847,TELEMATICS,3,READ,
w70,2025-12-19T15:11:39.622914Z,286.883,200,True,0x09596bf36cE63dABDeB58d68a52792B7BA13ba84,ADJUSTER,611,FNOL,4,READ,
w16,2025-12-19T15:11:39.623032Z,286.877,200,True,0xF09aBd729B48E734Ad684B93585E8D043D55c967,INSURER,559,FNOL,4,READ,
w71,2025-12-19T15:11:39.623173Z,286.843,403,False,0xAB814b041AB343702D64556Fdb3a3C104daa0445,ADJUSTER,631,MEDICAL_REPORT,5,READ,
w17,2025-12-19T15:11:39.623895Z,286.652,200,True,0xE056D0a60EfEE3e1642D5B2129E2bbBdAf22444c,INSURER,154,VIDEO,2,READ,
w72,2025-12-19T15:11:39.624052Z,286.652,200,True,0x28606132Fb05B11eee1fa6ACe3CB39F3EFFFdCCe,ADJUSTER,480,IMAGE,2,READ,
w18,2025-12-19T15:11:39.624194Z,286.652,200,True,0x199baf9971453910adbCD45ae05Dc8f9B68fcB1f,INSURER,964,OTHER,1,READ,
w73,2025-12-19T15:11:39.624332Z,286.638,200,True,0x3d68C58ebB81123d1Ac10655857193A1cDee90CE,INSURER,248,VIDEO,2,READ,
w19,2025-12-19T15:11:39.624476Z,286.616,200,True,0x2875Aa8C20c095495Ab5d6A1aBE2E2b07077dF55,INSURER,377,IMAGE,2,READ,
w74,2025-12-19T15:11:39.624600Z,286.604,200,True,0x29950abd635aF427d5E2fF0DB9f6920fC915bC55,INSURER,98,VIDEO,2,READ,
w20,2025-12-19T15:11:39.624719Z,286.596,200,True,0xC753D2a5211C57F7C2b4279053b11aEC435b41AB,REGULATOR,22,VIDEO,2,READ,
w75,2025-12-19T15:11:39.624840Z,286.582,200,True,0xcA28195b12c3c8cB960d8423584ee9a8677BD158,POLICE,411,IMAGE,2,READ,
w76,2025-12-19T15:11:39.624956Z,286.584,200,True,0x2ee7F051BB940423f554ea44742f7c4c8C20Ea59,INSURER,612,MEDICAL_REPORT,5,READ,
w77,2025-12-19T15:11:39.625086Z,286.568,200,True,0xF80B0672A4f16BDe21fA2DF31482dA0fC606A43f,ADJUSTER,863,OTHER,1,READ,
w21,2025-12-19T15:11:39.625226Z,286.539,200,True,0xE4A8571e1F142Bd99866AA9464c49517B2ac0E01,ADJUSTER,103,VIDEO,2,READ,
w78,2025-12-19T15:11:39.625347Z,286.529,200,True,0x3E93709810FB754ab4D6A2487344dF504087996D,INSURER,957,OTHER,1,READ,
w22,2025-12-19T15:11:39.625467Z,286.516,403,False,0x6B97e16D77504562cB9392834019252f4057F4D5,POLICE,756,TELEMATICS,3,READ,
w79,2025-12-19T15:11:39.625614Z,286.476,200,True,0x51a1E6D900E3e04c169Be84b2D5e5ccB2420B0EB,INSURER,313,IMAGE,2,READ,
w23,2025-12-19T15:11:39.625751Z,286.444,200,True,0x330f902fF463e2B611211Ccb44EF749E558Ba02a,INSURER,121,VIDEO,2,READ,
w80,2025-12-19T15:11:39.625877Z,286.424,200,True,0x18BFB9A0Bf9293D0D3bf9F42bD6e7e7b300Dc391,COURT,715,TELEMATICS,3,READ,
w24,2025-12-19T15:11:39.625988Z,286.418,200,True,0x415Ba7B0D983442D5407ABEF5Ebd8e9d2bB533B7,POLICE,227,VIDEO,2,READ,
w81,2025-12-19T15:11:39.626096Z,286.539,200,True,0x5cA86E3342DEA0C1a26C49f1a4fA40DeEeAFf8a8,INSURER,533,MEDICAL_REPORT,5,READ,
w25,2025-12-19T15:11:39.626200Z,286.689,200,True,0x02BD9B3b464b98EB353C8f83Eb3b4cB0627A52Ed,COURT,463,IMAGE,2,READ,
w82,2025-12-19T15:11:39.626318Z,286.798,200,True,0x05d1ef5b43268c6a5BD456A953029092795045d9,INSURER,926,OTHER,1,READ,
w26,2025-12-19T15:11:39.626429Z,286.905,200,True,0xF09aBd729B48E734Ad684B93585E8D043D55c967,INSURER,189,VIDEO,2,READ,
w83,2025-12-19T15:11:39.626530Z,287.010,200,True,0xE385ea618340FfE0d7c7e9EB25048F1c1E437F33,INSURER,112,VIDEO,2,READ,
w27,2025-12-19T15:11:39.626637Z,287.075,200,True,0xf9314f31cc38103bC7607a176a804e5C1Ecbf511,INSURER,363,IMAGE,2,READ,
w84,2025-12-19T15:11:39.626753Z,287.102,200,True,0xBeBf134906e0FCcd85b0D99a4626a7B8584e742c,ADJUSTER,549,FNOL,4,READ,
w28,2025-12-19T15:11:39.626868Z,287.123,200,True,0x065Fd3F8fcF30384f50eceBa324b1EF8411Fa759,COURT,881,OTHER,1,READ,
w85,2025-12-19T15:11:39.626972Z,287.784,200,True,0xBdfeA99CC2B9e09E4A7e6C7B14808189488E3985,COURT,40,VIDEO,2,READ,
w29,2025-12-19T15:11:39.627080Z,287.854,403,False,0x469Bf06C8a44e5E2Bb2752C29B92d88DCA076B8a,POLICE,751,TELEMATICS,3,READ,
w86,2025-12-19T15:11:39.627194Z,287.893,200,True,0xE4A8571e1F142Bd99866AA9464c49517B2ac0E01,ADJUSTER,677,FNOL,4,READ,
w30,2025-12-19T15:11:39.627340Z,287.884,200,True,0x1F98dd762361D7256a816f8086AE6FfB657fa5bC,POLICE,242,VIDEO,2,READ,
w87,2025-12-19T15:11:39.627464Z,287.888,200,True,0x85C720Ae65eF1706A0cf41695a93A34E189D5Ea0,INSURER,935,OTHER,1,READ,
w31,2025-12-19T15:11:39.627601Z,287.872,200,True,0xC23BB727D3Ae6bD9cd90AC52ee26359F19176de3,INSURER,842,TELEMATICS,3,READ,
w88,2025-12-19T15:11:39.627714Z,287.882,200,True,0xCdb11D137710f0a5234b9D3c040668B6D48e59d4,COURT,670,FNOL,4,READ,
w32,2025-12-19T15:11:39.628494Z,287.227,200,True,0xd86Fa5B280bf58C28aaE39fB535e0e965F0E285B,INSURER,393,IMAGE,2,READ,
w89,2025-12-19T15:11:39.628642Z,287.199,200,True,0xF80B0672A4f16BDe21fA2DF31482dA0fC606A43f,ADJUSTER,992,OTHER,1,READ,
w43,2025-12-19T15:11:39.628770Z,287.194,200,True,0x6B97e16D77504562cB9392834019252f4057F4D5,POLICE,78,VIDEO,2,READ,
w33,2025-12-19T15:11:39.628885Z,287.196,200,True,0xB2241965995ed972D442D6A9461eF3583ecA95B6,INSURER,917,OTHER,1,READ,
w90,2025-12-19T15:11:39.628991Z,287.203,200,True,0x51a1E6D900E3e04c169Be84b2D5e5ccB2420B0EB,INSURER,390,IMAGE,2,READ,
w34,2025-12-19T15:11:39.629098Z,287.227,200,True,0x81daFDe6F70ee2Fb93671DC220cC29F8205ACB57,INSURER,147,VIDEO,2,READ,
w91,2025-12-19T15:11:39.629260Z,287.896,403,False,0x26b179d013C696c433c0f316E594f7a7AcE77C79,GARAGE,929,OTHER,1,READ,
w35,2025-12-19T15:11:39.629433Z,287.869,200,True,0x81daFDe6F70ee2Fb93671DC220cC29F8205ACB57,INSURER,385,IMAGE,2,READ,
w92,2025-12-19T15:11:39.629620Z,287.812,200,True,0xd6f5696C80b8cb2D4AAaFdaf8E7C266cf4af4538,COURT,582,MEDICAL_REPORT,5,READ,
w36,2025-12-19T15:11:39.629802Z,287.753,200,True,0xB2241965995ed972D442D6A9461eF3583ecA95B6,INSURER,102,VIDEO,2,READ,
w93,2025-12-19T15:11:39.629977Z,287.693,200,True,0x73E42dF14ff21e7994A37802a292F71830CDA5aF,INSURER,251,IMAGE,2,READ,
w37,2025-12-19T15:11:39.630188Z,287.603,200,True,0xD6e58dE85e171C0D6BB42Cf4a85fBa7C55ce5618,INSURER,674,MEDICAL_REPORT,5,READ,
w94,2025-12-19T15:11:39.630350Z,287.551,403,False,0x6B97e16D77504562cB9392834019252f4057F4D5,POLICE,534,FNOL,4,READ,
w38,2025-12-19T15:11:39.630482Z,287.538,200,True,0xa814b4D02E07Daa3235ffc1E4752eCF8f6C2D8d8,ADJUSTER,654,FNOL,4,READ,
w95,2025-12-19T15:11:39.630600Z,287.528,200,True,0x3db0bD968176A243AC81C5c8Cf02Cf429b04dD57,COURT,589,MEDICAL_REPORT,5,READ,
w39,2025-12-19T15:11:39.630715Z,287.547,200,True,0x182C98818C6b29Ff23d7d1d9766e1B1dEB1aBAeB,INSURER,404,IMAGE,2,READ,
w96,2025-12-19T15:11:39.630839Z,287.543,200,True,0x620a52535BA00719f0747D42746525D807319996,ADJUSTER,810,TELEMATICS,3,READ,
w40,2025-12-19T15:11:39.630956Z,287.531,200,True,0x11F50254a88A6e26E6Bb5aAE8d74E52372B4270E,COURT,950,OTHER,1,READ,
w97,2025-12-19T15:11:39.631075Z,287.516,403,False,0x59760590b1fCF3C846635ae6432DE56ef26298B8,GARAGE,13,VIDEO,2,READ,
w41,2025-12-19T15:11:39.631196Z,287.520,200,True,0x78b99D5D04232b9650d619DBa5F5600a9242A472,INSURER,977,OTHER,1,READ,
w98,2025-12-19T15:11:39.631336Z,287.511,200,True,0x5e3B546a11dc657CdFa106cd26E2211ee451c0d7,INSURER,559,FNOL,4,READ,
w42,2025-12-19T15:11:39.631457Z,287.506,200,True,0x4f464925226709cf94C01633A1f468E106AD6413,INSURER,994,OTHER,1,READ,
w99,2025-12-19T15:11:39.631604Z,287.470,403,False,0x2B5dEec5325fd9befC139A2071d830B25FAd52Ef,GARAGE,949,OTHER,1,READ,
w1,2025-12-19T15:11:39.631726Z,287.463,200,True,0x58e8E907e02C35e581Ed3a4e98906344861E7265,INSURER,405,IMAGE,2,READ,
w44,2025-12-19T15:11:39.631835Z,287.466,403,False,0x48c487f18ce4aAFcf592B2eC3611eAa7B1C85918,ADJUSTER,555,MEDICAL_REPORT,5,READ,
w45,2025-12-19T15:11:39.631944Z,287.468,200,True,0x567dccd668D18B4ACd8A2795151edB162Bc34767,ADJUSTER,572,FNOL,4,READ,
w46,2025-12-19T15:11:39.632076Z,287.448,200,True,0xe9b50040eeAA45F16fd24222f4a97482737f6C8A,ADJUSTER,501,FNOL,4,READ,
w47,2025-12-19T15:11:39.632187Z,287.453,200,True,0xC66fE61Fe01B90e3C051c0ED40Dd41fC9347D018,REGULATOR,67,VIDEO,2,READ,
w48,2025-12-19T15:11:39.632321Z,287.430,200,True,0xE385ea618340FfE0d7c7e9EB25048F1c1E437F33,INSURER,117,VIDEO,2,READ,
w49,2025-12-19T15:11:39.632451Z,287.416,200,True,0x077f45EB3eB6027C0D05Ab77CAC4D29c46cb3a6E,INSURER,525,MEDICAL_REPORT,5,READ,
w50,2025-12-19T15:11:39.632594Z,287.391,200,True,0xeD60C4758Fab078c38685EeEF9692D8Fa4F3dDB9,INSURER,867,OTHER,1,READ,
w51,2025-12-19T15:11:39.632722Z,287.369,200,True,0x199baf9971453910adbCD45ae05Dc8f9B68fcB1f,INSURER,652,MEDICAL_REPORT,5,READ,
w52,2025-12-19T15:11:39.632831Z,287.364,403,False,0x28365792Da71bc8AcAD11a4393049d006EF2E972,GARAGE,150,VIDEO,2,READ,
w53,2025-12-19T15:11:39.632939Z,287.379,403,False,0xA75Af013B9CBdf4322e0c459A2fB8B708fbB8Ddc,POLICE,553,MEDICAL_REPORT,5,READ,
w54,2025-12-19T15:11:39.633577Z,286.867,200,True,0xBCb233Ef85EC11C88E20Ea53Bb47f454d116FBe3,ADJUSTER,32,VIDEO,2,READ,
w55,2025-12-19T15:11:39.633746Z,286.810,403,False,0x59760590b1fCF3C846635ae6432DE56ef26298B8,GARAGE,869,OTHER,1,READ,
w56,2025-12-19T15:11:39.633918Z,286.746,200,True,0xa814b4D02E07Daa3235ffc1E4752eCF8f6C2D8d8,ADJUSTER,664,FNOL,4,READ,
w2,2025-12-19T15:11:39.634055Z,286.720,200,True,0x42dC03c90d7652B937d26628a86f9317bbf521dc,INSURER,18,VIDEO,2,READ,
w57,2025-12-19T15:11:39.634192Z,286.690,403,False,0x6B97e16D77504562cB9392834019252f4057F4D5,POLICE,817,TELEMATICS,3,READ,
w3,2025-12-19T15:11:39.634310Z,286.682,200,True,0x7B46635cB6cA958f34ae933b93884a5f19b258D7,INSURER,175,VIDEO,2,READ,
w58,2025-12-19T15:11:39.634426Z,286.677,200,True,0x3495fF4A33D3b8aCCB512226B501122064b1e8fe,INSURER,278,IMAGE,2,READ,
w4,2025-12-19T15:11:39.634557Z,286.660,200,True,0xDA941366d7481DffDAd4458a22913423f40dA1eA,ADJUSTER,242,VIDEO,2,READ,
w59,2025-12-19T15:11:39.634691Z,286.643,200,True,0xb8Fe0E775705824a50658ef111434567024d4310,REGULATOR,470,IMAGE,2,READ,
w60,2025-12-19T15:11:39.634829Z,286.614,403,False,0x7B678e542Dec17ab096b423D15262dcD9B8c11D8,POLICE,899,OTHER,1,READ,
w5,2025-12-19T15:11:39.634951Z,286.606,200,True,0x3a74Fec63a615BC94b9A47bEa6340935Ab155117,ADJUSTER,658,FNOL,4,READ,
w6,2025-12-19T15:11:39.635067Z,286.600,200,True,0xD32B24Ff4D28e42239EcCd5cbdb456a1565DC083,ADJUSTER,309,IMAGE,2,READ,
w11,2025-12-19T15:11:39.635177Z,286.609,403,False,0x419d3b699AA38c218f3D84f0a3129a6383634f17,ADJUSTER,633,MEDICAL_REPORT,5,READ,
w7,2025-12-19T15:11:39.635289Z,286.617,403,False,0x1EBe67547Da63652edcAE7c36347A6d05ef27c1C,POLICE,928,OTHER,1,READ,
w62,2025-12-19T15:11:39.620016Z,302.023,200,True,0xD0Ce1d9D5A9c7E4F03d499A265d3014Ae5da7644,ADJUSTER,863,OTHER,1,READ,
w61,2025-12-19T15:11:39.635423Z,286.744,403,False,0xafA5Afd00Ec5464DAf96FCe2b09f4e4e157F4A67,POLICE,636,FNOL,4,READ,
w0,2025-12-19T15:11:39.635564Z,286.728,403,False,0x996644d2075D6c96FEB649879534dFAb933903f6,GARAGE,961,OTHER,1,READ,
w63,2025-12-19T15:11:39.907666Z,309.678,403,False,0x3D8B37E283940B186f3d817371AE9834E2836f7f,GARAGE,913,OTHER,1,READ,
w9,2025-12-19T15:11:39.908016Z,309.722,200,True,0xB3e698A67fD5AEeB61b8bE389e7E917Bc2Ea032a,POLICE,79,VIDEO,2,READ,
w64,2025-12-19T15:11:39.908178Z,310.090,200,True,0x5e3B546a11dc657CdFa106cd26E2211ee451c0d7,INSURER,646,MEDICAL_REPORT,5,READ,
w10,2025-12-19T15:11:39.908322Z,310.194,200,True,0x5ee06906aF52aEd2c884D505d3a0A7CA7513188D,INSURER,123,VIDEO,2,READ,
w65,2025-12-19T15:11:39.908447Z,310.293,200,True,0xcA28195b12c3c8cB960d8423584ee9a8677BD158,POLICE,166,VIDEO,2,READ,
w66,2025-12-19T15:11:39.908568Z,310.408,403,False,0x01891323537Ca8c745Cd76182c9eB81519eaC821,GARAGE,123,VIDEO,2,READ,
w12,2025-12-19T15:11:39.908679Z,310.511,200,True,0x42dC03c90d7652B937d26628a86f9317bbf521dc,INSURER,384,IMAGE,2,READ,
w67,2025-12-19T15:11:39.908808Z,310.607,200,True,0xD756c57480Ea623123AB3a5ad4445875E3309Ac6,INSURER,766,TELEMATICS,3,READ,
w13,2025-12-19T15:11:39.908930Z,310.704,200,True,0xf5d0314845FCf19022a28FeD6650e58CFc01f243,INSURER,139,VIDEO,2,READ,
w68,2025-12-19T15:11:39.909286Z,310.559,200,True,0x7fBAcb835330c3A23597A355A26Cf6E0ee69A0B5,COURT,659,MEDICAL_REPORT,5,READ,
w14,2025-12-19T15:11:39.909444Z,311.120,200,True,0x46Adf75988C45FBD67a07651b6f684943428c17C,INSURER,373,IMAGE,2,READ,
w69,2025-12-19T15:11:39.909574Z,311.228,403,False,0x090F26617cAab81C15934159343Ff688fAf23820,POLICE,503,MEDICAL_REPORT,5,READ,
w15,2025-12-19T15:11:39.909691Z,311.349,200,True,0x8216a92a44877D72a31FA6453e4583a6DCe25752,INSURER,764,TELEMATICS,3,READ,
w70,2025-12-19T15:11:39.909802Z,311.449,403,False,0x01891323537Ca8c745Cd76182c9eB81519eaC821,GARAGE,242,VIDEO,2,READ,
w16,2025-12-19T15:11:39.909913Z,311.551,200,True,0x12DF904699208278b4355b568d47De4F2c9646fe,INSURER,733,TELEMATICS,3,READ,
w71,2025-12-19T15:11:39.910020Z,311.651,403,False,0x4BC2c2b671822006a9D592cdd2Db24e8Da3C6adf,GARAGE,515,MEDICAL_REPORT,5,READ,
w17,2025-12-19T15:11:39.910554Z,311.334,200,True,0x5173D7F8755FdF3d2f05C01D029A3Dc55EaC0476,POLICE,453,IMAGE,2,READ,
w72,2025-12-19T15:11:39.910709Z,311.391,200,True,0xAF3C604AE7a9E247C368331a22270415269Ef10d,INSURER,460,IMAGE,2,READ,
w18,2025-12-19T15:11:39.910851Z,311.467,200,True,0x0AbFb230511189A840157bF7FcA43b1b69338dC6,POLICE,14,VIDEO,2,READ,
w73,2025-12-19T15:11:39.910977Z,311.538,200,True,0x89cb551204456FFCd8e595feE394120dD047b57A,INSURER,986,OTHER,1,READ,
w19,2025-12-19T15:11:39.911097Z,311.618,200,True,0x3418C54B33ca42d0dF096EaD255791c7B2E2f3d9,ADJUSTER,914,OTHER,1,READ,
w74,2025-12-19T15:11:39.911209Z,315.095,200,True,0xD06Cc40e4D98aDc886d652F4253985B5c04282b9,REGULATOR,45,VIDEO,2,READ,
w20,2025-12-19T15:11:39.911319Z,315.308,200,True,0x11F50254a88A6e26E6Bb5aAE8d74E52372B4270E,COURT,416,IMAGE,2,READ,
w75,2025-12-19T15:11:39.911427Z,315.470,200,True,0x07DA3024980d3B92Bcf6B8850A7C08F758B5F781,INSURER,582,MEDICAL_REPORT,5,READ,
w76,2025-12-19T15:11:39.911545Z,315.583,200,True,0x5173D7F8755FdF3d2f05C01D029A3Dc55EaC0476,POLICE,367,IMAGE,2,READ,
w77,2025-12-19T15:11:39.911658Z,315.684,200,True,0xF96D07BDd0404b21a6B987cF6C21b9A5E3045f5F,INSURER,288,IMAGE,2,READ,
w21,2025-12-19T15:11:39.911769Z,315.778,200,True,0xBCb233Ef85EC11C88E20Ea53Bb47f454d116FBe3,ADJUSTER,20,VIDEO,2,READ,
w78,2025-12-19T15:11:39.911880Z,315.865,200,True,0x27158a264fdA9698B85485706B47BBC87Fa6Db4b,ADJUSTER,611,FNOL,4,READ,
w22,2025-12-19T15:11:39.911987Z,315.975,200,True,0x46Adf75988C45FBD67a07651b6f684943428c17C,INSURER,303,IMAGE,2,READ,
w79,2025-12-19T15:11:39.912094Z,316.078,200,True,0x5ee06906aF52aEd2c884D505d3a0A7CA7513188D,INSURER,960,OTHER,1,READ,
w23,2025-12-19T15:11:39.912200Z,316.180,200,True,0xeD60C4758Fab078c38685EeEF9692D8Fa4F3dDB9,INSURER,865,OTHER,1,READ,
w80,2025-12-19T15:11:39.912306Z,316.273,200,True,0x8FA3c986B63dEd44ce62D4aC5b3b0F49FF447700,COURT,727,TELEMATICS,3,READ,
w24,2025-12-19T15:11:39.912412Z,316.355,200,True,0xb8Fe0E775705824a50658ef111434567024d4310,REGULATOR,183,VIDEO,2,READ,
w81,2025-12-19T15:11:39.912644Z,316.327,200,True,0xcE078954f123a07010672Fff05b36f5E43642106,INSURER,356,IMAGE,2,READ,
w25,2025-12-19T15:11:39.912896Z,316.329,200,True,0x8FA3c986B63dEd44ce62D4aC5b3b0F49FF447700,COURT,115,VIDEO,2,READ,
w82,2025-12-19T15:11:39.913125Z,316.343,200,True,0x456F6DbE8aF9e05a1918B64f0Bd0690809b23E6B,INSURER,348,IMAGE,2,READ,
w26,2025-12-19T15:11:39.913341Z,316.361,200,True,0xCC05C551476CDbEfAd79Ed75427937b892aaFE9C,ADJUSTER,172,VIDEO,2,READ,
w83,2025-12-19T15:11:39.913546Z,316.354,403,False,0x26b179d013C696c433c0f316E594f7a7AcE77C79,GARAGE,881,OTHER,1,READ,
w27,2025-12-19T15:11:39.913718Z,316.337,200,True,0xF09aBd729B48E734Ad684B93585E8D043D55c967,INSURER,321,IMAGE,2,READ,
w84,2025-12-19T15:11:39.913861Z,316.344,200,True,0x5e3B546a11dc657CdFa106cd26E2211ee451c0d7,INSURER,765,TELEMATICS,3,READ,
w28,2025-12-19T15:11:39.913997Z,316.350,200,True,0xBCb233Ef85EC11C88E20Ea53Bb47f454d116FBe3,ADJUSTER,931,OTHER,1,READ,
w85,2025-12-19T15:11:39.914763Z,315.731,200,True,0x85C720Ae65eF1706A0cf41695a93A34E189D5Ea0,INSURER,572,FNOL,4,READ,
w29,2025-12-19T15:11:39.914939Z,315.695,200,True,0x567dccd668D18B4ACd8A2795151edB162Bc34767,ADJUSTER,242,VIDEO,2,READ,
w86,2025-12-19T15:11:39.915093Z,315.683,403,False,0x955f7F1386d8d5FB12bc50876B418e4D206D9530,GARAGE,134,VIDEO,2,READ,
w30,2025-12-19T15:11:39.915229Z,315.698,403,False,0x26b179d013C696c433c0f316E594f7a7AcE77C79,GARAGE,522,MEDICAL_REPORT,5,READ,
w87,2025-12-19T15:11:39.915357Z,315.695,200,True,0x014E540c98B93f6ce2a6F2D7FE66BeD9a19f7bEC,ADJUSTER,902,OTHER,1,READ,
w31,2025-12-19T15:11:39.915479Z,315.693,200,True,0x78273aa663aa16C08590efF5582bb4C9DD30Bb95,INSURER,95,VIDEO,2,READ,
w88,2025-12-19T15:11:39.915601Z,315.683,200,True,0x065Fd3F8fcF30384f50eceBa324b1EF8411Fa759,COURT,803,TELEMATICS,3,READ,
w32,2025-12-19T15:11:39.915726Z,315.682,403,False,0xDA941366d7481DffDAd4458a22913423f40dA1eA,ADJUSTER,627,MEDICAL_REPORT,5,READ,
w89,2025-12-19T15:11:39.915847Z,315.699,200,True,0xC586D6C2dc89b791ae2AA6ae054c2629891275e1,POLICE,121,VIDEO,2,READ,
w43,2025-12-19T15:11:39.915970Z,315.703,200,True,0x85C720Ae65eF1706A0cf41695a93A34E189D5Ea0,INSURER,890,OTHER,1,READ,
w33,2025-12-19T15:11:39.916085Z,315.711,200,True,0x415Ba7B0D983442D5407ABEF5Ebd8e9d2bB533B7,POLICE,172,VIDEO,2,READ,
w90,2025-12-19T15:11:39.916198Z,315.748,200,True,0x8216a92a44877D72a31FA6453e4583a6DCe25752,INSURER,215,VIDEO,2,READ,
w34,2025-12-19T15:11:39.916331Z,315.758,200,True,0x8216a92a44877D72a31FA6453e4583a6DCe25752,INSURER,806,TELEMATICS,3,READ,
w91,2025-12-19T15:11:39.917162Z,315.046,200,True,0xC29Fbef10EC6e6A787036cEA0C9024ce9F435d97,INSURER,921,OTHER,1,READ,
w35,2025-12-19T15:11:39.917307Z,315.027,200,True,0x3B4ab93e0901742BFfc8A18D301F36f820AD3bB9,ADJUSTER,988,OTHER,1,READ,
w92,2025-12-19T15:11:39.917437Z,315.033,200,True,0x456F6DbE8aF9e05a1918B64f0Bd0690809b23E6B,INSURER,153,VIDEO,2,READ,
w36,2025-12-19T15:11:39.917559Z,315.032,403,False,0x520F6Be8B20312c8CA4bB2773000A94923A4FaE5,POLICE,785,TELEMATICS,3,READ,
w93,2025-12-19T15:11:39.917674Z,315.044,200,True,0xDD3EceF8307a47a0307E4f44135C61Dd2C75c6d7,POLICE,436,IMAGE,2,READ,
w37,2025-12-19T15:11:39.917796Z,315.046,200,True,0x630ba53C12B20a6EBd04Eb0819a24b1f8C554A01,INSURER,338,IMAGE,2,READ,
w94,2025-12-19T15:11:39.917907Z,315.061,200,True,0x58e8E907e02C35e581Ed3a4e98906344861E7265,INSURER,100,VIDEO,2,READ,
w38,2025-12-19T15:11:39.918025Z,315.066,200,True,0x33F5a90B9400A21046089Aaf44319BA889B0B9ed,INSURER,273,IMAGE,2,READ,
w95,2025-12-19T15:11:39.918133Z,315.081,200,True,0x29950abd635aF427d5E2fF0DB9f6920fC915bC55,INSURER,219,VIDEO,2,READ,
w39,2025-12-19T15:11:39.918267Z,315.077,200,True,0x8216a92a44877D72a31FA6453e4583a6DCe25752,INSURER,120,VIDEO,2,READ,
w96,2025-12-19T15:11:39.918386Z,315.084,200,True,0x33F5a90B9400A21046089Aaf44319BA889B0B9ed,INSURER,242,VIDEO,2,READ,
w40,2025-12-19T15:11:39.918491Z,315.100,200,True,0x567dccd668D18B4ACd8A2795151edB162Bc34767,ADJUSTER,974,OTHER,1,READ,
w97,2025-12-19T15:11:39.918595Z,315.118,200,True,0x5cA86E3342DEA0C1a26C49f1a4fA40DeEeAFf8a8,INSURER,384,IMAGE,2,READ,
w41,2025-12-19T15:11:39.918722Z,315.104,200,True,0x090F26617cAab81C15934159343Ff688fAf23820,POLICE,292,IMAGE,2,READ,
w98,2025-12-19T15:11:39.918852Z,315.091,200,True,0x46Adf75988C45FBD67a07651b6f684943428c17C,INSURER,834,TELEMATICS,3,READ,
w42,2025-12-19T15:11:39.918967Z,315.087,200,True,0xc0F601980c6FD898E06229024740eec17abbF5C2,INSURER,117,VIDEO,2,READ,
w99,2025-12-19T15:11:39.919080Z,315.081,200,True,0xE385ea618340FfE0d7c7e9EB25048F1c1E437F33,INSURER,471,IMAGE,2,READ,
w1,2025-12-19T15:11:39.919194Z,315.105,200,True,0x6B97e16D77504562cB9392834019252f4057F4D5,POLICE,301,IMAGE,2,READ,
w44,2025-12-19T15:11:39.919306Z,315.867,200,True,0x4f464925226709cf94C01633A1f468E106AD6413,INSURER,329,IMAGE,2,READ,
w45,2025-12-19T15:11:39.919417Z,315.929,200,True,0xeD60C4758Fab078c38685EeEF9692D8Fa4F3dDB9,INSURER,71,VIDEO,2,READ,
w46,2025-12-19T15:11:39.919529Z,315.950,200,True,0x4f464925226709cf94C01633A1f468E106AD6413,INSURER,948,OTHER,1,READ,
w47,2025-12-19T15:11:39.919645Z,315.964,403,False,0x0AbFb230511189A840157bF7FcA43b1b69338dC6,POLICE,938,OTHER,1,READ,
w48,2025-12-19T15:11:39.919755Z,315.986,200,True,0x4f464925226709cf94C01633A1f468E106AD6413,INSURER,665,FNOL,4,READ,
w49,2025-12-19T15:11:39.919871Z,315.989,200,True,0x6c2d9F1aEdB2C485CABAF82412f88d5303Fd7B73,GARAGE,387,IMAGE,2,READ,
w50,2025-12-19T15:11:39.919989Z,315.989,200,True,0x81daFDe6F70ee2Fb93671DC220cC29F8205ACB57,INSURER,591,FNOL,4,READ,
w51,2025-12-19T15:11:39.920095Z,315.991,200,True,0x81daFDe6F70ee2Fb93671DC220cC29F8205ACB57,INSURER,592,MEDICAL_REPORT,5,READ,
w52,2025-12-19T15:11:39.920200Z,315.991,200,True,0xF09aBd729B48E734Ad684B93585E8D043D55c967,INSURER,892,OTHER,1,READ,
w53,2025-12-19T15:11:39.920323Z,315.971,200,True,0x467316319C6B5f391c5a6B3b0190d4209202fC25,ADJUSTER,379,IMAGE,2,READ,
w54,2025-12-19T15:11:39.920449Z,315.967,403,False,0x467316319C6B5f391c5a6B3b0190d4209202fC25,ADJUSTER,576,MEDICAL_REPORT,5,READ,
w55,2025-12-19T15:11:39.920560Z,315.983,200,True,0xd132a79Ca7Be8caaC9A27467EB9B65F7cBD6F50E,ADJUSTER,207,VIDEO,2,READ,
w56,2025-12-19T15:11:39.920668Z,315.989,200,True,0x5e3B546a11dc657CdFa106cd26E2211ee451c0d7,INSURER,337,IMAGE,2,READ,
w2,2025-12-19T15:11:39.920779Z,315.992,200,True,0x67A9BC3Fb3B4a392C223A8C644B48346b9Ca5128,COURT,572,FNOL,4,READ,
w57,2025-12-19T15:11:39.920886Z,316.039,200,True,0xb8Fe0E775705824a50658ef111434567024d4310,REGULATOR,334,IMAGE,2,READ,
w3,2025-12-19T15:11:39.920997Z,316.041,200,True,0x28606132Fb05B11eee1fa6ACe3CB39F3EFFFdCCe,ADJUSTER,740,TELEMATICS,3,READ,
w58,2025-12-19T15:11:39.921108Z,316.042,200,True,0xf5d0314845FCf19022a28FeD6650e58CFc01f243,INSURER,987,OTHER,1,READ,
w4,2025-12-19T15:11:39.921221Z,316.052,200,True,0xBCb233Ef85EC11C88E20Ea53Bb47f454d116FBe3,ADJUSTER,486,IMAGE,2,READ,
w59,2025-12-19T15:11:39.921338Z,316.059,200,True,0xD0Ce1d9D5A9c7E4F03d499A265d3014Ae5da7644,ADJUSTER,788,TELEMATICS,3,READ,
w60,2025-12-19T15:11:39.921449Z,316.063,200,True,0xC753D2a5211C57F7C2b4279053b11aEC435b41AB,REGULATOR,870,OTHER,1,READ,
w5,2025-12-19T15:11:39.921561Z,316.075,200,True,0x808936f08CCC0a9C3953Cd3716006fB99825CBa4,COURT,945,OTHER,1,READ,
w6,2025-12-19T15:11:39.921671Z,316.078,200,True,0x3d4Bd094c1894ed38F3EcF0799bE66f83a4199ca,ADJUSTER,999,OTHER,1,READ,
w11,2025-12-19T15:11:39.921790Z,316.069,200,True,0xc0F601980c6FD898E06229024740eec17abbF5C2,INSURER,353,IMAGE,2,READ,
w7,2025-12-19T15:11:39.921911Z,316.055,200,True,0x1Ab5D0f68133DA5E100635Bdf5030650cA2bE691,ADJUSTER,157,VIDEO,2,READ,
w62,2025-12-19T15:11:39.922044Z,316.065,200,True,0x51A2465dc26f17e37524f93494A8409715ACc9c2,INSURER,116,VIDEO,2,READ,
w8,2025-12-19T15:11:39.907329Z,330.911,200,True,0xAB814b041AB343702D64556Fdb3a3C104daa0445,ADJUSTER,102,VIDEO,2,READ,
w61,2025-12-19T15:11:39.922171Z,316.182,200,True,0x4395153bc7Ac8ebD080b3C98FE634fcA40E5609F,COURT,900,OTHER,1,READ,
w0,2025-12-19T15:11:39.922297Z,316.192,200,True,0x02BD9B3b464b98EB353C8f83Eb3b4cB0627A52Ed,COURT,917,OTHER,1,READ,
w9,2025-12-19T15:11:40.217748Z,277.216,200,True,0x3495fF4A33D3b8aCCB512226B501122064b1e8fe,INSURER,95,VIDEO,2,READ,
w64,2025-12-19T15:11:40.218277Z,277.143,200,True,0xd86Fa5B280bf58C28aaE39fB535e0e965F0E285B,INSURER,686,MEDICAL_REPORT,5,READ,
w10,2025-12-19T15:11:40.218524Z,277.340,200,True,0xC5f6e3512D3B1133da1f88159fDf63dC9f2d43FB,ADJUSTER,414,IMAGE,2,READ,
w65,2025-12-19T15:11:40.218748Z,277.348,200,True,0xd963E5e27CB9872abc2Fbed9107c373Aa59583a4,INSURER,21,VIDEO,2,READ,
w66,2025-12-19T15:11:40.218984Z,277.329,200,True,0xFeC4882fEAf263ac0fD1b9B4271dD1852B413584,INSURER,336,IMAGE,2,READ,
w12,2025-12-19T15:11:40.219198Z,277.349,200,True,0x1F98dd762361D7256a816f8086AE6FfB657fa5bC,POLICE,251,IMAGE,2,READ,
w67,2025-12-19T15:11:40.219423Z,277.335,200,True,0x58f181cd636a8F0a8335240Efc4979212ff45341,INSURER,29,VIDEO,2,READ,
w13,2025-12-19T15:11:40.219645Z,277.305,200,True,0x3E93709810FB754ab4D6A2487344dF504087996D,INSURER,121,VIDEO,2,READ,
w68,2025-12-19T15:11:40.219851Z,277.547,200,True,0x42dC03c90d7652B937d26628a86f9317bbf521dc,INSURER,779,TELEMATICS,3,READ,
w14,2025-12-19T15:11:40.220573Z,276.980,200,True,0x68cBdE77b98e3AF3281dBC229ee66540Eac3f007,ADJUSTER,772,TELEMATICS,3,READ,
w69,2025-12-19T15:11:40.220809Z,276.885,200,True,0x38C88185b74B534134345be38916483044075686,POLICE,122,VIDEO,2,READ,
w15,2025-12-19T15:11:40.221047Z,276.802,403,False,0xBCb233Ef85EC11C88E20Ea53Bb47f454d116FBe3,ADJUSTER,527,MEDICAL_REPORT,5,READ,
w70,2025-12-19T15:11:40.221260Z,276.721,403,False,0xC586D6C2dc89b791ae2AA6ae054c2629891275e1,POLICE,843,TELEMATICS,3,READ,
w16,2025-12-19T15:11:40.221472Z,276.633,200,True,0x811FdDFb3340F34AB2b91C97AcB5FAeB6405847E,REGULATOR,953,OTHER,1,READ,
w71,2025-12-19T15:11:40.221678Z,276.558,200,True,0xc0F601980c6FD898E06229024740eec17abbF5C2,INSURER,610,FNOL,4,READ,
w17,2025-12-19T15:11:40.221896Z,276.998,200,True,0x077f45EB3eB6027C0D05Ab77CAC4D29c46cb3a6E,INSURER,731,TELEMATICS,3,READ,
w72,2025-12-19T15:11:40.222107Z,276.945,200,True,0xe9b50040eeAA45F16fd24222f4a97482737f6C8A,ADJUSTER,773,TELEMATICS,3,READ,
w18,2025-12-19T15:11:40.222325Z,276.867,200,True,0x82B01EfD510Bee8680730EEf777526b020e2398B,INSURER,745,TELEMATICS,3,READ,
w73,2025-12-19T15:11:40.222523Z,276.837,403,False,0x38C88185b74B534134345be38916483044075686,POLICE,964,OTHER,1,READ,
w19,2025-12-19T15:11:40.222722Z,276.774,200,True,0x6032b722b48DC8717A2C437485f2D3d264BD803B,ADJUSTER,230,VIDEO,2,READ,
w74,2025-12-19T15:11:40.226315Z,273.300,200,True,0xCaa6A1a26D28f97DEDD4f555dEd43bC607f78384,INSURER,138,VIDEO,2,READ,
w20,2025-12-19T15:11:40.226636Z,273.111,200,True,0xB2241965995ed972D442D6A9461eF3583ecA95B6,INSURER,146,VIDEO,2,READ,
w75,2025-12-19T15:11:40.226906Z,272.974,403,False,0x415Ba7B0D983442D5407ABEF5Ebd8e9d2bB533B7,POLICE,745,TELEMATICS,3,READ,
w76,2025-12-19T15:11:40.227134Z,272.870,403,False,0xDd45386232533D2C209976e678A91A2263676ECB,GARAGE,562,FNOL,4,READ,
w77,2025-12-19T15:11:40.227349Z,272.782,200,True,0x7B678e542Dec17ab096b423D15262dcD9B8c11D8,POLICE,255,IMAGE,2,READ,
w21,2025-12-19T15:11:40.227554Z,272.705,200,True,0x81A893236EFCdC58F1f9421b59Ee21eb7e38f8FB,INSURER,106,VIDEO,2,READ,
w78,2025-12-19T15:11:40.227752Z,272.618,403,False,0x0Bc81E8481993A5F61D3011a142E1510de00ECae,GARAGE,733,TELEMATICS,3,READ,
w22,2025-12-19T15:11:40.227970Z,272.539,200,True,0x7fBAcb835330c3A23597A355A26Cf6E0ee69A0B5,COURT,548,MEDICAL_REPORT,5,READ,
w79,2025-12-19T15:11:40.228179Z,272.450,200,True,0x28606132Fb05B11eee1fa6ACe3CB39F3EFFFdCCe,ADJUSTER,359,IMAGE,2,READ,
w23,2025-12-19T15:11:40.228385Z,272.409,200,True,0xafA5Afd00Ec5464DAf96FCe2b09f4e4e157F4A67,POLICE,388,IMAGE,2,READ,
w80,2025-12-19T15:11:40.228586Z,272.355,200,True,0x51a1E6D900E3e04c169Be84b2D5e5ccB2420B0EB,INSURER,27,VIDEO,2,READ,
w24,2025-12-19T15:11:40.228774Z,272.306,200,True,0x7fBAcb835330c3A23597A355A26Cf6E0ee69A0B5,COURT,153,VIDEO,2,READ,
w81,2025-12-19T15:11:40.228977Z,272.219,200,True,0x8216a92a44877D72a31FA6453e4583a6DCe25752,INSURER,434,IMAGE,2,READ,
w25,2025-12-19T15:11:40.229234Z,272.088,200,True,0x3E93709810FB754ab4D6A2487344dF504087996D,INSURER,527,MEDICAL_REPORT,5,READ,
w82,2025-12-19T15:11:40.229476Z,271.969,200,True,0xcCC472e2d0eDA52066a80BCFb4577Dc9Fb7CD453,POLICE,239,VIDEO,2,READ,
w26,2025-12-19T15:11:40.229711Z,271.904,200,True,0xD0Ce1d9D5A9c7E4F03d499A265d3014Ae5da7644,ADJUSTER,436,IMAGE,2,READ,
w83,2025-12-19T15:11:40.229906Z,271.834,403,False,0xDd45386232533D2C209976e678A91A2263676ECB,GARAGE,722,TELEMATICS,3,READ,
w27,2025-12-19T15:11:40.230061Z,271.804,200,True,0x3d68C58ebB81123d1Ac10655857193A1cDee90CE,INSURER,625,FNOL,4,READ,
w84,2025-12-19T15:11:40.230210Z,271.791,200,True,0x436f253A31aB81e4427747050f42C4907a6C388D,ADJUSTER,279,IMAGE,2,READ,
w28,2025-12-19T15:11:40.230352Z,272.481,403,False,0xC586D6C2dc89b791ae2AA6ae054c2629891275e1,POLICE,684,FNOL,4,READ,
w85,2025-12-19T15:11:40.230499Z,272.503,200,True,0xD756c57480Ea623123AB3a5ad4445875E3309Ac6,INSURER,749,TELEMATICS,3,READ,
w29,2025-12-19T15:11:40.230639Z,272.510,200,True,0x4828419eA02B1D4399E039f8E5F346f37f19fA13,INSURER,442,IMAGE,2,READ,
w86,2025-12-19T15:11:40.230781Z,272.504,200,True,0x182C98818C6b29Ff23d7d1d9766e1B1dEB1aBAeB,INSURER,574,MEDICAL_REPORT,5,READ,
w30,2025-12-19T15:11:40.230932Z,272.477,200,True,0xd86Fa5B280bf58C28aaE39fB535e0e965F0E285B,INSURER,936,OTHER,1,READ,
w87,2025-12-19T15:11:40.231057Z,272.499,200,True,0xC29Fbef10EC6e6A787036cEA0C9024ce9F435d97,INSURER,540,FNOL,4,READ,
w31,2025-12-19T15:11:40.231176Z,272.508,200,True,0x7fBAcb835330c3A23597A355A26Cf6E0ee69A0B5,COURT,588,MEDICAL_REPORT,5,READ,
w88,2025-12-19T15:11:40.231288Z,272.513,200,True,0x469Bf06C8a44e5E2Bb2752C29B92d88DCA076B8a,POLICE,28,VIDEO,2,READ,
w32,2025-12-19T15:11:40.231414Z,272.511,200,True,0xC23BB727D3Ae6bD9cd90AC52ee26359F19176de3,INSURER,553,MEDICAL_REPORT,5,READ,
w89,2025-12-19T15:11:40.231550Z,272.499,200,True,0x892Bc4E7F6D9a6aD507664d8A8EEB33b2544f3Ea,COURT,903,OTHER,1,READ,
w43,2025-12-19T15:11:40.231678Z,272.487,200,True,0x1EBe67547Da63652edcAE7c36347A6d05ef27c1C,POLICE,240,VIDEO,2,READ,
w33,2025-12-19T15:11:40.231801Z,272.471,200,True,0xa814b4D02E07Daa3235ffc1E4752eCF8f6C2D8d8,ADJUSTER,444,IMAGE,2,READ,
w90,2025-12-19T15:11:40.231953Z,272.425,200,True,0x58f181cd636a8F0a8335240Efc4979212ff45341,INSURER,775,TELEMATICS,3,READ,
w34,2025-12-19T15:11:40.232095Z,272.409,200,True,0x2B5dEec5325fd9befC139A2071d830B25FAd52Ef,GARAGE,472,IMAGE,2,READ,
w91,2025-12-19T15:11:40.232213Z,272.402,200,True,0x81A893236EFCdC58F1f9421b59Ee21eb7e38f8FB,INSURER,987,OTHER,1,READ,
w35,2025-12-19T15:11:40.232341Z,272.390,200,True,0xFf85d9d86E5E1a3792266E2a5BB970C470C1e0c5,COURT,204,VIDEO,2,READ,
w92,2025-12-19T15:11:40.232474Z,272.382,200,True,0x892Bc4E7F6D9a6aD507664d8A8EEB33b2544f3Ea,COURT,500,IMAGE,2,READ,
w36,2025-12-19T15:11:40.232596Z,272.376,200,True,0xCe3b338346378767324b87Cb888eC3F1d6d34940,POLICE,204,VIDEO,2,READ,
w93,2025-12-19T15:11:40.232723Z,272.359,200,True,0xDA941366d7481DffDAd4458a22913423f40dA1eA,ADJUSTER,191,VIDEO,2,READ,
w37,2025-12-19T15:11:40.232848Z,272.349,200,True,0x12DF904699208278b4355b568d47De4F2c9646fe,INSURER,311,IMAGE,2,READ,
w94,2025-12-19T15:11:40.232972Z,272.334,200,True,0x4828419eA02B1D4399E039f8E5F346f37f19fA13,INSURER,256,IMAGE,2,READ,
w38,2025-12-19T15:11:40.233097Z,272.319,200,True,0x40fca3Fa04d657c9879B638C57A2a70683E3efED,REGULATOR,410,IMAGE,2,READ,
w95,2025-12-19T15:11:40.233219Z,272.314,200,True,0xF09aBd729B48E734Ad684B93585E8D043D55c967,INSURER,301,IMAGE,2,READ,
w39,2025-12-19T15:11:40.233348Z,272.291,200,True,0x620a52535BA00719f0747D42746525D807319996,ADJUSTER,677,FNOL,4,READ,
w96,2025-12-19T15:11:40.233474Z,272.290,200,True,0xE385ea618340FfE0d7c7e9EB25048F1c1E437F33,INSURER,298,IMAGE,2,READ,
w40,2025-12-19T15:11:40.233597Z,272.295,200,True,0xD756c57480Ea623123AB3a5ad4445875E3309Ac6,INSURER,531,MEDICAL_REPORT,5,READ,
w97,2025-12-19T15:11:40.233717Z,272.286,200,True,0x7fBAcb835330c3A23597A355A26Cf6E0ee69A0B5,COURT,965,OTHER,1,READ,
w41,2025-12-19T15:11:40.233830Z,272.290,200,True,0xeD60C4758Fab078c38685EeEF9692D8Fa4F3dDB9,INSURER,296,IMAGE,2,READ,
w98,2025-12-19T15:11:40.233947Z,272.295,200,True,0x456F6DbE8aF9e05a1918B64f0Bd0690809b23E6B,INSURER,957,OTHER,1,READ,
w42,2025-12-19T15:11:40.234058Z,272.296,200,True,0x456F6DbE8aF9e05a1918B64f0Bd0690809b23E6B,INSURER,177,VIDEO,2,READ,
w99,2025-12-19T15:11:40.234165Z,272.311,200,True,0x42dC03c90d7652B937d26628a86f9317bbf521dc,INSURER,606,MEDICAL_REPORT,5,READ,
w1,2025-12-19T15:11:40.234306Z,272.892,200,True,0xCdb11D137710f0a5234b9D3c040668B6D48e59d4,COURT,240,VIDEO,2,READ,
w44,2025-12-19T15:11:40.235185Z,272.182,200,True,0xC753D2a5211C57F7C2b4279053b11aEC435b41AB,REGULATOR,244,VIDEO,2,READ,
w45,2025-12-19T15:11:40.235353Z,272.146,200,True,0x2ee7F051BB940423f554ea44742f7c4c8C20Ea59,INSURER,864,OTHER,1,READ,
w46,2025-12-19T15:11:40.235483Z,272.140,200,True,0x29950abd635aF427d5E2fF0DB9f6920fC915bC55,INSURER,234,VIDEO,2,READ,
w47,2025-12-19T15:11:40.235616Z,272.121,200,True,0xfd4Fc17438169bC1228EB21c2cb9b8DE1E97472a,INSURER,890,OTHER,1,READ,
w48,2025-12-19T15:11:40.235746Z,272.101,200,True,0x3116De7d4519B71BA014e7EF3e874D3a98B64A91,POLICE,27,VIDEO,2,READ,
w49,2025-12-19T15:11:40.235864Z,272.092,200,True,0x3a74Fec63a615BC94b9A47bEa6340935Ab155117,ADJUSTER,237,VIDEO,2,READ,
w50,2025-12-19T15:11:40.235981Z,272.093,200,True,0xC6Ffd174B730f05f52aF93e216103D6C7464cc96,INSURER,197,VIDEO,2,READ,
w51,2025-12-19T15:11:40.236090Z,272.104,200,True,0x40fca3Fa04d657c9879B638C57A2a70683E3efED,REGULATOR,548,MEDICAL_REPORT,5,READ,
w52,2025-12-19T15:11:40.236195Z,272.106,200,True,0xCdb11D137710f0a5234b9D3c040668B6D48e59d4,COURT,194,VIDEO,2,READ,
w53,2025-12-19T15:11:40.236299Z,272.111,403,False,0x01891323537Ca8c745Cd76182c9eB81519eaC821,GARAGE,660,FNOL,4,READ,
w54,2025-12-19T15:11:40.236421Z,272.118,200,True,0x33F5a90B9400A21046089Aaf44319BA889B0B9ed,INSURER,297,IMAGE,2,READ,
w55,2025-12-19T15:11:40.236548Z,272.097,200,True,0x28606132Fb05B11eee1fa6ACe3CB39F3EFFFdCCe,ADJUSTER,991,OTHER,1,READ,
w56,2025-12-19T15:11:40.236660Z,272.090,200,True,0x12DF904699208278b4355b568d47De4F2c9646fe,INSURER,572,FNOL,4,READ,
w2,2025-12-19T15:11:40.236776Z,272.077,200,True,0xEcbE69567Cf42475FbE6Ea4523541e58C4d22957,GARAGE,420,IMAGE,2,READ,
w57,2025-12-19T15:11:40.236930Z,272.028,200,True,0x12DF904699208278b4355b568d47De4F2c9646fe,INSURER,974,OTHER,1,READ,
w3,2025-12-19T15:11:40.237042Z,272.027,200,True,0x78273aa663aa16C08590efF5582bb4C9DD30Bb95,INSURER,886,OTHER,1,READ,
w58,2025-12-19T15:11:40.237154Z,272.025,200,True,0xC29Fbef10EC6e6A787036cEA0C9024ce9F435d97,INSURER,346,IMAGE,2,READ,
w4,2025-12-19T15:11:40.237278Z,272.014,200,True,0xD6e58dE85e171C0D6BB42Cf4a85fBa7C55ce5618,INSURER,270,IMAGE,2,READ,
w59,2025-12-19T15:11:40.237401Z,271.996,200,True,0x48c487f18ce4aAFcf592B2eC3611eAa7B1C85918,ADJUSTER,250,VIDEO,2,READ,
w60,2025-12-19T15:11:40.237516Z,271.991,200,True,0x7fBAcb835330c3A23597A355A26Cf6E0ee69A0B5,COURT,714,TELEMATICS,3,READ,
w5,2025-12-19T15:11:40.237641Z,271.973,200,True,0x12DF904699208278b4355b568d47De4F2c9646fe,INSURER,166,VIDEO,2,READ,
w6,2025-12-19T15:11:40.237754Z,271.970,200,True,0xD6e58dE85e171C0D6BB42Cf4a85fBa7C55ce5618,INSURER,132,VIDEO,2,READ,
w11,2025-12-19T15:11:40.237863Z,271.966,200,True,0x8216a92a44877D72a31FA6453e4583a6DCe25752,INSURER,896,OTHER,1,READ,
w7,2025-12-19T15:11:40.237971Z,271.962,200,True,0x28606132Fb05B11eee1fa6ACe3CB39F3EFFFdCCe,ADJUSTER,400,IMAGE,2,READ,
w62,2025-12-19T15:11:40.238114Z,271.929,200,True,0x808936f08CCC0a9C3953Cd3716006fB99825CBa4,COURT,512,FNOL,4,READ,
w8,2025-12-19T15:11:40.238245Z,271.914,200,True,0x3A995E7B23E0Fe0f9a5537f57AA80BACa529eFC4,INSURER,63,VIDEO,2,READ,
w61,2025-12-19T15:11:40.238358Z,271.913,200,True,0xC66fE61Fe01B90e3C051c0ED40Dd41fC9347D018,REGULATOR,544,MEDICAL_REPORT,5,READ,
w63,2025-12-19T15:11:40.217355Z,293.029,200,True,0x3d9c5458418bD082b010C0F93c3b8FBF9826E0Bf,INSURER,469,IMAGE,2,READ,
w0,2025-12-19T15:11:40.238496Z,272.017,200,True,0x3db0bD968176A243AC81C5c8Cf02Cf429b04dD57,COURT,266,IMAGE,2,READ,
w64,2025-12-19T15:11:40.495431Z,336.220,200,True,0xE1C502975CC15E22bC10c8a6e352061ef61bBc2A,COURT,899,OTHER,1,READ,
w10,2025-12-19T15:11:40.495875Z,336.036,200,True,0x933be1Be0aF68b62934fE96ADB1AB2Ee1C47B4F0,INSURER,664,FNOL,4,READ,
w65,2025-12-19T15:11:40.496104Z,336.039,200,True,0xe9b50040eeAA45F16fd24222f4a97482737f6C8A,ADJUSTER,361,IMAGE,2,READ,
w66,2025-12-19T15:11:40.496321Z,335.875,200,True,0x199baf9971453910adbCD45ae05Dc8f9B68fcB1f,INSURER,285,IMAGE,2,READ,
w12,2025-12-19T15:11:40.496556Z,335.682,200,True,0x46Adf75988C45FBD67a07651b6f684943428c17C,INSURER,206,VIDEO,2,READ,
w67,2025-12-19T15:11:40.496766Z,335.833,403,False,0x5C63EFf960008F7F9783957f07533386097149ce,POLICE,904,OTHER,1,READ,
w13,2025-12-19T15:11:40.496958Z,335.703,200,True,0x5cA86E3342DEA0C1a26C49f1a4fA40DeEeAFf8a8,INSURER,332,IMAGE,2,READ,
w68,2025-12-19T15:11:40.497405Z,335.311,200,True,0xF80B0672A4f16BDe21fA2DF31482dA0fC606A43f,ADJUSTER,159,VIDEO,2,READ,
w14,2025-12-19T15:11:40.497559Z,335.207,200,True,0x3a74Fec63a615BC94b9A47bEa6340935Ab155117,ADJUSTER,429,IMAGE,2,READ,
w69,2025-12-19T15:11:40.497701Z,335.114,200,True,0xC23BB727D3Ae6bD9cd90AC52ee26359F19176de3,INSURER,96,VIDEO,2,READ,
w15,2025-12-19T15:11:40.497855Z,335.437,200,True,0x42dC03c90d7652B937d26628a86f9317bbf521dc,INSURER,652,MEDICAL_REPORT,5,READ,
w70,2025-12-19T15:11:40.497986Z,335.346,200,True,0xE385ea618340FfE0d7c7e9EB25048F1c1E437F33,INSURER,163,VIDEO,2,READ,
w16,2025-12-19T15:11:40.498110Z,335.257,200,True,0x51A2465dc26f17e37524f93494A8409715ACc9c2,INSURER,472,IMAGE,2,READ,
w71,2025-12-19T15:11:40.498242Z,335.158,200,True,0x476ad4Ce50BbD6624855e3d1e12E6cC23654359A,INSURER,739,TELEMATICS,3,READ,
w17,2025-12-19T15:11:40.498901Z,334.531,200,True,0x5C63EFf960008F7F9783957f07533386097149ce,POLICE,214,VIDEO,2,READ,
w72,2025-12-19T15:11:40.499057Z,334.403,200,True,0x14E81fB79823D062AFEEC4B80e0bCCBE578d057e,REGULATOR,796,TELEMATICS,3,READ,
w18,2025-12-19T15:11:40.499197Z,334.819,200,True,0x077f45EB3eB6027C0D05Ab77CAC4D29c46cb3a6E,INSURER,365,IMAGE,2,READ,
w73,2025-12-19T15:11:40.499365Z,334.690,200,True,0xf9314f31cc38103bC7607a176a804e5C1Ecbf511,INSURER,172,VIDEO,2,READ,
w19,2025-12-19T15:11:40.499502Z,334.585,200,True,0x3d4Bd094c1894ed38F3EcF0799bE66f83a4199ca,ADJUSTER,964,OTHER,1,READ,
w74,2025-12-19T15:11:40.499619Z,334.503,200,True,0xD21eB53384cE472F3DE7527DC9A5820dA80bBB01,INSURER,366,IMAGE,2,READ,
w20,2025-12-19T15:11:40.499753Z,334.401,200,True,0x467316319C6B5f391c5a6B3b0190d4209202fC25,ADJUSTER,614,FNOL,4,READ,
w75,2025-12-19T15:11:40.499885Z,334.297,200,True,0x82B01EfD510Bee8680730EEf777526b020e2398B,INSURER,929,OTHER,1,READ,
w76,2025-12-19T15:11:40.500010Z,334.199,200,True,0x520F6Be8B20312c8CA4bB2773000A94923A4FaE5,POLICE,6,VIDEO,2,READ,
w77,2025-12-19T15:11:40.500136Z,334.100,200,True,0xe9b50040eeAA45F16fd24222f4a97482737f6C8A,ADJUSTER,517,FNOL,4,READ,
w21,2025-12-19T15:11:40.500264Z,334.002,403,False,0x090F26617cAab81C15934159343Ff688fAf23820,POLICE,999,OTHER,1,READ,
w78,2025-12-19T15:11:40.500375Z,333.921,200,True,0x67A9BC3Fb3B4a392C223A8C644B48346b9Ca5128,COURT,585,MEDICAL_REPORT,5,READ,
w22,2025-12-19T15:11:40.500513Z,334.518,200,True,0x290FAd62Cb657cBfDA616da814529a670cdad059,POLICE,72,VIDEO,2,READ,
w79,2025-12-19T15:11:40.500634Z,334.434,200,True,0x3308795A526382DB26cF04047fE2bBd4F56E6CE7,COURT,68,VIDEO,2,READ,
w23,2025-12-19T15:11:40.500802Z,334.311,200,True,0x469Bf06C8a44e5E2Bb2752C29B92d88DCA076B8a,POLICE,413,IMAGE,2,READ,
w80,2025-12-19T15:11:40.500948Z,334.204,200,True,0xa814b4D02E07Daa3235ffc1E4752eCF8f6C2D8d8,ADJUSTER,251,IMAGE,2,READ,
w24,2025-12-19T15:11:40.501086Z,334.097,200,True,0x7fBAcb835330c3A23597A355A26Cf6E0ee69A0B5,COURT,230,VIDEO,2,READ,
w81,2025-12-19T15:11:40.501201Z,334.010,200,True,0xFeC4882fEAf263ac0fD1b9B4271dD1852B413584,INSURER,360,IMAGE,2,READ,
w25,2025-12-19T15:11:40.501328Z,333.913,200,True,0xD21eB53384cE472F3DE7527DC9A5820dA80bBB01,INSURER,993,OTHER,1,READ,
w82,2025-12-19T15:11:40.501450Z,333.821,200,True,0x2ee7F051BB940423f554ea44742f7c4c8C20Ea59,INSURER,979,OTHER,1,READ,
w26,2025-12-19T15:11:40.501620Z,333.679,200,True,0x28606132Fb05B11eee1fa6ACe3CB39F3EFFFdCCe,ADJUSTER,298,IMAGE,2,READ,
w83,2025-12-19T15:11:40.501744Z,333.581,200,True,0xD06Cc40e4D98aDc886d652F4253985B5c04282b9,REGULATOR,565,MEDICAL_REPORT,5,READ,
w27,2025-12-19T15:11:40.501871Z,333.481,200,True,0x58e8E907e02C35e581Ed3a4e98906344861E7265,INSURER,308,IMAGE,2,READ,
w84,2025-12-19T15:11:40.502004Z,333.374,200,True,0x199baf9971453910adbCD45ae05Dc8f9B68fcB1f,INSURER,528,MEDICAL_REPORT,5,READ,
w28,2025-12-19T15:11:40.502840Z,332.566,403,False,0xCF5E79F0E2BFC3eb5fe4aB0975E9F0eEc50b54E3,GARAGE,592,MEDICAL_REPORT,5,READ,
w85,2025-12-19T15:11:40.503007Z,332.429,403,False,0x84FDd0E1F145C20f9451b1eB751c26e76B3232d4,POLICE,847,TELEMATICS,3,READ,
w29,2025-12-19T15:11:40.503155Z,332.309,200,True,0xC5f6e3512D3B1133da1f88159fDf63dC9f2d43FB,ADJUSTER,869,OTHER,1,READ,
w86,2025-12-19T15:11:40.503290Z,333.153,200,True,0x5cA86E3342DEA0C1a26C49f1a4fA40DeEeAFf8a8,INSURER,251,IMAGE,2,READ,
w30,2025-12-19T15:11:40.503413Z,333.079,200,True,0x28365792Da71bc8AcAD11a4393049d006EF2E972,GARAGE,353,IMAGE,2,READ,
w87,2025-12-19T15:11:40.503562Z,332.964,200,True,0x89cb551204456FFCd8e595feE394120dD047b57A,INSURER,729,TELEMATICS,3,READ,
w31,2025-12-19T15:11:40.503689Z,332.869,200,True,0x933be1Be0aF68b62934fE96ADB1AB2Ee1C47B4F0,INSURER,323,IMAGE,2,READ,
w88,2025-12-19T15:11:40.503806Z,332.781,403,False,0xa96C0E04f38F8dC8842789660AA8C570bfCCFF50,GARAGE,243,VIDEO,2,READ,
w32,2025-12-19T15:11:40.503930Z,332.687,200,True,0xf9314f31cc38103bC7607a176a804e5C1Ecbf511,INSURER,346,IMAGE,2,READ,
w89,2025-12-19T15:11:40.504055Z,332.591,403,False,0x69254de41949D1A246C5c1A168e5e8473D2d50f0,ADJUSTER,561,MEDICAL_REPORT,5,READ,
w43,2025-12-19T15:11:40.504169Z,332.504,403,False,0x5173D7F8755FdF3d2f05C01D029A3Dc55EaC0476,POLICE,542,FNOL,4,READ,
w33,2025-12-19T15:11:40.504277Z,332.425,200,True,0x955f7F1386d8d5FB12bc50876B418e4D206D9530,GARAGE,259,IMAGE,2,READ,
w90,2025-12-19T15:11:40.504382Z,332.349,200,True,0xf5d0314845FCf19022a28FeD6650e58CFc01f243,INSURER,307,IMAGE,2,READ,
w34,2025-12-19T15:11:40.504508Z,332.249,200,True,0x3d4Bd094c1894ed38F3EcF0799bE66f83a4199ca,ADJUSTER,45,VIDEO,2,READ,
w91,2025-12-19T15:11:40.504619Z,332.165,403,False,0x0AbFb230511189A840157bF7FcA43b1b69338dC6,POLICE,694,MEDICAL_REPORT,5,READ,
w35,2025-12-19T15:11:40.504736Z,332.074,200,True,0x476ad4Ce50BbD6624855e3d1e12E6cC23654359A,INSURER,168,VIDEO,2,READ,
w92,2025-12-19T15:11:40.504861Z,331.975,200,True,0x48c487f18ce4aAFcf592B2eC3611eAa7B1C85918,ADJUSTER,398,IMAGE,2,READ,
w36,2025-12-19T15:11:40.504977Z,331.894,200,True,0xe9b50040eeAA45F16fd24222f4a97482737f6C8A,ADJUSTER,267,IMAGE,2,READ,
w93,2025-12-19T15:11:40.505086Z,331.816,200,True,0x5cA86E3342DEA0C1a26C49f1a4fA40DeEeAFf8a8,INSURER,394,IMAGE,2,READ,
w37,2025-12-19T15:11:40.505202Z,331.728,200,True,0x436f253A31aB81e4427747050f42C4907a6C388D,ADJUSTER,111,VIDEO,2,READ,
w94,2025-12-19T15:11:40.505311Z,331.646,200,True,0xD1ce8183cCf94d1494c99DFC523Af7Bd51494E8d,INSURER,540,FNOL,4,READ,
w38,2025-12-19T15:11:40.505429Z,331.556,200,True,0x8Dd96368f7a8216813107Fe89688AcaafE8Cb76D,INSURER,810,TELEMATICS,3,READ,
w95,2025-12-19T15:11:40.505537Z,332.576,403,False,0xDD3EceF8307a47a0307E4f44135C61Dd2C75c6d7,POLICE,599,MEDICAL_REPORT,5,READ,
w39,2025-12-19T15:11:40.505644Z,332.516,200,True,0xBdfeA99CC2B9e09E4A7e6C7B14808189488E3985,COURT,499,IMAGE,2,READ,
w96,2025-12-19T15:11:40.505769Z,332.425,200,True,0xAA49CCe569366189355225212a2EA06B8172Fa22,ADJUSTER,883,OTHER,1,READ,
w40,2025-12-19T15:11:40.505897Z,332.327,200,True,0xd6f5696C80b8cb2D4AAaFdaf8E7C266cf4af4538,COURT,990,OTHER,1,READ,
w97,2025-12-19T15:11:40.506008Z,332.244,200,True,0x5e3B546a11dc657CdFa106cd26E2211ee451c0d7,INSURER,613,FNOL,4,READ,
w41,2025-12-19T15:11:40.506125Z,332.155,403,False,0x8D21394c336D57f89564705Aa61307561b63E310,POLICE,595,FNOL,4,READ,
w98,2025-12-19T15:11:40.506246Z,332.064,200,True,0x014E540c98B93f6ce2a6F2D7FE66BeD9a19f7bEC,ADJUSTER,787,TELEMATICS,3,READ,
w42,2025-12-19T15:11:40.506359Z,331.979,200,True,0x415Ba7B0D983442D5407ABEF5Ebd8e9d2bB533B7,POLICE,6,VIDEO,2,READ,
w99,2025-12-19T15:11:40.506481Z,331.885,200,True,0xcCC472e2d0eDA52066a80BCFb4577Dc9Fb7CD453,POLICE,9,VIDEO,2,READ,
w1,2025-12-19T15:11:40.507205Z,331.192,200,True,0x044bef4Ff250cBBFE36FEfE3b859D78bA04c1223,INSURER,681,MEDICAL_REPORT,5,READ,
w44,2025-12-19T15:11:40.507372Z,331.053,403,False,0x2B5dEec5325fd9befC139A2071d830B25FAd52Ef,GARAGE,168,VIDEO,2,READ,
w45,2025-12-19T15:11:40.507504Z,330.947,200,True,0x044bef4Ff250cBBFE36FEfE3b859D78bA04c1223,INSURER,643,MEDICAL_REPORT,5,READ,
w46,2025-12-19T15:11:40.507628Z,330.854,200,True,0xF09aBd729B48E734Ad684B93585E8D043D55c967,INSURER,25,VIDEO,2,READ,
w47,2025-12-19T15:11:40.507741Z,330.772,200,True,0xCdb11D137710f0a5234b9D3c040668B6D48e59d4,COURT,996,OTHER,1,READ,
w48,2025-12-19T15:11:40.507852Z,330.690,200,True,0xdBf006c9b4fEA25fFA98161abc660B4643109625,ADJUSTER,822,TELEMATICS,3,READ,
w49,2025-12-19T15:11:40.507961Z,330.608,200,True,0xb8Fe0E775705824a50658ef111434567024d4310,REGULATOR,173,VIDEO,2,READ,
w50,2025-12-19T15:11:40.508078Z,330.517,200,True,0x5CdF84465a68A1A9CEfe264b98c0701879D78982,INSURER,533,MEDICAL_REPORT,5,READ,
w51,2025-12-19T15:11:40.508199Z,330.422,200,True,0x892Bc4E7F6D9a6aD507664d8A8EEB33b2544f3Ea,COURT,185,VIDEO,2,READ,
w52,2025-12-19T15:11:40.508306Z,330.340,200,True,0xE1C502975CC15E22bC10c8a6e352061ef61bBc2A,COURT,575,FNOL,4,READ,
w53,2025-12-19T15:11:40.508423Z,330.253,200,True,0x11F50254a88A6e26E6Bb5aAE8d74E52372B4270E,COURT,868,OTHER,1,READ,
w54,2025-12-19T15:11:40.508543Z,330.158,200,True,0xf9314f31cc38103bC7607a176a804e5C1Ecbf511,INSURER,960,OTHER,1,READ,
w55,2025-12-19T15:11:40.508650Z,330.086,200,True,0xD21eB53384cE472F3DE7527DC9A5820dA80bBB01,INSURER,903,OTHER,1,READ,
w56,2025-12-19T15:11:40.508754Z,330.012,200,True,0xD32B24Ff4D28e42239EcCd5cbdb456a1565DC083,ADJUSTER,516,FNOL,4,READ,
w2,2025-12-19T15:11:40.508857Z,329.937,403,False,0x6c2d9F1aEdB2C485CABAF82412f88d5303Fd7B73,GARAGE,597,FNOL,4,READ,
w57,2025-12-19T15:11:40.508963Z,331.011,403,False,0x48f8656e15a2FC22Ccd6cDe7c56db39C1B62E770,POLICE,830,TELEMATICS,3,READ,
w3,2025-12-19T15:11:40.509074Z,330.941,200,True,0xD46492141A5F13412fa59e5F47Ce969c7954E752,INSURER,80,VIDEO,2,READ,
w58,2025-12-19T15:11:40.509183Z,330.863,403,False,0x8D21394c336D57f89564705Aa61307561b63E310,POLICE,658,FNOL,4,READ,
w4,2025-12-19T15:11:40.509296Z,330.781,403,False,0xC586D6C2dc89b791ae2AA6ae054c2629891275e1,POLICE,825,TELEMATICS,3,READ,
w59,2025-12-19T15:11:40.509402Z,330.703,200,True,0xb8Fe0E775705824a50658ef111434567024d4310,REGULATOR,922,OTHER,1,READ,
w60,2025-12-19T15:11:40.509510Z,330.623,403,False,0x3D8B37E283940B186f3d817371AE9834E2836f7f,GARAGE,864,OTHER,1,READ,
w5,2025-12-19T15:11:40.509618Z,330.543,200,True,0x68cBdE77b98e3AF3281dBC229ee66540Eac3f007,ADJUSTER,246,VIDEO,2,READ,
w6,2025-12-19T15:11:40.509728Z,330.461,200,True,0x3d68C58ebB81123d1Ac10655857193A1cDee90CE,INSURER,217,VIDEO,2,READ,
w11,2025-12-19T15:11:40.509833Z,330.383,200,True,0x0AbFb230511189A840157bF7FcA43b1b69338dC6,POLICE,339,IMAGE,2,READ,
w7,2025-12-19T15:11:40.509938Z,330.307,200,True,0x467316319C6B5f391c5a6B3b0190d4209202fC25,ADJUSTER,801,TELEMATICS,3,READ,
w62,2025-12-19T15:11:40.510047Z,330.226,200,True,0x7C8B230898f07628a4f24e2D0ffe62373593dCce,POLICE,494,IMAGE,2,READ,
w8,2025-12-19T15:11:40.510163Z,330.139,200,True,0x73E42dF14ff21e7994A37802a292F71830CDA5aF,INSURER,877,OTHER,1,READ,
w61,2025-12-19T15:11:40.510276Z,330.052,200,True,0x419d3b699AA38c218f3D84f0a3129a6383634f17,ADJUSTER,152,VIDEO,2,READ,
w9,2025-12-19T15:11:40.494980Z,345.375,200,True,0x933be1Be0aF68b62934fE96ADB1AB2Ee1C47B4F0,INSURER,243,VIDEO,2,READ,
w63,2025-12-19T15:11:40.510388Z,329.995,200,True,0xACaaedBfb07404f2aAf0ccd6503B1529C1A48764,ADJUSTER,713,TELEMATICS,3,READ,
w0,2025-12-19T15:11:40.510516Z,329.894,403,False,0x26b179d013C696c433c0f316E594f7a7AcE77C79,GARAGE,831,TELEMATICS,3,READ,
w106,2025-12-19T15:11:38.047970Z,3077.770,200,True,0xD3b3bd4ce4B597519FCE080Ce05805A99cC8C772,GARAGE,270,IMAGE,2,READ,
w127,2025-12-19T15:11:38.048595Z,3077.244,200,True,0xcE078954f123a07010672Fff05b36f5E43642106,INSURER,874,OTHER,1,READ,
w135,2025-12-19T15:11:38.048828Z,3077.120,200,True,0x469Bf06C8a44e5E2Bb2752C29B92d88DCA076B8a,POLICE,248,VIDEO,2,READ,
w136,2025-12-19T15:11:38.048853Z,3077.126,200,True,0xe9b50040eeAA45F16fd24222f4a97482737f6C8A,ADJUSTER,481,IMAGE,2,READ,
w141,2025-12-19T15:11:38.048974Z,3077.033,200,True,0xeD60C4758Fab078c38685EeEF9692D8Fa4F3dDB9,INSURER,779,TELEMATICS,3,READ,
w137,2025-12-19T15:11:38.048877Z,3077.221,200,True,0x98eAB44F56Ae1f00C301517F1B6fCDb7a452D64b,ADJUSTER,289,IMAGE,2,READ,
w102,2025-12-19T15:11:38.047754Z,3078.372,200,True,0x1F98dd762361D7256a816f8086AE6FfB657fa5bC,POLICE,160,VIDEO,2,READ,
w115,2025-12-19T15:11:38.048253Z,3077.899,200,True,0x5e3B546a11dc657CdFa106cd26E2211ee451c0d7,INSURER,537,FNOL,4,READ,
w114,2025-12-19T15:11:38.048229Z,3078.014,200,True,0x892Bc4E7F6D9a6aD507664d8A8EEB33b2544f3Ea,COURT,678,FNOL,4,READ,
w113,2025-12-19T15:11:38.048205Z,3078.064,200,True,0xC5f6e3512D3B1133da1f88159fDf63dC9f2d43FB,ADJUSTER,260,IMAGE,2,READ,
w112,2025-12-19T15:11:38.048178Z,3078.115,200,True,0xC29Fbef10EC6e6A787036cEA0C9024ce9F435d97,INSURER,607,FNOL,4,READ,
w108,2025-12-19T15:11:38.048035Z,3078.377,200,True,0x3db0bD968176A243AC81C5c8Cf02Cf429b04dD57,COURT,573,MEDICAL_REPORT,5,READ,
w107,2025-12-19T15:11:38.047998Z,3078.441,200,True,0xF80B0672A4f16BDe21fA2DF31482dA0fC606A43f,ADJUSTER,856,OTHER,1,READ,
w126,2025-12-19T15:11:38.048558Z,3077.987,200,True,0xAF3C604AE7a9E247C368331a22270415269Ef10d,INSURER,590,FNOL,4,READ,
w125,2025-12-19T15:11:38.048521Z,3078.048,403,False,0x955f7F1386d8d5FB12bc50876B418e4D206D9530,GARAGE,798,TELEMATICS,3,READ,
w116,2025-12-19T15:11:38.048279Z,3078.315,200,True,0x3a74Fec63a615BC94b9A47bEa6340935Ab155117,ADJUSTER,376,IMAGE,2,READ,
w142,2025-12-19T15:11:38.048997Z,3077.619,200,True,0x0479AcE8E12E22b9751dF7542dd8f225c221EC34,ADJUSTER,319,IMAGE,2,READ,
w119,2025-12-19T15:11:38.048358Z,3078.343,200,True,0x3d9c5458418bD082b010C0F93c3b8FBF9826E0Bf,INSURER,604,FNOL,4,READ,
w120,2025-12-19T15:11:38.048383Z,3078.343,200,True,0xD32B24Ff4D28e42239EcCd5cbdb456a1565DC083,ADJUSTER,459,IMAGE,2,READ,
w121,2025-12-19T15:11:38.048416Z,3078.332,200,True,0x28365792Da71bc8AcAD11a4393049d006EF2E972,GARAGE,328,IMAGE,2,READ,
w122,2025-12-19T15:11:38.048442Z,3078.390,200,True,0xD6e58dE85e171C0D6BB42Cf4a85fBa7C55ce5618,INSURER,50,VIDEO,2,READ,
w117,2025-12-19T15:11:38.048305Z,3078.554,403,False,0x955f7F1386d8d5FB12bc50876B418e4D206D9530,GARAGE,162,VIDEO,2,READ,
w147,2025-12-19T15:11:38.049121Z,3077.768,200,True,0x3495fF4A33D3b8aCCB512226B501122064b1e8fe,INSURER,436,IMAGE,2,READ,
w148,2025-12-19T15:11:38.049146Z,3077.839,403,False,0xEcbE69567Cf42475FbE6Ea4523541e58C4d22957,GARAGE,745,TELEMATICS,3,READ,
w149,2025-12-19T15:11:38.049264Z,3077.744,403,False,0x0479AcE8E12E22b9751dF7542dd8f225c221EC34,ADJUSTER,639,MEDICAL_REPORT,5,READ,
w150,2025-12-19T15:11:38.049291Z,3077.741,200,True,0xafA5Afd00Ec5464DAf96FCe2b09f4e4e157F4A67,POLICE,302,IMAGE,2,READ,
w123,2025-12-19T15:11:38.048468Z,3078.658,200,True,0x3B4ab93e0901742BFfc8A18D301F36f820AD3bB9,ADJUSTER,902,OTHER,1,READ,
w124,2025-12-19T15:11:38.048494Z,3078.655,200,True,0x892Bc4E7F6D9a6aD507664d8A8EEB33b2544f3Ea,COURT,127,VIDEO,2,READ,
w118,2025-12-19T15:11:38.048331Z,3078.839,200,True,0x93787a823E3D4Ae295F5a91C0e87325E40B3aa3F,REGULATOR,906,OTHER,1,READ,
w146,2025-12-19T15:11:38.049096Z,3078.096,200,True,0x69254de41949D1A246C5c1A168e5e8473D2d50f0,ADJUSTER,352,IMAGE,2,READ,
w133,2025-12-19T15:11:38.048778Z,3078.509,200,True,0xeD60C4758Fab078c38685EeEF9692D8Fa4F3dDB9,INSURER,476,IMAGE,2,READ,
w132,2025-12-19T15:11:38.048753Z,3078.565,200,True,0x2875Aa8C20c095495Ab5d6A1aBE2E2b07077dF55,INSURER,306,IMAGE,2,READ,
w131,2025-12-19T15:11:38.048728Z,3078.695,200,True,0x685A29EE8A06E458E58A29d721dFB677cdF8a600,INSURER,875,OTHER,1,READ,
w111,2025-12-19T15:11:38.048151Z,3079.298,200,True,0x46Adf75988C45FBD67a07651b6f684943428c17C,INSURER,577,FNOL,4,READ,
w110,2025-12-19T15:11:38.048116Z,3079.355,403,False,0x0AbFb230511189A840157bF7FcA43b1b69338dC6,POLICE,982,OTHER,1,READ,
w109,2025-12-19T15:11:38.048075Z,3079.417,200,True,0x7B46635cB6cA958f34ae933b93884a5f19b258D7,INSURER,189,VIDEO,2,READ,
w101,2025-12-19T15:11:38.047726Z,3079.853,200,True,0xcE078954f123a07010672Fff05b36f5E43642106,INSURER,418,IMAGE,2,READ,
w100,2025-12-19T15:11:38.047694Z,3079.911,200,True,0x5e3B546a11dc657CdFa106cd26E2211ee451c0d7,INSURER,393,IMAGE,2,READ,
w134,2025-12-19T15:11:38.048803Z,3078.826,200,True,0x5cA86E3342DEA0C1a26C49f1a4fA40DeEeAFf8a8,INSURER,71,VIDEO,2,READ,
w103,2025-12-19T15:11:38.047783Z,3079.938,200,True,0x3495fF4A33D3b8aCCB512226B501122064b1e8fe,INSURER,386,IMAGE,2,READ,
w104,2025-12-19T15:11:38.047900Z,3079.846,200,True,0x262C7B7B136C441fA055dA7F585a2Ab956c1123C,INSURER,489,IMAGE,2,READ,
w105,2025-12-19T15:11:38.047941Z,3079.827,200,True,0x81daFDe6F70ee2Fb93671DC220cC29F8205ACB57,INSURER,958,OTHER,1,READ,
w128,2025-12-19T15:11:38.048635Z,3079.218,200,True,0xC753D2a5211C57F7C2b4279053b11aEC435b41AB,REGULATOR,886,OTHER,1,READ,
w129,2025-12-19T15:11:38.048672Z,3079.204,403,False,0x59A67A1183C69AAf8Fe3D746D569392b7d4A5035,ADJUSTER,624,MEDICAL_REPORT,5,READ,
w130,2025-12-19T15:11:38.048701Z,3079.200,200,True,0x8Dd96368f7a8216813107Fe89688AcaafE8Cb76D,INSURER,393,IMAGE,2,READ,
w143,2025-12-19T15:11:38.049022Z,3078.959,200,True,0x93787a823E3D4Ae295F5a91C0e87325E40B3aa3F,REGULATOR,578,FNOL,4,READ,
w144,2025-12-19T15:11:38.049048Z,3078.956,200,True,0xDD3EceF8307a47a0307E4f44135C61Dd2C75c6d7,POLICE,98,VIDEO,2,READ,
w140,2025-12-19T15:11:38.048950Z,3079.075,200,True,0x476ad4Ce50BbD6624855e3d1e12E6cC23654359A,INSURER,577,FNOL,4,READ,
w139,2025-12-19T15:11:38.048926Z,3079.180,200,True,0xDD3EceF8307a47a0307E4f44135C61Dd2C75c6d7,POLICE,184,VIDEO,2,READ,
w138,2025-12-19T15:11:38.048902Z,3079.242,200,True,0x567dccd668D18B4ACd8A2795151edB162Bc34767,ADJUSTER,355,IMAGE,2,READ,
w151,2025-12-19T15:11:38.049317Z,3078.857,200,True,0xCe3b338346378767324b87Cb888eC3F1d6d34940,POLICE,285,IMAGE,2,READ,
w152,2025-12-19T15:11:38.049343Z,3078.978,403,False,0x28365792Da71bc8AcAD11a4393049d006EF2E972,GARAGE,160,VIDEO,2,READ,
w153,2025-12-19T15:11:38.049366Z,3079.000,200,True,0xd86Fa5B280bf58C28aaE39fB535e0e965F0E285B,INSURER,643,MEDICAL_REPORT,5,READ,
w154,2025-12-19T15:11:38.049390Z,3079.007,403,False,0x8D21394c336D57f89564705Aa61307561b63E310,POLICE,628,FNOL,4,READ,
w155,2025-12-19T15:11:38.049415Z,3079.082,200,True,0x98eAB44F56Ae1f00C301517F1B6fCDb7a452D64b,ADJUSTER,356,IMAGE,2,READ,
w156,2025-12-19T15:11:38.049439Z,3079.082,200,True,0x044bef4Ff250cBBFE36FEfE3b859D78bA04c1223,INSURER,151,VIDEO,2,READ,
w157,2025-12-19T15:11:38.049463Z,3079.080,403,False,0x5173D7F8755FdF3d2f05C01D029A3Dc55EaC0476,POLICE,522,MEDICAL_REPORT,5,READ,
w158,2025-12-19T15:11:38.049486Z,3079.144,403,False,0x996644d2075D6c96FEB649879534dFAb933903f6,GARAGE,166,VIDEO,2,READ,
w159,2025-12-19T15:11:38.049511Z,3079.144,200,True,0xd132a79Ca7Be8caaC9A27467EB9B65F7cBD6F50E,ADJUSTER,433,IMAGE,2,READ,
w160,2025-12-19T15:11:38.049535Z,3079.145,200,True,0x014E540c98B93f6ce2a6F2D7FE66BeD9a19f7bEC,ADJUSTER,140,VIDEO,2,READ,
w161,2025-12-19T15:11:38.049562Z,3079.200,200,True,0xE1C502975CC15E22bC10c8a6e352061ef61bBc2A,COURT,985,OTHER,1,READ,
w162,2025-12-19T15:11:38.049586Z,3079.199,200,True,0x11F50254a88A6e26E6Bb5aAE8d74E52372B4270E,COURT,635,MEDICAL_REPORT,5,READ,
w163,2025-12-19T15:11:38.049612Z,3079.195,200,True,0x469Bf06C8a44e5E2Bb2752C29B92d88DCA076B8a,POLICE,183,VIDEO,2,READ,
w164,2025-12-19T15:11:38.049636Z,3079.247,200,True,0xE4A8571e1F142Bd99866AA9464c49517B2ac0E01,ADJUSTER,878,OTHER,1,READ,
w165,2025-12-19T15:11:38.049661Z,3079.245,200,True,0x3db0bD968176A243AC81C5c8Cf02Cf429b04dD57,COURT,413,IMAGE,2,READ,
w166,2025-12-19T15:11:38.049688Z,3079.240,200,True,0x33F5a90B9400A21046089Aaf44319BA889B0B9ed,INSURER,404,IMAGE,2,READ,
w167,2025-12-19T15:11:38.049714Z,3079.289,403,False,0xD261b62ccB398d8100234C5fD641c6D67B10C62B,GARAGE,640,MEDICAL_REPORT,5,READ,
w168,2025-12-19T15:11:38.049738Z,3079.293,200,True,0x07DA3024980d3B92Bcf6B8850A7C08F758B5F781,INSURER,706,TELEMATICS,3,READ,
w169,2025-12-19T15:11:38.049762Z,3079.387,403,False,0x996644d2075D6c96FEB649879534dFAb933903f6,GARAGE,521,FNOL,4,READ,
w170,2025-12-19T15:11:38.049785Z,3079.398,200,True,0x4BC2c2b671822006a9D592cdd2Db24e8Da3C6adf,GARAGE,456,IMAGE,2,READ,
w171,2025-12-19T15:11:38.049811Z,3079.404,200,True,0xAB814b041AB343702D64556Fdb3a3C104daa0445,ADJUSTER,915,OTHER,1,READ,
w172,2025-12-19T15:11:38.049838Z,3079.549,200,True,0xeaD317253F31780B00e0Ef360b1ade2Fb83c2b3E,INSURER,418,IMAGE,2,READ,
w173,2025-12-19T15:11:38.049864Z,3079.560,200,True,0x05d1ef5b43268c6a5BD456A953029092795045d9,INSURER,395,IMAGE,2,READ,
w174,2025-12-19T15:11:38.049889Z,3079.568,200,True,0xfd4Fc17438169bC1228EB21c2cb9b8DE1E97472a,INSURER,915,OTHER,1,READ,
w175,2025-12-19T15:11:38.049913Z,3079.811,200,True,0x6c2d9F1aEdB2C485CABAF82412f88d5303Fd7B73,GARAGE,483,IMAGE,2,READ,
w176,2025-12-19T15:11:38.049949Z,3079.834,200,True,0x5e3B546a11dc657CdFa106cd26E2211ee451c0d7,INSURER,560,FNOL,4,READ,
w177,2025-12-19T15:11:38.049978Z,3079.846,200,True,0x46Adf75988C45FBD67a07651b6f684943428c17C,INSURER,290,IMAGE,2,READ,
w178,2025-12-19T15:11:38.050003Z,3079.849,200,True,0xC5f6e3512D3B1133da1f88159fDf63dC9f2d43FB,ADJUSTER,300,IMAGE,2,READ,
w179,2025-12-19T15:11:38.050028Z,3079.977,200,True,0x93787a823E3D4Ae295F5a91C0e87325E40B3aa3F,REGULATOR,402,IMAGE,2,READ,
w180,2025-12-19T15:11:38.050056Z,3079.987,200,True,0x28365792Da71bc8AcAD11a4393049d006EF2E972,GARAGE,382,IMAGE,2,READ,
w181,2025-12-19T15:11:38.050079Z,3079.994,200,True,0xcE078954f123a07010672Fff05b36f5E43642106,INSURER,231,VIDEO,2,READ,
w182,2025-12-19T15:11:38.050104Z,3080.001,403,False,0x26b179d013C696c433c0f316E594f7a7AcE77C79,GARAGE,811,TELEMATICS,3,READ,
w183,2025-12-19T15:11:38.050128Z,3080.118,200,True,0x044bef4Ff250cBBFE36FEfE3b859D78bA04c1223,INSURER,31,VIDEO,2,READ,
w184,2025-12-19T15:11:38.050153Z,3080.120,403,False,0xafA5Afd00Ec5464DAf96FCe2b09f4e4e157F4A67,POLICE,648,FNOL,4,READ,
w185,2025-12-19T15:11:38.050178Z,3080.119,200,True,0xB8954C40b419Ae7332fF39Ce3d458ba1fed03941,REGULATOR,944,OTHER,1,READ,
w186,2025-12-19T15:11:38.050203Z,3080.117,200,True,0x11F50254a88A6e26E6Bb5aAE8d74E52372B4270E,COURT,402,IMAGE,2,READ,
w187,2025-12-19T15:11:38.050229Z,3080.114,200,True,0xE385ea618340FfE0d7c7e9EB25048F1c1E437F33,INSURER,826,TELEMATICS,3,READ,
w188,2025-12-19T15:11:38.050255Z,3080.213,403,False,0x59760590b1fCF3C846635ae6432DE56ef26298B8,GARAGE,41,VIDEO,2,READ,
w189,2025-12-19T15:11:38.050282Z,3080.213,200,True,0x73c07A746181c5256aC8EB8006fFbCF2239bEcC5,COURT,69,VIDEO,2,READ,
w190,2025-12-19T15:11:38.050317Z,3080.212,200,True,0xa814b4D02E07Daa3235ffc1E4752eCF8f6C2D8d8,ADJUSTER,517,FNOL,4,READ,
w191,2025-12-19T15:11:38.050364Z,3080.189,200,True,0x81A893236EFCdC58F1f9421b59Ee21eb7e38f8FB,INSURER,432,IMAGE,2,READ,
w192,2025-12-19T15:11:38.050395Z,3080.181,200,True,0xD261b62ccB398d8100234C5fD641c6D67B10C62B,GARAGE,453,IMAGE,2,READ,
w193,2025-12-19T15:11:38.050578Z,3080.071,200,True,0x933be1Be0aF68b62934fE96ADB1AB2Ee1C47B4F0,INSURER,533,MEDICAL_REPORT,5,READ,
w194,2025-12-19T15:11:38.050653Z,3080.020,200,True,0xD0Ce1d9D5A9c7E4F03d499A265d3014Ae5da7644,ADJUSTER,507,FNOL,4,READ,
w195,2025-12-19T15:11:38.050692Z,3080.038,200,True,0x11652BF4c5D394F3a46E96f2bE659939a0f6a6ed,INSURER,543,MEDICAL_REPORT,5,READ,
w196,2025-12-19T15:11:38.050724Z,3080.058,200,True,0x620a52535BA00719f0747D42746525D807319996,ADJUSTER,56,VIDEO,2,READ,
w197,2025-12-19T15:11:38.050754Z,3080.079,200,True,0xaCB712DC0982F8B6c52EB4C5D2c205766cE3d00D,INSURER,574,MEDICAL_REPORT,5,READ,
w198,2025-12-19T15:11:38.050781Z,3080.189,200,True,0x73E42dF14ff21e7994A37802a292F71830CDA5aF,INSURER,152,VIDEO,2,READ,
w145,2025-12-19T15:11:38.049073Z,3081.985,200,True,0x9F6d6682cb1957F9585F9b8AC3469E4D767600D6,INSURER,247,VIDEO,2,READ,
w199,2025-12-19T15:11:38.050807Z,3080.755,200,True,0x467316319C6B5f391c5a6B3b0190d4209202fC25,ADJUSTER,952,OTHER,1,READ,
