worker,start_time_iso,latency_ms,status,allowed,subject_address,subject_role,resource_id,resource_type,resource_sensitivity,action,error
w32,2025-12-19T15:11:30.301362Z,213.383,200,True,0xC66fE61Fe01B90e3C051c0ED40Dd41fC9347D018,REGULATOR,737,TELEMATICS,3,READ,
w20,2025-12-19T15:11:30.301031Z,214.087,403,False,0x520F6Be8B20312c8CA4bB2773000A94923A4FaE5,POLICE,530,FNOL,4,READ,
w6,2025-12-19T15:11:30.300622Z,214.832,200,True,0x46Adf75988C45FBD67a07651b6f684943428c17C,INSURER,561,MEDICAL_REPORT,5,READ,
w47,2025-12-19T15:11:30.301895Z,213.712,200,True,0x93787a823E3D4Ae295F5a91C0e87325E40B3aa3F,REGULATOR,673,MEDICAL_REPORT,5,READ,
w33,2025-12-19T15:11:30.301391Z,214.353,200,True,0x8D21394c336D57f89564705Aa61307561b63E310,POLICE,94,VIDEO,2,READ,
w7,2025-12-19T15:11:30.300651Z,215.216,200,True,0xD21eB53384cE472F3DE7527DC9A5820dA80bBB01,INSURER,883,OTHER,1,READ,
w48,2025-12-19T15:11:30.301921Z,214.072,200,True,0x1cf47318cada656180563507BDd94262cAA29a4a,INSURER,294,IMAGE,2,READ,
w34,2025-12-19T15:11:30.301417Z,214.687,200,True,0x419d3b699AA38c218f3D84f0a3129a6383634f17,ADJUSTER,970,OTHER,1,READ,
w8,2025-12-19T15:11:30.300679Z,215.560,403,False,0xa96C0E04f38F8dC8842789660AA8C570bfCCFF50,GARAGE,619,FNOL,4,READ,
w49,2025-12-19T15:11:30.301948Z,214.409,200,True,0x262C7B7B136C441fA055dA7F585a2Ab956c1123C,INSURER,884,OTHER,1,READ,
w35,2025-12-19T15:11:30.301445Z,216.066,403,False,0x57e02f30Dd15545B3A9eC4841D0D58Ee1D829414,GARAGE,799,TELEMATICS,3,READ,
w21,2025-12-19T15:11:30.301056Z,216.709,200,True,0x065Fd3F8fcF30384f50eceBa324b1EF8411Fa759,COURT,94,VIDEO,2,READ,
w9,2025-12-19T15:11:30.300711Z,217.434,200,True,0xaCB712DC0982F8B6c52EB4C5D2c205766cE3d00D,INSURER,389,IMAGE,2,READ,
w36,2025-12-19T15:11:30.301469Z,216.892,200,True,0x78273aa663aa16C08590efF5582bb4C9DD30Bb95,INSURER,788,TELEMATICS,3,READ,
w22,2025-12-19T15:11:30.301083Z,217.482,200,True,0x467316319C6B5f391c5a6B3b0190d4209202fC25,ADJUSTER,855,OTHER,1,READ,
w10,2025-12-19T15:11:30.300739Z,218.028,200,True,0xAF3C604AE7a9E247C368331a22270415269Ef10d,INSURER,614,FNOL,4,READ,
w37,2025-12-19T15:11:30.301494Z,217.470,403,False,0x290FAd62Cb657cBfDA616da814529a670cdad059,POLICE,894,OTHER,1,READ,
w23,2025-12-19T15:11:30.301111Z,218.364,200,True,0xDD3EceF8307a47a0307E4f44135C61Dd2C75c6d7,POLICE,311,IMAGE,2,READ,
w11,2025-12-19T15:11:30.300767Z,218.928,200,True,0xF88a95Dd8B84AF76941627AA419BEFc507d88125,ADJUSTER,157,VIDEO,2,READ,
w38,2025-12-19T15:11:30.301518Z,218.374,200,True,0xc0F601980c6FD898E06229024740eec17abbF5C2,INSURER,129,VIDEO,2,READ,
w24,2025-12-19T15:11:30.301139Z,218.951,200,True,0x808936f08CCC0a9C3953Cd3716006fB99825CBa4,COURT,982,OTHER,1,READ,
w12,2025-12-19T15:11:30.300806Z,219.476,200,True,0xACaaedBfb07404f2aAf0ccd6503B1529C1A48764,ADJUSTER,69,VIDEO,2,READ,
w39,2025-12-19T15:11:30.301547Z,218.940,403,False,0x6c2d9F1aEdB2C485CABAF82412f88d5303Fd7B73,GARAGE,550,MEDICAL_REPORT,5,READ,
w25,2025-12-19T15:11:30.301168Z,219.513,200,True,0xeaD317253F31780B00e0Ef360b1ade2Fb83c2b3E,INSURER,278,IMAGE,2,READ,
w13,2025-12-19T15:11:30.300835Z,220.510,200,True,0xf5d0314845FCf19022a28FeD6650e58CFc01f243,INSURER,221,VIDEO,2,READ,
w40,2025-12-19T15:11:30.301574Z,219.939,200,True,0x5CdF84465a68A1A9CEfe264b98c0701879D78982,INSURER,835,TELEMATICS,3,READ,
w26,2025-12-19T15:11:30.301193Z,220.466,200,True,0xBdfeA99CC2B9e09E4A7e6C7B14808189488E3985,COURT,738,TELEMATICS,3,READ,
w14,2025-12-19T15:11:30.300864Z,220.916,403,False,0x0AbFb230511189A840157bF7FcA43b1b69338dC6,POLICE,648,FNOL,4,READ,
w41,2025-12-19T15:11:30.301601Z,220.297,200,True,0xCaa6A1a26D28f97DEDD4f555dEd43bC607f78384,INSURER,864,OTHER,1,READ,
w27,2025-12-19T15:11:30.301225Z,220.784,200,True,0x811FdDFb3340F34AB2b91C97AcB5FAeB6405847E,REGULATOR,949,OTHER,1,READ,
w15,2025-12-19T15:11:30.300893Z,221.218,200,True,0x09596bf36cE63dABDeB58d68a52792B7BA13ba84,ADJUSTER,53,VIDEO,2,READ,
w42,2025-12-19T15:11:30.301625Z,220.582,200,True,0x892Bc4E7F6D9a6aD507664d8A8EEB33b2544f3Ea,COURT,569,MEDICAL_REPORT,5,READ,
w28,2025-12-19T15:11:30.301253Z,221.053,200,True,0xfd4Fc17438169bC1228EB21c2cb9b8DE1E97472a,INSURER,587,FNOL,4,READ,
w16,2025-12-19T15:11:30.300919Z,221.485,200,True,0x598405697b464FEbA8C76367b7C75C59D8BE2eCF,COURT,888,OTHER,1,READ,
w2,2025-12-19T15:11:30.300456Z,222.069,200,True,0xD06Cc40e4D98aDc886d652F4253985B5c04282b9,REGULATOR,732,TELEMATICS,3,READ,
w43,2025-12-19T15:11:30.301651Z,220.981,200,True,0xE4A8571e1F142Bd99866AA9464c49517B2ac0E01,ADJUSTER,701,TELEMATICS,3,READ,
w29,2025-12-19T15:11:30.301281Z,221.451,200,True,0x199baf9971453910adbCD45ae05Dc8f9B68fcB1f,INSURER,926,OTHER,1,READ,
w17,2025-12-19T15:11:30.300946Z,221.890,200,True,0x69254de41949D1A246C5c1A168e5e8473D2d50f0,ADJUSTER,886,OTHER,1,READ,
w3,2025-12-19T15:11:30.300510Z,222.427,200,True,0x11652BF4c5D394F3a46E96f2bE659939a0f6a6ed,INSURER,404,IMAGE,2,READ,
w1,2025-12-19T15:11:30.300185Z,222.855,200,True,0x85C720Ae65eF1706A0cf41695a93A34E189D5Ea0,INSURER,174,VIDEO,2,READ,
w44,2025-12-19T15:11:30.301765Z,221.375,200,True,0x182C98818C6b29Ff23d7d1d9766e1B1dEB1aBAeB,INSURER,999,OTHER,1,READ,
w30,2025-12-19T15:11:30.301308Z,221.961,200,True,0xF88a95Dd8B84AF76941627AA419BEFc507d88125,ADJUSTER,505,FNOL,4,READ,
w18,2025-12-19T15:11:30.300973Z,222.399,200,True,0x892Bc4E7F6D9a6aD507664d8A8EEB33b2544f3Ea,COURT,384,IMAGE,2,READ,
w4,2025-12-19T15:11:30.300549Z,222.927,403,False,0x415Ba7B0D983442D5407ABEF5Ebd8e9d2bB533B7,POLICE,556,FNOL,4,READ,
w45,2025-12-19T15:11:30.301832Z,221.753,200,True,0x27158a264fdA9698B85485706B47BBC87Fa6Db4b,ADJUSTER,742,TELEMATICS,3,READ,
w31,2025-12-19T15:11:30.301335Z,222.352,200,True,0x73E42dF14ff21e7994A37802a292F71830CDA5aF,INSURER,783,TELEMATICS,3,READ,
w19,2025-12-19T15:11:30.301003Z,222.791,200,True,0xB2241965995ed972D442D6A9461eF3583ecA95B6,INSURER,526,MEDICAL_REPORT,5,READ,
w5,2025-12-19T15:11:30.300586Z,223.313,200,True,0x2ee7F051BB940423f554ea44742f7c4c8C20Ea59,INSURER,255,IMAGE,2,READ,
w0,2025-12-19T15:11:30.297827Z,226.172,200,True,0x73E42dF14ff21e7994A37802a292F71830CDA5aF,INSURER,813,TELEMATICS,3,READ,
w46,2025-12-19T15:11:30.301866Z,222.240,200,True,0x6c2d9F1aEdB2C485CABAF82412f88d5303Fd7B73,GARAGE,345,IMAGE,2,READ,
w32,2025-12-19T15:11:30.514763Z,214.805,200,True,0xBCb233Ef85EC11C88E20Ea53Bb47f454d116FBe3,ADJUSTER,497,IMAGE,2,READ,
w20,2025-12-19T15:11:30.515128Z,214.930,200,True,0x51A2465dc26f17e37524f93494A8409715ACc9c2,INSURER,590,FNOL,4,READ,
w6,2025-12-19T15:11:30.515460Z,215.024,200,True,0x5e3B546a11dc657CdFa106cd26E2211ee451c0d7,INSURER,250,VIDEO,2,READ,
w47,2025-12-19T15:11:30.515614Z,215.073,200,True,0x1F98dd762361D7256a816f8086AE6FfB657fa5bC,POLICE,100,VIDEO,2,READ,
w33,2025-12-19T15:11:30.515749Z,215.153,200,True,0xEcbE69567Cf42475FbE6Ea4523541e58C4d22957,GARAGE,367,IMAGE,2,READ,
w7,2025-12-19T15:11:30.515872Z,215.242,200,True,0x2875Aa8C20c095495Ab5d6A1aBE2E2b07077dF55,INSURER,491,IMAGE,2,READ,
w48,2025-12-19T15:11:30.515998Z,215.322,200,True,0x14E81fB79823D062AFEEC4B80e0bCCBE578d057e,REGULATOR,742,TELEMATICS,3,READ,
w34,2025-12-19T15:11:30.516109Z,215.442,403,False,0x520F6Be8B20312c8CA4bB2773000A94923A4FaE5,POLICE,717,TELEMATICS,3,READ,
w8,2025-12-19T15:11:30.516245Z,215.909,200,True,0x09596bf36cE63dABDeB58d68a52792B7BA13ba84,ADJUSTER,732,TELEMATICS,3,READ,
w49,2025-12-19T15:11:30.516361Z,216.029,200,True,0x892Bc4E7F6D9a6aD507664d8A8EEB33b2544f3Ea,COURT,532,FNOL,4,READ,
w35,2025-12-19T15:11:30.517518Z,215.085,200,True,0xCdb11D137710f0a5234b9D3c040668B6D48e59d4,COURT,80,VIDEO,2,READ,
w21,2025-12-19T15:11:30.517772Z,215.040,200,True,0xdBf006c9b4fEA25fFA98161abc660B4643109625,ADJUSTER,455,IMAGE,2,READ,
w9,2025-12-19T15:11:30.518153Z,214.862,200,True,0xCF5E79F0E2BFC3eb5fe4aB0975E9F0eEc50b54E3,GARAGE,373,IMAGE,2,READ,
w36,2025-12-19T15:11:30.518368Z,214.838,200,True,0x3a74Fec63a615BC94b9A47bEa6340935Ab155117,ADJUSTER,713,TELEMATICS,3,READ,
w22,2025-12-19T15:11:30.518572Z,214.829,200,True,0xC23BB727D3Ae6bD9cd90AC52ee26359F19176de3,INSURER,557,FNOL,4,READ,
w10,2025-12-19T15:11:30.518774Z,216.065,200,True,0x1F022FfD0700E02E8f01B8f05f539f8C7a0339bb,POLICE,204,VIDEO,2,READ,
w37,2025-12-19T15:11:30.518972Z,216.116,200,True,0xF09aBd729B48E734Ad684B93585E8D043D55c967,INSURER,621,MEDICAL_REPORT,5,READ,
w23,2025-12-19T15:11:30.519484Z,215.832,200,True,0x3B4ab93e0901742BFfc8A18D301F36f820AD3bB9,ADJUSTER,608,FNOL,4,READ,
w11,2025-12-19T15:11:30.519702Z,215.854,403,False,0xF88a95Dd8B84AF76941627AA419BEFc507d88125,ADJUSTER,616,MEDICAL_REPORT,5,READ,
w38,2025-12-19T15:11:30.519900Z,215.866,403,False,0x48c487f18ce4aAFcf592B2eC3611eAa7B1C85918,ADJUSTER,692,MEDICAL_REPORT,5,READ,
w24,2025-12-19T15:11:30.520097Z,215.874,200,True,0x48c487f18ce4aAFcf592B2eC3611eAa7B1C85918,ADJUSTER,255,IMAGE,2,READ,
w12,2025-12-19T15:11:30.520289Z,215.891,200,True,0xBC78986794f1658340222E011F7e1Cf375177F95,ADJUSTER,855,OTHER,1,READ,
w39,2025-12-19T15:11:30.520495Z,215.874,200,True,0xE385ea618340FfE0d7c7e9EB25048F1c1E437F33,INSURER,828,TELEMATICS,3,READ,
w25,2025-12-19T15:11:30.520688Z,215.866,403,False,0x3d4Bd094c1894ed38F3EcF0799bE66f83a4199ca,ADJUSTER,520,MEDICAL_REPORT,5,READ,
w13,2025-12-19T15:11:30.521353Z,215.388,403,False,0x7C8B230898f07628a4f24e2D0ffe62373593dCce,POLICE,987,OTHER,1,READ,
w40,2025-12-19T15:11:30.521519Z,215.424,200,True,0x3d4Bd094c1894ed38F3EcF0799bE66f83a4199ca,ADJUSTER,102,VIDEO,2,READ,
w26,2025-12-19T15:11:30.521665Z,215.478,200,True,0xDd45386232533D2C209976e678A91A2263676ECB,GARAGE,316,IMAGE,2,READ,
w14,2025-12-19T15:11:30.521786Z,215.551,200,True,0xD756c57480Ea623123AB3a5ad4445875E3309Ac6,INSURER,485,IMAGE,2,READ,
w41,2025-12-19T15:11:30.521903Z,215.649,200,True,0x78b99D5D04232b9650d619DBa5F5600a9242A472,INSURER,500,IMAGE,2,READ,
w27,2025-12-19T15:11:30.522014Z,215.720,200,True,0x685A29EE8A06E458E58A29d721dFB677cdF8a600,INSURER,228,VIDEO,2,READ,
w15,2025-12-19T15:11:30.522116Z,215.804,200,True,0xBeBf134906e0FCcd85b0D99a4626a7B8584e742c,ADJUSTER,728,TELEMATICS,3,READ,
w42,2025-12-19T15:11:30.522213Z,215.905,200,True,0x3a74Fec63a615BC94b9A47bEa6340935Ab155117,ADJUSTER,596,FNOL,4,READ,
w28,2025-12-19T15:11:30.522311Z,216.000,200,True,0x567dccd668D18B4ACd8A2795151edB162Bc34767,ADJUSTER,559,FNOL,4,READ,
w16,2025-12-19T15:11:30.522408Z,216.088,200,True,0x8216a92a44877D72a31FA6453e4583a6DCe25752,INSURER,746,TELEMATICS,3,READ,
w2,2025-12-19T15:11:30.522530Z,216.151,200,True,0x456F6DbE8aF9e05a1918B64f0Bd0690809b23E6B,INSURER,387,IMAGE,2,READ,
w43,2025-12-19T15:11:30.522637Z,216.230,200,True,0x892Bc4E7F6D9a6aD507664d8A8EEB33b2544f3Ea,COURT,457,IMAGE,2,READ,
w29,2025-12-19T15:11:30.522736Z,216.321,403,False,0xEcbE69567Cf42475FbE6Ea4523541e58C4d22957,GARAGE,181,VIDEO,2,READ,
w17,2025-12-19T15:11:30.522842Z,216.407,200,True,0xF09aBd729B48E734Ad684B93585E8D043D55c967,INSURER,162,VIDEO,2,READ,
w3,2025-12-19T15:11:30.522942Z,216.499,200,True,0x182C98818C6b29Ff23d7d1d9766e1B1dEB1aBAeB,INSURER,482,IMAGE,2,READ,
w1,2025-12-19T15:11:30.523045Z,216.592,403,False,0x3D8B37E283940B186f3d817371AE9834E2836f7f,GARAGE,645,MEDICAL_REPORT,5,READ,
w44,2025-12-19T15:11:30.523145Z,216.680,403,False,0x48f8656e15a2FC22Ccd6cDe7c56db39C1B62E770,POLICE,860,OTHER,1,READ,
w30,2025-12-19T15:11:30.523274Z,216.754,200,True,0xCF5E79F0E2BFC3eb5fe4aB0975E9F0eEc50b54E3,GARAGE,267,IMAGE,2,READ,
w18,2025-12-19T15:11:30.523377Z,216.852,200,True,0x1Ab5D0f68133DA5E100635Bdf5030650cA2bE691,ADJUSTER,248,VIDEO,2,READ,
w4,2025-12-19T15:11:30.523481Z,216.937,200,True,0x892Bc4E7F6D9a6aD507664d8A8EEB33b2544f3Ea,COURT,582,MEDICAL_REPORT,5,READ,
w45,2025-12-19T15:11:30.523589Z,217.016,200,True,0x11652BF4c5D394F3a46E96f2bE659939a0f6a6ed,INSURER,814,TELEMATICS,3,READ,
w31,2025-12-19T15:11:30.523691Z,217.100,200,True,0x5e3B546a11dc657CdFa106cd26E2211ee451c0d7,INSURER,874,OTHER,1,READ,
w19,2025-12-19T15:11:30.523798Z,217.193,403,False,0x996644d2075D6c96FEB649879534dFAb933903f6,GARAGE,976,OTHER,1,READ,
w5,2025-12-19T15:11:30.523903Z,217.282,200,True,0x2ee7F051BB940423f554ea44742f7c4c8C20Ea59,INSURER,655,FNOL,4,READ,
w0,2025-12-19T15:11:30.524005Z,217.584,200,True,0x5e3B546a11dc657CdFa106cd26E2211ee451c0d7,INSURER,234,VIDEO,2,READ,
w46,2025-12-19T15:11:30.524111Z,217.681,403,False,0x5173D7F8755FdF3d2f05C01D029A3Dc55EaC0476,POLICE,691,MEDICAL_REPORT,5,READ,
w20,2025-12-19T15:11:30.730070Z,202.854,200,True,0xFf85d9d86E5E1a3792266E2a5BB970C470C1e0c5,COURT,630,MEDICAL_REPORT,5,READ,
w6,2025-12-19T15:11:30.730492Z,202.862,200,True,0xFeC4882fEAf263ac0fD1b9B4271dD1852B413584,INSURER,734,TELEMATICS,3,READ,
w47,2025-12-19T15:11:30.730694Z,202.864,403,False,0x8D21394c336D57f89564705Aa61307561b63E310,POLICE,511,MEDICAL_REPORT,5,READ,
w33,2025-12-19T15:11:30.730912Z,202.793,200,True,0x467316319C6B5f391c5a6B3b0190d4209202fC25,ADJUSTER,154,VIDEO,2,READ,
w7,2025-12-19T15:11:30.731122Z,202.716,200,True,0x567dccd668D18B4ACd8A2795151edB162Bc34767,ADJUSTER,66,VIDEO,2,READ,
w48,2025-12-19T15:11:30.731328Z,202.750,200,True,0x81A893236EFCdC58F1f9421b59Ee21eb7e38f8FB,INSURER,529,MEDICAL_REPORT,5,READ,
w34,2025-12-19T15:11:30.731560Z,202.887,200,True,0xDA941366d7481DffDAd4458a22913423f40dA1eA,ADJUSTER,12,VIDEO,2,READ,
w8,2025-12-19T15:11:30.732162Z,202.451,403,False,0x4BA98aed0F31F1E56A9bc733FD86aB30e5b88D0E,GARAGE,511,MEDICAL_REPORT,5,READ,
w49,2025-12-19T15:11:30.732398Z,202.352,403,False,0x6B97e16D77504562cB9392834019252f4057F4D5,POLICE,554,MEDICAL_REPORT,5,READ,
w35,2025-12-19T15:11:30.732610Z,202.277,200,True,0xCe3b338346378767324b87Cb888eC3F1d6d34940,POLICE,413,IMAGE,2,READ,
w21,2025-12-19T15:11:30.732820Z,202.192,200,True,0x3db0bD968176A243AC81C5c8Cf02Cf429b04dD57,COURT,630,MEDICAL_REPORT,5,READ,
w9,2025-12-19T15:11:30.733024Z,202.105,200,True,0xDd45386232533D2C209976e678A91A2263676ECB,GARAGE,366,IMAGE,2,READ,
w36,2025-12-19T15:11:30.733214Z,202.020,403,False,0x7C8B230898f07628a4f24e2D0ffe62373593dCce,POLICE,746,TELEMATICS,3,READ,
w22,2025-12-19T15:11:30.733410Z,201.931,403,False,0x0Bc81E8481993A5F61D3011a142E1510de00ECae,GARAGE,168,VIDEO,2,READ,
w10,2025-12-19T15:11:30.734849Z,200.611,200,True,0x51A2465dc26f17e37524f93494A8409715ACc9c2,INSURER,941,OTHER,1,READ,
w37,2025-12-19T15:11:30.735098Z,200.474,200,True,0xeD60C4758Fab078c38685EeEF9692D8Fa4F3dDB9,INSURER,446,IMAGE,2,READ,
w23,2025-12-19T15:11:30.735324Z,200.502,200,True,0x68cBdE77b98e3AF3281dBC229ee66540Eac3f007,ADJUSTER,427,IMAGE,2,READ,
w11,2025-12-19T15:11:30.735567Z,200.382,200,True,0x85C720Ae65eF1706A0cf41695a93A34E189D5Ea0,INSURER,795,TELEMATICS,3,READ,
w38,2025-12-19T15:11:30.735774Z,200.289,200,True,0xBdfeA99CC2B9e09E4A7e6C7B14808189488E3985,COURT,56,VIDEO,2,READ,
w24,2025-12-19T15:11:30.735979Z,200.188,200,True,0x48f8656e15a2FC22Ccd6cDe7c56db39C1B62E770,POLICE,390,IMAGE,2,READ,
w12,2025-12-19T15:11:30.736187Z,200.243,200,True,0x5e3B546a11dc657CdFa106cd26E2211ee451c0d7,INSURER,91,VIDEO,2,READ,
w39,2025-12-19T15:11:30.736377Z,200.215,200,True,0xFeC4882fEAf263ac0fD1b9B4271dD1852B413584,INSURER,864,OTHER,1,READ,
w25,2025-12-19T15:11:30.736561Z,200.158,200,True,0xF09aBd729B48E734Ad684B93585E8D043D55c967,INSURER,903,OTHER,1,READ,
w13,2025-12-19T15:11:30.736747Z,200.096,200,True,0xCdb11D137710f0a5234b9D3c040668B6D48e59d4,COURT,550,MEDICAL_REPORT,5,READ,
w40,2025-12-19T15:11:30.736951Z,200.002,200,True,0xBdfeA99CC2B9e09E4A7e6C7B14808189488E3985,COURT,128,VIDEO,2,READ,
w26,2025-12-19T15:11:30.737152Z,199.908,403,False,0x3D8B37E283940B186f3d817371AE9834E2836f7f,GARAGE,525,MEDICAL_REPORT,5,READ,
w14,2025-12-19T15:11:30.737345Z,199.823,200,True,0x8216a92a44877D72a31FA6453e4583a6DCe25752,INSURER,123,VIDEO,2,READ,
w41,2025-12-19T15:11:30.737559Z,199.720,403,False,0x520F6Be8B20312c8CA4bB2773000A94923A4FaE5,POLICE,856,OTHER,1,READ,
w27,2025-12-19T15:11:30.737741Z,199.664,200,True,0x26b179d013C696c433c0f316E594f7a7AcE77C79,GARAGE,433,IMAGE,2,READ,
w15,2025-12-19T15:11:30.737927Z,199.620,200,True,0x81daFDe6F70ee2Fb93671DC220cC29F8205ACB57,INSURER,649,MEDICAL_REPORT,5,READ,
w42,2025-12-19T15:11:30.738127Z,199.681,200,True,0x3418C54B33ca42d0dF096EaD255791c7B2E2f3d9,ADJUSTER,904,OTHER,1,READ,
w28,2025-12-19T15:11:30.738319Z,199.637,200,True,0xD32B24Ff4D28e42239EcCd5cbdb456a1565DC083,ADJUSTER,224,VIDEO,2,READ,
w16,2025-12-19T15:11:30.738504Z,199.603,200,True,0xC66fE61Fe01B90e3C051c0ED40Dd41fC9347D018,REGULATOR,254,IMAGE,2,READ,
w2,2025-12-19T15:11:30.738688Z,199.561,200,True,0x98eAB44F56Ae1f00C301517F1B6fCDb7a452D64b,ADJUSTER,154,VIDEO,2,READ,
w43,2025-12-19T15:11:30.738874Z,199.598,200,True,0x436f253A31aB81e4427747050f42C4907a6C388D,ADJUSTER,523,FNOL,4,READ,
w29,2025-12-19T15:11:30.739064Z,199.783,200,True,0x456F6DbE8aF9e05a1918B64f0Bd0690809b23E6B,INSURER,786,TELEMATICS,3,READ,
w17,2025-12-19T15:11:30.739255Z,199.742,200,True,0x68cBdE77b98e3AF3281dBC229ee66540Eac3f007,ADJUSTER,562,FNOL,4,READ,
w3,2025-12-19T15:11:30.739449Z,199.683,200,True,0x5cA86E3342DEA0C1a26C49f1a4fA40DeEeAFf8a8,INSURER,635,MEDICAL_REPORT,5,READ,
w1,2025-12-19T15:11:30.739644Z,199.628,200,True,0xB3e698A67fD5AEeB61b8bE389e7E917Bc2Ea032a,POLICE,324,IMAGE,2,READ,
w44,2025-12-19T15:11:30.739832Z,199.551,200,True,0x82B01EfD510Bee8680730EEf777526b020e2398B,INSURER,453,IMAGE,2,READ,
w30,2025-12-19T15:11:30.740035Z,199.457,403,False,0xdBf006c9b4fEA25fFA98161abc660B4643109625,ADJUSTER,553,MEDICAL_REPORT,5,READ,
w18,2025-12-19T15:11:30.740237Z,199.359,200,True,0x14d0cb07D407E25F725b7f9854B98fEEEBb4942F,INSURER,52,VIDEO,2,READ,
w4,2025-12-19T15:11:30.740426Z,199.275,200,True,0xD0Ce1d9D5A9c7E4F03d499A265d3014Ae5da7644,ADJUSTER,55,VIDEO,2,READ,
w45,2025-12-19T15:11:30.740613Z,199.191,200,True,0xE3De53E77787ac96c6f78B3eD0A6Acea23953342,POLICE,271,IMAGE,2,READ,
w31,2025-12-19T15:11:30.740799Z,199.115,403,False,0x3D8B37E283940B186f3d817371AE9834E2836f7f,GARAGE,89,VIDEO,2,READ,
w19,2025-12-19T15:11:30.740997Z,199.022,200,True,0xF09aBd729B48E734Ad684B93585E8D043D55c967,INSURER,419,IMAGE,2,READ,
w5,2025-12-19T15:11:30.741192Z,199.037,403,False,0x2B5dEec5325fd9befC139A2071d830B25FAd52Ef,GARAGE,533,MEDICAL_REPORT,5,READ,
w0,2025-12-19T15:11:30.741596Z,198.749,200,True,0xACaaedBfb07404f2aAf0ccd6503B1529C1A48764,ADJUSTER,240,VIDEO,2,READ,
w46,2025-12-19T15:11:30.741801Z,198.661,200,True,0x4395153bc7Ac8ebD080b3C98FE634fcA40E5609F,COURT,894,OTHER,1,READ,
w32,2025-12-19T15:11:30.729582Z,210.996,200,True,0x933be1Be0aF68b62934fE96ADB1AB2Ee1C47B4F0,INSURER,480,IMAGE,2,READ,
w20,2025-12-19T15:11:30.932940Z,171.612,200,True,0x3E93709810FB754ab4D6A2487344dF504087996D,INSURER,726,TELEMATICS,3,READ,
w6,2025-12-19T15:11:30.933365Z,171.516,200,True,0x68cBdE77b98e3AF3281dBC229ee66540Eac3f007,ADJUSTER,689,FNOL,4,READ,
w47,2025-12-19T15:11:30.933564Z,171.577,200,True,0x73E42dF14ff21e7994A37802a292F71830CDA5aF,INSURER,205,VIDEO,2,READ,
w33,2025-12-19T15:11:30.933711Z,171.579,200,True,0xD46492141A5F13412fa59e5F47Ce969c7954E752,INSURER,328,IMAGE,2,READ,
w7,2025-12-19T15:11:30.933844Z,171.578,200,True,0xCC05C551476CDbEfAd79Ed75427937b892aaFE9C,ADJUSTER,781,TELEMATICS,3,READ,
w48,2025-12-19T15:11:30.934084Z,171.466,200,True,0x567dccd668D18B4ACd8A2795151edB162Bc34767,ADJUSTER,308,IMAGE,2,READ,
w34,2025-12-19T15:11:30.934454Z,172.759,200,True,0xCdb11D137710f0a5234b9D3c040668B6D48e59d4,COURT,483,IMAGE,2,READ,
w8,2025-12-19T15:11:30.934620Z,172.884,403,False,0x23aA93bc659A3e3D0da5434a4088578341D43278,GARAGE,773,TELEMATICS,3,READ,
w49,2025-12-19T15:11:30.934756Z,172.911,200,True,0xBCb233Ef85EC11C88E20Ea53Bb47f454d116FBe3,ADJUSTER,797,TELEMATICS,3,READ,
w35,2025-12-19T15:11:30.934893Z,172.918,403,False,0xafA5Afd00Ec5464DAf96FCe2b09f4e4e157F4A67,POLICE,768,TELEMATICS,3,READ,
w21,2025-12-19T15:11:30.935017Z,172.929,200,True,0x09596bf36cE63dABDeB58d68a52792B7BA13ba84,ADJUSTER,457,IMAGE,2,READ,
w9,2025-12-19T15:11:30.935133Z,173.036,200,True,0x27158a264fdA9698B85485706B47BBC87Fa6Db4b,ADJUSTER,327,IMAGE,2,READ,
w36,2025-12-19T15:11:30.935238Z,173.058,403,False,0xA75Af013B9CBdf4322e0c459A2fB8B708fbB8Ddc,POLICE,826,TELEMATICS,3,READ,
w22,2025-12-19T15:11:30.935346Z,173.325,200,True,0xeaD317253F31780B00e0Ef360b1ade2Fb83c2b3E,INSURER,478,IMAGE,2,READ,
w10,2025-12-19T15:11:30.935465Z,173.356,200,True,0x81A893236EFCdC58F1f9421b59Ee21eb7e38f8FB,INSURER,657,MEDICAL_REPORT,5,READ,
w37,2025-12-19T15:11:30.935577Z,173.379,200,True,0x3d4Bd094c1894ed38F3EcF0799bE66f83a4199ca,ADJUSTER,250,VIDEO,2,READ,
w23,2025-12-19T15:11:30.935832Z,173.246,403,False,0x01891323537Ca8c745Cd76182c9eB81519eaC821,GARAGE,694,MEDICAL_REPORT,5,READ,
w11,2025-12-19T15:11:30.935954Z,173.241,200,True,0x3B4ab93e0901742BFfc8A18D301F36f820AD3bB9,ADJUSTER,755,TELEMATICS,3,READ,
w38,2025-12-19T15:11:30.936067Z,173.243,200,True,0x89cb551204456FFCd8e595feE394120dD047b57A,INSURER,824,TELEMATICS,3,READ,
w24,2025-12-19T15:11:30.936171Z,173.252,200,True,0xD32B24Ff4D28e42239EcCd5cbdb456a1565DC083,ADJUSTER,838,TELEMATICS,3,READ,
w12,2025-12-19T15:11:30.936437Z,173.095,200,True,0x38C88185b74B534134345be38916483044075686,POLICE,13,VIDEO,2,READ,
w39,2025-12-19T15:11:30.936598Z,173.039,403,False,0x520F6Be8B20312c8CA4bB2773000A94923A4FaE5,POLICE,688,FNOL,4,READ,
w25,2025-12-19T15:11:30.936725Z,173.032,200,True,0x69254de41949D1A246C5c1A168e5e8473D2d50f0,ADJUSTER,938,OTHER,1,READ,
w13,2025-12-19T15:11:30.936847Z,173.037,200,True,0xd86Fa5B280bf58C28aaE39fB535e0e965F0E285B,INSURER,192,VIDEO,2,READ,
w40,2025-12-19T15:11:30.936957Z,173.037,200,True,0x85C720Ae65eF1706A0cf41695a93A34E189D5Ea0,INSURER,41,VIDEO,2,READ,
w26,2025-12-19T15:11:30.937064Z,173.036,200,True,0xDA941366d7481DffDAd4458a22913423f40dA1eA,ADJUSTER,175,VIDEO,2,READ,
w14,2025-12-19T15:11:30.937172Z,173.036,200,True,0x6032b722b48DC8717A2C437485f2D3d264BD803B,ADJUSTER,801,TELEMATICS,3,READ,
w41,2025-12-19T15:11:30.937284Z,173.027,200,True,0x5CdF84465a68A1A9CEfe264b98c0701879D78982,INSURER,37,VIDEO,2,READ,
w27,2025-12-19T15:11:30.937412Z,173.005,200,True,0xC753D2a5211C57F7C2b4279053b11aEC435b41AB,REGULATOR,900,OTHER,1,READ,
w15,2025-12-19T15:11:30.937553Z,173.229,200,True,0x4828419eA02B1D4399E039f8E5F346f37f19fA13,INSURER,901,OTHER,1,READ,
w42,2025-12-19T15:11:30.937814Z,173.128,403,False,0x4BC2c2b671822006a9D592cdd2Db24e8Da3C6adf,GARAGE,868,OTHER,1,READ,
w28,2025-12-19T15:11:30.937962Z,173.110,200,True,0x419d3b699AA38c218f3D84f0a3129a6383634f17,ADJUSTER,962,OTHER,1,READ,
w16,2025-12-19T15:11:30.938113Z,173.074,200,True,0xcE078954f123a07010672Fff05b36f5E43642106,INSURER,401,IMAGE,2,READ,
w2,2025-12-19T15:11:30.938255Z,173.065,200,True,0x58e8E907e02C35e581Ed3a4e98906344861E7265,INSURER,217,VIDEO,2,READ,
w43,2025-12-19T15:11:30.938479Z,172.961,200,True,0xaCB712DC0982F8B6c52EB4C5D2c205766cE3d00D,INSURER,985,OTHER,1,READ,
w29,2025-12-19T15:11:30.938852Z,172.727,200,True,0x199baf9971453910adbCD45ae05Dc8f9B68fcB1f,INSURER,803,TELEMATICS,3,READ,
w17,2025-12-19T15:11:30.939003Z,172.699,200,True,0x476ad4Ce50BbD6624855e3d1e12E6cC23654359A,INSURER,31,VIDEO,2,READ,
w3,2025-12-19T15:11:30.939152Z,172.671,200,True,0x5cA86E3342DEA0C1a26C49f1a4fA40DeEeAFf8a8,INSURER,706,TELEMATICS,3,READ,
w1,2025-12-19T15:11:30.939276Z,172.674,200,True,0x520F6Be8B20312c8CA4bB2773000A94923A4FaE5,POLICE,127,VIDEO,2,READ,
w44,2025-12-19T15:11:30.939388Z,172.677,200,True,0x59A67A1183C69AAf8Fe3D746D569392b7d4A5035,ADJUSTER,724,TELEMATICS,3,READ,
w30,2025-12-19T15:11:30.939496Z,172.881,200,True,0x58e8E907e02C35e581Ed3a4e98906344861E7265,INSURER,991,OTHER,1,READ,
w18,2025-12-19T15:11:30.939601Z,172.902,403,False,0x01891323537Ca8c745Cd76182c9eB81519eaC821,GARAGE,75,VIDEO,2,READ,
w4,2025-12-19T15:11:30.939705Z,172.945,200,True,0x014E540c98B93f6ce2a6F2D7FE66BeD9a19f7bEC,ADJUSTER,530,FNOL,4,READ,
w45,2025-12-19T15:11:30.939809Z,173.025,200,True,0x28606132Fb05B11eee1fa6ACe3CB39F3EFFFdCCe,ADJUSTER,596,FNOL,4,READ,
w31,2025-12-19T15:11:30.939919Z,173.111,200,True,0x73E42dF14ff21e7994A37802a292F71830CDA5aF,INSURER,488,IMAGE,2,READ,
w19,2025-12-19T15:11:30.940024Z,173.300,200,True,0xBeBf134906e0FCcd85b0D99a4626a7B8584e742c,ADJUSTER,899,OTHER,1,READ,
w5,2025-12-19T15:11:30.940234Z,173.273,200,True,0xd6f5696C80b8cb2D4AAaFdaf8E7C266cf4af4538,COURT,88,VIDEO,2,READ,
w0,2025-12-19T15:11:30.940350Z,173.319,403,False,0x3D8B37E283940B186f3d817371AE9834E2836f7f,GARAGE,528,MEDICAL_REPORT,5,READ,
w46,2025-12-19T15:11:30.940468Z,173.368,200,True,0xcE078954f123a07010672Fff05b36f5E43642106,INSURER,838,TELEMATICS,3,READ,
w32,2025-12-19T15:11:30.940583Z,173.396,200,True,0x3d9c5458418bD082b010C0F93c3b8FBF9826E0Bf,INSURER,920,OTHER,1,READ,
w6,2025-12-19T15:11:31.104890Z,205.335,200,True,0x476ad4Ce50BbD6624855e3d1e12E6cC23654359A,INSURER,570,FNOL,4,READ,
w47,2025-12-19T15:11:31.105147Z,205.409,200,True,0x12DF904699208278b4355b568d47De4F2c9646fe,INSURER,614,FNOL,4,READ,
w33,2025-12-19T15:11:31.105296Z,205.609,403,False,0x419d3b699AA38c218f3D84f0a3129a6383634f17,ADJUSTER,581,MEDICAL_REPORT,5,READ,
w7,2025-12-19T15:11:31.105427Z,205.643,403,False,0xA75Af013B9CBdf4322e0c459A2fB8B708fbB8Ddc,POLICE,514,MEDICAL_REPORT,5,READ,
w48,2025-12-19T15:11:31.105555Z,205.668,200,True,0xF96D07BDd0404b21a6B987cF6C21b9A5E3045f5F,INSURER,85,VIDEO,2,READ,
w34,2025-12-19T15:11:31.107220Z,204.145,200,True,0x044bef4Ff250cBBFE36FEfE3b859D78bA04c1223,INSURER,131,VIDEO,2,READ,
w8,2025-12-19T15:11:31.107510Z,203.978,403,False,0x0AbFb230511189A840157bF7FcA43b1b69338dC6,POLICE,879,OTHER,1,READ,
w49,2025-12-19T15:11:31.107673Z,203.963,200,True,0x808936f08CCC0a9C3953Cd3716006fB99825CBa4,COURT,152,VIDEO,2,READ,
w35,2025-12-19T15:11:31.107817Z,203.982,403,False,0xA75Af013B9CBdf4322e0c459A2fB8B708fbB8Ddc,POLICE,692,MEDICAL_REPORT,5,READ,
w21,2025-12-19T15:11:31.107952Z,204.173,200,True,0x330f902fF463e2B611211Ccb44EF749E558Ba02a,INSURER,196,VIDEO,2,READ,
w9,2025-12-19T15:11:31.108175Z,204.094,200,True,0x3308795A526382DB26cF04047fE2bBd4F56E6CE7,COURT,347,IMAGE,2,READ,
w36,2025-12-19T15:11:31.108301Z,204.104,200,True,0x93787a823E3D4Ae295F5a91C0e87325E40B3aa3F,REGULATOR,405,IMAGE,2,READ,
w22,2025-12-19T15:11:31.108676Z,203.862,200,True,0xCC05C551476CDbEfAd79Ed75427937b892aaFE9C,ADJUSTER,563,FNOL,4,READ,
w10,2025-12-19T15:11:31.108826Z,203.902,200,True,0x3d4Bd094c1894ed38F3EcF0799bE66f83a4199ca,ADJUSTER,748,TELEMATICS,3,READ,
w37,2025-12-19T15:11:31.108962Z,203.956,403,False,0xD3b3bd4ce4B597519FCE080Ce05805A99cC8C772,GARAGE,152,VIDEO,2,READ,
w23,2025-12-19T15:11:31.109083Z,204.418,200,True,0xFf85d9d86E5E1a3792266E2a5BB970C470C1e0c5,COURT,323,IMAGE,2,READ,
w11,2025-12-19T15:11:31.109201Z,204.520,200,True,0x598405697b464FEbA8C76367b7C75C59D8BE2eCF,COURT,46,VIDEO,2,READ,
w38,2025-12-19T15:11:31.109315Z,204.618,403,False,0x1EBe67547Da63652edcAE7c36347A6d05ef27c1C,POLICE,957,OTHER,1,READ,
w24,2025-12-19T15:11:31.109427Z,204.694,200,True,0x3308795A526382DB26cF04047fE2bBd4F56E6CE7,COURT,840,TELEMATICS,3,READ,
w12,2025-12-19T15:11:31.109537Z,204.759,403,False,0x23aA93bc659A3e3D0da5434a4088578341D43278,GARAGE,993,OTHER,1,READ,
w39,2025-12-19T15:11:31.109642Z,204.831,200,True,0x28606132Fb05B11eee1fa6ACe3CB39F3EFFFdCCe,ADJUSTER,842,TELEMATICS,3,READ,
w25,2025-12-19T15:11:31.109764Z,204.884,200,True,0x28365792Da71bc8AcAD11a4393049d006EF2E972,GARAGE,425,IMAGE,2,READ,
w13,2025-12-19T15:11:31.109890Z,204.939,200,True,0xc0F601980c6FD898E06229024740eec17abbF5C2,INSURER,100,VIDEO,2,READ,
w40,2025-12-19T15:11:31.109999Z,205.005,200,True,0x46Adf75988C45FBD67a07651b6f684943428c17C,INSURER,63,VIDEO,2,READ,
w26,2025-12-19T15:11:31.110104Z,205.075,200,True,0x3a74Fec63a615BC94b9A47bEa6340935Ab155117,ADJUSTER,248,VIDEO,2,READ,
w14,2025-12-19T15:11:31.110213Z,205.144,200,True,0x955f7F1386d8d5FB12bc50876B418e4D206D9530,GARAGE,340,IMAGE,2,READ,
w41,2025-12-19T15:11:31.110315Z,205.232,200,True,0x14d0cb07D407E25F725b7f9854B98fEEEBb4942F,INSURER,363,IMAGE,2,READ,
w27,2025-12-19T15:11:31.110423Z,205.311,200,True,0x33F5a90B9400A21046089Aaf44319BA889B0B9ed,INSURER,944,OTHER,1,READ,
w15,2025-12-19T15:11:31.110788Z,205.164,200,True,0xD0Ce1d9D5A9c7E4F03d499A265d3014Ae5da7644,ADJUSTER,105,VIDEO,2,READ,
w42,2025-12-19T15:11:31.110948Z,205.190,200,True,0xD6e58dE85e171C0D6BB42Cf4a85fBa7C55ce5618,INSURER,660,FNOL,4,READ,
w28,2025-12-19T15:11:31.111077Z,205.643,200,True,0xF96D07BDd0404b21a6B987cF6C21b9A5E3045f5F,INSURER,447,IMAGE,2,READ,
w16,2025-12-19T15:11:31.111192Z,205.755,200,True,0x29Da547ffD477d0d4628d547368EcFDF73054469,ADJUSTER,707,TELEMATICS,3,READ,
w2,2025-12-19T15:11:31.111326Z,205.837,200,True,0xAB814b041AB343702D64556Fdb3a3C104daa0445,ADJUSTER,973,OTHER,1,READ,
w43,2025-12-19T15:11:31.111445Z,205.930,200,True,0xCaa6A1a26D28f97DEDD4f555dEd43bC607f78384,INSURER,101,VIDEO,2,READ,
w29,2025-12-19T15:11:31.111584Z,206.006,200,True,0xE056D0a60EfEE3e1642D5B2129E2bbBdAf22444c,INSURER,159,VIDEO,2,READ,
w17,2025-12-19T15:11:31.111707Z,206.105,200,True,0x68cBdE77b98e3AF3281dBC229ee66540Eac3f007,ADJUSTER,855,OTHER,1,READ,
w3,2025-12-19T15:11:31.111827Z,206.192,403,False,0x0AbFb230511189A840157bF7FcA43b1b69338dC6,POLICE,722,TELEMATICS,3,READ,
w1,2025-12-19T15:11:31.111955Z,206.242,200,True,0xC586D6C2dc89b791ae2AA6ae054c2629891275e1,POLICE,131,VIDEO,2,READ,
w44,2025-12-19T15:11:31.112069Z,206.266,200,True,0x3B4ab93e0901742BFfc8A18D301F36f820AD3bB9,ADJUSTER,838,TELEMATICS,3,READ,
w30,2025-12-19T15:11:31.112382Z,206.086,200,True,0x476ad4Ce50BbD6624855e3d1e12E6cC23654359A,INSURER,313,IMAGE,2,READ,
w18,2025-12-19T15:11:31.112508Z,206.082,200,True,0xa814b4D02E07Daa3235ffc1E4752eCF8f6C2D8d8,ADJUSTER,909,OTHER,1,READ,
w4,2025-12-19T15:11:31.112658Z,206.101,200,True,0x7fBAcb835330c3A23597A355A26Cf6E0ee69A0B5,COURT,211,VIDEO,2,READ,
w45,2025-12-19T15:11:31.112841Z,206.105,403,False,0x786da68d54Be22366903D370c34910372Db174c9,POLICE,805,TELEMATICS,3,READ,
w31,2025-12-19T15:11:31.113070Z,206.062,200,True,0x97910F1306b5414B4C61D9A719B6871f5c77662f,INSURER,417,IMAGE,2,READ,
w19,2025-12-19T15:11:31.113331Z,205.968,200,True,0x29Da547ffD477d0d4628d547368EcFDF73054469,ADJUSTER,139,VIDEO,2,READ,
w5,2025-12-19T15:11:31.113514Z,205.923,200,True,0x065Fd3F8fcF30384f50eceBa324b1EF8411Fa759,COURT,916,OTHER,1,READ,
w0,2025-12-19T15:11:31.113675Z,206.060,200,True,0xB8954C40b419Ae7332fF39Ce3d458ba1fed03941,REGULATOR,288,IMAGE,2,READ,
w46,2025-12-19T15:11:31.113841Z,206.045,200,True,0xf9314f31cc38103bC7607a176a804e5C1Ecbf511,INSURER,73,VIDEO,2,READ,
w32,2025-12-19T15:11:31.113985Z,206.019,200,True,0x3a74Fec63a615BC94b9A47bEa6340935Ab155117,ADJUSTER,134,VIDEO,2,READ,
w20,2025-12-19T15:11:31.104563Z,215.616,403,False,0x290FAd62Cb657cBfDA616da814529a670cdad059,POLICE,580,MEDICAL_REPORT,5,READ,
w6,2025-12-19T15:11:31.310239Z,180.602,200,True,0x69254de41949D1A246C5c1A168e5e8473D2d50f0,ADJUSTER,182,VIDEO,2,READ,
w47,2025-12-19T15:11:31.310566Z,180.707,200,True,0x7fBAcb835330c3A23597A355A26Cf6E0ee69A0B5,COURT,780,TELEMATICS,3,READ,
w33,2025-12-19T15:11:31.310912Z,180.765,403,False,0x48f8656e15a2FC22Ccd6cDe7c56db39C1B62E770,POLICE,753,TELEMATICS,3,READ,
w7,2025-12-19T15:11:31.311077Z,180.813,403,False,0x467316319C6B5f391c5a6B3b0190d4209202fC25,ADJUSTER,674,MEDICAL_REPORT,5,READ,
w48,2025-12-19T15:11:31.311229Z,180.874,200,True,0x42dC03c90d7652B937d26628a86f9317bbf521dc,INSURER,386,IMAGE,2,READ,
w34,2025-12-19T15:11:31.311371Z,181.014,403,False,0x0AbFb230511189A840157bF7FcA43b1b69338dC6,POLICE,642,MEDICAL_REPORT,5,READ,
w8,2025-12-19T15:11:31.311493Z,181.171,200,True,0x5ee06906aF52aEd2c884D505d3a0A7CA7513188D,INSURER,905,OTHER,1,READ,
w49,2025-12-19T15:11:31.311643Z,181.366,200,True,0x4828419eA02B1D4399E039f8E5F346f37f19fA13,INSURER,432,IMAGE,2,READ,
w35,2025-12-19T15:11:31.311805Z,181.375,200,True,0x3d9c5458418bD082b010C0F93c3b8FBF9826E0Bf,INSURER,770,TELEMATICS,3,READ,
w21,2025-12-19T15:11:31.312130Z,181.197,200,True,0xD756c57480Ea623123AB3a5ad4445875E3309Ac6,INSURER,860,OTHER,1,READ,
w9,2025-12-19T15:11:31.312274Z,181.216,403,False,0x38C88185b74B534134345be38916483044075686,POLICE,839,TELEMATICS,3,READ,
w36,2025-12-19T15:11:31.312411Z,181.277,200,True,0x262C7B7B136C441fA055dA7F585a2Ab956c1123C,INSURER,313,IMAGE,2,READ,
w22,2025-12-19T15:11:31.312545Z,182.065,200,True,0x23aA93bc659A3e3D0da5434a4088578341D43278,GARAGE,341,IMAGE,2,READ,
w10,2025-12-19T15:11:31.312736Z,182.095,200,True,0x3d9c5458418bD082b010C0F93c3b8FBF9826E0Bf,INSURER,587,FNOL,4,READ,
w37,2025-12-19T15:11:31.312925Z,182.111,200,True,0x78273aa663aa16C08590efF5582bb4C9DD30Bb95,INSURER,715,TELEMATICS,3,READ,
w23,2025-12-19T15:11:31.313511Z,181.698,200,True,0x456F6DbE8aF9e05a1918B64f0Bd0690809b23E6B,INSURER,286,IMAGE,2,READ,
w11,2025-12-19T15:11:31.313728Z,181.623,200,True,0xcA28195b12c3c8cB960d8423584ee9a8677BD158,POLICE,79,VIDEO,2,READ,
w38,2025-12-19T15:11:31.313940Z,181.541,200,True,0x2ee7F051BB940423f554ea44742f7c4c8C20Ea59,INSURER,983,OTHER,1,READ,
w24,2025-12-19T15:11:31.314128Z,181.479,200,True,0x42dC03c90d7652B937d26628a86f9317bbf521dc,INSURER,785,TELEMATICS,3,READ,
w12,2025-12-19T15:11:31.314303Z,181.428,200,True,0x6032b722b48DC8717A2C437485f2D3d264BD803B,ADJUSTER,427,IMAGE,2,READ,
w39,2025-12-19T15:11:31.314480Z,181.365,200,True,0x4395153bc7Ac8ebD080b3C98FE634fcA40E5609F,COURT,22,VIDEO,2,READ,
w25,2025-12-19T15:11:31.314654Z,181.471,200,True,0xF96D07BDd0404b21a6B987cF6C21b9A5E3045f5F,INSURER,39,VIDEO,2,READ,
w13,2025-12-19T15:11:31.314836Z,181.552,200,True,0x1cf47318cada656180563507BDd94262cAA29a4a,INSURER,317,IMAGE,2,READ,
w40,2025-12-19T15:11:31.315010Z,181.602,200,True,0x1cf47318cada656180563507BDd94262cAA29a4a,INSURER,348,IMAGE,2,READ,
w26,2025-12-19T15:11:31.315187Z,181.603,200,True,0x456F6DbE8aF9e05a1918B64f0Bd0690809b23E6B,INSURER,796,TELEMATICS,3,READ,
w14,2025-12-19T15:11:31.315365Z,181.610,200,True,0x85C720Ae65eF1706A0cf41695a93A34E189D5Ea0,INSURER,867,OTHER,1,READ,
w41,2025-12-19T15:11:31.315554Z,181.579,200,True,0x7C8B230898f07628a4f24e2D0ffe62373593dCce,POLICE,341,IMAGE,2,READ,
w27,2025-12-19T15:11:31.315752Z,181.529,200,True,0x290FAd62Cb657cBfDA616da814529a670cdad059,POLICE,108,VIDEO,2,READ,
w15,2025-12-19T15:11:31.315960Z,181.448,200,True,0x05d1ef5b43268c6a5BD456A953029092795045d9,INSURER,204,VIDEO,2,READ,
w42,2025-12-19T15:11:31.316145Z,181.381,200,True,0xF96D07BDd0404b21a6B987cF6C21b9A5E3045f5F,INSURER,340,IMAGE,2,READ,
w28,2025-12-19T15:11:31.316729Z,181.300,200,True,0xB81c8729A121819695CEEDA9b389f559D6398B3C,REGULATOR,331,IMAGE,2,READ,
w16,2025-12-19T15:11:31.316956Z,181.232,200,True,0xc0F601980c6FD898E06229024740eec17abbF5C2,INSURER,33,VIDEO,2,READ,
w2,2025-12-19T15:11:31.317173Z,181.174,403,False,0x48c487f18ce4aAFcf592B2eC3611eAa7B1C85918,ADJUSTER,659,MEDICAL_REPORT,5,READ,
w43,2025-12-19T15:11:31.317383Z,181.099,200,True,0x81A893236EFCdC58F1f9421b59Ee21eb7e38f8FB,INSURER,279,IMAGE,2,READ,
w29,2025-12-19T15:11:31.317597Z,181.007,200,True,0x51a1E6D900E3e04c169Be84b2D5e5ccB2420B0EB,INSURER,192,VIDEO,2,READ,
w17,2025-12-19T15:11:31.317821Z,180.899,200,True,0xC5f6e3512D3B1133da1f88159fDf63dC9f2d43FB,ADJUSTER,80,VIDEO,2,READ,
w3,2025-12-19T15:11:31.318027Z,180.863,200,True,0xd86Fa5B280bf58C28aaE39fB535e0e965F0E285B,INSURER,30,VIDEO,2,READ,
w1,2025-12-19T15:11:31.318203Z,180.836,200,True,0x3d68C58ebB81123d1Ac10655857193A1cDee90CE,INSURER,34,VIDEO,2,READ,
w44,2025-12-19T15:11:31.318341Z,180.830,200,True,0x262C7B7B136C441fA055dA7F585a2Ab956c1123C,INSURER,438,IMAGE,2,READ,
w30,2025-12-19T15:11:31.318473Z,180.818,200,True,0x23aA93bc659A3e3D0da5434a4088578341D43278,GARAGE,355,IMAGE,2,READ,
w18,2025-12-19T15:11:31.318594Z,180.822,200,True,0xdBf006c9b4fEA25fFA98161abc660B4643109625,ADJUSTER,764,TELEMATICS,3,READ,
w4,2025-12-19T15:11:31.318766Z,180.771,200,True,0xF88a95Dd8B84AF76941627AA419BEFc507d88125,ADJUSTER,863,OTHER,1,READ,
w45,2025-12-19T15:11:31.318955Z,180.713,200,True,0xC753D2a5211C57F7C2b4279053b11aEC435b41AB,REGULATOR,683,MEDICAL_REPORT,5,READ,
w31,2025-12-19T15:11:31.319140Z,180.635,200,True,0xDd45386232533D2C209976e678A91A2263676ECB,GARAGE,386,IMAGE,2,READ,
w19,2025-12-19T15:11:31.319305Z,180.582,200,True,0xd6f5696C80b8cb2D4AAaFdaf8E7C266cf4af4538,COURT,693,FNOL,4,READ,
w5,2025-12-19T15:11:31.319443Z,180.554,403,False,0x4BC2c2b671822006a9D592cdd2Db24e8Da3C6adf,GARAGE,99,VIDEO,2,READ,
w0,2025-12-19T15:11:31.319742Z,180.363,403,False,0x3D8B37E283940B186f3d817371AE9834E2836f7f,GARAGE,506,FNOL,4,READ,
w46,2025-12-19T15:11:31.319891Z,180.323,200,True,0x09596bf36cE63dABDeB58d68a52792B7BA13ba84,ADJUSTER,794,TELEMATICS,3,READ,
w32,2025-12-19T15:11:31.320009Z,180.309,200,True,0x40fca3Fa04d657c9879B638C57A2a70683E3efED,REGULATOR,723,TELEMATICS,3,READ,
w20,2025-12-19T15:11:31.320184Z,180.244,200,True,0xB8954C40b419Ae7332fF39Ce3d458ba1fed03941,REGULATOR,3,VIDEO,2,READ,
w47,2025-12-19T15:11:31.491283Z,206.818,200,True,0x33F5a90B9400A21046089Aaf44319BA889B0B9ed,INSURER,655,FNOL,4,READ,
w33,2025-12-19T15:11:31.491685Z,206.760,403,False,0x28365792Da71bc8AcAD11a4393049d006EF2E972,GARAGE,894,OTHER,1,READ,
w7,2025-12-19T15:11:31.491897Z,206.928,200,True,0xE4A8571e1F142Bd99866AA9464c49517B2ac0E01,ADJUSTER,179,VIDEO,2,READ,
w48,2025-12-19T15:11:31.492111Z,206.883,200,True,0x9F6d6682cb1957F9585F9b8AC3469E4D767600D6,INSURER,582,MEDICAL_REPORT,5,READ,
w34,2025-12-19T15:11:31.492393Z,206.753,200,True,0xD1ce8183cCf94d1494c99DFC523Af7Bd51494E8d,INSURER,398,IMAGE,2,READ,
w8,2025-12-19T15:11:31.492672Z,206.648,200,True,0xd86Fa5B280bf58C28aaE39fB535e0e965F0E285B,INSURER,416,IMAGE,2,READ,
w49,2025-12-19T15:11:31.493016Z,206.457,200,True,0xCaa6A1a26D28f97DEDD4f555dEd43bC607f78384,INSURER,193,VIDEO,2,READ,
w35,2025-12-19T15:11:31.493186Z,206.430,403,False,0x1F022FfD0700E02E8f01B8f05f539f8C7a0339bb,POLICE,585,MEDICAL_REPORT,5,READ,
w21,2025-12-19T15:11:31.493332Z,206.423,403,False,0x955f7F1386d8d5FB12bc50876B418e4D206D9530,GARAGE,529,MEDICAL_REPORT,5,READ,
w9,2025-12-19T15:11:31.493498Z,206.384,200,True,0x5173D7F8755FdF3d2f05C01D029A3Dc55EaC0476,POLICE,426,IMAGE,2,READ,
w36,2025-12-19T15:11:31.493696Z,206.531,200,True,0x3d68C58ebB81123d1Ac10655857193A1cDee90CE,INSURER,589,MEDICAL_REPORT,5,READ,
w22,2025-12-19T15:11:31.494618Z,205.765,200,True,0x620a52535BA00719f0747D42746525D807319996,ADJUSTER,894,OTHER,1,READ,
w10,2025-12-19T15:11:31.494839Z,205.675,403,False,0x3B4ab93e0901742BFfc8A18D301F36f820AD3bB9,ADJUSTER,544,MEDICAL_REPORT,5,READ,
w37,2025-12-19T15:11:31.495044Z,205.606,200,True,0xD21eB53384cE472F3DE7527DC9A5820dA80bBB01,INSURER,256,IMAGE,2,READ,
w23,2025-12-19T15:11:31.495215Z,205.584,200,True,0xFeC4882fEAf263ac0fD1b9B4271dD1852B413584,INSURER,127,VIDEO,2,READ,
w11,2025-12-19T15:11:31.495357Z,205.563,403,False,0x5173D7F8755FdF3d2f05C01D029A3Dc55EaC0476,POLICE,737,TELEMATICS,3,READ,
w38,2025-12-19T15:11:31.495487Z,205.553,200,True,0x996644d2075D6c96FEB649879534dFAb933903f6,GARAGE,330,IMAGE,2,READ,
w24,2025-12-19T15:11:31.495614Z,206.007,200,True,0xACaaedBfb07404f2aAf0ccd6503B1529C1A48764,ADJUSTER,291,IMAGE,2,READ,
w12,2025-12-19T15:11:31.495736Z,206.036,403,False,0x996644d2075D6c96FEB649879534dFAb933903f6,GARAGE,687,FNOL,4,READ,
w39,2025-12-19T15:11:31.495851Z,206.050,200,True,0x78273aa663aa16C08590efF5582bb4C9DD30Bb95,INSURER,819,TELEMATICS,3,READ,
w25,2025-12-19T15:11:31.496136Z,205.875,200,True,0xC23BB727D3Ae6bD9cd90AC52ee26359F19176de3,INSURER,706,TELEMATICS,3,READ,
w13,2025-12-19T15:11:31.496399Z,205.716,403,False,0x38C88185b74B534134345be38916483044075686,POLICE,632,MEDICAL_REPORT,5,READ,
w40,2025-12-19T15:11:31.496619Z,205.611,200,True,0x1cf47318cada656180563507BDd94262cAA29a4a,INSURER,455,IMAGE,2,READ,
w26,2025-12-19T15:11:31.496797Z,205.559,403,False,0xD261b62ccB398d8100234C5fD641c6D67B10C62B,GARAGE,797,TELEMATICS,3,READ,
w14,2025-12-19T15:11:31.496981Z,205.482,200,True,0x933be1Be0aF68b62934fE96ADB1AB2Ee1C47B4F0,INSURER,265,IMAGE,2,READ,
w41,2025-12-19T15:11:31.497139Z,205.428,403,False,0xBeBf134906e0FCcd85b0D99a4626a7B8584e742c,ADJUSTER,555,MEDICAL_REPORT,5,READ,
w27,2025-12-19T15:11:31.497286Z,205.394,200,True,0x8FA3c986B63dEd44ce62D4aC5b3b0F49FF447700,COURT,919,OTHER,1,READ,
w15,2025-12-19T15:11:31.497413Z,205.375,403,False,0x3116De7d4519B71BA014e7EF3e874D3a98B64A91,POLICE,744,TELEMATICS,3,READ,
w42,2025-12-19T15:11:31.497530Z,205.365,200,True,0x09596bf36cE63dABDeB58d68a52792B7BA13ba84,ADJUSTER,889,OTHER,1,READ,
w28,2025-12-19T15:11:31.498038Z,204.962,403,False,0xafA5Afd00Ec5464DAf96FCe2b09f4e4e157F4A67,POLICE,711,TELEMATICS,3,READ,
w16,2025-12-19T15:11:31.498194Z,204.938,403,False,0x23aA93bc659A3e3D0da5434a4088578341D43278,GARAGE,963,OTHER,1,READ,
w2,2025-12-19T15:11:31.498352Z,204.891,403,False,0x0Bc81E8481993A5F61D3011a142E1510de00ECae,GARAGE,170,VIDEO,2,READ,
w43,2025-12-19T15:11:31.498487Z,204.864,200,True,0x5C63EFf960008F7F9783957f07533386097149ce,POLICE,245,VIDEO,2,READ,
w29,2025-12-19T15:11:31.498610Z,204.844,200,True,0x808936f08CCC0a9C3953Cd3716006fB99825CBa4,COURT,898,OTHER,1,READ,
w17,2025-12-19T15:11:31.498726Z,204.830,403,False,0x469Bf06C8a44e5E2Bb2752C29B92d88DCA076B8a,POLICE,684,FNOL,4,READ,
w3,2025-12-19T15:11:31.498897Z,204.775,200,True,0xdBf006c9b4fEA25fFA98161abc660B4643109625,ADJUSTER,145,VIDEO,2,READ,
w1,2025-12-19T15:11:31.499045Z,204.728,200,True,0x12DF904699208278b4355b568d47De4F2c9646fe,INSURER,885,OTHER,1,READ,
w44,2025-12-19T15:11:31.499175Z,204.700,200,True,0xD0Ce1d9D5A9c7E4F03d499A265d3014Ae5da7644,ADJUSTER,108,VIDEO,2,READ,
w30,2025-12-19T15:11:31.499296Z,204.680,200,True,0xC586D6C2dc89b791ae2AA6ae054c2629891275e1,POLICE,144,VIDEO,2,READ,
w18,2025-12-19T15:11:31.499421Z,204.666,200,True,0x05d1ef5b43268c6a5BD456A953029092795045d9,INSURER,744,TELEMATICS,3,READ,
w4,2025-12-19T15:11:31.499543Z,204.648,200,True,0x0520cA4f9c2359a2d1cc1B072e4dA8A3587C2088,INSURER,495,IMAGE,2,READ,
w45,2025-12-19T15:11:31.499674Z,204.618,403,False,0x48f8656e15a2FC22Ccd6cDe7c56db39C1B62E770,POLICE,624,MEDICAL_REPORT,5,READ,
w31,2025-12-19T15:11:31.499780Z,204.621,200,True,0xe9b50040eeAA45F16fd24222f4a97482737f6C8A,ADJUSTER,876,OTHER,1,READ,
w19,2025-12-19T15:11:31.499892Z,204.617,200,True,0x892Bc4E7F6D9a6aD507664d8A8EEB33b2544f3Ea,COURT,499,IMAGE,2,READ,
w5,2025-12-19T15:11:31.500001Z,204.603,403,False,0x26b179d013C696c433c0f316E594f7a7AcE77C79,GARAGE,788,TELEMATICS,3,READ,
w0,2025-12-19T15:11:31.500109Z,204.596,403,False,0x4BC2c2b671822006a9D592cdd2Db24e8Da3C6adf,GARAGE,39,VIDEO,2,READ,
w46,2025-12-19T15:11:31.500219Z,204.731,200,True,0x26b179d013C696c433c0f316E594f7a7AcE77C79,GARAGE,271,IMAGE,2,READ,
w32,2025-12-19T15:11:31.500323Z,204.761,200,True,0xd86Fa5B280bf58C28aaE39fB535e0e965F0E285B,INSURER,330,IMAGE,2,READ,
w20,2025-12-19T15:11:31.500433Z,204.771,200,True,0xBeBf134906e0FCcd85b0D99a4626a7B8584e742c,ADJUSTER,378,IMAGE,2,READ,
w6,2025-12-19T15:11:31.490856Z,214.457,200,True,0x81daFDe6F70ee2Fb93671DC220cC29F8205ACB57,INSURER,17,VIDEO,2,READ,
w47,2025-12-19T15:11:31.698113Z,212.457,200,True,0x933be1Be0aF68b62934fE96ADB1AB2Ee1C47B4F0,INSURER,411,IMAGE,2,READ,
w33,2025-12-19T15:11:31.698453Z,212.521,200,True,0x8216a92a44877D72a31FA6453e4583a6DCe25752,INSURER,356,IMAGE,2,READ,
w7,2025-12-19T15:11:31.698832Z,212.355,200,True,0xF09aBd729B48E734Ad684B93585E8D043D55c967,INSURER,635,MEDICAL_REPORT,5,READ,
w48,2025-12-19T15:11:31.699001Z,212.365,200,True,0xCe3b338346378767324b87Cb888eC3F1d6d34940,POLICE,205,VIDEO,2,READ,
w34,2025-12-19T15:11:31.699152Z,212.479,200,True,0x3a74Fec63a615BC94b9A47bEa6340935Ab155117,ADJUSTER,192,VIDEO,2,READ,
w8,2025-12-19T15:11:31.699326Z,212.466,200,True,0x40fca3Fa04d657c9879B638C57A2a70683E3efED,REGULATOR,211,VIDEO,2,READ,
w49,2025-12-19T15:11:31.699478Z,212.633,200,True,0x38C88185b74B534134345be38916483044075686,POLICE,37,VIDEO,2,READ,
w35,2025-12-19T15:11:31.699622Z,212.633,403,False,0x3D8B37E283940B186f3d817371AE9834E2836f7f,GARAGE,599,MEDICAL_REPORT,5,READ,
w21,2025-12-19T15:11:31.699762Z,212.617,403,False,0x520F6Be8B20312c8CA4bB2773000A94923A4FaE5,POLICE,776,TELEMATICS,3,READ,
w9,2025-12-19T15:11:31.699886Z,212.609,200,True,0x0172115667882E73749128243A943873087c09D3,INSURER,629,MEDICAL_REPORT,5,READ,
w36,2025-12-19T15:11:31.700234Z,212.457,200,True,0x14d0cb07D407E25F725b7f9854B98fEEEBb4942F,INSURER,269,IMAGE,2,READ,
w22,2025-12-19T15:11:31.700388Z,212.632,200,True,0x436f253A31aB81e4427747050f42C4907a6C388D,ADJUSTER,226,VIDEO,2,READ,
w10,2025-12-19T15:11:31.700519Z,212.753,200,True,0x419d3b699AA38c218f3D84f0a3129a6383634f17,ADJUSTER,239,VIDEO,2,READ,
w37,2025-12-19T15:11:31.700656Z,212.803,200,True,0xD32B24Ff4D28e42239EcCd5cbdb456a1565DC083,ADJUSTER,299,IMAGE,2,READ,
w23,2025-12-19T15:11:31.700803Z,212.979,200,True,0xB8954C40b419Ae7332fF39Ce3d458ba1fed03941,REGULATOR,241,VIDEO,2,READ,
w11,2025-12-19T15:11:31.700924Z,213.049,200,True,0x67A9BC3Fb3B4a392C223A8C644B48346b9Ca5128,COURT,169,VIDEO,2,READ,
w38,2025-12-19T15:11:31.701046Z,213.091,403,False,0xE3De53E77787ac96c6f78B3eD0A6Acea23953342,POLICE,821,TELEMATICS,3,READ,
w24,2025-12-19T15:11:31.701628Z,212.661,200,True,0x28365792Da71bc8AcAD11a4393049d006EF2E972,GARAGE,283,IMAGE,2,READ,
w12,2025-12-19T15:11:31.701779Z,212.668,200,True,0x11F50254a88A6e26E6Bb5aAE8d74E52372B4270E,COURT,173,VIDEO,2,READ,
w39,2025-12-19T15:11:31.701905Z,212.954,200,True,0x567dccd668D18B4ACd8A2795151edB162Bc34767,ADJUSTER,426,IMAGE,2,READ,
w25,2025-12-19T15:11:31.702017Z,213.015,200,True,0x262C7B7B136C441fA055dA7F585a2Ab956c1123C,INSURER,873,OTHER,1,READ,
w13,2025-12-19T15:11:31.702119Z,213.050,200,True,0x3418C54B33ca42d0dF096EaD255791c7B2E2f3d9,ADJUSTER,72,VIDEO,2,READ,
w40,2025-12-19T15:11:31.702236Z,213.055,403,False,0x57e02f30Dd15545B3A9eC4841D0D58Ee1D829414,GARAGE,780,TELEMATICS,3,READ,
w26,2025-12-19T15:11:31.702360Z,213.048,200,True,0xD0Ce1d9D5A9c7E4F03d499A265d3014Ae5da7644,ADJUSTER,22,VIDEO,2,READ,
w14,2025-12-19T15:11:31.702467Z,213.051,200,True,0xD261b62ccB398d8100234C5fD641c6D67B10C62B,GARAGE,396,IMAGE,2,READ,
w41,2025-12-19T15:11:31.702572Z,213.058,200,True,0xDA941366d7481DffDAd4458a22913423f40dA1eA,ADJUSTER,98,VIDEO,2,READ,
w27,2025-12-19T15:11:31.702684Z,213.050,200,True,0xB81c8729A121819695CEEDA9b389f559D6398B3C,REGULATOR,148,VIDEO,2,READ,
w15,2025-12-19T15:11:31.702792Z,213.054,200,True,0x3A995E7B23E0Fe0f9a5537f57AA80BACa529eFC4,INSURER,846,TELEMATICS,3,READ,
w42,2025-12-19T15:11:31.702900Z,213.180,200,True,0xD6e58dE85e171C0D6BB42Cf4a85fBa7C55ce5618,INSURER,915,OTHER,1,READ,
w28,2025-12-19T15:11:31.703003Z,213.200,200,True,0xE1C502975CC15E22bC10c8a6e352061ef61bBc2A,COURT,279,IMAGE,2,READ,
w16,2025-12-19T15:11:31.703136Z,213.414,200,True,0x892Bc4E7F6D9a6aD507664d8A8EEB33b2544f3Ea,COURT,813,TELEMATICS,3,READ,
w2,2025-12-19T15:11:31.703247Z,213.474,403,False,0xD3b3bd4ce4B597519FCE080Ce05805A99cC8C772,GARAGE,917,OTHER,1,READ,
w43,2025-12-19T15:11:31.703355Z,213.492,403,False,0x28606132Fb05B11eee1fa6ACe3CB39F3EFFFdCCe,ADJUSTER,555,MEDICAL_REPORT,5,READ,
w29,2025-12-19T15:11:31.703458Z,213.503,200,True,0x1EBe67547Da63652edcAE7c36347A6d05ef27c1C,POLICE,378,IMAGE,2,READ,
w17,2025-12-19T15:11:31.703561Z,213.512,200,True,0x58e8E907e02C35e581Ed3a4e98906344861E7265,INSURER,590,FNOL,4,READ,
w3,2025-12-19T15:11:31.703676Z,213.510,200,True,0x1cf47318cada656180563507BDd94262cAA29a4a,INSURER,270,IMAGE,2,READ,
w1,2025-12-19T15:11:31.703777Z,213.519,200,True,0x93787a823E3D4Ae295F5a91C0e87325E40B3aa3F,REGULATOR,15,VIDEO,2,READ,
w44,2025-12-19T15:11:31.703878Z,213.520,200,True,0xE1C502975CC15E22bC10c8a6e352061ef61bBc2A,COURT,606,MEDICAL_REPORT,5,READ,
w30,2025-12-19T15:11:31.703981Z,213.521,403,False,0xCF5E79F0E2BFC3eb5fe4aB0975E9F0eEc50b54E3,GARAGE,864,OTHER,1,READ,
w18,2025-12-19T15:11:31.704091Z,213.525,200,True,0xB8954C40b419Ae7332fF39Ce3d458ba1fed03941,REGULATOR,186,VIDEO,2,READ,
w4,2025-12-19T15:11:31.704196Z,213.537,200,True,0xAA49CCe569366189355225212a2EA06B8172Fa22,ADJUSTER,249,VIDEO,2,READ,
w45,2025-12-19T15:11:31.704296Z,213.544,200,True,0x2875Aa8C20c095495Ab5d6A1aBE2E2b07077dF55,INSURER,613,FNOL,4,READ,
w31,2025-12-19T15:11:31.704405Z,213.537,200,True,0xB81c8729A121819695CEEDA9b389f559D6398B3C,REGULATOR,406,IMAGE,2,READ,
w19,2025-12-19T15:11:31.704513Z,213.531,200,True,0x58f181cd636a8F0a8335240Efc4979212ff45341,INSURER,875,OTHER,1,READ,
w5,2025-12-19T15:11:31.704609Z,213.533,200,True,0xC23BB727D3Ae6bD9cd90AC52ee26359F19176de3,INSURER,170,VIDEO,2,READ,
w0,2025-12-19T15:11:31.704709Z,213.668,200,True,0xAF3C604AE7a9E247C368331a22270415269Ef10d,INSURER,520,MEDICAL_REPORT,5,READ,
w46,2025-12-19T15:11:31.704955Z,213.558,200,True,0xFf85d9d86E5E1a3792266E2a5BB970C470C1e0c5,COURT,667,FNOL,4,READ,
w32,2025-12-19T15:11:31.705088Z,213.575,200,True,0x330f902fF463e2B611211Ccb44EF749E558Ba02a,INSURER,996,OTHER,1,READ,
w20,2025-12-19T15:11:31.705208Z,213.579,200,True,0x4395153bc7Ac8ebD080b3C98FE634fcA40E5609F,COURT,392,IMAGE,2,READ,
w6,2025-12-19T15:11:31.705317Z,213.588,200,True,0x82B01EfD510Bee8680730EEf777526b020e2398B,INSURER,870,OTHER,1,READ,
w33,2025-12-19T15:11:31.910985Z,238.990,200,True,0xeD60C4758Fab078c38685EeEF9692D8Fa4F3dDB9,INSURER,944,OTHER,1,READ,
w7,2025-12-19T15:11:31.911195Z,239.390,200,True,0xafA5Afd00Ec5464DAf96FCe2b09f4e4e157F4A67,POLICE,352,IMAGE,2,READ,
w48,2025-12-19T15:11:31.911372Z,239.488,200,True,0x5cA86E3342DEA0C1a26C49f1a4fA40DeEeAFf8a8,INSURER,486,IMAGE,2,READ,
w34,2025-12-19T15:11:31.911638Z,239.456,200,True,0xd86Fa5B280bf58C28aaE39fB535e0e965F0E285B,INSURER,310,IMAGE,2,READ,
w8,2025-12-19T15:11:31.911799Z,239.520,403,False,0x996644d2075D6c96FEB649879534dFAb933903f6,GARAGE,704,TELEMATICS,3,READ,
w49,2025-12-19T15:11:31.912117Z,239.442,200,True,0x33F5a90B9400A21046089Aaf44319BA889B0B9ed,INSURER,998,OTHER,1,READ,
w35,2025-12-19T15:11:31.912260Z,239.509,200,True,0x014E540c98B93f6ce2a6F2D7FE66BeD9a19f7bEC,ADJUSTER,947,OTHER,1,READ,
w21,2025-12-19T15:11:31.912384Z,239.806,200,True,0xd6f5696C80b8cb2D4AAaFdaf8E7C266cf4af4538,COURT,65,VIDEO,2,READ,
w9,2025-12-19T15:11:31.912500Z,239.918,200,True,0xD21eB53384cE472F3DE7527DC9A5820dA80bBB01,INSURER,743,TELEMATICS,3,READ,
w36,2025-12-19T15:11:31.912700Z,239.931,403,False,0xD261b62ccB398d8100234C5fD641c6D67B10C62B,GARAGE,643,MEDICAL_REPORT,5,READ,
w22,2025-12-19T15:11:31.913031Z,240.334,200,True,0x46Adf75988C45FBD67a07651b6f684943428c17C,INSURER,996,OTHER,1,READ,
w10,2025-12-19T15:11:31.913282Z,240.350,200,True,0xDA941366d7481DffDAd4458a22913423f40dA1eA,ADJUSTER,907,OTHER,1,READ,
w37,2025-12-19T15:11:31.913466Z,240.389,200,True,0x467316319C6B5f391c5a6B3b0190d4209202fC25,ADJUSTER,494,IMAGE,2,READ,
w23,2025-12-19T15:11:31.913789Z,240.278,200,True,0x7fBAcb835330c3A23597A355A26Cf6E0ee69A0B5,COURT,846,TELEMATICS,3,READ,
w11,2025-12-19T15:11:31.913981Z,240.292,403,False,0x3d4Bd094c1894ed38F3EcF0799bE66f83a4199ca,ADJUSTER,574,MEDICAL_REPORT,5,READ,
w38,2025-12-19T15:11:31.914143Z,240.335,200,True,0xcCC472e2d0eDA52066a80BCFb4577Dc9Fb7CD453,POLICE,398,IMAGE,2,READ,
w24,2025-12-19T15:11:31.914294Z,240.391,200,True,0x5e3B546a11dc657CdFa106cd26E2211ee451c0d7,INSURER,296,IMAGE,2,READ,
w12,2025-12-19T15:11:31.914455Z,240.427,200,True,0x1cf47318cada656180563507BDd94262cAA29a4a,INSURER,352,IMAGE,2,READ,
w39,2025-12-19T15:11:31.914866Z,240.214,200,True,0x3db0bD968176A243AC81C5c8Cf02Cf429b04dD57,COURT,248,VIDEO,2,READ,
w25,2025-12-19T15:11:31.915038Z,240.237,200,True,0x33F5a90B9400A21046089Aaf44319BA889B0B9ed,INSURER,258,IMAGE,2,READ,
w13,2025-12-19T15:11:31.915175Z,240.321,200,True,0x51a1E6D900E3e04c169Be84b2D5e5ccB2420B0EB,INSURER,203,VIDEO,2,READ,
w40,2025-12-19T15:11:31.915296Z,240.396,200,True,0xF09aBd729B48E734Ad684B93585E8D043D55c967,INSURER,437,IMAGE,2,READ,
w26,2025-12-19T15:11:31.915414Z,240.473,200,True,0x4BC2c2b671822006a9D592cdd2Db24e8Da3C6adf,GARAGE,385,IMAGE,2,READ,
w14,2025-12-19T15:11:31.915524Z,240.560,200,True,0x82B01EfD510Bee8680730EEf777526b020e2398B,INSURER,43,VIDEO,2,READ,
w41,2025-12-19T15:11:31.915635Z,240.647,200,True,0x5173D7F8755FdF3d2f05C01D029A3Dc55EaC0476,POLICE,348,IMAGE,2,READ,
w27,2025-12-19T15:11:31.915739Z,240.738,200,True,0x436f253A31aB81e4427747050f42C4907a6C388D,ADJUSTER,249,VIDEO,2,READ,
w15,2025-12-19T15:11:31.915852Z,240.816,200,True,0x8D21394c336D57f89564705Aa61307561b63E310,POLICE,251,IMAGE,2,READ,
w42,2025-12-19T15:11:31.916087Z,240.762,200,True,0xf5d0314845FCf19022a28FeD6650e58CFc01f243,INSURER,261,IMAGE,2,READ,
w28,2025-12-19T15:11:31.916209Z,240.831,200,True,0x892Bc4E7F6D9a6aD507664d8A8EEB33b2544f3Ea,COURT,960,OTHER,1,READ,
w16,2025-12-19T15:11:31.916556Z,241.212,200,True,0x07DA3024980d3B92Bcf6B8850A7C08F758B5F781,INSURER,737,TELEMATICS,3,READ,
w2,2025-12-19T15:11:31.916727Z,241.303,403,False,0x1F98dd762361D7256a816f8086AE6FfB657fa5bC,POLICE,694,MEDICAL_REPORT,5,READ,
w43,2025-12-19T15:11:31.916851Z,241.390,200,True,0xF88a95Dd8B84AF76941627AA419BEFc507d88125,ADJUSTER,4,VIDEO,2,READ,
w29,2025-12-19T15:11:31.916966Z,241.479,200,True,0xA75Af013B9CBdf4322e0c459A2fB8B708fbB8Ddc,POLICE,98,VIDEO,2,READ,
w17,2025-12-19T15:11:31.917079Z,241.562,200,True,0x89cb551204456FFCd8e595feE394120dD047b57A,INSURER,884,OTHER,1,READ,
w3,2025-12-19T15:11:31.917192Z,241.641,200,True,0x630ba53C12B20a6EBd04Eb0819a24b1f8C554A01,INSURER,860,OTHER,1,READ,
w1,2025-12-19T15:11:31.917300Z,241.742,200,True,0xD0Ce1d9D5A9c7E4F03d499A265d3014Ae5da7644,ADJUSTER,262,IMAGE,2,READ,
w44,2025-12-19T15:11:31.917403Z,241.845,403,False,0x5173D7F8755FdF3d2f05C01D029A3Dc55EaC0476,POLICE,915,OTHER,1,READ,
w30,2025-12-19T15:11:31.917506Z,241.949,403,False,0xB3e698A67fD5AEeB61b8bE389e7E917Bc2Ea032a,POLICE,776,TELEMATICS,3,READ,
w18,2025-12-19T15:11:31.917620Z,242.037,200,True,0xD21eB53384cE472F3DE7527DC9A5820dA80bBB01,INSURER,524,FNOL,4,READ,
w4,2025-12-19T15:11:31.917737Z,242.109,200,True,0xC29Fbef10EC6e6A787036cEA0C9024ce9F435d97,INSURER,939,OTHER,1,READ,
w45,2025-12-19T15:11:31.917844Z,242.195,200,True,0xACaaedBfb07404f2aAf0ccd6503B1529C1A48764,ADJUSTER,97,VIDEO,2,READ,
w31,2025-12-19T15:11:31.917946Z,242.298,200,True,0x02BD9B3b464b98EB353C8f83Eb3b4cB0627A52Ed,COURT,195,VIDEO,2,READ,
w19,2025-12-19T15:11:31.918048Z,242.422,200,True,0xAF3C604AE7a9E247C368331a22270415269Ef10d,INSURER,420,IMAGE,2,READ,
w5,2025-12-19T15:11:31.918146Z,242.527,200,True,0xBdfeA99CC2B9e09E4A7e6C7B14808189488E3985,COURT,514,MEDICAL_REPORT,5,READ,
w0,2025-12-19T15:11:31.918384Z,242.749,200,True,0x28365792Da71bc8AcAD11a4393049d006EF2E972,GARAGE,335,IMAGE,2,READ,
w46,2025-12-19T15:11:31.918518Z,242.847,200,True,0x598405697b464FEbA8C76367b7C75C59D8BE2eCF,COURT,246,VIDEO,2,READ,
w32,2025-12-19T15:11:31.918668Z,242.930,200,True,0x09596bf36cE63dABDeB58d68a52792B7BA13ba84,ADJUSTER,155,VIDEO,2,READ,
w20,2025-12-19T15:11:31.918792Z,243.013,200,True,0x3A995E7B23E0Fe0f9a5537f57AA80BACa529eFC4,INSURER,698,FNOL,4,READ,
w6,2025-12-19T15:11:31.918909Z,243.097,200,True,0x51a1E6D900E3e04c169Be84b2D5e5ccB2420B0EB,INSURER,228,VIDEO,2,READ,
w47,2025-12-19T15:11:31.910583Z,251.632,200,True,0xDA941366d7481DffDAd4458a22913423f40dA1eA,ADJUSTER,835,TELEMATICS,3,READ,
w33,2025-12-19T15:11:32.149994Z,186.492,200,True,0x808936f08CCC0a9C3953Cd3716006fB99825CBa4,COURT,915,OTHER,1,READ,
w7,2025-12-19T15:11:32.150597Z,186.354,200,True,0xD1ce8183cCf94d1494c99DFC523Af7Bd51494E8d,INSURER,556,FNOL,4,READ,
w48,2025-12-19T15:11:32.150871Z,186.502,200,True,0x262C7B7B136C441fA055dA7F585a2Ab956c1123C,INSURER,443,IMAGE,2,READ,
w34,2025-12-19T15:11:32.151103Z,186.512,200,True,0xB2241965995ed972D442D6A9461eF3583ecA95B6,INSURER,348,IMAGE,2,READ,
w8,2025-12-19T15:11:32.151328Z,186.517,200,True,0x58e8E907e02C35e581Ed3a4e98906344861E7265,INSURER,284,IMAGE,2,READ,
w49,2025-12-19T15:11:32.151568Z,186.515,200,True,0x29Da547ffD477d0d4628d547368EcFDF73054469,ADJUSTER,875,OTHER,1,READ,
w35,2025-12-19T15:11:32.151776Z,186.512,200,True,0x4f464925226709cf94C01633A1f468E106AD6413,INSURER,416,IMAGE,2,READ,
w21,2025-12-19T15:11:32.152198Z,186.499,403,False,0x7B678e542Dec17ab096b423D15262dcD9B8c11D8,POLICE,650,MEDICAL_REPORT,5,READ,
w9,2025-12-19T15:11:32.152426Z,186.497,200,True,0x2ee7F051BB940423f554ea44742f7c4c8C20Ea59,INSURER,458,IMAGE,2,READ,
w36,2025-12-19T15:11:32.152640Z,186.491,200,True,0x1EBe67547Da63652edcAE7c36347A6d05ef27c1C,POLICE,117,VIDEO,2,READ,
w22,2025-12-19T15:11:32.153374Z,185.960,200,True,0x5173D7F8755FdF3d2f05C01D029A3Dc55EaC0476,POLICE,59,VIDEO,2,READ,
w10,2025-12-19T15:11:32.153642Z,186.274,200,True,0x3db0bD968176A243AC81C5c8Cf02Cf429b04dD57,COURT,935,OTHER,1,READ,
w37,2025-12-19T15:11:32.153863Z,186.294,200,True,0x4828419eA02B1D4399E039f8E5F346f37f19fA13,INSURER,192,VIDEO,2,READ,
w23,2025-12-19T15:11:32.154075Z,186.294,200,True,0x78b99D5D04232b9650d619DBa5F5600a9242A472,INSURER,661,MEDICAL_REPORT,5,READ,
w11,2025-12-19T15:11:32.154280Z,186.293,200,True,0x598405697b464FEbA8C76367b7C75C59D8BE2eCF,COURT,520,MEDICAL_REPORT,5,READ,
w38,2025-12-19T15:11:32.154487Z,186.298,200,True,0xE4A8571e1F142Bd99866AA9464c49517B2ac0E01,ADJUSTER,334,IMAGE,2,READ,
w24,2025-12-19T15:11:32.154692Z,186.292,200,True,0x3308795A526382DB26cF04047fE2bBd4F56E6CE7,COURT,471,IMAGE,2,READ,
w12,2025-12-19T15:11:32.154889Z,186.279,200,True,0x69254de41949D1A246C5c1A168e5e8473D2d50f0,ADJUSTER,381,IMAGE,2,READ,
w39,2025-12-19T15:11:32.155088Z,186.276,200,True,0xd86Fa5B280bf58C28aaE39fB535e0e965F0E285B,INSURER,17,VIDEO,2,READ,
w25,2025-12-19T15:11:32.155283Z,186.271,403,False,0x469Bf06C8a44e5E2Bb2752C29B92d88DCA076B8a,POLICE,939,OTHER,1,READ,
w13,2025-12-19T15:11:32.155504Z,186.260,200,True,0xAA49CCe569366189355225212a2EA06B8172Fa22,ADJUSTER,244,VIDEO,2,READ,
w40,2025-12-19T15:11:32.155699Z,186.281,200,True,0xDA941366d7481DffDAd4458a22913423f40dA1eA,ADJUSTER,924,OTHER,1,READ,
w26,2025-12-19T15:11:32.155895Z,186.296,200,True,0x07DA3024980d3B92Bcf6B8850A7C08F758B5F781,INSURER,183,VIDEO,2,READ,
w14,2025-12-19T15:11:32.156092Z,186.296,200,True,0x58e8E907e02C35e581Ed3a4e98906344861E7265,INSURER,504,MEDICAL_REPORT,5,READ,
w41,2025-12-19T15:11:32.156289Z,186.299,200,True,0x81daFDe6F70ee2Fb93671DC220cC29F8205ACB57,INSURER,922,OTHER,1,READ,
w27,2025-12-19T15:11:32.156484Z,186.726,200,True,0x5173D7F8755FdF3d2f05C01D029A3Dc55EaC0476,POLICE,442,IMAGE,2,READ,
w15,2025-12-19T15:11:32.156675Z,186.775,200,True,0xcE078954f123a07010672Fff05b36f5E43642106,INSURER,932,OTHER,1,READ,
w42,2025-12-19T15:11:32.156857Z,186.804,200,True,0x3db0bD968176A243AC81C5c8Cf02Cf429b04dD57,COURT,80,VIDEO,2,READ,
w28,2025-12-19T15:11:32.157049Z,186.827,403,False,0x59760590b1fCF3C846635ae6432DE56ef26298B8,GARAGE,92,VIDEO,2,READ,
w16,2025-12-19T15:11:32.157778Z,186.324,200,True,0x3E93709810FB754ab4D6A2487344dF504087996D,INSURER,75,VIDEO,2,READ,
w2,2025-12-19T15:11:32.158039Z,186.268,200,True,0xAF3C604AE7a9E247C368331a22270415269Ef10d,INSURER,801,TELEMATICS,3,READ,
w43,2025-12-19T15:11:32.158249Z,186.260,200,True,0x01891323537Ca8c745Cd76182c9eB81519eaC821,GARAGE,259,IMAGE,2,READ,
w29,2025-12-19T15:11:32.158451Z,186.271,200,True,0x7fBAcb835330c3A23597A355A26Cf6E0ee69A0B5,COURT,269,IMAGE,2,READ,
w17,2025-12-19T15:11:32.158648Z,186.280,200,True,0x81A893236EFCdC58F1f9421b59Ee21eb7e38f8FB,INSURER,168,VIDEO,2,READ,
w3,2025-12-19T15:11:32.158840Z,186.291,200,True,0x7B678e542Dec17ab096b423D15262dcD9B8c11D8,POLICE,214,VIDEO,2,READ,
w1,2025-12-19T15:11:32.159049Z,186.280,200,True,0x044bef4Ff250cBBFE36FEfE3b859D78bA04c1223,INSURER,71,VIDEO,2,READ,
w44,2025-12-19T15:11:32.159255Z,186.271,200,True,0xeaD317253F31780B00e0Ef360b1ade2Fb83c2b3E,INSURER,250,VIDEO,2,READ,
w30,2025-12-19T15:11:32.159462Z,186.252,200,True,0xC5f6e3512D3B1133da1f88159fDf63dC9f2d43FB,ADJUSTER,809,TELEMATICS,3,READ,
w18,2025-12-19T15:11:32.159664Z,186.305,200,True,0x090F26617cAab81C15934159343Ff688fAf23820,POLICE,458,IMAGE,2,READ,
w4,2025-12-19T15:11:32.159854Z,186.732,200,True,0x67A9BC3Fb3B4a392C223A8C644B48346b9Ca5128,COURT,357,IMAGE,2,READ,
w45,2025-12-19T15:11:32.160047Z,186.816,403,False,0x6c2d9F1aEdB2C485CABAF82412f88d5303Fd7B73,GARAGE,605,FNOL,4,READ,
w31,2025-12-19T15:11:32.160253Z,186.860,200,True,0x11652BF4c5D394F3a46E96f2bE659939a0f6a6ed,INSURER,137,VIDEO,2,READ,
w19,2025-12-19T15:11:32.160478Z,186.855,200,True,0x78273aa663aa16C08590efF5582bb4C9DD30Bb95,INSURER,234,VIDEO,2,READ,
w5,2025-12-19T15:11:32.160679Z,186.882,200,True,0xf9314f31cc38103bC7607a176a804e5C1Ecbf511,INSURER,739,TELEMATICS,3,READ,
w0,2025-12-19T15:11:32.161142Z,186.634,200,True,0xC23BB727D3Ae6bD9cd90AC52ee26359F19176de3,INSURER,238,VIDEO,2,READ,
w46,2025-12-19T15:11:32.161375Z,186.654,200,True,0x09596bf36cE63dABDeB58d68a52792B7BA13ba84,ADJUSTER,225,VIDEO,2,READ,
w32,2025-12-19T15:11:32.161607Z,186.645,200,True,0xF80B0672A4f16BDe21fA2DF31482dA0fC606A43f,ADJUSTER,440,IMAGE,2,READ,
w20,2025-12-19T15:11:32.161812Z,186.685,200,True,0xD3b3bd4ce4B597519FCE080Ce05805A99cC8C772,GARAGE,400,IMAGE,2,READ,
w6,2025-12-19T15:11:32.162013Z,186.743,200,True,0x50Ed54bf40D96Fda59d7F83abE5551535d7938ac,COURT,412,IMAGE,2,READ,
w47,2025-12-19T15:11:32.162224Z,186.750,200,True,0xDd45386232533D2C209976e678A91A2263676ECB,GARAGE,307,IMAGE,2,READ,
w7,2025-12-19T15:11:32.336962Z,202.109,200,True,0x5173D7F8755FdF3d2f05C01D029A3Dc55EaC0476,POLICE,413,IMAGE,2,READ,
w48,2025-12-19T15:11:32.337384Z,202.042,200,True,0x5cA86E3342DEA0C1a26C49f1a4fA40DeEeAFf8a8,INSURER,408,IMAGE,2,READ,
w34,2025-12-19T15:11:32.337625Z,202.148,200,True,0x811FdDFb3340F34AB2b91C97AcB5FAeB6405847E,REGULATOR,965,OTHER,1,READ,
w8,2025-12-19T15:11:32.337853Z,202.085,200,True,0x97910F1306b5414B4C61D9A719B6871f5c77662f,INSURER,165,VIDEO,2,READ,
w49,2025-12-19T15:11:32.338091Z,201.984,200,True,0xD0Ce1d9D5A9c7E4F03d499A265d3014Ae5da7644,ADJUSTER,256,IMAGE,2,READ,
w35,2025-12-19T15:11:32.338299Z,201.904,200,True,0x46Adf75988C45FBD67a07651b6f684943428c17C,INSURER,645,MEDICAL_REPORT,5,READ,
w21,2025-12-19T15:11:32.338705Z,201.637,403,False,0x0AbFb230511189A840157bF7FcA43b1b69338dC6,POLICE,815,TELEMATICS,3,READ,
w9,2025-12-19T15:11:32.338932Z,201.540,200,True,0xDd45386232533D2C209976e678A91A2263676ECB,GARAGE,481,IMAGE,2,READ,
w36,2025-12-19T15:11:32.339139Z,201.455,200,True,0x598405697b464FEbA8C76367b7C75C59D8BE2eCF,COURT,272,IMAGE,2,READ,
w22,2025-12-19T15:11:32.339342Z,201.577,200,True,0x97910F1306b5414B4C61D9A719B6871f5c77662f,INSURER,264,IMAGE,2,READ,
w10,2025-12-19T15:11:32.339925Z,201.119,200,True,0xAA49CCe569366189355225212a2EA06B8172Fa22,ADJUSTER,603,FNOL,4,READ,
w37,2025-12-19T15:11:32.340165Z,200.990,200,True,0x78b99D5D04232b9650d619DBa5F5600a9242A472,INSURER,204,VIDEO,2,READ,
w23,2025-12-19T15:11:32.340377Z,200.898,200,True,0x3495fF4A33D3b8aCCB512226B501122064b1e8fe,INSURER,933,OTHER,1,READ,
w11,2025-12-19T15:11:32.340580Z,200.811,403,False,0x1F022FfD0700E02E8f01B8f05f539f8C7a0339bb,POLICE,693,FNOL,4,READ,
w38,2025-12-19T15:11:32.340793Z,200.707,200,True,0x11F50254a88A6e26E6Bb5aAE8d74E52372B4270E,COURT,754,TELEMATICS,3,READ,
w24,2025-12-19T15:11:32.340991Z,200.620,200,True,0x3d4Bd094c1894ed38F3EcF0799bE66f83a4199ca,ADJUSTER,344,IMAGE,2,READ,
w12,2025-12-19T15:11:32.341175Z,200.913,200,True,0x5ee06906aF52aEd2c884D505d3a0A7CA7513188D,INSURER,955,OTHER,1,READ,
w39,2025-12-19T15:11:32.341371Z,200.855,200,True,0xafA5Afd00Ec5464DAf96FCe2b09f4e4e157F4A67,POLICE,228,VIDEO,2,READ,
w25,2025-12-19T15:11:32.341562Z,200.781,200,True,0x199baf9971453910adbCD45ae05Dc8f9B68fcB1f,INSURER,934,OTHER,1,READ,
w13,2025-12-19T15:11:32.341772Z,200.688,200,True,0xD6e58dE85e171C0D6BB42Cf4a85fBa7C55ce5618,INSURER,44,VIDEO,2,READ,
w40,2025-12-19T15:11:32.341988Z,200.597,200,True,0x02BD9B3b464b98EB353C8f83Eb3b4cB0627A52Ed,COURT,561,MEDICAL_REPORT,5,READ,
w26,2025-12-19T15:11:32.342198Z,200.504,200,True,0x42dC03c90d7652B937d26628a86f9317bbf521dc,INSURER,121,VIDEO,2,READ,
w14,2025-12-19T15:11:32.342395Z,200.410,200,True,0x0172115667882E73749128243A943873087c09D3,INSURER,124,VIDEO,2,READ,
w41,2025-12-19T15:11:32.342595Z,200.323,200,True,0x4828419eA02B1D4399E039f8E5F346f37f19fA13,INSURER,542,FNOL,4,READ,
w27,2025-12-19T15:11:32.343220Z,199.803,200,True,0xcE078954f123a07010672Fff05b36f5E43642106,INSURER,808,TELEMATICS,3,READ,
w15,2025-12-19T15:11:32.343458Z,199.666,200,True,0xBdfeA99CC2B9e09E4A7e6C7B14808189488E3985,COURT,875,OTHER,1,READ,
w42,2025-12-19T15:11:32.343669Z,199.572,403,False,0x5C63EFf960008F7F9783957f07533386097149ce,POLICE,968,OTHER,1,READ,
w28,2025-12-19T15:11:32.343884Z,199.513,403,False,0x1F022FfD0700E02E8f01B8f05f539f8C7a0339bb,POLICE,985,OTHER,1,READ,
w16,2025-12-19T15:11:32.344110Z,199.413,403,False,0xD3b3bd4ce4B597519FCE080Ce05805A99cC8C772,GARAGE,582,MEDICAL_REPORT,5,READ,
w2,2025-12-19T15:11:32.344315Z,199.343,200,True,0x2ee7F051BB940423f554ea44742f7c4c8C20Ea59,INSURER,204,VIDEO,2,READ,
w43,2025-12-19T15:11:32.344517Z,199.248,403,False,0x3418C54B33ca42d0dF096EaD255791c7B2E2f3d9,ADJUSTER,574,MEDICAL_REPORT,5,READ,
w29,2025-12-19T15:11:32.344730Z,199.160,200,True,0x28606132Fb05B11eee1fa6ACe3CB39F3EFFFdCCe,ADJUSTER,35,VIDEO,2,READ,
w17,2025-12-19T15:11:32.344935Z,199.075,200,True,0x786da68d54Be22366903D370c34910372Db174c9,POLICE,290,IMAGE,2,READ,
w3,2025-12-19T15:11:32.345140Z,198.986,200,True,0x044bef4Ff250cBBFE36FEfE3b859D78bA04c1223,INSURER,142,VIDEO,2,READ,
w1,2025-12-19T15:11:32.345336Z,198.913,200,True,0x065Fd3F8fcF30384f50eceBa324b1EF8411Fa759,COURT,977,OTHER,1,READ,
w44,2025-12-19T15:11:32.345534Z,198.830,200,True,0xC6Ffd174B730f05f52aF93e216103D6C7464cc96,INSURER,43,VIDEO,2,READ,
w30,2025-12-19T15:11:32.345722Z,198.766,200,True,0x598405697b464FEbA8C76367b7C75C59D8BE2eCF,COURT,106,VIDEO,2,READ,
w18,2025-12-19T15:11:32.345981Z,198.652,200,True,0x42dC03c90d7652B937d26628a86f9317bbf521dc,INSURER,265,IMAGE,2,READ,
w4,2025-12-19T15:11:32.346599Z,198.396,403,False,0x57e02f30Dd15545B3A9eC4841D0D58Ee1D829414,GARAGE,73,VIDEO,2,READ,
w45,2025-12-19T15:11:32.346872Z,198.260,403,False,0x4BA98aed0F31F1E56A9bc733FD86aB30e5b88D0E,GARAGE,208,VIDEO,2,READ,
w31,2025-12-19T15:11:32.347123Z,198.139,403,False,0xD0Ce1d9D5A9c7E4F03d499A265d3014Ae5da7644,ADJUSTER,616,MEDICAL_REPORT,5,READ,
w19,2025-12-19T15:11:32.347341Z,198.032,200,True,0xd132a79Ca7Be8caaC9A27467EB9B65F7cBD6F50E,ADJUSTER,218,VIDEO,2,READ,
w5,2025-12-19T15:11:32.347569Z,197.904,403,False,0xBC78986794f1658340222E011F7e1Cf375177F95,ADJUSTER,683,MEDICAL_REPORT,5,READ,
w0,2025-12-19T15:11:32.347785Z,197.789,200,True,0xd86Fa5B280bf58C28aaE39fB535e0e965F0E285B,INSURER,373,IMAGE,2,READ,
w46,2025-12-19T15:11:32.348037Z,197.651,200,True,0x3B4ab93e0901742BFfc8A18D301F36f820AD3bB9,ADJUSTER,677,FNOL,4,READ,
w32,2025-12-19T15:11:32.348258Z,197.529,403,False,0x59760590b1fCF3C846635ae6432DE56ef26298B8,GARAGE,5,VIDEO,2,READ,
w20,2025-12-19T15:11:32.348508Z,197.546,403,False,0x7C8B230898f07628a4f24e2D0ffe62373593dCce,POLICE,834,TELEMATICS,3,READ,
w6,2025-12-19T15:11:32.348764Z,197.553,403,False,0xBeBf134906e0FCcd85b0D99a4626a7B8584e742c,ADJUSTER,552,MEDICAL_REPORT,5,READ,
w47,2025-12-19T15:11:32.348981Z,197.643,200,True,0xD0Ce1d9D5A9c7E4F03d499A265d3014Ae5da7644,ADJUSTER,890,OTHER,1,READ,
w33,2025-12-19T15:11:32.336503Z,210.361,403,False,0x3116De7d4519B71BA014e7EF3e874D3a98B64A91,POLICE,666,FNOL,4,READ,
w7,2025-12-19T15:11:32.539083Z,192.162,200,True,0x808936f08CCC0a9C3953Cd3716006fB99825CBa4,COURT,725,TELEMATICS,3,READ,
w48,2025-12-19T15:11:32.539434Z,192.175,200,True,0x1cf47318cada656180563507BDd94262cAA29a4a,INSURER,641,MEDICAL_REPORT,5,READ,
w34,2025-12-19T15:11:32.539781Z,192.079,403,False,0xE3De53E77787ac96c6f78B3eD0A6Acea23953342,POLICE,646,MEDICAL_REPORT,5,READ,
w8,2025-12-19T15:11:32.539944Z,192.084,200,True,0x3495fF4A33D3b8aCCB512226B501122064b1e8fe,INSURER,912,OTHER,1,READ,
w49,2025-12-19T15:11:32.540081Z,192.217,200,True,0x29950abd635aF427d5E2fF0DB9f6920fC915bC55,INSURER,840,TELEMATICS,3,READ,
w35,2025-12-19T15:11:32.540208Z,192.244,403,False,0xE1c2102345d7379f4bb3F114e908e9cC9154A335,POLICE,615,FNOL,4,READ,
w21,2025-12-19T15:11:32.540347Z,192.342,200,True,0x09596bf36cE63dABDeB58d68a52792B7BA13ba84,ADJUSTER,720,TELEMATICS,3,READ,
w9,2025-12-19T15:11:32.540477Z,192.384,200,True,0xD46492141A5F13412fa59e5F47Ce969c7954E752,INSURER,943,OTHER,1,READ,
w36,2025-12-19T15:11:32.540599Z,192.405,200,True,0xC5f6e3512D3B1133da1f88159fDf63dC9f2d43FB,ADJUSTER,277,IMAGE,2,READ,
w22,2025-12-19T15:11:32.540924Z,192.402,403,False,0x469Bf06C8a44e5E2Bb2752C29B92d88DCA076B8a,POLICE,881,OTHER,1,READ,
w10,2025-12-19T15:11:32.541048Z,192.447,200,True,0x82B01EfD510Bee8680730EEf777526b020e2398B,INSURER,328,IMAGE,2,READ,
w37,2025-12-19T15:11:32.541160Z,192.470,200,True,0xFeC4882fEAf263ac0fD1b9B4271dD1852B413584,INSURER,500,IMAGE,2,READ,
w23,2025-12-19T15:11:32.541280Z,192.479,200,True,0xD1ce8183cCf94d1494c99DFC523Af7Bd51494E8d,INSURER,950,OTHER,1,READ,
w11,2025-12-19T15:11:32.541396Z,192.488,200,True,0xBeBf134906e0FCcd85b0D99a4626a7B8584e742c,ADJUSTER,156,VIDEO,2,READ,
w38,2025-12-19T15:11:32.541504Z,192.510,403,False,0xcA28195b12c3c8cB960d8423584ee9a8677BD158,POLICE,724,TELEMATICS,3,READ,
w24,2025-12-19T15:11:32.541617Z,192.510,200,True,0xdBf006c9b4fEA25fFA98161abc660B4643109625,ADJUSTER,334,IMAGE,2,READ,
w12,2025-12-19T15:11:32.542095Z,192.152,200,True,0x4395153bc7Ac8ebD080b3C98FE634fcA40E5609F,COURT,359,IMAGE,2,READ,
w39,2025-12-19T15:11:32.542232Z,192.476,200,True,0x05d1ef5b43268c6a5BD456A953029092795045d9,INSURER,646,MEDICAL_REPORT,5,READ,
w25,2025-12-19T15:11:32.542347Z,192.550,200,True,0x5173D7F8755FdF3d2f05C01D029A3Dc55EaC0476,POLICE,276,IMAGE,2,READ,
w13,2025-12-19T15:11:32.542466Z,192.567,200,True,0x469Bf06C8a44e5E2Bb2752C29B92d88DCA076B8a,POLICE,331,IMAGE,2,READ,
w40,2025-12-19T15:11:32.542591Z,192.556,200,True,0x4828419eA02B1D4399E039f8E5F346f37f19fA13,INSURER,945,OTHER,1,READ,
w26,2025-12-19T15:11:32.542707Z,192.563,200,True,0x4828419eA02B1D4399E039f8E5F346f37f19fA13,INSURER,757,TELEMATICS,3,READ,
w14,2025-12-19T15:11:32.542809Z,192.639,403,False,0x955f7F1386d8d5FB12bc50876B418e4D206D9530,GARAGE,570,FNOL,4,READ,
w41,2025-12-19T15:11:32.542922Z,192.719,403,False,0x1EBe67547Da63652edcAE7c36347A6d05ef27c1C,POLICE,982,OTHER,1,READ,
w27,2025-12-19T15:11:32.543026Z,192.797,200,True,0xC29Fbef10EC6e6A787036cEA0C9024ce9F435d97,INSURER,384,IMAGE,2,READ,
w15,2025-12-19T15:11:32.543127Z,192.879,200,True,0x262C7B7B136C441fA055dA7F585a2Ab956c1123C,INSURER,750,TELEMATICS,3,READ,
w42,2025-12-19T15:11:32.543248Z,192.938,200,True,0x1cf47318cada656180563507BDd94262cAA29a4a,INSURER,69,VIDEO,2,READ,
w28,2025-12-19T15:11:32.543403Z,192.985,200,True,0x8D21394c336D57f89564705Aa61307561b63E310,POLICE,350,IMAGE,2,READ,
w16,2025-12-19T15:11:32.543529Z,193.061,200,True,0x78b99D5D04232b9650d619DBa5F5600a9242A472,INSURER,636,FNOL,4,READ,
w2,2025-12-19T15:11:32.543663Z,193.123,403,False,0x5173D7F8755FdF3d2f05C01D029A3Dc55EaC0476,POLICE,983,OTHER,1,READ,
w43,2025-12-19T15:11:32.543769Z,193.675,200,True,0x14d0cb07D407E25F725b7f9854B98fEEEBb4942F,INSURER,299,IMAGE,2,READ,
w29,2025-12-19T15:11:32.543895Z,193.783,200,True,0x59A67A1183C69AAf8Fe3D746D569392b7d4A5035,ADJUSTER,341,IMAGE,2,READ,
w17,2025-12-19T15:11:32.544015Z,193.878,200,True,0x69254de41949D1A246C5c1A168e5e8473D2d50f0,ADJUSTER,906,OTHER,1,READ,
w3,2025-12-19T15:11:32.544132Z,193.959,200,True,0x40fca3Fa04d657c9879B638C57A2a70683E3efED,REGULATOR,926,OTHER,1,READ,
w1,2025-12-19T15:11:32.544254Z,194.036,403,False,0x467316319C6B5f391c5a6B3b0190d4209202fC25,ADJUSTER,629,MEDICAL_REPORT,5,READ,
w44,2025-12-19T15:11:32.544370Z,194.105,200,True,0x4395153bc7Ac8ebD080b3C98FE634fcA40E5609F,COURT,702,TELEMATICS,3,READ,
w30,2025-12-19T15:11:32.544493Z,194.156,200,True,0x3d4Bd094c1894ed38F3EcF0799bE66f83a4199ca,ADJUSTER,747,TELEMATICS,3,READ,
w18,2025-12-19T15:11:32.544637Z,194.197,200,True,0x8216a92a44877D72a31FA6453e4583a6DCe25752,INSURER,282,IMAGE,2,READ,
w4,2025-12-19T15:11:32.545000Z,194.007,200,True,0x38C88185b74B534134345be38916483044075686,POLICE,153,VIDEO,2,READ,
w45,2025-12-19T15:11:32.545137Z,194.048,200,True,0x7B46635cB6cA958f34ae933b93884a5f19b258D7,INSURER,194,VIDEO,2,READ,
w31,2025-12-19T15:11:32.545267Z,194.097,200,True,0x42dC03c90d7652B937d26628a86f9317bbf521dc,INSURER,83,VIDEO,2,READ,
w19,2025-12-19T15:11:32.545378Z,194.162,200,True,0x3B4ab93e0901742BFfc8A18D301F36f820AD3bB9,ADJUSTER,492,IMAGE,2,READ,
w5,2025-12-19T15:11:32.545477Z,194.240,200,True,0x48c487f18ce4aAFcf592B2eC3611eAa7B1C85918,ADJUSTER,637,FNOL,4,READ,
w0,2025-12-19T15:11:32.545579Z,194.333,200,True,0x476ad4Ce50BbD6624855e3d1e12E6cC23654359A,INSURER,749,TELEMATICS,3,READ,
w46,2025-12-19T15:11:32.545692Z,194.406,200,True,0x82B01EfD510Bee8680730EEf777526b020e2398B,INSURER,915,OTHER,1,READ,
w32,2025-12-19T15:11:32.545792Z,194.499,200,True,0x81daFDe6F70ee2Fb93671DC220cC29F8205ACB57,INSURER,383,IMAGE,2,READ,
w20,2025-12-19T15:11:32.546067Z,194.423,200,True,0x5ee06906aF52aEd2c884D505d3a0A7CA7513188D,INSURER,520,MEDICAL_REPORT,5,READ,
w6,2025-12-19T15:11:32.546325Z,194.368,200,True,0xD261b62ccB398d8100234C5fD641c6D67B10C62B,GARAGE,358,IMAGE,2,READ,
w47,2025-12-19T15:11:32.546633Z,194.278,200,True,0x065Fd3F8fcF30384f50eceBa324b1EF8411Fa759,COURT,208,VIDEO,2,READ,
w33,2025-12-19T15:11:32.546873Z,194.235,200,True,0xD261b62ccB398d8100234C5fD641c6D67B10C62B,GARAGE,454,IMAGE,2,READ,
w48,2025-12-19T15:11:32.731617Z,210.426,200,True,0x0479AcE8E12E22b9751dF7542dd8f225c221EC34,ADJUSTER,985,OTHER,1,READ,
w34,2025-12-19T15:11:32.731867Z,210.508,200,True,0x05d1ef5b43268c6a5BD456A953029092795045d9,INSURER,503,MEDICAL_REPORT,5,READ,
w8,2025-12-19T15:11:32.732035Z,210.714,200,True,0xd6f5696C80b8cb2D4AAaFdaf8E7C266cf4af4538,COURT,579,FNOL,4,READ,
w49,2025-12-19T15:11:32.732306Z,210.613,200,True,0xC66fE61Fe01B90e3C051c0ED40Dd41fC9347D018,REGULATOR,634,FNOL,4,READ,
w35,2025-12-19T15:11:32.732457Z,210.616,200,True,0x808936f08CCC0a9C3953Cd3716006fB99825CBa4,COURT,642,MEDICAL_REPORT,5,READ,
w21,2025-12-19T15:11:32.732695Z,210.510,200,True,0xB8954C40b419Ae7332fF39Ce3d458ba1fed03941,REGULATOR,645,MEDICAL_REPORT,5,READ,
w9,2025-12-19T15:11:32.732867Z,210.479,200,True,0xfd4Fc17438169bC1228EB21c2cb9b8DE1E97472a,INSURER,809,TELEMATICS,3,READ,
w36,2025-12-19T15:11:32.733008Z,210.513,200,True,0x97910F1306b5414B4C61D9A719B6871f5c77662f,INSURER,528,MEDICAL_REPORT,5,READ,
w22,2025-12-19T15:11:32.733333Z,210.595,200,True,0x3d9c5458418bD082b010C0F93c3b8FBF9826E0Bf,INSURER,527,MEDICAL_REPORT,5,READ,
w10,2025-12-19T15:11:32.733501Z,210.607,200,True,0x620a52535BA00719f0747D42746525D807319996,ADJUSTER,962,OTHER,1,READ,
w37,2025-12-19T15:11:32.733636Z,210.621,200,True,0xCe3b338346378767324b87Cb888eC3F1d6d34940,POLICE,391,IMAGE,2,READ,
w23,2025-12-19T15:11:32.733765Z,210.632,200,True,0x58f181cd636a8F0a8335240Efc4979212ff45341,INSURER,341,IMAGE,2,READ,
w11,2025-12-19T15:11:32.733890Z,210.662,200,True,0xF80B0672A4f16BDe21fA2DF31482dA0fC606A43f,ADJUSTER,850,TELEMATICS,3,READ,
w38,2025-12-19T15:11:32.734020Z,211.099,200,True,0x077f45EB3eB6027C0D05Ab77CAC4D29c46cb3a6E,INSURER,213,VIDEO,2,READ,
w24,2025-12-19T15:11:32.734132Z,211.148,200,True,0x892Bc4E7F6D9a6aD507664d8A8EEB33b2544f3Ea,COURT,394,IMAGE,2,READ,
w12,2025-12-19T15:11:32.734252Z,211.158,200,True,0xE3De53E77787ac96c6f78B3eD0A6Acea23953342,POLICE,52,VIDEO,2,READ,
w39,2025-12-19T15:11:32.734715Z,210.851,200,True,0xeaD317253F31780B00e0Ef360b1ade2Fb83c2b3E,INSURER,707,TELEMATICS,3,READ,
w25,2025-12-19T15:11:32.734904Z,210.805,200,True,0xe9b50040eeAA45F16fd24222f4a97482737f6C8A,ADJUSTER,936,OTHER,1,READ,
w13,2025-12-19T15:11:32.735037Z,210.809,200,True,0x014E540c98B93f6ce2a6F2D7FE66BeD9a19f7bEC,ADJUSTER,58,VIDEO,2,READ,
w40,2025-12-19T15:11:32.735153Z,211.052,403,False,0x69254de41949D1A246C5c1A168e5e8473D2d50f0,ADJUSTER,541,MEDICAL_REPORT,5,READ,
w26,2025-12-19T15:11:32.735276Z,211.192,200,True,0x05d1ef5b43268c6a5BD456A953029092795045d9,INSURER,918,OTHER,1,READ,
w14,2025-12-19T15:11:32.735455Z,211.264,200,True,0x1Ab5D0f68133DA5E100635Bdf5030650cA2bE691,ADJUSTER,428,IMAGE,2,READ,
w41,2025-12-19T15:11:32.735647Z,211.283,200,True,0xD46492141A5F13412fa59e5F47Ce969c7954E752,INSURER,499,IMAGE,2,READ,
w27,2025-12-19T15:11:32.735831Z,211.276,200,True,0xD756c57480Ea623123AB3a5ad4445875E3309Ac6,INSURER,356,IMAGE,2,READ,
w15,2025-12-19T15:11:32.736013Z,211.277,200,True,0xd86Fa5B280bf58C28aaE39fB535e0e965F0E285B,INSURER,802,TELEMATICS,3,READ,
w42,2025-12-19T15:11:32.736195Z,211.255,200,True,0x786da68d54Be22366903D370c34910372Db174c9,POLICE,137,VIDEO,2,READ,
w28,2025-12-19T15:11:32.736395Z,211.199,403,False,0x1F98dd762361D7256a816f8086AE6FfB657fa5bC,POLICE,935,OTHER,1,READ,
w16,2025-12-19T15:11:32.736597Z,211.157,403,False,0xD3b3bd4ce4B597519FCE080Ce05805A99cC8C772,GARAGE,87,VIDEO,2,READ,
w2,2025-12-19T15:11:32.736793Z,211.154,403,False,0x0Bc81E8481993A5F61D3011a142E1510de00ECae,GARAGE,92,VIDEO,2,READ,
w43,2025-12-19T15:11:32.737453Z,210.641,200,True,0xBdfeA99CC2B9e09E4A7e6C7B14808189488E3985,COURT,585,MEDICAL_REPORT,5,READ,
w29,2025-12-19T15:11:32.737687Z,210.547,200,True,0x630ba53C12B20a6EBd04Eb0819a24b1f8C554A01,INSURER,100,VIDEO,2,READ,
w17,2025-12-19T15:11:32.737900Z,210.502,200,True,0x2ee7F051BB940423f554ea44742f7c4c8C20Ea59,INSURER,493,IMAGE,2,READ,
w3,2025-12-19T15:11:32.738099Z,210.872,200,True,0x12DF904699208278b4355b568d47De4F2c9646fe,INSURER,561,MEDICAL_REPORT,5,READ,
w1,2025-12-19T15:11:32.738298Z,210.847,200,True,0x58f181cd636a8F0a8335240Efc4979212ff45341,INSURER,984,OTHER,1,READ,
w44,2025-12-19T15:11:32.738483Z,210.819,403,False,0x436f253A31aB81e4427747050f42C4907a6C388D,ADJUSTER,618,MEDICAL_REPORT,5,READ,
w30,2025-12-19T15:11:32.738656Z,210.795,200,True,0xd132a79Ca7Be8caaC9A27467EB9B65F7cBD6F50E,ADJUSTER,597,FNOL,4,READ,
w18,2025-12-19T15:11:32.738841Z,210.746,200,True,0x1cf47318cada656180563507BDd94262cAA29a4a,INSURER,873,OTHER,1,READ,
w4,2025-12-19T15:11:32.739013Z,210.707,200,True,0x29950abd635aF427d5E2fF0DB9f6920fC915bC55,INSURER,226,VIDEO,2,READ,
w45,2025-12-19T15:11:32.739193Z,210.695,200,True,0xaCB712DC0982F8B6c52EB4C5D2c205766cE3d00D,INSURER,700,MEDICAL_REPORT,5,READ,
w31,2025-12-19T15:11:32.739371Z,210.680,200,True,0x415Ba7B0D983442D5407ABEF5Ebd8e9d2bB533B7,POLICE,288,IMAGE,2,READ,
w19,2025-12-19T15:11:32.739547Z,210.631,200,True,0xD21eB53384cE472F3DE7527DC9A5820dA80bBB01,INSURER,866,OTHER,1,READ,
w5,2025-12-19T15:11:32.739726Z,210.576,403,False,0x7C8B230898f07628a4f24e2D0ffe62373593dCce,POLICE,593,FNOL,4,READ,
w0,2025-12-19T15:11:32.739920Z,210.540,200,True,0x5e3B546a11dc657CdFa106cd26E2211ee451c0d7,INSURER,761,TELEMATICS,3,READ,
w46,2025-12-19T15:11:32.740105Z,210.478,200,True,0x46Adf75988C45FBD67a07651b6f684943428c17C,INSURER,296,IMAGE,2,READ,
w32,2025-12-19T15:11:32.740299Z,210.395,403,False,0x8D21394c336D57f89564705Aa61307561b63E310,POLICE,855,OTHER,1,READ,
w20,2025-12-19T15:11:32.740497Z,210.320,200,True,0x3308795A526382DB26cF04047fE2bBd4F56E6CE7,COURT,595,FNOL,4,READ,
w6,2025-12-19T15:11:32.740701Z,210.243,200,True,0x59A67A1183C69AAf8Fe3D746D569392b7d4A5035,ADJUSTER,720,TELEMATICS,3,READ,
w47,2025-12-19T15:11:32.740919Z,210.156,200,True,0x8216a92a44877D72a31FA6453e4583a6DCe25752,INSURER,556,FNOL,4,READ,
w33,2025-12-19T15:11:32.741116Z,210.102,200,True,0x59A67A1183C69AAf8Fe3D746D569392b7d4A5035,ADJUSTER,898,OTHER,1,READ,
w7,2025-12-19T15:11:32.731256Z,220.098,403,False,0xD32B24Ff4D28e42239EcCd5cbdb456a1565DC083,ADJUSTER,529,MEDICAL_REPORT,5,READ,
w48,2025-12-19T15:11:32.942055Z,173.608,200,True,0xD21eB53384cE472F3DE7527DC9A5820dA80bBB01,INSURER,285,IMAGE,2,READ,
w34,2025-12-19T15:11:32.942384Z,173.634,200,True,0x0172115667882E73749128243A943873087c09D3,INSURER,257,IMAGE,2,READ,
w8,2025-12-19T15:11:32.942756Z,173.476,200,True,0x73c07A746181c5256aC8EB8006fFbCF2239bEcC5,COURT,275,IMAGE,2,READ,
w49,2025-12-19T15:11:32.942926Z,173.623,200,True,0x436f253A31aB81e4427747050f42C4907a6C388D,ADJUSTER,155,VIDEO,2,READ,
w35,2025-12-19T15:11:32.943080Z,173.638,200,True,0xCdb11D137710f0a5234b9D3c040668B6D48e59d4,COURT,627,MEDICAL_REPORT,5,READ,
w21,2025-12-19T15:11:32.943210Z,173.639,200,True,0x28606132Fb05B11eee1fa6ACe3CB39F3EFFFdCCe,ADJUSTER,355,IMAGE,2,READ,
w9,2025-12-19T15:11:32.943352Z,173.613,200,True,0xE3De53E77787ac96c6f78B3eD0A6Acea23953342,POLICE,408,IMAGE,2,READ,
w36,2025-12-19T15:11:32.943528Z,173.551,200,True,0xD261b62ccB398d8100234C5fD641c6D67B10C62B,GARAGE,256,IMAGE,2,READ,
w22,2025-12-19T15:11:32.943938Z,173.269,200,True,0x28606132Fb05B11eee1fa6ACe3CB39F3EFFFdCCe,ADJUSTER,42,VIDEO,2,READ,
w10,2025-12-19T15:11:32.944116Z,173.220,200,True,0x38C88185b74B534134345be38916483044075686,POLICE,65,VIDEO,2,READ,
w37,2025-12-19T15:11:32.944263Z,173.522,200,True,0x065Fd3F8fcF30384f50eceBa324b1EF8411Fa759,COURT,400,IMAGE,2,READ,
w23,2025-12-19T15:11:32.944403Z,173.611,200,True,0x81A893236EFCdC58F1f9421b59Ee21eb7e38f8FB,INSURER,746,TELEMATICS,3,READ,
w11,2025-12-19T15:11:32.944559Z,173.660,200,True,0xBCb233Ef85EC11C88E20Ea53Bb47f454d116FBe3,ADJUSTER,894,OTHER,1,READ,
w38,2025-12-19T15:11:32.945126Z,173.289,200,True,0x12DF904699208278b4355b568d47De4F2c9646fe,INSURER,656,MEDICAL_REPORT,5,READ,
w24,2025-12-19T15:11:32.945285Z,173.338,200,True,0xb8Fe0E775705824a50658ef111434567024d4310,REGULATOR,412,IMAGE,2,READ,
w12,2025-12-19T15:11:32.945416Z,173.403,403,False,0x1Ab5D0f68133DA5E100635Bdf5030650cA2bE691,ADJUSTER,639,MEDICAL_REPORT,5,READ,
w39,2025-12-19T15:11:32.945572Z,173.447,200,True,0x1Ab5D0f68133DA5E100635Bdf5030650cA2bE691,ADJUSTER,575,FNOL,4,READ,
w25,2025-12-19T15:11:32.945714Z,173.510,200,True,0xD06Cc40e4D98aDc886d652F4253985B5c04282b9,REGULATOR,740,TELEMATICS,3,READ,
w13,2025-12-19T15:11:32.945907Z,174.011,200,True,0x0520cA4f9c2359a2d1cc1B072e4dA8A3587C2088,INSURER,154,VIDEO,2,READ,
w40,2025-12-19T15:11:32.946214Z,173.936,200,True,0xb8Fe0E775705824a50658ef111434567024d4310,REGULATOR,167,VIDEO,2,READ,
w26,2025-12-19T15:11:32.946476Z,173.887,403,False,0x3d4Bd094c1894ed38F3EcF0799bE66f83a4199ca,ADJUSTER,552,MEDICAL_REPORT,5,READ,
w14,2025-12-19T15:11:32.946728Z,173.835,403,False,0x23aA93bc659A3e3D0da5434a4088578341D43278,GARAGE,614,FNOL,4,READ,
w41,2025-12-19T15:11:32.946939Z,173.825,200,True,0x02BD9B3b464b98EB353C8f83Eb3b4cB0627A52Ed,COURT,244,VIDEO,2,READ,
w27,2025-12-19T15:11:32.947114Z,173.858,200,True,0x3d9c5458418bD082b010C0F93c3b8FBF9826E0Bf,INSURER,403,IMAGE,2,READ,
w15,2025-12-19T15:11:32.947297Z,173.890,200,True,0x09596bf36cE63dABDeB58d68a52792B7BA13ba84,ADJUSTER,838,TELEMATICS,3,READ,
w42,2025-12-19T15:11:32.947455Z,173.933,200,True,0x68cBdE77b98e3AF3281dBC229ee66540Eac3f007,ADJUSTER,122,VIDEO,2,READ,
w28,2025-12-19T15:11:32.947601Z,173.976,200,True,0xD0Ce1d9D5A9c7E4F03d499A265d3014Ae5da7644,ADJUSTER,796,TELEMATICS,3,READ,
w16,2025-12-19T15:11:32.947761Z,174.046,200,True,0x3d9c5458418bD082b010C0F93c3b8FBF9826E0Bf,INSURER,325,IMAGE,2,READ,
w2,2025-12-19T15:11:32.947955Z,174.049,200,True,0xE1C502975CC15E22bC10c8a6e352061ef61bBc2A,COURT,194,VIDEO,2,READ,
w43,2025-12-19T15:11:32.948101Z,174.094,200,True,0xe9b50040eeAA45F16fd24222f4a97482737f6C8A,ADJUSTER,957,OTHER,1,READ,
w29,2025-12-19T15:11:32.948240Z,174.154,200,True,0x28606132Fb05B11eee1fa6ACe3CB39F3EFFFdCCe,ADJUSTER,117,VIDEO,2,READ,
w17,2025-12-19T15:11:32.948408Z,174.180,200,True,0xaCB712DC0982F8B6c52EB4C5D2c205766cE3d00D,INSURER,549,FNOL,4,READ,
w3,2025-12-19T15:11:32.948979Z,173.795,200,True,0x38C88185b74B534134345be38916483044075686,POLICE,393,IMAGE,2,READ,
w1,2025-12-19T15:11:32.949150Z,173.804,200,True,0x14E81fB79823D062AFEEC4B80e0bCCBE578d057e,REGULATOR,663,MEDICAL_REPORT,5,READ,
w44,2025-12-19T15:11:32.949307Z,173.830,403,False,0x48f8656e15a2FC22Ccd6cDe7c56db39C1B62E770,POLICE,907,OTHER,1,READ,
w30,2025-12-19T15:11:32.949457Z,174.256,200,True,0x50Ed54bf40D96Fda59d7F83abE5551535d7938ac,COURT,640,MEDICAL_REPORT,5,READ,
w18,2025-12-19T15:11:32.949594Z,174.329,403,False,0xD3b3bd4ce4B597519FCE080Ce05805A99cC8C772,GARAGE,902,OTHER,1,READ,
w4,2025-12-19T15:11:32.949727Z,174.383,200,True,0xF09aBd729B48E734Ad684B93585E8D043D55c967,INSURER,208,VIDEO,2,READ,
w45,2025-12-19T15:11:32.949895Z,174.403,200,True,0x2875Aa8C20c095495Ab5d6A1aBE2E2b07077dF55,INSURER,844,TELEMATICS,3,READ,
w31,2025-12-19T15:11:32.950056Z,174.412,403,False,0x955f7F1386d8d5FB12bc50876B418e4D206D9530,GARAGE,106,VIDEO,2,READ,
w19,2025-12-19T15:11:32.950183Z,174.461,200,True,0x5cA86E3342DEA0C1a26C49f1a4fA40DeEeAFf8a8,INSURER,866,OTHER,1,READ,
w5,2025-12-19T15:11:32.950308Z,174.511,200,True,0xDd45386232533D2C209976e678A91A2263676ECB,GARAGE,257,IMAGE,2,READ,
w0,2025-12-19T15:11:32.950465Z,174.522,200,True,0x12DF904699208278b4355b568d47De4F2c9646fe,INSURER,636,FNOL,4,READ,
w46,2025-12-19T15:11:32.950588Z,174.572,200,True,0x98eAB44F56Ae1f00C301517F1B6fCDb7a452D64b,ADJUSTER,536,FNOL,4,READ,
w32,2025-12-19T15:11:32.950699Z,174.670,200,True,0xFf85d9d86E5E1a3792266E2a5BB970C470C1e0c5,COURT,334,IMAGE,2,READ,
w20,2025-12-19T15:11:32.950823Z,174.731,200,True,0xFf85d9d86E5E1a3792266E2a5BB970C470C1e0c5,COURT,600,MEDICAL_REPORT,5,READ,
w6,2025-12-19T15:11:32.950949Z,174.789,200,True,0x811FdDFb3340F34AB2b91C97AcB5FAeB6405847E,REGULATOR,837,TELEMATICS,3,READ,
w47,2025-12-19T15:11:32.951081Z,174.845,200,True,0x14d0cb07D407E25F725b7f9854B98fEEEBb4942F,INSURER,854,OTHER,1,READ,
w33,2025-12-19T15:11:32.951223Z,174.907,200,True,0x6032b722b48DC8717A2C437485f2D3d264BD803B,ADJUSTER,494,IMAGE,2,READ,
w7,2025-12-19T15:11:32.951359Z,174.966,200,True,0x14d0cb07D407E25F725b7f9854B98fEEEBb4942F,INSURER,403,IMAGE,2,READ,
w34,2025-12-19T15:11:33.116027Z,222.356,403,False,0xC586D6C2dc89b791ae2AA6ae054c2629891275e1,POLICE,630,MEDICAL_REPORT,5,READ,
w8,2025-12-19T15:11:33.116241Z,222.477,403,False,0x2B5dEec5325fd9befC139A2071d830B25FAd52Ef,GARAGE,768,TELEMATICS,3,READ,
w49,2025-12-19T15:11:33.116556Z,222.494,200,True,0xBC78986794f1658340222E011F7e1Cf375177F95,ADJUSTER,136,VIDEO,2,READ,
w35,2025-12-19T15:11:33.116724Z,222.493,200,True,0x1F98dd762361D7256a816f8086AE6FfB657fa5bC,POLICE,222,VIDEO,2,READ,
w21,2025-12-19T15:11:33.116854Z,222.493,403,False,0x26b179d013C696c433c0f316E594f7a7AcE77C79,GARAGE,516,FNOL,4,READ,
w9,2025-12-19T15:11:33.116971Z,222.501,200,True,0xf5d0314845FCf19022a28FeD6650e58CFc01f243,INSURER,80,VIDEO,2,READ,
w36,2025-12-19T15:11:33.117085Z,222.514,200,True,0xC5f6e3512D3B1133da1f88159fDf63dC9f2d43FB,ADJUSTER,773,TELEMATICS,3,READ,
w22,2025-12-19T15:11:33.117211Z,222.502,200,True,0x4828419eA02B1D4399E039f8E5F346f37f19fA13,INSURER,723,TELEMATICS,3,READ,
w10,2025-12-19T15:11:33.117341Z,222.496,200,True,0x05d1ef5b43268c6a5BD456A953029092795045d9,INSURER,885,OTHER,1,READ,
w37,2025-12-19T15:11:33.117794Z,222.354,200,True,0x3d9c5458418bD082b010C0F93c3b8FBF9826E0Bf,INSURER,400,IMAGE,2,READ,
w23,2025-12-19T15:11:33.118023Z,222.260,200,True,0x7fBAcb835330c3A23597A355A26Cf6E0ee69A0B5,COURT,276,IMAGE,2,READ,
w11,2025-12-19T15:11:33.118227Z,222.168,200,True,0xf9314f31cc38103bC7607a176a804e5C1Ecbf511,INSURER,307,IMAGE,2,READ,
w38,2025-12-19T15:11:33.118422Z,222.078,200,True,0x598405697b464FEbA8C76367b7C75C59D8BE2eCF,COURT,930,OTHER,1,READ,
w24,2025-12-19T15:11:33.118631Z,221.982,200,True,0x090F26617cAab81C15934159343Ff688fAf23820,POLICE,486,IMAGE,2,READ,
w12,2025-12-19T15:11:33.118828Z,221.905,403,False,0xB3e698A67fD5AEeB61b8bE389e7E917Bc2Ea032a,POLICE,528,MEDICAL_REPORT,5,READ,
w39,2025-12-19T15:11:33.119026Z,222.169,200,True,0x2ee7F051BB940423f554ea44742f7c4c8C20Ea59,INSURER,648,FNOL,4,READ,
w25,2025-12-19T15:11:33.119231Z,222.089,200,True,0xE4A8571e1F142Bd99866AA9464c49517B2ac0E01,ADJUSTER,261,IMAGE,2,READ,
w13,2025-12-19T15:11:33.119926Z,221.516,200,True,0xF88a95Dd8B84AF76941627AA419BEFc507d88125,ADJUSTER,417,IMAGE,2,READ,
w40,2025-12-19T15:11:33.120158Z,221.417,200,True,0x467316319C6B5f391c5a6B3b0190d4209202fC25,ADJUSTER,750,TELEMATICS,3,READ,
w26,2025-12-19T15:11:33.120370Z,221.313,403,False,0x3D8B37E283940B186f3d817371AE9834E2836f7f,GARAGE,959,OTHER,1,READ,
w14,2025-12-19T15:11:33.120570Z,221.225,200,True,0x14d0cb07D407E25F725b7f9854B98fEEEBb4942F,INSURER,445,IMAGE,2,READ,
w41,2025-12-19T15:11:33.120775Z,221.140,200,True,0x5ee06906aF52aEd2c884D505d3a0A7CA7513188D,INSURER,465,IMAGE,2,READ,
w27,2025-12-19T15:11:33.120981Z,221.056,200,True,0xF88a95Dd8B84AF76941627AA419BEFc507d88125,ADJUSTER,459,IMAGE,2,READ,
w15,2025-12-19T15:11:33.121195Z,220.946,200,True,0x044bef4Ff250cBBFE36FEfE3b859D78bA04c1223,INSURER,531,MEDICAL_REPORT,5,READ,
w42,2025-12-19T15:11:33.121396Z,220.843,403,False,0x68cBdE77b98e3AF3281dBC229ee66540Eac3f007,ADJUSTER,526,MEDICAL_REPORT,5,READ,
w28,2025-12-19T15:11:33.121584Z,220.751,200,True,0x58e8E907e02C35e581Ed3a4e98906344861E7265,INSURER,396,IMAGE,2,READ,
w16,2025-12-19T15:11:33.121815Z,220.613,200,True,0x6032b722b48DC8717A2C437485f2D3d264BD803B,ADJUSTER,505,FNOL,4,READ,
w2,2025-12-19T15:11:33.122010Z,220.519,200,True,0x8Dd96368f7a8216813107Fe89688AcaafE8Cb76D,INSURER,53,VIDEO,2,READ,
w43,2025-12-19T15:11:33.122203Z,220.474,200,True,0x3d9c5458418bD082b010C0F93c3b8FBF9826E0Bf,INSURER,110,VIDEO,2,READ,
w29,2025-12-19T15:11:33.122401Z,220.445,200,True,0x4f464925226709cf94C01633A1f468E106AD6413,INSURER,751,TELEMATICS,3,READ,
w17,2025-12-19T15:11:33.122596Z,220.419,200,True,0x40fca3Fa04d657c9879B638C57A2a70683E3efED,REGULATOR,642,MEDICAL_REPORT,5,READ,
w3,2025-12-19T15:11:33.122780Z,220.426,200,True,0x58f181cd636a8F0a8335240Efc4979212ff45341,INSURER,461,IMAGE,2,READ,
w1,2025-12-19T15:11:33.122962Z,220.421,200,True,0x93787a823E3D4Ae295F5a91C0e87325E40B3aa3F,REGULATOR,299,IMAGE,2,READ,
w44,2025-12-19T15:11:33.123145Z,220.416,200,True,0xfd4Fc17438169bC1228EB21c2cb9b8DE1E97472a,INSURER,721,TELEMATICS,3,READ,
w30,2025-12-19T15:11:33.123723Z,219.986,200,True,0x02BD9B3b464b98EB353C8f83Eb3b4cB0627A52Ed,COURT,49,VIDEO,2,READ,
w18,2025-12-19T15:11:33.123930Z,219.908,403,False,0x3D8B37E283940B186f3d817371AE9834E2836f7f,GARAGE,571,FNOL,4,READ,
w4,2025-12-19T15:11:33.124117Z,220.117,200,True,0x1EBe67547Da63652edcAE7c36347A6d05ef27c1C,POLICE,165,VIDEO,2,READ,
w45,2025-12-19T15:11:33.124305Z,220.056,403,False,0x996644d2075D6c96FEB649879534dFAb933903f6,GARAGE,642,MEDICAL_REPORT,5,READ,
w31,2025-12-19T15:11:33.124474Z,220.000,200,True,0x1cf47318cada656180563507BDd94262cAA29a4a,INSURER,218,VIDEO,2,READ,
w19,2025-12-19T15:11:33.124652Z,219.925,200,True,0x40fca3Fa04d657c9879B638C57A2a70683E3efED,REGULATOR,290,IMAGE,2,READ,
w5,2025-12-19T15:11:33.124826Z,219.848,200,True,0xd6f5696C80b8cb2D4AAaFdaf8E7C266cf4af4538,COURT,175,VIDEO,2,READ,
w0,2025-12-19T15:11:33.124994Z,219.793,200,True,0x59A67A1183C69AAf8Fe3D746D569392b7d4A5035,ADJUSTER,152,VIDEO,2,READ,
w46,2025-12-19T15:11:33.125168Z,219.733,200,True,0x67A9BC3Fb3B4a392C223A8C644B48346b9Ca5128,COURT,631,MEDICAL_REPORT,5,READ,
w32,2025-12-19T15:11:33.125376Z,219.633,200,True,0x93787a823E3D4Ae295F5a91C0e87325E40B3aa3F,REGULATOR,127,VIDEO,2,READ,
w20,2025-12-19T15:11:33.125562Z,219.547,200,True,0xAF3C604AE7a9E247C368331a22270415269Ef10d,INSURER,923,OTHER,1,READ,
w6,2025-12-19T15:11:33.125745Z,219.461,200,True,0x14d0cb07D407E25F725b7f9854B98fEEEBb4942F,INSURER,619,FNOL,4,READ,
w47,2025-12-19T15:11:33.125934Z,219.366,200,True,0x065Fd3F8fcF30384f50eceBa324b1EF8411Fa759,COURT,335,IMAGE,2,READ,
w33,2025-12-19T15:11:33.126139Z,219.272,200,True,0x3E93709810FB754ab4D6A2487344dF504087996D,INSURER,206,VIDEO,2,READ,
w7,2025-12-19T15:11:33.126333Z,219.172,403,False,0x6B97e16D77504562cB9392834019252f4057F4D5,POLICE,929,OTHER,1,READ,
w48,2025-12-19T15:11:33.115675Z,229.927,200,True,0xE3De53E77787ac96c6f78B3eD0A6Acea23953342,POLICE,388,IMAGE,2,READ,
w34,2025-12-19T15:11:33.338396Z,187.232,200,True,0x48f8656e15a2FC22Ccd6cDe7c56db39C1B62E770,POLICE,254,IMAGE,2,READ,
w8,2025-12-19T15:11:33.338729Z,187.253,200,True,0x8216a92a44877D72a31FA6453e4583a6DCe25752,INSURER,643,MEDICAL_REPORT,5,READ,
w49,2025-12-19T15:11:33.339058Z,187.297,200,True,0xA75Af013B9CBdf4322e0c459A2fB8B708fbB8Ddc,POLICE,378,IMAGE,2,READ,
w35,2025-12-19T15:11:33.339224Z,187.306,200,True,0xd132a79Ca7Be8caaC9A27467EB9B65F7cBD6F50E,ADJUSTER,961,OTHER,1,READ,
w21,2025-12-19T15:11:33.339353Z,187.340,403,False,0x786da68d54Be22366903D370c34910372Db174c9,POLICE,599,MEDICAL_REPORT,5,READ,
w9,2025-12-19T15:11:33.339477Z,187.380,200,True,0x59760590b1fCF3C846635ae6432DE56ef26298B8,GARAGE,417,IMAGE,2,READ,
w36,2025-12-19T15:11:33.339604Z,187.381,200,True,0x28606132Fb05B11eee1fa6ACe3CB39F3EFFFdCCe,ADJUSTER,308,IMAGE,2,READ,
w22,2025-12-19T15:11:33.339718Z,187.573,200,True,0x07DA3024980d3B92Bcf6B8850A7C08F758B5F781,INSURER,999,OTHER,1,READ,
w10,2025-12-19T15:11:33.339841Z,187.619,200,True,0x68cBdE77b98e3AF3281dBC229ee66540Eac3f007,ADJUSTER,894,OTHER,1,READ,
w37,2025-12-19T15:11:33.340154Z,187.430,200,True,0xdBf006c9b4fEA25fFA98161abc660B4643109625,ADJUSTER,90,VIDEO,2,READ,
w23,2025-12-19T15:11:33.340288Z,187.425,200,True,0xE1C502975CC15E22bC10c8a6e352061ef61bBc2A,COURT,230,VIDEO,2,READ,
w11,2025-12-19T15:11:33.340400Z,187.466,200,True,0xD46492141A5F13412fa59e5F47Ce969c7954E752,INSURER,991,OTHER,1,READ,
w38,2025-12-19T15:11:33.340504Z,187.871,200,True,0x67A9BC3Fb3B4a392C223A8C644B48346b9Ca5128,COURT,654,FNOL,4,READ,
w24,2025-12-19T15:11:33.340619Z,187.936,200,True,0x3308795A526382DB26cF04047fE2bBd4F56E6CE7,COURT,837,TELEMATICS,3,READ,
w12,2025-12-19T15:11:33.340737Z,188.000,403,False,0x23aA93bc659A3e3D0da5434a4088578341D43278,GARAGE,565,MEDICAL_REPORT,5,READ,
w39,2025-12-19T15:11:33.341200Z,187.727,200,True,0x11F50254a88A6e26E6Bb5aAE8d74E52372B4270E,COURT,994,OTHER,1,READ,
w25,2025-12-19T15:11:33.341325Z,187.748,200,True,0x84FDd0E1F145C20f9451b1eB751c26e76B3232d4,POLICE,499,IMAGE,2,READ,
w13,2025-12-19T15:11:33.341448Z,187.817,200,True,0x7B678e542Dec17ab096b423D15262dcD9B8c11D8,POLICE,112,VIDEO,2,READ,
w40,2025-12-19T15:11:33.341580Z,188.002,200,True,0x0520cA4f9c2359a2d1cc1B072e4dA8A3587C2088,INSURER,889,OTHER,1,READ,
w26,2025-12-19T15:11:33.341688Z,188.143,200,True,0xC753D2a5211C57F7C2b4279053b11aEC435b41AB,REGULATOR,165,VIDEO,2,READ,
w14,2025-12-19T15:11:33.341799Z,188.261,200,True,0x4395153bc7Ac8ebD080b3C98FE634fcA40E5609F,COURT,139,VIDEO,2,READ,
w41,2025-12-19T15:11:33.341921Z,188.362,200,True,0x3E93709810FB754ab4D6A2487344dF504087996D,INSURER,701,TELEMATICS,3,READ,
w27,2025-12-19T15:11:33.342041Z,188.457,200,True,0xBdfeA99CC2B9e09E4A7e6C7B14808189488E3985,COURT,922,OTHER,1,READ,
w15,2025-12-19T15:11:33.342145Z,188.580,403,False,0x6B97e16D77504562cB9392834019252f4057F4D5,POLICE,802,TELEMATICS,3,READ,
w42,2025-12-19T15:11:33.342242Z,188.699,200,True,0xAB814b041AB343702D64556Fdb3a3C104daa0445,ADJUSTER,961,OTHER,1,READ,
w28,2025-12-19T15:11:33.342338Z,188.837,200,True,0xC753D2a5211C57F7C2b4279053b11aEC435b41AB,REGULATOR,641,MEDICAL_REPORT,5,READ,
w16,2025-12-19T15:11:33.342431Z,188.955,200,True,0x3db0bD968176A243AC81C5c8Cf02Cf429b04dD57,COURT,683,MEDICAL_REPORT,5,READ,
w2,2025-12-19T15:11:33.342535Z,189.054,200,True,0xD21eB53384cE472F3DE7527DC9A5820dA80bBB01,INSURER,199,VIDEO,2,READ,
w43,2025-12-19T15:11:33.342684Z,189.107,200,True,0x97910F1306b5414B4C61D9A719B6871f5c77662f,INSURER,101,VIDEO,2,READ,
w29,2025-12-19T15:11:33.342853Z,189.133,200,True,0x290FAd62Cb657cBfDA616da814529a670cdad059,POLICE,202,VIDEO,2,READ,
w17,2025-12-19T15:11:33.343023Z,189.170,200,True,0x419d3b699AA38c218f3D84f0a3129a6383634f17,ADJUSTER,820,TELEMATICS,3,READ,
w3,2025-12-19T15:11:33.343213Z,189.198,200,True,0x1EBe67547Da63652edcAE7c36347A6d05ef27c1C,POLICE,291,IMAGE,2,READ,
w1,2025-12-19T15:11:33.343390Z,189.223,200,True,0x67A9BC3Fb3B4a392C223A8C644B48346b9Ca5128,COURT,899,OTHER,1,READ,
w44,2025-12-19T15:11:33.343567Z,189.748,403,False,0x1F022FfD0700E02E8f01B8f05f539f8C7a0339bb,POLICE,503,MEDICAL_REPORT,5,READ,
w30,2025-12-19T15:11:33.343715Z,189.842,200,True,0x685A29EE8A06E458E58A29d721dFB677cdF8a600,INSURER,738,TELEMATICS,3,READ,
w18,2025-12-19T15:11:33.343843Z,189.935,200,True,0xB2241965995ed972D442D6A9461eF3583ecA95B6,INSURER,963,OTHER,1,READ,
w4,2025-12-19T15:11:33.344239Z,189.752,200,True,0x18BFB9A0Bf9293D0D3bf9F42bD6e7e7b300Dc391,COURT,575,FNOL,4,READ,
w45,2025-12-19T15:11:33.344366Z,189.825,200,True,0xB3e698A67fD5AEeB61b8bE389e7E917Bc2Ea032a,POLICE,40,VIDEO,2,READ,
w31,2025-12-19T15:11:33.344479Z,189.914,200,True,0xB2241965995ed972D442D6A9461eF3583ecA95B6,INSURER,528,MEDICAL_REPORT,5,READ,
w19,2025-12-19T15:11:33.344581Z,190.012,200,True,0xafA5Afd00Ec5464DAf96FCe2b09f4e4e157F4A67,POLICE,459,IMAGE,2,READ,
w5,2025-12-19T15:11:33.344678Z,190.110,200,True,0x28606132Fb05B11eee1fa6ACe3CB39F3EFFFdCCe,ADJUSTER,918,OTHER,1,READ,
w0,2025-12-19T15:11:33.344791Z,190.204,200,True,0xE1c2102345d7379f4bb3F114e908e9cC9154A335,POLICE,263,IMAGE,2,READ,
w46,2025-12-19T15:11:33.344906Z,190.301,403,False,0x98eAB44F56Ae1f00C301517F1B6fCDb7a452D64b,ADJUSTER,533,MEDICAL_REPORT,5,READ,
w32,2025-12-19T15:11:33.345013Z,190.386,200,True,0x014E540c98B93f6ce2a6F2D7FE66BeD9a19f7bEC,ADJUSTER,847,TELEMATICS,3,READ,
w20,2025-12-19T15:11:33.345113Z,190.476,200,True,0xCaa6A1a26D28f97DEDD4f555dEd43bC607f78384,INSURER,152,VIDEO,2,READ,
w6,2025-12-19T15:11:33.345210Z,190.587,200,True,0x3B4ab93e0901742BFfc8A18D301F36f820AD3bB9,ADJUSTER,800,TELEMATICS,3,READ,
w47,2025-12-19T15:11:33.345304Z,190.693,200,True,0xBC78986794f1658340222E011F7e1Cf375177F95,ADJUSTER,342,IMAGE,2,READ,
w33,2025-12-19T15:11:33.345414Z,190.783,200,True,0x85C720Ae65eF1706A0cf41695a93A34E189D5Ea0,INSURER,835,TELEMATICS,3,READ,
w7,2025-12-19T15:11:33.345509Z,190.884,200,True,0x044bef4Ff250cBBFE36FEfE3b859D78bA04c1223,INSURER,34,VIDEO,2,READ,
w48,2025-12-19T15:11:33.345606Z,190.978,403,False,0x2B5dEec5325fd9befC139A2071d830B25FAd52Ef,GARAGE,625,FNOL,4,READ,
w8,2025-12-19T15:11:33.525992Z,208.757,200,True,0x46Adf75988C45FBD67a07651b6f684943428c17C,INSURER,187,VIDEO,2,READ,
w49,2025-12-19T15:11:33.526363Z,208.742,200,True,0x9F6d6682cb1957F9585F9b8AC3469E4D767600D6,INSURER,103,VIDEO,2,READ,
w35,2025-12-19T15:11:33.526536Z,209.056,403,False,0xa96C0E04f38F8dC8842789660AA8C570bfCCFF50,GARAGE,652,MEDICAL_REPORT,5,READ,
w21,2025-12-19T15:11:33.526701Z,209.110,200,True,0x065Fd3F8fcF30384f50eceBa324b1EF8411Fa759,COURT,580,MEDICAL_REPORT,5,READ,
w9,2025-12-19T15:11:33.526863Z,209.106,200,True,0x59A67A1183C69AAf8Fe3D746D569392b7d4A5035,ADJUSTER,738,TELEMATICS,3,READ,
w36,2025-12-19T15:11:33.526989Z,209.140,200,True,0x67A9BC3Fb3B4a392C223A8C644B48346b9Ca5128,COURT,512,FNOL,4,READ,
w22,2025-12-19T15:11:33.527299Z,208.982,200,True,0x3308795A526382DB26cF04047fE2bBd4F56E6CE7,COURT,263,IMAGE,2,READ,
w10,2025-12-19T15:11:33.527465Z,208.948,200,True,0x02BD9B3b464b98EB353C8f83Eb3b4cB0627A52Ed,COURT,217,VIDEO,2,READ,
w37,2025-12-19T15:11:33.527589Z,208.971,200,True,0x4BA98aed0F31F1E56A9bc733FD86aB30e5b88D0E,GARAGE,257,IMAGE,2,READ,
w23,2025-12-19T15:11:33.527730Z,208.998,200,True,0x59A67A1183C69AAf8Fe3D746D569392b7d4A5035,ADJUSTER,264,IMAGE,2,READ,
w11,2025-12-19T15:11:33.527871Z,209.278,200,True,0xB8954C40b419Ae7332fF39Ce3d458ba1fed03941,REGULATOR,734,TELEMATICS,3,READ,
w38,2025-12-19T15:11:33.528382Z,208.915,403,False,0x4BC2c2b671822006a9D592cdd2Db24e8Da3C6adf,GARAGE,609,FNOL,4,READ,
w24,2025-12-19T15:11:33.528562Z,208.886,200,True,0x0Bc81E8481993A5F61D3011a142E1510de00ECae,GARAGE,262,IMAGE,2,READ,
w12,2025-12-19T15:11:33.528745Z,208.821,403,False,0x0Bc81E8481993A5F61D3011a142E1510de00ECae,GARAGE,806,TELEMATICS,3,READ,
w39,2025-12-19T15:11:33.528935Z,208.763,200,True,0x40fca3Fa04d657c9879B638C57A2a70683E3efED,REGULATOR,693,FNOL,4,READ,
w25,2025-12-19T15:11:33.529078Z,208.744,403,False,0x520F6Be8B20312c8CA4bB2773000A94923A4FaE5,POLICE,657,MEDICAL_REPORT,5,READ,
w13,2025-12-19T15:11:33.529280Z,208.672,200,True,0x14d0cb07D407E25F725b7f9854B98fEEEBb4942F,INSURER,921,OTHER,1,READ,
w40,2025-12-19T15:11:33.529590Z,208.467,200,True,0x0Bc81E8481993A5F61D3011a142E1510de00ECae,GARAGE,346,IMAGE,2,READ,
w26,2025-12-19T15:11:33.529839Z,208.325,200,True,0x415Ba7B0D983442D5407ABEF5Ebd8e9d2bB533B7,POLICE,426,IMAGE,2,READ,
w14,2025-12-19T15:11:33.530068Z,208.212,200,True,0x262C7B7B136C441fA055dA7F585a2Ab956c1123C,INSURER,156,VIDEO,2,READ,
w41,2025-12-19T15:11:33.530291Z,208.595,200,True,0x3d9c5458418bD082b010C0F93c3b8FBF9826E0Bf,INSURER,672,FNOL,4,READ,
w27,2025-12-19T15:11:33.530508Z,208.539,200,True,0xE4A8571e1F142Bd99866AA9464c49517B2ac0E01,ADJUSTER,952,OTHER,1,READ,
w15,2025-12-19T15:11:33.530733Z,208.431,200,True,0xcCC472e2d0eDA52066a80BCFb4577Dc9Fb7CD453,POLICE,340,IMAGE,2,READ,
w42,2025-12-19T15:11:33.530950Z,208.330,200,True,0xB2241965995ed972D442D6A9461eF3583ecA95B6,INSURER,291,IMAGE,2,READ,
w28,2025-12-19T15:11:33.531184Z,208.257,200,True,0x38C88185b74B534134345be38916483044075686,POLICE,64,VIDEO,2,READ,
w16,2025-12-19T15:11:33.531394Z,208.180,200,True,0x4395153bc7Ac8ebD080b3C98FE634fcA40E5609F,COURT,821,TELEMATICS,3,READ,
w2,2025-12-19T15:11:33.531598Z,208.098,200,True,0x89cb551204456FFCd8e595feE394120dD047b57A,INSURER,960,OTHER,1,READ,
w43,2025-12-19T15:11:33.531799Z,208.008,200,True,0xD21eB53384cE472F3DE7527DC9A5820dA80bBB01,INSURER,176,VIDEO,2,READ,
w29,2025-12-19T15:11:33.531993Z,207.934,200,True,0x3E93709810FB754ab4D6A2487344dF504087996D,INSURER,201,VIDEO,2,READ,
w17,2025-12-19T15:11:33.532202Z,207.827,200,True,0xFf85d9d86E5E1a3792266E2a5BB970C470C1e0c5,COURT,34,VIDEO,2,READ,
w3,2025-12-19T15:11:33.532419Z,207.717,403,False,0xEcbE69567Cf42475FbE6Ea4523541e58C4d22957,GARAGE,99,VIDEO,2,READ,
w1,2025-12-19T15:11:33.532622Z,207.635,200,True,0x3a74Fec63a615BC94b9A47bEa6340935Ab155117,ADJUSTER,960,OTHER,1,READ,
w44,2025-12-19T15:11:33.533325Z,207.047,200,True,0xBCb233Ef85EC11C88E20Ea53Bb47f454d116FBe3,ADJUSTER,319,IMAGE,2,READ,
w30,2025-12-19T15:11:33.533564Z,206.929,200,True,0x685A29EE8A06E458E58A29d721dFB677cdF8a600,INSURER,728,TELEMATICS,3,READ,
w18,2025-12-19T15:11:33.533788Z,206.825,200,True,0x620a52535BA00719f0747D42746525D807319996,ADJUSTER,455,IMAGE,2,READ,
w4,2025-12-19T15:11:33.533999Z,206.750,403,False,0x23aA93bc659A3e3D0da5434a4088578341D43278,GARAGE,714,TELEMATICS,3,READ,
w45,2025-12-19T15:11:33.534199Z,206.660,200,True,0xc0F601980c6FD898E06229024740eec17abbF5C2,INSURER,454,IMAGE,2,READ,
w31,2025-12-19T15:11:33.534402Z,206.570,403,False,0x7C8B230898f07628a4f24e2D0ffe62373593dCce,POLICE,511,MEDICAL_REPORT,5,READ,
w19,2025-12-19T15:11:33.534601Z,206.500,200,True,0xACaaedBfb07404f2aAf0ccd6503B1529C1A48764,ADJUSTER,349,IMAGE,2,READ,
w5,2025-12-19T15:11:33.534796Z,206.423,200,True,0xdBf006c9b4fEA25fFA98161abc660B4643109625,ADJUSTER,197,VIDEO,2,READ,
w0,2025-12-19T15:11:33.535014Z,206.314,200,True,0xDD3EceF8307a47a0307E4f44135C61Dd2C75c6d7,POLICE,217,VIDEO,2,READ,
w46,2025-12-19T15:11:33.535214Z,206.240,403,False,0x5173D7F8755FdF3d2f05C01D029A3Dc55EaC0476,POLICE,773,TELEMATICS,3,READ,
w32,2025-12-19T15:11:33.535407Z,206.185,200,True,0xD261b62ccB398d8100234C5fD641c6D67B10C62B,GARAGE,411,IMAGE,2,READ,
w20,2025-12-19T15:11:33.535597Z,206.110,403,False,0x5173D7F8755FdF3d2f05C01D029A3Dc55EaC0476,POLICE,832,TELEMATICS,3,READ,
w6,2025-12-19T15:11:33.535805Z,206.025,200,True,0xE385ea618340FfE0d7c7e9EB25048F1c1E437F33,INSURER,176,VIDEO,2,READ,
w47,2025-12-19T15:11:33.536005Z,205.952,403,False,0x26b179d013C696c433c0f316E594f7a7AcE77C79,GARAGE,807,TELEMATICS,3,READ,
w33,2025-12-19T15:11:33.536204Z,205.867,403,False,0x2B5dEec5325fd9befC139A2071d830B25FAd52Ef,GARAGE,618,MEDICAL_REPORT,5,READ,
w7,2025-12-19T15:11:33.536400Z,205.788,200,True,0x73c07A746181c5256aC8EB8006fFbCF2239bEcC5,COURT,926,OTHER,1,READ,
w48,2025-12-19T15:11:33.536592Z,205.719,403,False,0x01891323537Ca8c745Cd76182c9eB81519eaC821,GARAGE,180,VIDEO,2,READ,
w34,2025-12-19T15:11:33.525641Z,216.799,200,True,0x3308795A526382DB26cF04047fE2bBd4F56E6CE7,COURT,852,OTHER,1,READ,
w8,2025-12-19T15:11:33.734761Z,180.508,200,True,0x476ad4Ce50BbD6624855e3d1e12E6cC23654359A,INSURER,719,TELEMATICS,3,READ,
w49,2025-12-19T15:11:33.735116Z,180.498,200,True,0x59760590b1fCF3C846635ae6432DE56ef26298B8,GARAGE,265,IMAGE,2,READ,
w35,2025-12-19T15:11:33.735602Z,180.324,200,True,0x4f464925226709cf94C01633A1f468E106AD6413,INSURER,947,OTHER,1,READ,
w21,2025-12-19T15:11:33.735817Z,180.276,200,True,0x3495fF4A33D3b8aCCB512226B501122064b1e8fe,INSURER,198,VIDEO,2,READ,
w9,2025-12-19T15:11:33.735977Z,180.259,200,True,0x12DF904699208278b4355b568d47De4F2c9646fe,INSURER,776,TELEMATICS,3,READ,
w36,2025-12-19T15:11:33.736135Z,180.221,200,True,0x82B01EfD510Bee8680730EEf777526b020e2398B,INSURER,732,TELEMATICS,3,READ,
w22,2025-12-19T15:11:33.736286Z,180.195,403,False,0xEcbE69567Cf42475FbE6Ea4523541e58C4d22957,GARAGE,614,FNOL,4,READ,
w10,2025-12-19T15:11:33.736418Z,180.183,200,True,0x14d0cb07D407E25F725b7f9854B98fEEEBb4942F,INSURER,61,VIDEO,2,READ,
w37,2025-12-19T15:11:33.736566Z,180.533,200,True,0x46Adf75988C45FBD67a07651b6f684943428c17C,INSURER,767,TELEMATICS,3,READ,
w23,2025-12-19T15:11:33.736734Z,180.578,200,True,0xF09aBd729B48E734Ad684B93585E8D043D55c967,INSURER,155,VIDEO,2,READ,
w11,2025-12-19T15:11:33.737154Z,180.358,200,True,0x4f464925226709cf94C01633A1f468E106AD6413,INSURER,677,FNOL,4,READ,
w38,2025-12-19T15:11:33.737303Z,180.400,200,True,0xFf85d9d86E5E1a3792266E2a5BB970C470C1e0c5,COURT,443,IMAGE,2,READ,
w24,2025-12-19T15:11:33.737454Z,180.460,200,True,0x78b99D5D04232b9650d619DBa5F5600a9242A472,INSURER,78,VIDEO,2,READ,
w12,2025-12-19T15:11:33.737571Z,180.535,200,True,0x330f902fF463e2B611211Ccb44EF749E558Ba02a,INSURER,853,OTHER,1,READ,
w39,2025-12-19T15:11:33.737703Z,181.114,403,False,0xE3De53E77787ac96c6f78B3eD0A6Acea23953342,POLICE,928,OTHER,1,READ,
w25,2025-12-19T15:11:33.737828Z,181.212,403,False,0x4BA98aed0F31F1E56A9bc733FD86aB30e5b88D0E,GARAGE,788,TELEMATICS,3,READ,
w13,2025-12-19T15:11:33.737957Z,181.299,403,False,0x6B97e16D77504562cB9392834019252f4057F4D5,POLICE,534,FNOL,4,READ,
w40,2025-12-19T15:11:33.738061Z,181.406,200,True,0xE3De53E77787ac96c6f78B3eD0A6Acea23953342,POLICE,191,VIDEO,2,READ,
w26,2025-12-19T15:11:33.738170Z,181.479,200,True,0x0479AcE8E12E22b9751dF7542dd8f225c221EC34,ADJUSTER,995,OTHER,1,READ,
w14,2025-12-19T15:11:33.738285Z,181.523,200,True,0x2875Aa8C20c095495Ab5d6A1aBE2E2b07077dF55,INSURER,494,IMAGE,2,READ,
w41,2025-12-19T15:11:33.738894Z,181.070,200,True,0x14E81fB79823D062AFEEC4B80e0bCCBE578d057e,REGULATOR,36,VIDEO,2,READ,
w27,2025-12-19T15:11:33.739052Z,181.050,200,True,0x3B4ab93e0901742BFfc8A18D301F36f820AD3bB9,ADJUSTER,628,FNOL,4,READ,
w15,2025-12-19T15:11:33.739169Z,181.089,403,False,0x84FDd0E1F145C20f9451b1eB751c26e76B3232d4,POLICE,809,TELEMATICS,3,READ,
w42,2025-12-19T15:11:33.739286Z,181.105,200,True,0xBCb233Ef85EC11C88E20Ea53Bb47f454d116FBe3,ADJUSTER,297,IMAGE,2,READ,
w28,2025-12-19T15:11:33.739448Z,181.178,200,True,0x892Bc4E7F6D9a6aD507664d8A8EEB33b2544f3Ea,COURT,564,FNOL,4,READ,
w16,2025-12-19T15:11:33.739579Z,181.199,200,True,0xeD60C4758Fab078c38685EeEF9692D8Fa4F3dDB9,INSURER,455,IMAGE,2,READ,
w2,2025-12-19T15:11:33.739701Z,181.221,200,True,0xcA28195b12c3c8cB960d8423584ee9a8677BD158,POLICE,418,IMAGE,2,READ,
w43,2025-12-19T15:11:33.739810Z,181.275,403,False,0x3116De7d4519B71BA014e7EF3e874D3a98B64A91,POLICE,511,MEDICAL_REPORT,5,READ,
w29,2025-12-19T15:11:33.739932Z,181.353,200,True,0x18BFB9A0Bf9293D0D3bf9F42bD6e7e7b300Dc391,COURT,71,VIDEO,2,READ,
w17,2025-12-19T15:11:33.740033Z,181.458,200,True,0x2ee7F051BB940423f554ea44742f7c4c8C20Ea59,INSURER,422,IMAGE,2,READ,
w3,2025-12-19T15:11:33.740142Z,181.541,200,True,0x28606132Fb05B11eee1fa6ACe3CB39F3EFFFdCCe,ADJUSTER,798,TELEMATICS,3,READ,
w1,2025-12-19T15:11:33.740261Z,181.602,403,False,0xD3b3bd4ce4B597519FCE080Ce05805A99cC8C772,GARAGE,754,TELEMATICS,3,READ,
w44,2025-12-19T15:11:33.740375Z,181.665,200,True,0xFeC4882fEAf263ac0fD1b9B4271dD1852B413584,INSURER,803,TELEMATICS,3,READ,
w30,2025-12-19T15:11:33.740499Z,181.772,200,True,0xC753D2a5211C57F7C2b4279053b11aEC435b41AB,REGULATOR,908,OTHER,1,READ,
w18,2025-12-19T15:11:33.740618Z,181.809,200,True,0x3d4Bd094c1894ed38F3EcF0799bE66f83a4199ca,ADJUSTER,881,OTHER,1,READ,
w4,2025-12-19T15:11:33.740754Z,181.822,200,True,0xC66fE61Fe01B90e3C051c0ED40Dd41fC9347D018,REGULATOR,986,OTHER,1,READ,
w45,2025-12-19T15:11:33.740864Z,182.333,200,True,0x476ad4Ce50BbD6624855e3d1e12E6cC23654359A,INSURER,209,VIDEO,2,READ,
w31,2025-12-19T15:11:33.740976Z,182.500,200,True,0x18BFB9A0Bf9293D0D3bf9F42bD6e7e7b300Dc391,COURT,548,MEDICAL_REPORT,5,READ,
w19,2025-12-19T15:11:33.741107Z,182.618,200,True,0xB8954C40b419Ae7332fF39Ce3d458ba1fed03941,REGULATOR,490,IMAGE,2,READ,
w5,2025-12-19T15:11:33.741223Z,182.747,200,True,0x51a1E6D900E3e04c169Be84b2D5e5ccB2420B0EB,INSURER,114,VIDEO,2,READ,
w0,2025-12-19T15:11:33.741334Z,182.865,200,True,0x4395153bc7Ac8ebD080b3C98FE634fcA40E5609F,COURT,822,TELEMATICS,3,READ,
w46,2025-12-19T15:11:33.741460Z,182.971,403,False,0x2B5dEec5325fd9befC139A2071d830B25FAd52Ef,GARAGE,743,TELEMATICS,3,READ,
w32,2025-12-19T15:11:33.741597Z,183.088,200,True,0x14d0cb07D407E25F725b7f9854B98fEEEBb4942F,INSURER,754,TELEMATICS,3,READ,
w20,2025-12-19T15:11:33.741713Z,183.213,403,False,0x3D8B37E283940B186f3d817371AE9834E2836f7f,GARAGE,980,OTHER,1,READ,
w6,2025-12-19T15:11:33.741834Z,183.317,200,True,0x3418C54B33ca42d0dF096EaD255791c7B2E2f3d9,ADJUSTER,508,FNOL,4,READ,
w47,2025-12-19T15:11:33.741962Z,183.409,403,False,0xcCC472e2d0eDA52066a80BCFb4577Dc9Fb7CD453,POLICE,834,TELEMATICS,3,READ,
w33,2025-12-19T15:11:33.742075Z,183.514,200,True,0xC66fE61Fe01B90e3C051c0ED40Dd41fC9347D018,REGULATOR,524,FNOL,4,READ,
w7,2025-12-19T15:11:33.742193Z,183.615,200,True,0x27158a264fdA9698B85485706B47BBC87Fa6Db4b,ADJUSTER,545,FNOL,4,READ,
w48,2025-12-19T15:11:33.742316Z,183.710,200,True,0x467316319C6B5f391c5a6B3b0190d4209202fC25,ADJUSTER,636,FNOL,4,READ,
w34,2025-12-19T15:11:33.742445Z,183.828,200,True,0x8216a92a44877D72a31FA6453e4583a6DCe25752,INSURER,392,IMAGE,2,READ,
w49,2025-12-19T15:11:33.915624Z,222.497,200,True,0xd6f5696C80b8cb2D4AAaFdaf8E7C266cf4af4538,COURT,234,VIDEO,2,READ,
w35,2025-12-19T15:11:33.915933Z,222.519,200,True,0xD06Cc40e4D98aDc886d652F4253985B5c04282b9,REGULATOR,164,VIDEO,2,READ,
w21,2025-12-19T15:11:33.916099Z,222.694,403,False,0x4BC2c2b671822006a9D592cdd2Db24e8Da3C6adf,GARAGE,52,VIDEO,2,READ,
w9,2025-12-19T15:11:33.916241Z,222.729,403,False,0xCe3b338346378767324b87Cb888eC3F1d6d34940,POLICE,953,OTHER,1,READ,
w36,2025-12-19T15:11:33.916362Z,222.763,200,True,0x415Ba7B0D983442D5407ABEF5Ebd8e9d2bB533B7,POLICE,434,IMAGE,2,READ,
w22,2025-12-19T15:11:33.916486Z,222.774,200,True,0x7C8B230898f07628a4f24e2D0ffe62373593dCce,POLICE,400,IMAGE,2,READ,
w10,2025-12-19T15:11:33.916608Z,222.787,200,True,0x8Dd96368f7a8216813107Fe89688AcaafE8Cb76D,INSURER,806,TELEMATICS,3,READ,
w37,2025-12-19T15:11:33.917108Z,222.418,200,True,0xcE078954f123a07010672Fff05b36f5E43642106,INSURER,538,MEDICAL_REPORT,5,READ,
w23,2025-12-19T15:11:33.917320Z,222.365,200,True,0x630ba53C12B20a6EBd04Eb0819a24b1f8C554A01,INSURER,46,VIDEO,2,READ,
w11,2025-12-19T15:11:33.917522Z,222.528,200,True,0xEcbE69567Cf42475FbE6Ea4523541e58C4d22957,GARAGE,398,IMAGE,2,READ,
w38,2025-12-19T15:11:33.917712Z,222.480,200,True,0xcE078954f123a07010672Fff05b36f5E43642106,INSURER,587,FNOL,4,READ,
w24,2025-12-19T15:11:33.917921Z,222.406,200,True,0x59A67A1183C69AAf8Fe3D746D569392b7d4A5035,ADJUSTER,129,VIDEO,2,READ,
w12,2025-12-19T15:11:33.918113Z,222.335,200,True,0xC66fE61Fe01B90e3C051c0ED40Dd41fC9347D018,REGULATOR,679,MEDICAL_REPORT,5,READ,
w39,2025-12-19T15:11:33.918826Z,221.800,200,True,0xDA941366d7481DffDAd4458a22913423f40dA1eA,ADJUSTER,987,OTHER,1,READ,
w25,2025-12-19T15:11:33.919049Z,221.766,200,True,0xCaa6A1a26D28f97DEDD4f555dEd43bC607f78384,INSURER,276,IMAGE,2,READ,
w13,2025-12-19T15:11:33.919264Z,221.712,200,True,0xfd4Fc17438169bC1228EB21c2cb9b8DE1E97472a,INSURER,811,TELEMATICS,3,READ,
w40,2025-12-19T15:11:33.919476Z,222.054,403,False,0x3D8B37E283940B186f3d817371AE9834E2836f7f,GARAGE,681,MEDICAL_REPORT,5,READ,
w26,2025-12-19T15:11:33.919655Z,222.038,403,False,0xD0Ce1d9D5A9c7E4F03d499A265d3014Ae5da7644,ADJUSTER,541,MEDICAL_REPORT,5,READ,
w14,2025-12-19T15:11:33.919816Z,222.015,200,True,0x520F6Be8B20312c8CA4bB2773000A94923A4FaE5,POLICE,221,VIDEO,2,READ,
w41,2025-12-19T15:11:33.919970Z,221.980,200,True,0x330f902fF463e2B611211Ccb44EF749E558Ba02a,INSURER,533,MEDICAL_REPORT,5,READ,
w27,2025-12-19T15:11:33.920109Z,221.951,200,True,0x02BD9B3b464b98EB353C8f83Eb3b4cB0627A52Ed,COURT,793,TELEMATICS,3,READ,
w15,2025-12-19T15:11:33.920264Z,221.901,200,True,0xF88a95Dd8B84AF76941627AA419BEFc507d88125,ADJUSTER,902,OTHER,1,READ,
w42,2025-12-19T15:11:33.920398Z,221.871,200,True,0x6c2d9F1aEdB2C485CABAF82412f88d5303Fd7B73,GARAGE,289,IMAGE,2,READ,
w28,2025-12-19T15:11:33.920632Z,221.741,403,False,0x469Bf06C8a44e5E2Bb2752C29B92d88DCA076B8a,POLICE,650,MEDICAL_REPORT,5,READ,
w16,2025-12-19T15:11:33.920784Z,221.711,200,True,0x97910F1306b5414B4C61D9A719B6871f5c77662f,INSURER,97,VIDEO,2,READ,
w2,2025-12-19T15:11:33.920927Z,221.697,200,True,0x27158a264fdA9698B85485706B47BBC87Fa6Db4b,ADJUSTER,885,OTHER,1,READ,
w43,2025-12-19T15:11:33.921093Z,221.641,200,True,0xB3e698A67fD5AEeB61b8bE389e7E917Bc2Ea032a,POLICE,215,VIDEO,2,READ,
w29,2025-12-19T15:11:33.921295Z,221.540,200,True,0x5e3B546a11dc657CdFa106cd26E2211ee451c0d7,INSURER,350,IMAGE,2,READ,
w17,2025-12-19T15:11:33.921499Z,221.440,200,True,0xE4A8571e1F142Bd99866AA9464c49517B2ac0E01,ADJUSTER,835,TELEMATICS,3,READ,
w3,2025-12-19T15:11:33.921691Z,221.348,200,True,0x33F5a90B9400A21046089Aaf44319BA889B0B9ed,INSURER,713,TELEMATICS,3,READ,
w1,2025-12-19T15:11:33.921871Z,221.276,200,True,0x73E42dF14ff21e7994A37802a292F71830CDA5aF,INSURER,225,VIDEO,2,READ,
w44,2025-12-19T15:11:33.922047Z,221.223,200,True,0xf5d0314845FCf19022a28FeD6650e58CFc01f243,INSURER,627,MEDICAL_REPORT,5,READ,
w30,2025-12-19T15:11:33.922279Z,221.101,403,False,0xDD3EceF8307a47a0307E4f44135C61Dd2C75c6d7,POLICE,633,MEDICAL_REPORT,5,READ,
w18,2025-12-19T15:11:33.922433Z,221.055,200,True,0x0520cA4f9c2359a2d1cc1B072e4dA8A3587C2088,INSURER,430,IMAGE,2,READ,
w4,2025-12-19T15:11:33.922583Z,221.047,200,True,0xFf85d9d86E5E1a3792266E2a5BB970C470C1e0c5,COURT,577,FNOL,4,READ,
w45,2025-12-19T15:11:33.923208Z,220.549,403,False,0x3D8B37E283940B186f3d817371AE9834E2836f7f,GARAGE,674,MEDICAL_REPORT,5,READ,
w31,2025-12-19T15:11:33.923486Z,220.384,200,True,0x262C7B7B136C441fA055dA7F585a2Ab956c1123C,INSURER,214,VIDEO,2,READ,
w19,2025-12-19T15:11:33.923739Z,220.266,403,False,0x6B97e16D77504562cB9392834019252f4057F4D5,POLICE,814,TELEMATICS,3,READ,
w5,2025-12-19T15:11:33.923978Z,220.139,200,True,0xe9b50040eeAA45F16fd24222f4a97482737f6C8A,ADJUSTER,101,VIDEO,2,READ,
w0,2025-12-19T15:11:33.924209Z,220.009,403,False,0x996644d2075D6c96FEB649879534dFAb933903f6,GARAGE,647,MEDICAL_REPORT,5,READ,
w46,2025-12-19T15:11:33.924440Z,219.908,200,True,0x044bef4Ff250cBBFE36FEfE3b859D78bA04c1223,INSURER,992,OTHER,1,READ,
w32,2025-12-19T15:11:33.924694Z,219.850,200,True,0xD0Ce1d9D5A9c7E4F03d499A265d3014Ae5da7644,ADJUSTER,620,FNOL,4,READ,
w20,2025-12-19T15:11:33.924935Z,219.753,200,True,0x0AbFb230511189A840157bF7FcA43b1b69338dC6,POLICE,374,IMAGE,2,READ,
w6,2025-12-19T15:11:33.925159Z,219.859,200,True,0xeaD317253F31780B00e0Ef360b1ade2Fb83c2b3E,INSURER,361,IMAGE,2,READ,
w47,2025-12-19T15:11:33.925379Z,219.766,200,True,0x82B01EfD510Bee8680730EEf777526b020e2398B,INSURER,332,IMAGE,2,READ,
w33,2025-12-19T15:11:33.925597Z,219.659,200,True,0xBdfeA99CC2B9e09E4A7e6C7B14808189488E3985,COURT,407,IMAGE,2,READ,
w7,2025-12-19T15:11:33.925816Z,219.553,403,False,0xEcbE69567Cf42475FbE6Ea4523541e58C4d22957,GARAGE,634,FNOL,4,READ,
w48,2025-12-19T15:11:33.926035Z,219.450,200,True,0xC29Fbef10EC6e6A787036cEA0C9024ce9F435d97,INSURER,233,VIDEO,2,READ,
w34,2025-12-19T15:11:33.926282Z,219.317,200,True,0x4f464925226709cf94C01633A1f468E106AD6413,INSURER,936,OTHER,1,READ,
w8,2025-12-19T15:11:33.915282Z,230.436,403,False,0x090F26617cAab81C15934159343Ff688fAf23820,POLICE,643,MEDICAL_REPORT,5,READ,
w49,2025-12-19T15:11:34.138132Z,188.771,200,True,0x065Fd3F8fcF30384f50eceBa324b1EF8411Fa759,COURT,250,VIDEO,2,READ,
w35,2025-12-19T15:11:34.138462Z,188.548,200,True,0xD06Cc40e4D98aDc886d652F4253985B5c04282b9,REGULATOR,394,IMAGE,2,READ,
w21,2025-12-19T15:11:34.138800Z,188.321,200,True,0xeaD317253F31780B00e0Ef360b1ade2Fb83c2b3E,INSURER,718,TELEMATICS,3,READ,
w9,2025-12-19T15:11:34.138978Z,188.181,403,False,0x5C63EFf960008F7F9783957f07533386097149ce,POLICE,577,FNOL,4,READ,
w36,2025-12-19T15:11:34.139130Z,188.072,403,False,0x57e02f30Dd15545B3A9eC4841D0D58Ee1D829414,GARAGE,232,VIDEO,2,READ,
w22,2025-12-19T15:11:34.139265Z,188.070,200,True,0xeD60C4758Fab078c38685EeEF9692D8Fa4F3dDB9,INSURER,202,VIDEO,2,READ,
w10,2025-12-19T15:11:34.139401Z,187.973,403,False,0x28365792Da71bc8AcAD11a4393049d006EF2E972,GARAGE,515,MEDICAL_REPORT,5,READ,
w37,2025-12-19T15:11:34.139532Z,187.873,200,True,0x4828419eA02B1D4399E039f8E5F346f37f19fA13,INSURER,7,VIDEO,2,READ,
w23,2025-12-19T15:11:34.139691Z,187.807,200,True,0xd86Fa5B280bf58C28aaE39fB535e0e965F0E285B,INSURER,520,MEDICAL_REPORT,5,READ,
w11,2025-12-19T15:11:34.140055Z,187.474,200,True,0x98eAB44F56Ae1f00C301517F1B6fCDb7a452D64b,ADJUSTER,675,FNOL,4,READ,
w38,2025-12-19T15:11:34.140197Z,187.360,200,True,0x40fca3Fa04d657c9879B638C57A2a70683E3efED,REGULATOR,776,TELEMATICS,3,READ,
w24,2025-12-19T15:11:34.140332Z,187.334,200,True,0x4f464925226709cf94C01633A1f468E106AD6413,INSURER,796,TELEMATICS,3,READ,
w12,2025-12-19T15:11:34.140454Z,187.252,200,True,0x3D8B37E283940B186f3d817371AE9834E2836f7f,GARAGE,308,IMAGE,2,READ,
w39,2025-12-19T15:11:34.140633Z,187.106,200,True,0x51A2465dc26f17e37524f93494A8409715ACc9c2,INSURER,307,IMAGE,2,READ,
w25,2025-12-19T15:11:34.140822Z,187.012,200,True,0x58f181cd636a8F0a8335240Efc4979212ff45341,INSURER,747,TELEMATICS,3,READ,
w13,2025-12-19T15:11:34.140981Z,186.886,200,True,0x27158a264fdA9698B85485706B47BBC87Fa6Db4b,ADJUSTER,728,TELEMATICS,3,READ,
w40,2025-12-19T15:11:34.141536Z,186.405,200,True,0xB3e698A67fD5AEeB61b8bE389e7E917Bc2Ea032a,POLICE,173,VIDEO,2,READ,
w26,2025-12-19T15:11:34.141698Z,186.271,200,True,0x685A29EE8A06E458E58A29d721dFB677cdF8a600,INSURER,976,OTHER,1,READ,
w14,2025-12-19T15:11:34.141836Z,186.199,403,False,0x57e02f30Dd15545B3A9eC4841D0D58Ee1D829414,GARAGE,248,VIDEO,2,READ,
w41,2025-12-19T15:11:34.141955Z,186.113,200,True,0xf5d0314845FCf19022a28FeD6650e58CFc01f243,INSURER,459,IMAGE,2,READ,
w27,2025-12-19T15:11:34.142064Z,186.072,200,True,0xF80B0672A4f16BDe21fA2DF31482dA0fC606A43f,ADJUSTER,977,OTHER,1,READ,
w15,2025-12-19T15:11:34.142170Z,185.994,200,True,0x7B678e542Dec17ab096b423D15262dcD9B8c11D8,POLICE,75,VIDEO,2,READ,
w42,2025-12-19T15:11:34.142274Z,185.975,200,True,0x4BC2c2b671822006a9D592cdd2Db24e8Da3C6adf,GARAGE,460,IMAGE,2,READ,
w28,2025-12-19T15:11:34.142378Z,185.904,200,True,0x8Dd96368f7a8216813107Fe89688AcaafE8Cb76D,INSURER,624,MEDICAL_REPORT,5,READ,
w16,2025-12-19T15:11:34.142501Z,185.871,200,True,0xDD3EceF8307a47a0307E4f44135C61Dd2C75c6d7,POLICE,309,IMAGE,2,READ,
w2,2025-12-19T15:11:34.142629Z,185.777,200,True,0x7B678e542Dec17ab096b423D15262dcD9B8c11D8,POLICE,257,IMAGE,2,READ,
w43,2025-12-19T15:11:34.142738Z,185.785,200,True,0x58f181cd636a8F0a8335240Efc4979212ff45341,INSURER,422,IMAGE,2,READ,
w29,2025-12-19T15:11:34.142839Z,185.713,200,True,0xdBf006c9b4fEA25fFA98161abc660B4643109625,ADJUSTER,517,FNOL,4,READ,
w17,2025-12-19T15:11:34.142945Z,185.634,200,True,0x28606132Fb05B11eee1fa6ACe3CB39F3EFFFdCCe,ADJUSTER,474,IMAGE,2,READ,
w3,2025-12-19T15:11:34.143043Z,185.635,403,False,0x57e02f30Dd15545B3A9eC4841D0D58Ee1D829414,GARAGE,855,OTHER,1,READ,
w1,2025-12-19T15:11:34.143152Z,185.553,200,True,0x51A2465dc26f17e37524f93494A8409715ACc9c2,INSURER,909,OTHER,1,READ,
w44,2025-12-19T15:11:34.143274Z,185.460,200,True,0x9F6d6682cb1957F9585F9b8AC3469E4D767600D6,INSURER,395,IMAGE,2,READ,
w30,2025-12-19T15:11:34.143386Z,185.381,200,True,0x0520cA4f9c2359a2d1cc1B072e4dA8A3587C2088,INSURER,82,VIDEO,2,READ,
w18,2025-12-19T15:11:34.143494Z,185.366,200,True,0x7C8B230898f07628a4f24e2D0ffe62373593dCce,POLICE,487,IMAGE,2,READ,
w4,2025-12-19T15:11:34.143635Z,185.255,200,True,0xD46492141A5F13412fa59e5F47Ce969c7954E752,INSURER,940,OTHER,1,READ,
w45,2025-12-19T15:11:34.143762Z,185.161,200,True,0x419d3b699AA38c218f3D84f0a3129a6383634f17,ADJUSTER,43,VIDEO,2,READ,
w31,2025-12-19T15:11:34.143875Z,185.169,403,False,0x38C88185b74B534134345be38916483044075686,POLICE,886,OTHER,1,READ,
w19,2025-12-19T15:11:34.144011Z,185.064,200,True,0x81daFDe6F70ee2Fb93671DC220cC29F8205ACB57,INSURER,468,IMAGE,2,READ,
w5,2025-12-19T15:11:34.144122Z,184.980,200,True,0x5cA86E3342DEA0C1a26C49f1a4fA40DeEeAFf8a8,INSURER,588,MEDICAL_REPORT,5,READ,
w0,2025-12-19T15:11:34.144223Z,184.907,403,False,0x4BA98aed0F31F1E56A9bc733FD86aB30e5b88D0E,GARAGE,516,FNOL,4,READ,
w46,2025-12-19T15:11:34.144354Z,185.035,200,True,0x5C63EFf960008F7F9783957f07533386097149ce,POLICE,15,VIDEO,2,READ,
w32,2025-12-19T15:11:34.144550Z,184.883,200,True,0x6B97e16D77504562cB9392834019252f4057F4D5,POLICE,59,VIDEO,2,READ,
w20,2025-12-19T15:11:34.144694Z,184.777,200,True,0xC29Fbef10EC6e6A787036cEA0C9024ce9F435d97,INSURER,906,OTHER,1,READ,
w6,2025-12-19T15:11:34.145024Z,184.484,200,True,0x05d1ef5b43268c6a5BD456A953029092795045d9,INSURER,764,TELEMATICS,3,READ,
w47,2025-12-19T15:11:34.145150Z,184.557,200,True,0x262C7B7B136C441fA055dA7F585a2Ab956c1123C,INSURER,853,OTHER,1,READ,
w33,2025-12-19T15:11:34.145260Z,184.506,200,True,0xBdfeA99CC2B9e09E4A7e6C7B14808189488E3985,COURT,608,FNOL,4,READ,
w7,2025-12-19T15:11:34.145374Z,184.495,403,False,0x38C88185b74B534134345be38916483044075686,POLICE,919,OTHER,1,READ,
w48,2025-12-19T15:11:34.145489Z,184.509,200,True,0x73E42dF14ff21e7994A37802a292F71830CDA5aF,INSURER,404,IMAGE,2,READ,
w34,2025-12-19T15:11:34.145604Z,184.435,200,True,0xC23BB727D3Ae6bD9cd90AC52ee26359F19176de3,INSURER,177,VIDEO,2,READ,
w8,2025-12-19T15:11:34.145723Z,184.567,200,True,0x0Bc81E8481993A5F61D3011a142E1510de00ECae,GARAGE,369,IMAGE,2,READ,
