worker,start_time_iso,latency_ms,status,allowed,subject_address,subject_role,resource_id,resource_type,resource_sensitivity,action,error
w2,2025-12-19T15:11:16.139652Z,179.366,200,True,0xa96C0E04f38F8dC8842789660AA8C570bfCCFF50,GARAGE,473,IMAGE,2,READ,
w6,2025-12-19T15:11:16.139817Z,179.591,200,True,0x3d68C58ebB81123d1Ac10655857193A1cDee90CE,INSURER,986,OTHER,1,READ,
w3,2025-12-19T15:11:16.139706Z,179.926,200,True,0x4f464925226709cf94C01633A1f468E106AD6413,INSURER,965,OTHER,1,READ,
w1,2025-12-19T15:11:16.139524Z,180.801,200,True,0x14d0cb07D407E25F725b7f9854B98fEEEBb4942F,INSURER,96,VIDEO,2,READ,
w7,2025-12-19T15:11:16.140014Z,180.803,200,True,0x51a1E6D900E3e04c169Be84b2D5e5ccB2420B0EB,INSURER,843,TELEMATICS,3,READ,
w4,2025-12-19T15:11:16.139745Z,181.410,200,True,0x466ec685AE894BAc153c11350FC488cAAa2C062E,INSURER,478,IMAGE,2,READ,
w8,2025-12-19T15:11:16.140068Z,181.288,200,True,0x6032b722b48DC8717A2C437485f2D3d264BD803B,ADJUSTER,358,IMAGE,2,READ,
w5,2025-12-19T15:11:16.139782Z,181.959,200,True,0x456F6DbE8aF9e05a1918B64f0Bd0690809b23E6B,INSURER,355,IMAGE,2,READ,
w0,2025-12-19T15:11:16.137327Z,184.828,200,True,0x1F022FfD0700E02E8f01B8f05f539f8C7a0339bb,POLICE,216,VIDEO,2,READ,
w9,2025-12-19T15:11:16.140108Z,182.410,403,False,0x28365792Da71bc8AcAD11a4393049d006EF2E972,GARAGE,141,VIDEO,2,READ,
w2,2025-12-19T15:11:16.319036Z,138.712,200,True,0x811FdDFb3340F34AB2b91C97AcB5FAeB6405847E,REGULATOR,364,IMAGE,2,READ,
w6,2025-12-19T15:11:16.319418Z,138.755,403,False,0xCe3b338346378767324b87Cb888eC3F1d6d34940,POLICE,846,TELEMATICS,3,READ,
w3,2025-12-19T15:11:16.319639Z,138.941,200,True,0x466ec685AE894BAc153c11350FC488cAAa2C062E,INSURER,693,FNOL,4,READ,
w1,2025-12-19T15:11:16.320343Z,138.439,403,False,0x48f8656e15a2FC22Ccd6cDe7c56db39C1B62E770,POLICE,552,MEDICAL_REPORT,5,READ,
w7,2025-12-19T15:11:16.320832Z,138.144,200,True,0x3d4Bd094c1894ed38F3EcF0799bE66f83a4199ca,ADJUSTER,233,VIDEO,2,READ,
w4,2025-12-19T15:11:16.321161Z,138.017,200,True,0x0172115667882E73749128243A943873087c09D3,INSURER,597,FNOL,4,READ,
w8,2025-12-19T15:11:16.321368Z,138.196,200,True,0x14d0cb07D407E25F725b7f9854B98fEEEBb4942F,INSURER,748,TELEMATICS,3,READ,
w5,2025-12-19T15:11:16.321756Z,138.028,200,True,0x2875Aa8C20c095495Ab5d6A1aBE2E2b07077dF55,INSURER,992,OTHER,1,READ,
w0,2025-12-19T15:11:16.322171Z,137.837,200,True,0x685A29EE8A06E458E58A29d721dFB677cdF8a600,INSURER,210,VIDEO,2,READ,
w9,2025-12-19T15:11:16.322532Z,137.695,200,True,0x07DA3024980d3B92Bcf6B8850A7C08F758B5F781,INSURER,47,VIDEO,2,READ,
w6,2025-12-19T15:11:16.458184Z,133.304,200,True,0xdBf006c9b4fEA25fFA98161abc660B4643109625,ADJUSTER,168,VIDEO,2,READ,
w3,2025-12-19T15:11:16.458590Z,133.202,200,True,0x044bef4Ff250cBBFE36FEfE3b859D78bA04c1223,INSURER,889,OTHER,1,READ,
w1,2025-12-19T15:11:16.458791Z,133.366,200,True,0x0172115667882E73749128243A943873087c09D3,INSURER,967,OTHER,1,READ,
w7,2025-12-19T15:11:16.458984Z,133.397,200,True,0x73E42dF14ff21e7994A37802a292F71830CDA5aF,INSURER,857,OTHER,1,READ,
w4,2025-12-19T15:11:16.459185Z,133.403,200,True,0xD6e58dE85e171C0D6BB42Cf4a85fBa7C55ce5618,INSURER,255,IMAGE,2,READ,
w8,2025-12-19T15:11:16.459573Z,133.208,200,True,0xE1c2102345d7379f4bb3F114e908e9cC9154A335,POLICE,486,IMAGE,2,READ,
w5,2025-12-19T15:11:16.459804Z,133.322,200,True,0xFeC4882fEAf263ac0fD1b9B4271dD1852B413584,INSURER,888,OTHER,1,READ,
w0,2025-12-19T15:11:16.460017Z,133.315,200,True,0xC29Fbef10EC6e6A787036cEA0C9024ce9F435d97,INSURER,387,IMAGE,2,READ,
w9,2025-12-19T15:11:16.460233Z,133.307,200,True,0xd963E5e27CB9872abc2Fbed9107c373Aa59583a4,INSURER,144,VIDEO,2,READ,
w2,2025-12-19T15:11:16.457762Z,135.979,200,True,0x58e8E907e02C35e581Ed3a4e98906344861E7265,INSURER,510,MEDICAL_REPORT,5,READ,
w6,2025-12-19T15:11:16.591500Z,132.791,200,True,0x84FDd0E1F145C20f9451b1eB751c26e76B3232d4,POLICE,106,VIDEO,2,READ,
w3,2025-12-19T15:11:16.591800Z,132.845,200,True,0x2875Aa8C20c095495Ab5d6A1aBE2E2b07077dF55,INSURER,804,TELEMATICS,3,READ,
w1,2025-12-19T15:11:16.592166Z,132.786,200,True,0x415Ba7B0D983442D5407ABEF5Ebd8e9d2bB533B7,POLICE,256,IMAGE,2,READ,
w7,2025-12-19T15:11:16.592389Z,132.741,200,True,0x85C720Ae65eF1706A0cf41695a93A34E189D5Ea0,INSURER,121,VIDEO,2,READ,
w4,2025-12-19T15:11:16.592595Z,132.685,200,True,0x456F6DbE8aF9e05a1918B64f0Bd0690809b23E6B,INSURER,466,IMAGE,2,READ,
w8,2025-12-19T15:11:16.592788Z,132.677,200,True,0xBdfeA99CC2B9e09E4A7e6C7B14808189488E3985,COURT,868,OTHER,1,READ,
w5,2025-12-19T15:11:16.593133Z,132.458,200,True,0xcCC472e2d0eDA52066a80BCFb4577Dc9Fb7CD453,POLICE,390,IMAGE,2,READ,
w0,2025-12-19T15:11:16.593341Z,132.381,200,True,0xeaD317253F31780B00e0Ef360b1ade2Fb83c2b3E,INSURER,561,MEDICAL_REPORT,5,READ,
w9,2025-12-19T15:11:16.593549Z,132.301,200,True,0xeD60C4758Fab078c38685EeEF9692D8Fa4F3dDB9,INSURER,993,OTHER,1,READ,
w2,2025-12-19T15:11:16.593749Z,132.292,403,False,0x28365792Da71bc8AcAD11a4393049d006EF2E972,GARAGE,210,VIDEO,2,READ,
w3,2025-12-19T15:11:16.724656Z,135.569,200,True,0x58f181cd636a8F0a8335240Efc4979212ff45341,INSURER,175,VIDEO,2,READ,
w1,2025-12-19T15:11:16.724958Z,135.564,200,True,0x27158a264fdA9698B85485706B47BBC87Fa6Db4b,ADJUSTER,223,VIDEO,2,READ,
w7,2025-12-19T15:11:16.725136Z,135.669,200,True,0xB2241965995ed972D442D6A9461eF3583ecA95B6,INSURER,784,TELEMATICS,3,READ,
w4,2025-12-19T15:11:16.725286Z,135.681,200,True,0xd6f5696C80b8cb2D4AAaFdaf8E7C266cf4af4538,COURT,928,OTHER,1,READ,
w8,2025-12-19T15:11:16.725471Z,135.625,200,True,0x3495fF4A33D3b8aCCB512226B501122064b1e8fe,INSURER,395,IMAGE,2,READ,
w5,2025-12-19T15:11:16.725596Z,135.609,200,True,0x4395153bc7Ac8ebD080b3C98FE634fcA40E5609F,COURT,901,OTHER,1,READ,
w0,2025-12-19T15:11:16.725728Z,135.700,200,True,0x1cf47318cada656180563507BDd94262cAA29a4a,INSURER,211,VIDEO,2,READ,
w9,2025-12-19T15:11:16.725855Z,135.690,200,True,0x8216a92a44877D72a31FA6453e4583a6DCe25752,INSURER,298,IMAGE,2,READ,
w2,2025-12-19T15:11:16.726046Z,135.626,200,True,0xa814b4D02E07Daa3235ffc1E4752eCF8f6C2D8d8,ADJUSTER,313,IMAGE,2,READ,
w6,2025-12-19T15:11:16.724303Z,137.481,200,True,0x5CdF84465a68A1A9CEfe264b98c0701879D78982,INSURER,838,TELEMATICS,3,READ,
w3,2025-12-19T15:11:16.860238Z,128.854,200,True,0xf9314f31cc38103bC7607a176a804e5C1Ecbf511,INSURER,770,TELEMATICS,3,READ,
w1,2025-12-19T15:11:16.860532Z,128.916,200,True,0xF96D07BDd0404b21a6B987cF6C21b9A5E3045f5F,INSURER,826,TELEMATICS,3,READ,
w7,2025-12-19T15:11:16.860811Z,128.956,200,True,0xCdb11D137710f0a5234b9D3c040668B6D48e59d4,COURT,942,OTHER,1,READ,
w4,2025-12-19T15:11:16.860973Z,128.978,200,True,0x58e8E907e02C35e581Ed3a4e98906344861E7265,INSURER,529,MEDICAL_REPORT,5,READ,
w8,2025-12-19T15:11:16.861100Z,129.041,200,True,0x50Ed54bf40D96Fda59d7F83abE5551535d7938ac,COURT,594,FNOL,4,READ,
w5,2025-12-19T15:11:16.861210Z,129.099,200,True,0x044bef4Ff250cBBFE36FEfE3b859D78bA04c1223,INSURER,990,OTHER,1,READ,
w0,2025-12-19T15:11:16.861433Z,128.986,200,True,0x808936f08CCC0a9C3953Cd3716006fB99825CBa4,COURT,677,FNOL,4,READ,
w9,2025-12-19T15:11:16.861551Z,128.994,200,True,0x46Adf75988C45FBD67a07651b6f684943428c17C,INSURER,108,VIDEO,2,READ,
w2,2025-12-19T15:11:16.861677Z,129.003,200,True,0x630ba53C12B20a6EBd04Eb0819a24b1f8C554A01,INSURER,450,IMAGE,2,READ,
w6,2025-12-19T15:11:16.861789Z,129.057,200,True,0xcE078954f123a07010672Fff05b36f5E43642106,INSURER,553,MEDICAL_REPORT,5,READ,
w1,2025-12-19T15:11:16.989457Z,150.332,403,False,0xD3b3bd4ce4B597519FCE080Ce05805A99cC8C772,GARAGE,213,VIDEO,2,READ,
w7,2025-12-19T15:11:16.989775Z,150.416,200,True,0x28606132Fb05B11eee1fa6ACe3CB39F3EFFFdCCe,ADJUSTER,238,VIDEO,2,READ,
w4,2025-12-19T15:11:16.989957Z,150.474,200,True,0xD1ce8183cCf94d1494c99DFC523Af7Bd51494E8d,INSURER,942,OTHER,1,READ,
w8,2025-12-19T15:11:16.990149Z,150.481,200,True,0xC66fE61Fe01B90e3C051c0ED40Dd41fC9347D018,REGULATOR,864,OTHER,1,READ,
w5,2025-12-19T15:11:16.990313Z,150.474,403,False,0xD3b3bd4ce4B597519FCE080Ce05805A99cC8C772,GARAGE,175,VIDEO,2,READ,
w0,2025-12-19T15:11:16.990424Z,150.576,403,False,0xa96C0E04f38F8dC8842789660AA8C570bfCCFF50,GARAGE,949,OTHER,1,READ,
w9,2025-12-19T15:11:16.990549Z,150.745,403,False,0x84FDd0E1F145C20f9451b1eB751c26e76B3232d4,POLICE,647,MEDICAL_REPORT,5,READ,
w2,2025-12-19T15:11:16.990686Z,150.795,403,False,0x26b179d013C696c433c0f316E594f7a7AcE77C79,GARAGE,627,MEDICAL_REPORT,5,READ,
w6,2025-12-19T15:11:16.990852Z,150.779,200,True,0xACaaedBfb07404f2aAf0ccd6503B1529C1A48764,ADJUSTER,951,OTHER,1,READ,
w3,2025-12-19T15:11:16.989105Z,152.667,200,True,0xB8954C40b419Ae7332fF39Ce3d458ba1fed03941,REGULATOR,561,MEDICAL_REPORT,5,READ,
w1,2025-12-19T15:11:17.139801Z,109.831,200,True,0x1EBe67547Da63652edcAE7c36347A6d05ef27c1C,POLICE,211,VIDEO,2,READ,
w7,2025-12-19T15:11:17.140202Z,109.893,200,True,0x84FDd0E1F145C20f9451b1eB751c26e76B3232d4,POLICE,191,VIDEO,2,READ,
w4,2025-12-19T15:11:17.140439Z,110.147,200,True,0xcE078954f123a07010672Fff05b36f5E43642106,INSURER,937,OTHER,1,READ,
w8,2025-12-19T15:11:17.140638Z,110.401,200,True,0xF09aBd729B48E734Ad684B93585E8D043D55c967,INSURER,39,VIDEO,2,READ,
w5,2025-12-19T15:11:17.140793Z,110.503,200,True,0xAB814b041AB343702D64556Fdb3a3C104daa0445,ADJUSTER,884,OTHER,1,READ,
w0,2025-12-19T15:11:17.141008Z,110.536,403,False,0x0Bc81E8481993A5F61D3011a142E1510de00ECae,GARAGE,235,VIDEO,2,READ,
w9,2025-12-19T15:11:17.141302Z,110.456,403,False,0xC586D6C2dc89b791ae2AA6ae054c2629891275e1,POLICE,773,TELEMATICS,3,READ,
w2,2025-12-19T15:11:17.141486Z,110.491,200,True,0x7B46635cB6cA958f34ae933b93884a5f19b258D7,INSURER,479,IMAGE,2,READ,
w6,2025-12-19T15:11:17.141637Z,110.536,200,True,0xD0Ce1d9D5A9c7E4F03d499A265d3014Ae5da7644,ADJUSTER,357,IMAGE,2,READ,
w3,2025-12-19T15:11:17.141778Z,110.577,200,True,0x5e3B546a11dc657CdFa106cd26E2211ee451c0d7,INSURER,34,VIDEO,2,READ,
w7,2025-12-19T15:11:17.250110Z,112.399,200,True,0xAA49CCe569366189355225212a2EA06B8172Fa22,ADJUSTER,448,IMAGE,2,READ,
w4,2025-12-19T15:11:17.250597Z,112.251,200,True,0x808936f08CCC0a9C3953Cd3716006fB99825CBa4,COURT,148,VIDEO,2,READ,
w8,2025-12-19T15:11:17.251051Z,112.201,403,False,0xcA28195b12c3c8cB960d8423584ee9a8677BD158,POLICE,815,TELEMATICS,3,READ,
w5,2025-12-19T15:11:17.251305Z,112.126,403,False,0x57e02f30Dd15545B3A9eC4841D0D58Ee1D829414,GARAGE,88,VIDEO,2,READ,
w0,2025-12-19T15:11:17.251552Z,112.025,200,True,0xC5f6e3512D3B1133da1f88159fDf63dC9f2d43FB,ADJUSTER,356,IMAGE,2,READ,
w9,2025-12-19T15:11:17.251770Z,111.943,200,True,0x73E42dF14ff21e7994A37802a292F71830CDA5aF,INSURER,553,MEDICAL_REPORT,5,READ,
w2,2025-12-19T15:11:17.251985Z,111.847,200,True,0xDA941366d7481DffDAd4458a22913423f40dA1eA,ADJUSTER,468,IMAGE,2,READ,
w6,2025-12-19T15:11:17.252181Z,111.766,200,True,0x2B5dEec5325fd9befC139A2071d830B25FAd52Ef,GARAGE,306,IMAGE,2,READ,
w3,2025-12-19T15:11:17.252362Z,111.702,200,True,0x3E93709810FB754ab4D6A2487344dF504087996D,INSURER,893,OTHER,1,READ,
w1,2025-12-19T15:11:17.249648Z,114.577,403,False,0x090F26617cAab81C15934159343Ff688fAf23820,POLICE,919,OTHER,1,READ,
w7,2025-12-19T15:11:17.362520Z,131.452,200,True,0x46Adf75988C45FBD67a07651b6f684943428c17C,INSURER,708,TELEMATICS,3,READ,
w4,2025-12-19T15:11:17.362859Z,131.444,200,True,0x8FA3c986B63dEd44ce62D4aC5b3b0F49FF447700,COURT,791,TELEMATICS,3,READ,
w8,2025-12-19T15:11:17.363261Z,131.372,403,False,0xCF5E79F0E2BFC3eb5fe4aB0975E9F0eEc50b54E3,GARAGE,575,FNOL,4,READ,
w5,2025-12-19T15:11:17.363437Z,131.361,200,True,0x78b99D5D04232b9650d619DBa5F5600a9242A472,INSURER,265,IMAGE,2,READ,
w0,2025-12-19T15:11:17.363582Z,131.349,200,True,0x786da68d54Be22366903D370c34910372Db174c9,POLICE,42,VIDEO,2,READ,
w9,2025-12-19T15:11:17.363719Z,131.334,200,True,0xC66fE61Fe01B90e3C051c0ED40Dd41fC9347D018,REGULATOR,709,TELEMATICS,3,READ,
w2,2025-12-19T15:11:17.363837Z,131.343,200,True,0x3418C54B33ca42d0dF096EaD255791c7B2E2f3d9,ADJUSTER,803,TELEMATICS,3,READ,
w6,2025-12-19T15:11:17.363952Z,131.334,403,False,0x23aA93bc659A3e3D0da5434a4088578341D43278,GARAGE,632,MEDICAL_REPORT,5,READ,
w3,2025-12-19T15:11:17.364069Z,131.334,200,True,0x0479AcE8E12E22b9751dF7542dd8f225c221EC34,ADJUSTER,178,VIDEO,2,READ,
w1,2025-12-19T15:11:17.364231Z,131.370,403,False,0xa96C0E04f38F8dC8842789660AA8C570bfCCFF50,GARAGE,760,TELEMATICS,3,READ,
w7,2025-12-19T15:11:17.493984Z,116.822,200,True,0x182C98818C6b29Ff23d7d1d9766e1B1dEB1aBAeB,INSURER,93,VIDEO,2,READ,
w4,2025-12-19T15:11:17.494312Z,117.282,200,True,0x598405697b464FEbA8C76367b7C75C59D8BE2eCF,COURT,751,TELEMATICS,3,READ,
w8,2025-12-19T15:11:17.494642Z,117.815,200,True,0xAB814b041AB343702D64556Fdb3a3C104daa0445,ADJUSTER,757,TELEMATICS,3,READ,
w5,2025-12-19T15:11:17.494804Z,118.116,403,False,0xF80B0672A4f16BDe21fA2DF31482dA0fC606A43f,ADJUSTER,555,MEDICAL_REPORT,5,READ,
w0,2025-12-19T15:11:17.494937Z,118.464,200,True,0x89cb551204456FFCd8e595feE394120dD047b57A,INSURER,793,TELEMATICS,3,READ,
w9,2025-12-19T15:11:17.495059Z,118.830,200,True,0x044bef4Ff250cBBFE36FEfE3b859D78bA04c1223,INSURER,968,OTHER,1,READ,
w2,2025-12-19T15:11:17.495185Z,119.254,200,True,0x5CdF84465a68A1A9CEfe264b98c0701879D78982,INSURER,689,FNOL,4,READ,
w6,2025-12-19T15:11:17.495291Z,119.690,200,True,0xeaD317253F31780B00e0Ef360b1ade2Fb83c2b3E,INSURER,179,VIDEO,2,READ,
w3,2025-12-19T15:11:17.495408Z,120.366,200,True,0x4828419eA02B1D4399E039f8E5F346f37f19fA13,INSURER,816,TELEMATICS,3,READ,
w1,2025-12-19T15:11:17.495606Z,120.671,200,True,0x3E93709810FB754ab4D6A2487344dF504087996D,INSURER,332,IMAGE,2,READ,
w4,2025-12-19T15:11:17.611620Z,149.918,200,True,0x4828419eA02B1D4399E039f8E5F346f37f19fA13,INSURER,781,TELEMATICS,3,READ,
w8,2025-12-19T15:11:17.612475Z,149.374,403,False,0xDA941366d7481DffDAd4458a22913423f40dA1eA,ADJUSTER,502,MEDICAL_REPORT,5,READ,
w5,2025-12-19T15:11:17.612938Z,149.241,403,False,0x69254de41949D1A246C5c1A168e5e8473D2d50f0,ADJUSTER,635,MEDICAL_REPORT,5,READ,
w0,2025-12-19T15:11:17.613419Z,149.039,200,True,0x40fca3Fa04d657c9879B638C57A2a70683E3efED,REGULATOR,499,IMAGE,2,READ,
w9,2025-12-19T15:11:17.613907Z,148.803,200,True,0x97910F1306b5414B4C61D9A719B6871f5c77662f,INSURER,210,VIDEO,2,READ,
w2,2025-12-19T15:11:17.614458Z,148.482,200,True,0x3db0bD968176A243AC81C5c8Cf02Cf429b04dD57,COURT,100,VIDEO,2,READ,
w6,2025-12-19T15:11:17.615000Z,148.240,403,False,0x290FAd62Cb657cBfDA616da814529a670cdad059,POLICE,632,MEDICAL_REPORT,5,READ,
w3,2025-12-19T15:11:17.615795Z,147.812,403,False,0xcA28195b12c3c8cB960d8423584ee9a8677BD158,POLICE,999,OTHER,1,READ,
w1,2025-12-19T15:11:17.616295Z,147.662,200,True,0xD46492141A5F13412fa59e5F47Ce969c7954E752,INSURER,285,IMAGE,2,READ,
w7,2025-12-19T15:11:17.610818Z,153.575,403,False,0x0AbFb230511189A840157bF7FcA43b1b69338dC6,POLICE,537,FNOL,4,READ,
w4,2025-12-19T15:11:17.761549Z,115.342,200,True,0xcCC472e2d0eDA52066a80BCFb4577Dc9Fb7CD453,POLICE,202,VIDEO,2,READ,
w8,2025-12-19T15:11:17.761858Z,115.350,200,True,0x1EBe67547Da63652edcAE7c36347A6d05ef27c1C,POLICE,427,IMAGE,2,READ,
w5,2025-12-19T15:11:17.762187Z,115.412,200,True,0x58e8E907e02C35e581Ed3a4e98906344861E7265,INSURER,382,IMAGE,2,READ,
w0,2025-12-19T15:11:17.762468Z,115.315,403,False,0x01891323537Ca8c745Cd76182c9eB81519eaC821,GARAGE,129,VIDEO,2,READ,
w9,2025-12-19T15:11:17.762718Z,115.218,403,False,0x59760590b1fCF3C846635ae6432DE56ef26298B8,GARAGE,933,OTHER,1,READ,
w2,2025-12-19T15:11:17.762960Z,115.099,403,False,0x955f7F1386d8d5FB12bc50876B418e4D206D9530,GARAGE,239,VIDEO,2,READ,
w6,2025-12-19T15:11:17.763254Z,114.919,200,True,0x3495fF4A33D3b8aCCB512226B501122064b1e8fe,INSURER,869,OTHER,1,READ,
w3,2025-12-19T15:11:17.763621Z,114.761,403,False,0x5C63EFf960008F7F9783957f07533386097149ce,POLICE,923,OTHER,1,READ,
w1,2025-12-19T15:11:17.763970Z,114.564,200,True,0x7B46635cB6cA958f34ae933b93884a5f19b258D7,INSURER,679,MEDICAL_REPORT,5,READ,
w7,2025-12-19T15:11:17.764408Z,114.270,200,True,0x567dccd668D18B4ACd8A2795151edB162Bc34767,ADJUSTER,214,VIDEO,2,READ,
w8,2025-12-19T15:11:17.877218Z,150.167,200,True,0x85C720Ae65eF1706A0cf41695a93A34E189D5Ea0,INSURER,552,MEDICAL_REPORT,5,READ,
w5,2025-12-19T15:11:17.877608Z,150.106,200,True,0x73E42dF14ff21e7994A37802a292F71830CDA5aF,INSURER,603,FNOL,4,READ,
w0,2025-12-19T15:11:17.877790Z,150.298,200,True,0xD1ce8183cCf94d1494c99DFC523Af7Bd51494E8d,INSURER,240,VIDEO,2,READ,
w9,2025-12-19T15:11:17.877941Z,150.475,200,True,0xd963E5e27CB9872abc2Fbed9107c373Aa59583a4,INSURER,999,OTHER,1,READ,
w2,2025-12-19T15:11:17.878065Z,150.660,403,False,0xD0Ce1d9D5A9c7E4F03d499A265d3014Ae5da7644,ADJUSTER,656,MEDICAL_REPORT,5,READ,
w6,2025-12-19T15:11:17.878178Z,150.761,403,False,0xDd45386232533D2C209976e678A91A2263676ECB,GARAGE,523,FNOL,4,READ,
w3,2025-12-19T15:11:17.878389Z,150.840,403,False,0x1F98dd762361D7256a816f8086AE6FfB657fa5bC,POLICE,570,FNOL,4,READ,
w1,2025-12-19T15:11:17.878541Z,150.884,403,False,0xa814b4D02E07Daa3235ffc1E4752eCF8f6C2D8d8,ADJUSTER,696,MEDICAL_REPORT,5,READ,
w7,2025-12-19T15:11:17.878683Z,150.918,200,True,0xD32B24Ff4D28e42239EcCd5cbdb456a1565DC083,ADJUSTER,89,VIDEO,2,READ,
w4,2025-12-19T15:11:17.876902Z,153.011,200,True,0xD46492141A5F13412fa59e5F47Ce969c7954E752,INSURER,804,TELEMATICS,3,READ,
w8,2025-12-19T15:11:18.027395Z,136.934,200,True,0x5ee06906aF52aEd2c884D505d3a0A7CA7513188D,INSURER,61,VIDEO,2,READ,
w5,2025-12-19T15:11:18.027723Z,137.084,403,False,0xC586D6C2dc89b791ae2AA6ae054c2629891275e1,POLICE,809,TELEMATICS,3,READ,
w0,2025-12-19T15:11:18.028103Z,136.981,200,True,0x78273aa663aa16C08590efF5582bb4C9DD30Bb95,INSURER,158,VIDEO,2,READ,
w9,2025-12-19T15:11:18.028430Z,136.962,200,True,0x40fca3Fa04d657c9879B638C57A2a70683E3efED,REGULATOR,94,VIDEO,2,READ,
w2,2025-12-19T15:11:18.028732Z,136.863,200,True,0x05d1ef5b43268c6a5BD456A953029092795045d9,INSURER,216,VIDEO,2,READ,
w6,2025-12-19T15:11:18.028951Z,137.084,200,True,0x59A67A1183C69AAf8Fe3D746D569392b7d4A5035,ADJUSTER,151,VIDEO,2,READ,
w3,2025-12-19T15:11:18.029241Z,137.024,200,True,0xfd4Fc17438169bC1228EB21c2cb9b8DE1E97472a,INSURER,659,MEDICAL_REPORT,5,READ,
w1,2025-12-19T15:11:18.029432Z,137.004,200,True,0x5CdF84465a68A1A9CEfe264b98c0701879D78982,INSURER,442,IMAGE,2,READ,
w7,2025-12-19T15:11:18.029608Z,136.968,200,True,0x50Ed54bf40D96Fda59d7F83abE5551535d7938ac,COURT,915,OTHER,1,READ,
w4,2025-12-19T15:11:18.029943Z,136.757,200,True,0xC6Ffd174B730f05f52aF93e216103D6C7464cc96,INSURER,362,IMAGE,2,READ,
w5,2025-12-19T15:11:18.164820Z,161.894,200,True,0x33F5a90B9400A21046089Aaf44319BA889B0B9ed,INSURER,442,IMAGE,2,READ,
w0,2025-12-19T15:11:18.165092Z,161.925,200,True,0xB2241965995ed972D442D6A9461eF3583ecA95B6,INSURER,137,VIDEO,2,READ,
w9,2025-12-19T15:11:18.165402Z,161.944,200,True,0xCC05C551476CDbEfAd79Ed75427937b892aaFE9C,ADJUSTER,584,FNOL,4,READ,
w2,2025-12-19T15:11:18.165604Z,161.952,200,True,0x89cb551204456FFCd8e595feE394120dD047b57A,INSURER,468,IMAGE,2,READ,
w6,2025-12-19T15:11:18.166045Z,161.667,200,True,0xE3De53E77787ac96c6f78B3eD0A6Acea23953342,POLICE,7,VIDEO,2,READ,
w3,2025-12-19T15:11:18.166273Z,161.732,200,True,0xD756c57480Ea623123AB3a5ad4445875E3309Ac6,INSURER,122,VIDEO,2,READ,
w1,2025-12-19T15:11:18.166441Z,161.911,200,True,0x0172115667882E73749128243A943873087c09D3,INSURER,107,VIDEO,2,READ,
w7,2025-12-19T15:11:18.166583Z,162.005,200,True,0xF09aBd729B48E734Ad684B93585E8D043D55c967,INSURER,990,OTHER,1,READ,
w4,2025-12-19T15:11:18.166705Z,162.078,200,True,0xE1c2102345d7379f4bb3F114e908e9cC9154A335,POLICE,290,IMAGE,2,READ,
w8,2025-12-19T15:11:18.164345Z,164.561,200,True,0x11652BF4c5D394F3a46E96f2bE659939a0f6a6ed,INSURER,161,VIDEO,2,READ,
w5,2025-12-19T15:11:18.326726Z,125.612,200,True,0x42dC03c90d7652B937d26628a86f9317bbf521dc,INSURER,501,FNOL,4,READ,
w0,2025-12-19T15:11:18.327025Z,125.710,403,False,0xCF5E79F0E2BFC3eb5fe4aB0975E9F0eEc50b54E3,GARAGE,872,OTHER,1,READ,
w9,2025-12-19T15:11:18.327354Z,125.750,200,True,0x476ad4Ce50BbD6624855e3d1e12E6cC23654359A,INSURER,294,IMAGE,2,READ,
w2,2025-12-19T15:11:18.327565Z,125.732,200,True,0x1Ab5D0f68133DA5E100635Bdf5030650cA2bE691,ADJUSTER,73,VIDEO,2,READ,
w6,2025-12-19T15:11:18.327801Z,125.659,200,True,0x02BD9B3b464b98EB353C8f83Eb3b4cB0627A52Ed,COURT,184,VIDEO,2,READ,
w3,2025-12-19T15:11:18.328016Z,125.608,403,False,0xDD3EceF8307a47a0307E4f44135C61Dd2C75c6d7,POLICE,518,MEDICAL_REPORT,5,READ,
w1,2025-12-19T15:11:18.328363Z,125.538,200,True,0x199baf9971453910adbCD45ae05Dc8f9B68fcB1f,INSURER,1,VIDEO,2,READ,
w7,2025-12-19T15:11:18.328597Z,125.469,200,True,0x12DF904699208278b4355b568d47De4F2c9646fe,INSURER,779,TELEMATICS,3,READ,
w4,2025-12-19T15:11:18.328789Z,125.450,200,True,0xf9314f31cc38103bC7607a176a804e5C1Ecbf511,INSURER,894,OTHER,1,READ,
w8,2025-12-19T15:11:18.328912Z,125.485,200,True,0xafA5Afd00Ec5464DAf96FCe2b09f4e4e157F4A67,POLICE,345,IMAGE,2,READ,
w0,2025-12-19T15:11:18.452746Z,157.963,200,True,0x3d68C58ebB81123d1Ac10655857193A1cDee90CE,INSURER,541,MEDICAL_REPORT,5,READ,
w9,2025-12-19T15:11:18.453112Z,158.015,200,True,0x3A995E7B23E0Fe0f9a5537f57AA80BACa529eFC4,INSURER,815,TELEMATICS,3,READ,
w2,2025-12-19T15:11:18.453305Z,158.236,200,True,0xD06Cc40e4D98aDc886d652F4253985B5c04282b9,REGULATOR,178,VIDEO,2,READ,
w6,2025-12-19T15:11:18.453465Z,158.309,200,True,0xC66fE61Fe01B90e3C051c0ED40Dd41fC9347D018,REGULATOR,179,VIDEO,2,READ,
w3,2025-12-19T15:11:18.453631Z,158.355,200,True,0xCe3b338346378767324b87Cb888eC3F1d6d34940,POLICE,226,VIDEO,2,READ,
w1,2025-12-19T15:11:18.453908Z,158.322,200,True,0x2ee7F051BB940423f554ea44742f7c4c8C20Ea59,INSURER,549,FNOL,4,READ,
w7,2025-12-19T15:11:18.454072Z,158.500,200,True,0x05d1ef5b43268c6a5BD456A953029092795045d9,INSURER,554,MEDICAL_REPORT,5,READ,
w4,2025-12-19T15:11:18.454246Z,158.535,200,True,0x5e3B546a11dc657CdFa106cd26E2211ee451c0d7,INSURER,241,VIDEO,2,READ,
w8,2025-12-19T15:11:18.454403Z,158.579,200,True,0x044bef4Ff250cBBFE36FEfE3b859D78bA04c1223,INSURER,109,VIDEO,2,READ,
w5,2025-12-19T15:11:18.452353Z,160.805,200,True,0x18BFB9A0Bf9293D0D3bf9F42bD6e7e7b300Dc391,COURT,483,IMAGE,2,READ,
w0,2025-12-19T15:11:18.610723Z,126.197,200,True,0xfd4Fc17438169bC1228EB21c2cb9b8DE1E97472a,INSURER,442,IMAGE,2,READ,
w9,2025-12-19T15:11:18.611138Z,126.142,200,True,0x1cf47318cada656180563507BDd94262cAA29a4a,INSURER,636,FNOL,4,READ,
w2,2025-12-19T15:11:18.611552Z,126.025,403,False,0x48f8656e15a2FC22Ccd6cDe7c56db39C1B62E770,POLICE,825,TELEMATICS,3,READ,
w6,2025-12-19T15:11:18.611784Z,125.936,200,True,0x8Dd96368f7a8216813107Fe89688AcaafE8Cb76D,INSURER,158,VIDEO,2,READ,
w3,2025-12-19T15:11:18.611994Z,125.892,200,True,0x4f464925226709cf94C01633A1f468E106AD6413,INSURER,524,FNOL,4,READ,
w1,2025-12-19T15:11:18.612239Z,125.831,403,False,0xEcbE69567Cf42475FbE6Ea4523541e58C4d22957,GARAGE,164,VIDEO,2,READ,
w7,2025-12-19T15:11:18.612581Z,125.639,200,True,0x58e8E907e02C35e581Ed3a4e98906344861E7265,INSURER,843,TELEMATICS,3,READ,
w4,2025-12-19T15:11:18.612789Z,125.821,200,True,0xCC05C551476CDbEfAd79Ed75427937b892aaFE9C,ADJUSTER,176,VIDEO,2,READ,
w8,2025-12-19T15:11:18.612989Z,125.856,200,True,0x933be1Be0aF68b62934fE96ADB1AB2Ee1C47B4F0,INSURER,687,FNOL,4,READ,
w5,2025-12-19T15:11:18.613164Z,125.852,200,True,0x8FA3c986B63dEd44ce62D4aC5b3b0F49FF447700,COURT,768,TELEMATICS,3,READ,
w0,2025-12-19T15:11:18.736933Z,142.857,200,True,0xd86Fa5B280bf58C28aaE39fB535e0e965F0E285B,INSURER,892,OTHER,1,READ,
w9,2025-12-19T15:11:18.737287Z,143.152,403,False,0xC586D6C2dc89b791ae2AA6ae054c2629891275e1,POLICE,604,FNOL,4,READ,
w6,2025-12-19T15:11:18.737725Z,143.039,200,True,0x4f464925226709cf94C01633A1f468E106AD6413,INSURER,933,OTHER,1,READ,
w3,2025-12-19T15:11:18.737894Z,143.133,200,True,0x5e3B546a11dc657CdFa106cd26E2211ee451c0d7,INSURER,815,TELEMATICS,3,READ,
w1,2025-12-19T15:11:18.738077Z,143.161,200,True,0xBeBf134906e0FCcd85b0D99a4626a7B8584e742c,ADJUSTER,140,VIDEO,2,READ,
w7,2025-12-19T15:11:18.738227Z,143.334,200,True,0xc0F601980c6FD898E06229024740eec17abbF5C2,INSURER,285,IMAGE,2,READ,
w4,2025-12-19T15:11:18.738620Z,143.270,403,False,0x014E540c98B93f6ce2a6F2D7FE66BeD9a19f7bEC,ADJUSTER,600,MEDICAL_REPORT,5,READ,
w8,2025-12-19T15:11:18.738853Z,143.217,200,True,0x57e02f30Dd15545B3A9eC4841D0D58Ee1D829414,GARAGE,487,IMAGE,2,READ,
w5,2025-12-19T15:11:18.739020Z,143.233,200,True,0x7B46635cB6cA958f34ae933b93884a5f19b258D7,INSURER,426,IMAGE,2,READ,
w2,2025-12-19T15:11:18.737584Z,144.847,403,False,0xCe3b338346378767324b87Cb888eC3F1d6d34940,POLICE,885,OTHER,1,READ,
w0,2025-12-19T15:11:18.879807Z,127.716,200,True,0xB2241965995ed972D442D6A9461eF3583ecA95B6,INSURER,843,TELEMATICS,3,READ,
w9,2025-12-19T15:11:18.880452Z,127.425,200,True,0x6032b722b48DC8717A2C437485f2D3d264BD803B,ADJUSTER,263,IMAGE,2,READ,
w6,2025-12-19T15:11:18.880774Z,127.422,200,True,0x42dC03c90d7652B937d26628a86f9317bbf521dc,INSURER,131,VIDEO,2,READ,
w3,2025-12-19T15:11:18.881035Z,127.333,200,True,0x014E540c98B93f6ce2a6F2D7FE66BeD9a19f7bEC,ADJUSTER,175,VIDEO,2,READ,
w1,2025-12-19T15:11:18.881247Z,127.249,200,True,0x11F50254a88A6e26E6Bb5aAE8d74E52372B4270E,COURT,395,IMAGE,2,READ,
w7,2025-12-19T15:11:18.881571Z,127.066,200,True,0x05d1ef5b43268c6a5BD456A953029092795045d9,INSURER,72,VIDEO,2,READ,
w4,2025-12-19T15:11:18.881897Z,126.878,200,True,0x73c07A746181c5256aC8EB8006fFbCF2239bEcC5,COURT,497,IMAGE,2,READ,
w8,2025-12-19T15:11:18.882078Z,126.828,200,True,0x3d9c5458418bD082b010C0F93c3b8FBF9826E0Bf,INSURER,475,IMAGE,2,READ,
w5,2025-12-19T15:11:18.882261Z,126.801,403,False,0x786da68d54Be22366903D370c34910372Db174c9,POLICE,790,TELEMATICS,3,READ,
w2,2025-12-19T15:11:18.882438Z,126.772,200,True,0x467316319C6B5f391c5a6B3b0190d4209202fC25,ADJUSTER,216,VIDEO,2,READ,
w9,2025-12-19T15:11:19.007887Z,148.637,200,True,0xD46492141A5F13412fa59e5F47Ce969c7954E752,INSURER,42,VIDEO,2,READ,
w6,2025-12-19T15:11:19.008204Z,148.727,200,True,0x1cf47318cada656180563507BDd94262cAA29a4a,INSURER,760,TELEMATICS,3,READ,
w3,2025-12-19T15:11:19.008374Z,148.782,200,True,0x6032b722b48DC8717A2C437485f2D3d264BD803B,ADJUSTER,270,IMAGE,2,READ,
w1,2025-12-19T15:11:19.008501Z,148.840,403,False,0xAB814b041AB343702D64556Fdb3a3C104daa0445,ADJUSTER,581,MEDICAL_REPORT,5,READ,
w7,2025-12-19T15:11:19.008643Z,148.868,403,False,0x3d4Bd094c1894ed38F3EcF0799bE66f83a4199ca,ADJUSTER,588,MEDICAL_REPORT,5,READ,
w4,2025-12-19T15:11:19.008780Z,148.893,200,True,0xD32B24Ff4D28e42239EcCd5cbdb456a1565DC083,ADJUSTER,71,VIDEO,2,READ,
w8,2025-12-19T15:11:19.008912Z,149.003,200,True,0xf9314f31cc38103bC7607a176a804e5C1Ecbf511,INSURER,305,IMAGE,2,READ,
w5,2025-12-19T15:11:19.009067Z,149.037,200,True,0x9F6d6682cb1957F9585F9b8AC3469E4D767600D6,INSURER,704,TELEMATICS,3,READ,
w2,2025-12-19T15:11:19.009218Z,149.158,200,True,0xfd4Fc17438169bC1228EB21c2cb9b8DE1E97472a,INSURER,374,IMAGE,2,READ,
w0,2025-12-19T15:11:19.007537Z,151.013,200,True,0x4f464925226709cf94C01633A1f468E106AD6413,INSURER,182,VIDEO,2,READ,
w9,2025-12-19T15:11:19.156536Z,117.840,200,True,0xd132a79Ca7Be8caaC9A27467EB9B65F7cBD6F50E,ADJUSTER,130,VIDEO,2,READ,
w6,2025-12-19T15:11:19.156941Z,117.782,403,False,0x955f7F1386d8d5FB12bc50876B418e4D206D9530,GARAGE,962,OTHER,1,READ,
w3,2025-12-19T15:11:19.157165Z,117.867,200,True,0x98eAB44F56Ae1f00C301517F1B6fCDb7a452D64b,ADJUSTER,990,OTHER,1,READ,
w1,2025-12-19T15:11:19.157349Z,117.859,200,True,0x567dccd668D18B4ACd8A2795151edB162Bc34767,ADJUSTER,720,TELEMATICS,3,READ,
w7,2025-12-19T15:11:19.157518Z,117.834,200,True,0x1cf47318cada656180563507BDd94262cAA29a4a,INSURER,484,IMAGE,2,READ,
w4,2025-12-19T15:11:19.157680Z,117.800,200,True,0x28606132Fb05B11eee1fa6ACe3CB39F3EFFFdCCe,ADJUSTER,713,TELEMATICS,3,READ,
w8,2025-12-19T15:11:19.157922Z,117.666,200,True,0xeaD317253F31780B00e0Ef360b1ade2Fb83c2b3E,INSURER,317,IMAGE,2,READ,
w5,2025-12-19T15:11:19.158111Z,117.594,200,True,0x8Dd96368f7a8216813107Fe89688AcaafE8Cb76D,INSURER,473,IMAGE,2,READ,
w2,2025-12-19T15:11:19.158387Z,117.456,403,False,0xA75Af013B9CBdf4322e0c459A2fB8B708fbB8Ddc,POLICE,555,MEDICAL_REPORT,5,READ,
w0,2025-12-19T15:11:19.158558Z,117.564,200,True,0x262C7B7B136C441fA055dA7F585a2Ab956c1123C,INSURER,239,VIDEO,2,READ,
w6,2025-12-19T15:11:19.274733Z,164.304,200,True,0xFeC4882fEAf263ac0fD1b9B4271dD1852B413584,INSURER,86,VIDEO,2,READ,
w3,2025-12-19T15:11:19.275039Z,164.450,200,True,0x42dC03c90d7652B937d26628a86f9317bbf521dc,INSURER,952,OTHER,1,READ,
w1,2025-12-19T15:11:19.275213Z,164.656,200,True,0x8FA3c986B63dEd44ce62D4aC5b3b0F49FF447700,COURT,164,VIDEO,2,READ,
w7,2025-12-19T15:11:19.275358Z,164.747,200,True,0xD46492141A5F13412fa59e5F47Ce969c7954E752,INSURER,883,OTHER,1,READ,
w4,2025-12-19T15:11:19.275485Z,164.977,200,True,0x5e3B546a11dc657CdFa106cd26E2211ee451c0d7,INSURER,969,OTHER,1,READ,
w8,2025-12-19T15:11:19.275593Z,165.088,200,True,0x82B01EfD510Bee8680730EEf777526b020e2398B,INSURER,115,VIDEO,2,READ,
w5,2025-12-19T15:11:19.275711Z,165.242,200,True,0x6B97e16D77504562cB9392834019252f4057F4D5,POLICE,21,VIDEO,2,READ,
w2,2025-12-19T15:11:19.275850Z,165.506,200,True,0x5ee06906aF52aEd2c884D505d3a0A7CA7513188D,INSURER,12,VIDEO,2,READ,
w0,2025-12-19T15:11:19.276130Z,165.516,200,True,0x467316319C6B5f391c5a6B3b0190d4209202fC25,ADJUSTER,780,TELEMATICS,3,READ,
w9,2025-12-19T15:11:19.274389Z,167.522,200,True,0x2ee7F051BB940423f554ea44742f7c4c8C20Ea59,INSURER,136,VIDEO,2,READ,
w6,2025-12-19T15:11:19.439052Z,124.095,200,True,0xCC05C551476CDbEfAd79Ed75427937b892aaFE9C,ADJUSTER,893,OTHER,1,READ,
w3,2025-12-19T15:11:19.439501Z,124.321,403,False,0xAA49CCe569366189355225212a2EA06B8172Fa22,ADJUSTER,695,MEDICAL_REPORT,5,READ,
w1,2025-12-19T15:11:19.439879Z,124.844,200,True,0x05d1ef5b43268c6a5BD456A953029092795045d9,INSURER,519,MEDICAL_REPORT,5,READ,
w7,2025-12-19T15:11:19.440212Z,124.729,200,True,0xa814b4D02E07Daa3235ffc1E4752eCF8f6C2D8d8,ADJUSTER,856,OTHER,1,READ,
w4,2025-12-19T15:11:19.440470Z,124.659,200,True,0x9F6d6682cb1957F9585F9b8AC3469E4D767600D6,INSURER,251,IMAGE,2,READ,
w8,2025-12-19T15:11:19.440692Z,124.605,200,True,0xBeBf134906e0FCcd85b0D99a4626a7B8584e742c,ADJUSTER,490,IMAGE,2,READ,
w5,2025-12-19T15:11:19.440964Z,124.488,200,True,0xD32B24Ff4D28e42239EcCd5cbdb456a1565DC083,ADJUSTER,848,TELEMATICS,3,READ,
w2,2025-12-19T15:11:19.441367Z,124.327,200,True,0x0Bc81E8481993A5F61D3011a142E1510de00ECae,GARAGE,439,IMAGE,2,READ,
w0,2025-12-19T15:11:19.441657Z,124.211,200,True,0x40fca3Fa04d657c9879B638C57A2a70683E3efED,REGULATOR,37,VIDEO,2,READ,
w9,2025-12-19T15:11:19.441921Z,124.161,200,True,0x6032b722b48DC8717A2C437485f2D3d264BD803B,ADJUSTER,88,VIDEO,2,READ,
w3,2025-12-19T15:11:19.563842Z,178.569,200,True,0xd132a79Ca7Be8caaC9A27467EB9B65F7cBD6F50E,ADJUSTER,653,FNOL,4,READ,
w1,2025-12-19T15:11:19.564732Z,177.982,200,True,0x28606132Fb05B11eee1fa6ACe3CB39F3EFFFdCCe,ADJUSTER,911,OTHER,1,READ,
w7,2025-12-19T15:11:19.564950Z,178.125,200,True,0x182C98818C6b29Ff23d7d1d9766e1B1dEB1aBAeB,INSURER,376,IMAGE,2,READ,
w4,2025-12-19T15:11:19.565137Z,178.174,200,True,0xf9314f31cc38103bC7607a176a804e5C1Ecbf511,INSURER,361,IMAGE,2,READ,
w8,2025-12-19T15:11:19.565303Z,178.323,200,True,0xB81c8729A121819695CEEDA9b389f559D6398B3C,REGULATOR,279,IMAGE,2,READ,
w5,2025-12-19T15:11:19.565457Z,178.418,200,True,0xcA28195b12c3c8cB960d8423584ee9a8677BD158,POLICE,463,IMAGE,2,READ,
w2,2025-12-19T15:11:19.565701Z,178.458,200,True,0x48c487f18ce4aAFcf592B2eC3611eAa7B1C85918,ADJUSTER,61,VIDEO,2,READ,
w0,2025-12-19T15:11:19.565875Z,178.441,200,True,0x4BC2c2b671822006a9D592cdd2Db24e8Da3C6adf,GARAGE,289,IMAGE,2,READ,
w9,2025-12-19T15:11:19.566089Z,178.386,200,True,0x330f902fF463e2B611211Ccb44EF749E558Ba02a,INSURER,854,OTHER,1,READ,
w6,2025-12-19T15:11:19.563176Z,181.455,403,False,0x415Ba7B0D983442D5407ABEF5Ebd8e9d2bB533B7,POLICE,773,TELEMATICS,3,READ,
w3,2025-12-19T15:11:19.742423Z,114.140,403,False,0xa96C0E04f38F8dC8842789660AA8C570bfCCFF50,GARAGE,50,VIDEO,2,READ,
w1,2025-12-19T15:11:19.742723Z,114.208,200,True,0xAA49CCe569366189355225212a2EA06B8172Fa22,ADJUSTER,786,TELEMATICS,3,READ,
w7,2025-12-19T15:11:19.743083Z,114.173,200,True,0xCC05C551476CDbEfAd79Ed75427937b892aaFE9C,ADJUSTER,158,VIDEO,2,READ,
w4,2025-12-19T15:11:19.743320Z,114.109,200,True,0x476ad4Ce50BbD6624855e3d1e12E6cC23654359A,INSURER,767,TELEMATICS,3,READ,
w8,2025-12-19T15:11:19.743639Z,113.936,403,False,0x59A67A1183C69AAf8Fe3D746D569392b7d4A5035,ADJUSTER,519,MEDICAL_REPORT,5,READ,
w5,2025-12-19T15:11:19.743882Z,113.817,200,True,0x26b179d013C696c433c0f316E594f7a7AcE77C79,GARAGE,365,IMAGE,2,READ,
w2,2025-12-19T15:11:19.744166Z,113.638,200,True,0x58e8E907e02C35e581Ed3a4e98906344861E7265,INSURER,210,VIDEO,2,READ,
w0,2025-12-19T15:11:19.744322Z,113.597,200,True,0x58f181cd636a8F0a8335240Efc4979212ff45341,INSURER,347,IMAGE,2,READ,
w9,2025-12-19T15:11:19.744483Z,113.557,200,True,0x7fBAcb835330c3A23597A355A26Cf6E0ee69A0B5,COURT,777,TELEMATICS,3,READ,
w6,2025-12-19T15:11:19.744636Z,113.540,200,True,0xF96D07BDd0404b21a6B987cF6C21b9A5E3045f5F,INSURER,350,IMAGE,2,READ,
w1,2025-12-19T15:11:19.856941Z,135.360,200,True,0x5173D7F8755FdF3d2f05C01D029A3Dc55EaC0476,POLICE,317,IMAGE,2,READ,
w7,2025-12-19T15:11:19.857263Z,135.333,200,True,0x85C720Ae65eF1706A0cf41695a93A34E189D5Ea0,INSURER,244,VIDEO,2,READ,
w4,2025-12-19T15:11:19.857435Z,135.493,200,True,0x7C8B230898f07628a4f24e2D0ffe62373593dCce,POLICE,21,VIDEO,2,READ,
w8,2025-12-19T15:11:19.857581Z,135.559,200,True,0xE1C502975CC15E22bC10c8a6e352061ef61bBc2A,COURT,297,IMAGE,2,READ,
w5,2025-12-19T15:11:19.857703Z,135.630,200,True,0x98eAB44F56Ae1f00C301517F1B6fCDb7a452D64b,ADJUSTER,335,IMAGE,2,READ,
w2,2025-12-19T15:11:19.857808Z,135.710,200,True,0xF09aBd729B48E734Ad684B93585E8D043D55c967,INSURER,622,FNOL,4,READ,
w0,2025-12-19T15:11:19.857924Z,135.861,200,True,0x014E540c98B93f6ce2a6F2D7FE66BeD9a19f7bEC,ADJUSTER,499,IMAGE,2,READ,
w9,2025-12-19T15:11:19.858047Z,135.890,200,True,0xd963E5e27CB9872abc2Fbed9107c373Aa59583a4,INSURER,548,MEDICAL_REPORT,5,READ,
w6,2025-12-19T15:11:19.858181Z,135.986,200,True,0x3B4ab93e0901742BFfc8A18D301F36f820AD3bB9,ADJUSTER,321,IMAGE,2,READ,
w3,2025-12-19T15:11:19.856575Z,137.821,200,True,0xB8954C40b419Ae7332fF39Ce3d458ba1fed03941,REGULATOR,714,TELEMATICS,3,READ,
w1,2025-12-19T15:11:19.992314Z,133.444,403,False,0x2B5dEec5325fd9befC139A2071d830B25FAd52Ef,GARAGE,846,TELEMATICS,3,READ,
w7,2025-12-19T15:11:19.992605Z,133.581,200,True,0x933be1Be0aF68b62934fE96ADB1AB2Ee1C47B4F0,INSURER,534,FNOL,4,READ,
w4,2025-12-19T15:11:19.992935Z,133.579,200,True,0x57e02f30Dd15545B3A9eC4841D0D58Ee1D829414,GARAGE,300,IMAGE,2,READ,
w8,2025-12-19T15:11:19.993148Z,133.529,200,True,0x12DF904699208278b4355b568d47De4F2c9646fe,INSURER,449,IMAGE,2,READ,
w5,2025-12-19T15:11:19.993339Z,133.462,200,True,0xC23BB727D3Ae6bD9cd90AC52ee26359F19176de3,INSURER,959,OTHER,1,READ,
w2,2025-12-19T15:11:19.993526Z,133.426,403,False,0xD3b3bd4ce4B597519FCE080Ce05805A99cC8C772,GARAGE,904,OTHER,1,READ,
w0,2025-12-19T15:11:19.993791Z,133.342,403,False,0x436f253A31aB81e4427747050f42C4907a6C388D,ADJUSTER,527,MEDICAL_REPORT,5,READ,
w9,2025-12-19T15:11:19.993944Z,133.389,200,True,0x685A29EE8A06E458E58A29d721dFB677cdF8a600,INSURER,541,MEDICAL_REPORT,5,READ,
w6,2025-12-19T15:11:19.994177Z,133.309,200,True,0x3E93709810FB754ab4D6A2487344dF504087996D,INSURER,653,FNOL,4,READ,
w3,2025-12-19T15:11:19.994407Z,133.243,200,True,0xE1C502975CC15E22bC10c8a6e352061ef61bBc2A,COURT,932,OTHER,1,READ,
w7,2025-12-19T15:11:20.126197Z,181.340,200,True,0x3495fF4A33D3b8aCCB512226B501122064b1e8fe,INSURER,244,VIDEO,2,READ,
w4,2025-12-19T15:11:20.126521Z,181.341,403,False,0x3D8B37E283940B186f3d817371AE9834E2836f7f,GARAGE,600,MEDICAL_REPORT,5,READ,
w8,2025-12-19T15:11:20.126682Z,181.527,200,True,0x3A995E7B23E0Fe0f9a5537f57AA80BACa529eFC4,INSURER,959,OTHER,1,READ,
w5,2025-12-19T15:11:20.126806Z,181.702,200,True,0xE4A8571e1F142Bd99866AA9464c49517B2ac0E01,ADJUSTER,847,TELEMATICS,3,READ,
w2,2025-12-19T15:11:20.126959Z,181.818,200,True,0x3d9c5458418bD082b010C0F93c3b8FBF9826E0Bf,INSURER,495,IMAGE,2,READ,
w0,2025-12-19T15:11:20.127140Z,182.015,200,True,0xB2241965995ed972D442D6A9461eF3583ecA95B6,INSURER,712,TELEMATICS,3,READ,
w9,2025-12-19T15:11:20.127340Z,182.081,200,True,0x07DA3024980d3B92Bcf6B8850A7C08F758B5F781,INSURER,765,TELEMATICS,3,READ,
w6,2025-12-19T15:11:20.127493Z,182.162,200,True,0x29Da547ffD477d0d4628d547368EcFDF73054469,ADJUSTER,375,IMAGE,2,READ,
w3,2025-12-19T15:11:20.127656Z,182.227,200,True,0x436f253A31aB81e4427747050f42C4907a6C388D,ADJUSTER,333,IMAGE,2,READ,
w1,2025-12-19T15:11:20.125773Z,184.326,200,True,0x7B46635cB6cA958f34ae933b93884a5f19b258D7,INSURER,594,FNOL,4,READ,
w7,2025-12-19T15:11:20.307550Z,135.504,200,True,0xE056D0a60EfEE3e1642D5B2129E2bbBdAf22444c,INSURER,236,VIDEO,2,READ,
w4,2025-12-19T15:11:20.307871Z,135.782,200,True,0xCC05C551476CDbEfAd79Ed75427937b892aaFE9C,ADJUSTER,798,TELEMATICS,3,READ,
w8,2025-12-19T15:11:20.308219Z,135.757,200,True,0x044bef4Ff250cBBFE36FEfE3b859D78bA04c1223,INSURER,656,MEDICAL_REPORT,5,READ,
w5,2025-12-19T15:11:20.308520Z,135.979,200,True,0xCaa6A1a26D28f97DEDD4f555dEd43bC607f78384,INSURER,29,VIDEO,2,READ,
w2,2025-12-19T15:11:20.308789Z,136.218,200,True,0x38C88185b74B534134345be38916483044075686,POLICE,67,VIDEO,2,READ,
w0,2025-12-19T15:11:20.309166Z,136.178,200,True,0xafA5Afd00Ec5464DAf96FCe2b09f4e4e157F4A67,POLICE,143,VIDEO,2,READ,
w9,2025-12-19T15:11:20.309430Z,136.407,200,True,0xD32B24Ff4D28e42239EcCd5cbdb456a1565DC083,ADJUSTER,883,OTHER,1,READ,
w6,2025-12-19T15:11:20.309663Z,136.938,200,True,0x27158a264fdA9698B85485706B47BBC87Fa6Db4b,ADJUSTER,578,FNOL,4,READ,
w3,2025-12-19T15:11:20.309890Z,137.237,200,True,0x28606132Fb05B11eee1fa6ACe3CB39F3EFFFdCCe,ADJUSTER,402,IMAGE,2,READ,
w1,2025-12-19T15:11:20.310103Z,137.406,200,True,0xD756c57480Ea623123AB3a5ad4445875E3309Ac6,INSURER,7,VIDEO,2,READ,
w4,2025-12-19T15:11:20.443664Z,132.786,200,True,0x29950abd635aF427d5E2fF0DB9f6920fC915bC55,INSURER,399,IMAGE,2,READ,
w8,2025-12-19T15:11:20.443996Z,132.843,200,True,0x598405697b464FEbA8C76367b7C75C59D8BE2eCF,COURT,681,MEDICAL_REPORT,5,READ,
w5,2025-12-19T15:11:20.444518Z,132.507,200,True,0x5cA86E3342DEA0C1a26C49f1a4fA40DeEeAFf8a8,INSURER,878,OTHER,1,READ,
w2,2025-12-19T15:11:20.445022Z,132.153,200,True,0x5cA86E3342DEA0C1a26C49f1a4fA40DeEeAFf8a8,INSURER,756,TELEMATICS,3,READ,
w0,2025-12-19T15:11:20.445359Z,131.952,200,True,0x7C8B230898f07628a4f24e2D0ffe62373593dCce,POLICE,33,VIDEO,2,READ,
w9,2025-12-19T15:11:20.445853Z,131.570,200,True,0x090F26617cAab81C15934159343Ff688fAf23820,POLICE,489,IMAGE,2,READ,
w6,2025-12-19T15:11:20.446621Z,131.008,200,True,0x077f45EB3eB6027C0D05Ab77CAC4D29c46cb3a6E,INSURER,581,MEDICAL_REPORT,5,READ,
w3,2025-12-19T15:11:20.447145Z,130.605,403,False,0x0Bc81E8481993A5F61D3011a142E1510de00ECae,GARAGE,683,MEDICAL_REPORT,5,READ,
w1,2025-12-19T15:11:20.447521Z,130.425,200,True,0xd6f5696C80b8cb2D4AAaFdaf8E7C266cf4af4538,COURT,808,TELEMATICS,3,READ,
w7,2025-12-19T15:11:20.443070Z,135.020,200,True,0x330f902fF463e2B611211Ccb44EF749E558Ba02a,INSURER,678,FNOL,4,READ,
w4,2025-12-19T15:11:20.576461Z,157.674,200,True,0x3d68C58ebB81123d1Ac10655857193A1cDee90CE,INSURER,51,VIDEO,2,READ,
w8,2025-12-19T15:11:20.576848Z,157.762,200,True,0x3d68C58ebB81123d1Ac10655857193A1cDee90CE,INSURER,953,OTHER,1,READ,
w5,2025-12-19T15:11:20.577032Z,157.962,200,True,0xD1ce8183cCf94d1494c99DFC523Af7Bd51494E8d,INSURER,101,VIDEO,2,READ,
w2,2025-12-19T15:11:20.577180Z,158.022,200,True,0x11652BF4c5D394F3a46E96f2bE659939a0f6a6ed,INSURER,248,VIDEO,2,READ,
w0,2025-12-19T15:11:20.577317Z,158.092,200,True,0x8FA3c986B63dEd44ce62D4aC5b3b0F49FF447700,COURT,162,VIDEO,2,READ,
w9,2025-12-19T15:11:20.577429Z,158.196,200,True,0x7fBAcb835330c3A23597A355A26Cf6E0ee69A0B5,COURT,544,MEDICAL_REPORT,5,READ,
w6,2025-12-19T15:11:20.577636Z,158.314,200,True,0x68cBdE77b98e3AF3281dBC229ee66540Eac3f007,ADJUSTER,470,IMAGE,2,READ,
w3,2025-12-19T15:11:20.577755Z,158.395,403,False,0x7C8B230898f07628a4f24e2D0ffe62373593dCce,POLICE,686,MEDICAL_REPORT,5,READ,
w1,2025-12-19T15:11:20.577952Z,158.392,200,True,0xDA941366d7481DffDAd4458a22913423f40dA1eA,ADJUSTER,713,TELEMATICS,3,READ,
w7,2025-12-19T15:11:20.578094Z,158.440,200,True,0x262C7B7B136C441fA055dA7F585a2Ab956c1123C,INSURER,935,OTHER,1,READ,
w8,2025-12-19T15:11:20.734622Z,160.132,403,False,0x7B678e542Dec17ab096b423D15262dcD9B8c11D8,POLICE,509,MEDICAL_REPORT,5,READ,
w5,2025-12-19T15:11:20.735002Z,160.229,200,True,0x419d3b699AA38c218f3D84f0a3129a6383634f17,ADJUSTER,359,IMAGE,2,READ,
w2,2025-12-19T15:11:20.735210Z,160.424,403,False,0xe9b50040eeAA45F16fd24222f4a97482737f6C8A,ADJUSTER,547,MEDICAL_REPORT,5,READ,
w0,2025-12-19T15:11:20.735417Z,160.447,200,True,0x419d3b699AA38c218f3D84f0a3129a6383634f17,ADJUSTER,199,VIDEO,2,READ,
w9,2025-12-19T15:11:20.735632Z,160.698,200,True,0x78273aa663aa16C08590efF5582bb4C9DD30Bb95,INSURER,784,TELEMATICS,3,READ,
w6,2025-12-19T15:11:20.735958Z,160.557,200,True,0xCe3b338346378767324b87Cb888eC3F1d6d34940,POLICE,477,IMAGE,2,READ,
w3,2025-12-19T15:11:20.736159Z,160.553,403,False,0xEcbE69567Cf42475FbE6Ea4523541e58C4d22957,GARAGE,881,OTHER,1,READ,
w1,2025-12-19T15:11:20.736351Z,160.853,200,True,0xcA28195b12c3c8cB960d8423584ee9a8677BD158,POLICE,175,VIDEO,2,READ,
w7,2025-12-19T15:11:20.736542Z,161.068,200,True,0x82B01EfD510Bee8680730EEf777526b020e2398B,INSURER,248,VIDEO,2,READ,
w4,2025-12-19T15:11:20.734150Z,163.734,200,True,0x4828419eA02B1D4399E039f8E5F346f37f19fA13,INSURER,764,TELEMATICS,3,READ,
w8,2025-12-19T15:11:20.894768Z,131.014,403,False,0xe9b50040eeAA45F16fd24222f4a97482737f6C8A,ADJUSTER,612,MEDICAL_REPORT,5,READ,
w5,2025-12-19T15:11:20.895240Z,130.888,200,True,0xcE078954f123a07010672Fff05b36f5E43642106,INSURER,477,IMAGE,2,READ,
w2,2025-12-19T15:11:20.895643Z,130.893,200,True,0x8Dd96368f7a8216813107Fe89688AcaafE8Cb76D,INSURER,619,FNOL,4,READ,
w0,2025-12-19T15:11:20.895872Z,130.884,200,True,0x28606132Fb05B11eee1fa6ACe3CB39F3EFFFdCCe,ADJUSTER,763,TELEMATICS,3,READ,
w9,2025-12-19T15:11:20.896337Z,130.617,200,True,0x48f8656e15a2FC22Ccd6cDe7c56db39C1B62E770,POLICE,237,VIDEO,2,READ,
w6,2025-12-19T15:11:20.896521Z,130.627,200,True,0xB3e698A67fD5AEeB61b8bE389e7E917Bc2Ea032a,POLICE,155,VIDEO,2,READ,
w3,2025-12-19T15:11:20.896719Z,130.626,200,True,0x4395153bc7Ac8ebD080b3C98FE634fcA40E5609F,COURT,141,VIDEO,2,READ,
w1,2025-12-19T15:11:20.897218Z,130.313,403,False,0x4BA98aed0F31F1E56A9bc733FD86aB30e5b88D0E,GARAGE,20,VIDEO,2,READ,
w7,2025-12-19T15:11:20.897625Z,130.101,200,True,0x8FA3c986B63dEd44ce62D4aC5b3b0F49FF447700,COURT,834,TELEMATICS,3,READ,
w4,2025-12-19T15:11:20.897893Z,130.018,200,True,0xD32B24Ff4D28e42239EcCd5cbdb456a1565DC083,ADJUSTER,593,FNOL,4,READ,
w5,2025-12-19T15:11:21.026138Z,134.612,200,True,0x3308795A526382DB26cF04047fE2bBd4F56E6CE7,COURT,895,OTHER,1,READ,
w2,2025-12-19T15:11:21.026545Z,134.504,200,True,0x182C98818C6b29Ff23d7d1d9766e1B1dEB1aBAeB,INSURER,326,IMAGE,2,READ,
w0,2025-12-19T15:11:21.026764Z,134.664,200,True,0xdBf006c9b4fEA25fFA98161abc660B4643109625,ADJUSTER,764,TELEMATICS,3,READ,
w9,2025-12-19T15:11:21.026962Z,134.667,200,True,0x81daFDe6F70ee2Fb93671DC220cC29F8205ACB57,INSURER,9,VIDEO,2,READ,
w6,2025-12-19T15:11:21.027154Z,134.809,200,True,0x3a74Fec63a615BC94b9A47bEa6340935Ab155117,ADJUSTER,2,VIDEO,2,READ,
w3,2025-12-19T15:11:21.027352Z,134.996,200,True,0xDA941366d7481DffDAd4458a22913423f40dA1eA,ADJUSTER,922,OTHER,1,READ,
w1,2025-12-19T15:11:21.027539Z,135.145,200,True,0xb8Fe0E775705824a50658ef111434567024d4310,REGULATOR,592,MEDICAL_REPORT,5,READ,
w7,2025-12-19T15:11:21.027735Z,135.782,200,True,0x12DF904699208278b4355b568d47De4F2c9646fe,INSURER,124,VIDEO,2,READ,
w4,2025-12-19T15:11:21.027918Z,136.145,200,True,0x5CdF84465a68A1A9CEfe264b98c0701879D78982,INSURER,5,VIDEO,2,READ,
w8,2025-12-19T15:11:21.025793Z,138.743,200,True,0xcE078954f123a07010672Fff05b36f5E43642106,INSURER,492,IMAGE,2,READ,
w5,2025-12-19T15:11:21.160761Z,145.218,200,True,0x199baf9971453910adbCD45ae05Dc8f9B68fcB1f,INSURER,864,OTHER,1,READ,
w2,2025-12-19T15:11:21.161060Z,145.347,200,True,0xE385ea618340FfE0d7c7e9EB25048F1c1E437F33,INSURER,373,IMAGE,2,READ,
w0,2025-12-19T15:11:21.161436Z,145.358,200,True,0xD06Cc40e4D98aDc886d652F4253985B5c04282b9,REGULATOR,145,VIDEO,2,READ,
w9,2025-12-19T15:11:21.161637Z,145.362,403,False,0x7B678e542Dec17ab096b423D15262dcD9B8c11D8,POLICE,768,TELEMATICS,3,READ,
w6,2025-12-19T15:11:21.161975Z,145.229,200,True,0x51a1E6D900E3e04c169Be84b2D5e5ccB2420B0EB,INSURER,863,OTHER,1,READ,
w3,2025-12-19T15:11:21.162364Z,145.068,200,True,0x065Fd3F8fcF30384f50eceBa324b1EF8411Fa759,COURT,81,VIDEO,2,READ,
w1,2025-12-19T15:11:21.162697Z,144.947,200,True,0x59A67A1183C69AAf8Fe3D746D569392b7d4A5035,ADJUSTER,220,VIDEO,2,READ,
w7,2025-12-19T15:11:21.163536Z,144.406,200,True,0x090F26617cAab81C15934159343Ff688fAf23820,POLICE,134,VIDEO,2,READ,
w4,2025-12-19T15:11:21.164081Z,144.058,200,True,0xBCb233Ef85EC11C88E20Ea53Bb47f454d116FBe3,ADJUSTER,335,IMAGE,2,READ,
w8,2025-12-19T15:11:21.164551Z,143.781,200,True,0xD1ce8183cCf94d1494c99DFC523Af7Bd51494E8d,INSURER,978,OTHER,1,READ,
w2,2025-12-19T15:11:21.306421Z,161.451,200,True,0x3A995E7B23E0Fe0f9a5537f57AA80BACa529eFC4,INSURER,702,TELEMATICS,3,READ,
w0,2025-12-19T15:11:21.306803Z,161.477,403,False,0x38C88185b74B534134345be38916483044075686,POLICE,704,TELEMATICS,3,READ,
w9,2025-12-19T15:11:21.307008Z,161.665,403,False,0xE1c2102345d7379f4bb3F114e908e9cC9154A335,POLICE,557,FNOL,4,READ,
w6,2025-12-19T15:11:21.307212Z,161.668,200,True,0x82B01EfD510Bee8680730EEf777526b020e2398B,INSURER,483,IMAGE,2,READ,
w3,2025-12-19T15:11:21.307454Z,161.600,200,True,0x3418C54B33ca42d0dF096EaD255791c7B2E2f3d9,ADJUSTER,578,FNOL,4,READ,
w1,2025-12-19T15:11:21.307651Z,161.590,200,True,0xBdfeA99CC2B9e09E4A7e6C7B14808189488E3985,COURT,522,MEDICAL_REPORT,5,READ,
w7,2025-12-19T15:11:21.307949Z,161.479,200,True,0xE056D0a60EfEE3e1642D5B2129E2bbBdAf22444c,INSURER,248,VIDEO,2,READ,
w4,2025-12-19T15:11:21.308146Z,161.492,403,False,0xcCC472e2d0eDA52066a80BCFb4577Dc9Fb7CD453,POLICE,581,MEDICAL_REPORT,5,READ,
w8,2025-12-19T15:11:21.308340Z,161.429,200,True,0x419d3b699AA38c218f3D84f0a3129a6383634f17,ADJUSTER,313,IMAGE,2,READ,
w5,2025-12-19T15:11:21.305994Z,163.887,200,True,0xC5f6e3512D3B1133da1f88159fDf63dC9f2d43FB,ADJUSTER,966,OTHER,1,READ,
w2,2025-12-19T15:11:21.467887Z,141.741,200,True,0x18BFB9A0Bf9293D0D3bf9F42bD6e7e7b300Dc391,COURT,419,IMAGE,2,READ,
w0,2025-12-19T15:11:21.468291Z,141.778,200,True,0x09596bf36cE63dABDeB58d68a52792B7BA13ba84,ADJUSTER,828,TELEMATICS,3,READ,
w9,2025-12-19T15:11:21.468684Z,141.775,403,False,0x786da68d54Be22366903D370c34910372Db174c9,POLICE,752,TELEMATICS,3,READ,
w6,2025-12-19T15:11:21.468887Z,141.793,200,True,0xA75Af013B9CBdf4322e0c459A2fB8B708fbB8Ddc,POLICE,246,VIDEO,2,READ,
w3,2025-12-19T15:11:21.469062Z,141.817,403,False,0xCe3b338346378767324b87Cb888eC3F1d6d34940,POLICE,806,TELEMATICS,3,READ,
w1,2025-12-19T15:11:21.469249Z,141.842,200,True,0x262C7B7B136C441fA055dA7F585a2Ab956c1123C,INSURER,659,MEDICAL_REPORT,5,READ,
w7,2025-12-19T15:11:21.469435Z,141.852,200,True,0x262C7B7B136C441fA055dA7F585a2Ab956c1123C,INSURER,496,IMAGE,2,READ,
w4,2025-12-19T15:11:21.469645Z,141.947,200,True,0x26b179d013C696c433c0f316E594f7a7AcE77C79,GARAGE,381,IMAGE,2,READ,
w8,2025-12-19T15:11:21.469773Z,142.037,200,True,0x78b99D5D04232b9650d619DBa5F5600a9242A472,INSURER,475,IMAGE,2,READ,
w5,2025-12-19T15:11:21.469886Z,142.121,200,True,0x81daFDe6F70ee2Fb93671DC220cC29F8205ACB57,INSURER,874,OTHER,1,READ,
w0,2025-12-19T15:11:21.610081Z,157.888,200,True,0xB81c8729A121819695CEEDA9b389f559D6398B3C,REGULATOR,375,IMAGE,2,READ,
w9,2025-12-19T15:11:21.610468Z,157.943,403,False,0x0AbFb230511189A840157bF7FcA43b1b69338dC6,POLICE,599,MEDICAL_REPORT,5,READ,
w6,2025-12-19T15:11:21.610689Z,158.098,403,False,0x0Bc81E8481993A5F61D3011a142E1510de00ECae,GARAGE,800,TELEMATICS,3,READ,
w3,2025-12-19T15:11:21.610887Z,158.105,403,False,0x469Bf06C8a44e5E2Bb2752C29B92d88DCA076B8a,POLICE,508,FNOL,4,READ,
w1,2025-12-19T15:11:21.611099Z,158.095,200,True,0x466ec685AE894BAc153c11350FC488cAAa2C062E,INSURER,461,IMAGE,2,READ,
w7,2025-12-19T15:11:21.611294Z,158.101,200,True,0x5173D7F8755FdF3d2f05C01D029A3Dc55EaC0476,POLICE,213,VIDEO,2,READ,
w4,2025-12-19T15:11:21.611600Z,158.135,200,True,0x59A67A1183C69AAf8Fe3D746D569392b7d4A5035,ADJUSTER,868,OTHER,1,READ,
w8,2025-12-19T15:11:21.611818Z,158.113,403,False,0x567dccd668D18B4ACd8A2795151edB162Bc34767,ADJUSTER,700,MEDICAL_REPORT,5,READ,
w5,2025-12-19T15:11:21.612015Z,158.106,403,False,0x620a52535BA00719f0747D42746525D807319996,ADJUSTER,541,MEDICAL_REPORT,5,READ,
w2,2025-12-19T15:11:21.609642Z,160.667,200,True,0x182C98818C6b29Ff23d7d1d9766e1B1dEB1aBAeB,INSURER,685,MEDICAL_REPORT,5,READ,
w0,2025-12-19T15:11:21.767987Z,123.821,200,True,0x685A29EE8A06E458E58A29d721dFB677cdF8a600,INSURER,142,VIDEO,2,READ,
w9,2025-12-19T15:11:21.768422Z,123.832,200,True,0xE385ea618340FfE0d7c7e9EB25048F1c1E437F33,INSURER,950,OTHER,1,READ,
w6,2025-12-19T15:11:21.768795Z,123.840,200,True,0xE056D0a60EfEE3e1642D5B2129E2bbBdAf22444c,INSURER,642,MEDICAL_REPORT,5,READ,
w3,2025-12-19T15:11:21.769000Z,123.856,200,True,0x419d3b699AA38c218f3D84f0a3129a6383634f17,ADJUSTER,480,IMAGE,2,READ,
w1,2025-12-19T15:11:21.769202Z,123.852,200,True,0xBC78986794f1658340222E011F7e1Cf375177F95,ADJUSTER,724,TELEMATICS,3,READ,
w7,2025-12-19T15:11:21.769403Z,123.895,403,False,0x090F26617cAab81C15934159343Ff688fAf23820,POLICE,684,FNOL,4,READ,
w4,2025-12-19T15:11:21.769742Z,123.961,200,True,0xE385ea618340FfE0d7c7e9EB25048F1c1E437F33,INSURER,511,MEDICAL_REPORT,5,READ,
w8,2025-12-19T15:11:21.769938Z,123.969,200,True,0xCaa6A1a26D28f97DEDD4f555dEd43bC607f78384,INSURER,416,IMAGE,2,READ,
w5,2025-12-19T15:11:21.770128Z,123.968,403,False,0x38C88185b74B534134345be38916483044075686,POLICE,824,TELEMATICS,3,READ,
w2,2025-12-19T15:11:21.770317Z,123.953,200,True,0x14E81fB79823D062AFEEC4B80e0bCCBE578d057e,REGULATOR,731,TELEMATICS,3,READ,
w9,2025-12-19T15:11:21.892266Z,140.494,200,True,0xD32B24Ff4D28e42239EcCd5cbdb456a1565DC083,ADJUSTER,853,OTHER,1,READ,
w6,2025-12-19T15:11:21.892644Z,140.474,403,False,0x26b179d013C696c433c0f316E594f7a7AcE77C79,GARAGE,989,OTHER,1,READ,
w3,2025-12-19T15:11:21.892864Z,140.557,200,True,0x3418C54B33ca42d0dF096EaD255791c7B2E2f3d9,ADJUSTER,335,IMAGE,2,READ,
w1,2025-12-19T15:11:21.893061Z,140.517,200,True,0x46Adf75988C45FBD67a07651b6f684943428c17C,INSURER,618,MEDICAL_REPORT,5,READ,
w7,2025-12-19T15:11:21.893307Z,140.427,200,True,0xB8954C40b419Ae7332fF39Ce3d458ba1fed03941,REGULATOR,413,IMAGE,2,READ,
w4,2025-12-19T15:11:21.893712Z,140.153,200,True,0x520F6Be8B20312c8CA4bB2773000A94923A4FaE5,POLICE,383,IMAGE,2,READ,
w8,2025-12-19T15:11:21.893913Z,140.088,200,True,0x38C88185b74B534134345be38916483044075686,POLICE,249,VIDEO,2,READ,
w5,2025-12-19T15:11:21.894104Z,140.014,200,True,0x3E93709810FB754ab4D6A2487344dF504087996D,INSURER,583,MEDICAL_REPORT,5,READ,
w2,2025-12-19T15:11:21.894276Z,139.985,200,True,0xCC05C551476CDbEfAd79Ed75427937b892aaFE9C,ADJUSTER,226,VIDEO,2,READ,
w0,2025-12-19T15:11:21.891827Z,142.565,200,True,0x808936f08CCC0a9C3953Cd3716006fB99825CBa4,COURT,777,TELEMATICS,3,READ,
w9,2025-12-19T15:11:22.032771Z,143.280,200,True,0x6032b722b48DC8717A2C437485f2D3d264BD803B,ADJUSTER,924,OTHER,1,READ,
w6,2025-12-19T15:11:22.033128Z,143.499,200,True,0x065Fd3F8fcF30384f50eceBa324b1EF8411Fa759,COURT,792,TELEMATICS,3,READ,
w3,2025-12-19T15:11:22.033427Z,143.477,200,True,0x7fBAcb835330c3A23597A355A26Cf6E0ee69A0B5,COURT,952,OTHER,1,READ,
w1,2025-12-19T15:11:22.033585Z,143.542,403,False,0xDD3EceF8307a47a0307E4f44135C61Dd2C75c6d7,POLICE,749,TELEMATICS,3,READ,
w7,2025-12-19T15:11:22.033740Z,143.681,200,True,0xFeC4882fEAf263ac0fD1b9B4271dD1852B413584,INSURER,69,VIDEO,2,READ,
w4,2025-12-19T15:11:22.033871Z,143.746,200,True,0x11652BF4c5D394F3a46E96f2bE659939a0f6a6ed,INSURER,432,IMAGE,2,READ,
w8,2025-12-19T15:11:22.034006Z,143.857,200,True,0x7fBAcb835330c3A23597A355A26Cf6E0ee69A0B5,COURT,883,OTHER,1,READ,
w5,2025-12-19T15:11:22.034123Z,144.168,200,True,0x7B46635cB6cA958f34ae933b93884a5f19b258D7,INSURER,727,TELEMATICS,3,READ,
w2,2025-12-19T15:11:22.034276Z,144.346,403,False,0x98eAB44F56Ae1f00C301517F1B6fCDb7a452D64b,ADJUSTER,550,MEDICAL_REPORT,5,READ,
w0,2025-12-19T15:11:22.034398Z,144.522,200,True,0xD06Cc40e4D98aDc886d652F4253985B5c04282b9,REGULATOR,193,VIDEO,2,READ,
w6,2025-12-19T15:11:22.176638Z,129.069,200,True,0x42dC03c90d7652B937d26628a86f9317bbf521dc,INSURER,961,OTHER,1,READ,
w3,2025-12-19T15:11:22.176913Z,129.185,200,True,0xb8Fe0E775705824a50658ef111434567024d4310,REGULATOR,843,TELEMATICS,3,READ,
w1,2025-12-19T15:11:22.177135Z,129.146,403,False,0x59760590b1fCF3C846635ae6432DE56ef26298B8,GARAGE,947,OTHER,1,READ,
w7,2025-12-19T15:11:22.177429Z,129.022,200,True,0xD6e58dE85e171C0D6BB42Cf4a85fBa7C55ce5618,INSURER,95,VIDEO,2,READ,
w4,2025-12-19T15:11:22.177623Z,128.958,200,True,0x73E42dF14ff21e7994A37802a292F71830CDA5aF,INSURER,176,VIDEO,2,READ,
w8,2025-12-19T15:11:22.177874Z,128.815,200,True,0x33F5a90B9400A21046089Aaf44319BA889B0B9ed,INSURER,786,TELEMATICS,3,READ,
w5,2025-12-19T15:11:22.178304Z,128.581,403,False,0x6B97e16D77504562cB9392834019252f4057F4D5,POLICE,554,MEDICAL_REPORT,5,READ,
w2,2025-12-19T15:11:22.178634Z,128.381,200,True,0x0172115667882E73749128243A943873087c09D3,INSURER,273,IMAGE,2,READ,
w0,2025-12-19T15:11:22.178929Z,128.246,200,True,0x0172115667882E73749128243A943873087c09D3,INSURER,810,TELEMATICS,3,READ,
w9,2025-12-19T15:11:22.176066Z,131.254,200,True,0xACaaedBfb07404f2aAf0ccd6503B1529C1A48764,ADJUSTER,376,IMAGE,2,READ,
w6,2025-12-19T15:11:22.305718Z,118.819,200,True,0x3E93709810FB754ab4D6A2487344dF504087996D,INSURER,869,OTHER,1,READ,
w3,2025-12-19T15:11:22.306107Z,118.793,200,True,0x40fca3Fa04d657c9879B638C57A2a70683E3efED,REGULATOR,350,IMAGE,2,READ,
w1,2025-12-19T15:11:22.306287Z,118.931,200,True,0x68cBdE77b98e3AF3281dBC229ee66540Eac3f007,ADJUSTER,734,TELEMATICS,3,READ,
w7,2025-12-19T15:11:22.306457Z,118.919,200,True,0x1F022FfD0700E02E8f01B8f05f539f8C7a0339bb,POLICE,90,VIDEO,2,READ,
w4,2025-12-19T15:11:22.306587Z,118.925,200,True,0x199baf9971453910adbCD45ae05Dc8f9B68fcB1f,INSURER,316,IMAGE,2,READ,
w8,2025-12-19T15:11:22.306694Z,118.948,200,True,0x69254de41949D1A246C5c1A168e5e8473D2d50f0,ADJUSTER,58,VIDEO,2,READ,
w5,2025-12-19T15:11:22.306891Z,118.855,200,True,0xd6f5696C80b8cb2D4AAaFdaf8E7C266cf4af4538,COURT,85,VIDEO,2,READ,
w2,2025-12-19T15:11:22.307020Z,118.835,200,True,0x9F6d6682cb1957F9585F9b8AC3469E4D767600D6,INSURER,401,IMAGE,2,READ,
w0,2025-12-19T15:11:22.307182Z,118.823,200,True,0x3a74Fec63a615BC94b9A47bEa6340935Ab155117,ADJUSTER,668,FNOL,4,READ,
w9,2025-12-19T15:11:22.307325Z,118.829,200,True,0x38C88185b74B534134345be38916483044075686,POLICE,430,IMAGE,2,READ,
w6,2025-12-19T15:11:22.424549Z,154.875,200,True,0x78273aa663aa16C08590efF5582bb4C9DD30Bb95,INSURER,48,VIDEO,2,READ,
w3,2025-12-19T15:11:22.424911Z,154.997,403,False,0xafA5Afd00Ec5464DAf96FCe2b09f4e4e157F4A67,POLICE,691,MEDICAL_REPORT,5,READ,
w1,2025-12-19T15:11:22.425224Z,155.121,200,True,0x3B4ab93e0901742BFfc8A18D301F36f820AD3bB9,ADJUSTER,493,IMAGE,2,READ,
w7,2025-12-19T15:11:22.425382Z,155.224,200,True,0x23aA93bc659A3e3D0da5434a4088578341D43278,GARAGE,306,IMAGE,2,READ,
w4,2025-12-19T15:11:22.425519Z,155.295,403,False,0x955f7F1386d8d5FB12bc50876B418e4D206D9530,GARAGE,607,FNOL,4,READ,
w8,2025-12-19T15:11:22.425647Z,155.529,200,True,0xB8954C40b419Ae7332fF39Ce3d458ba1fed03941,REGULATOR,907,OTHER,1,READ,
w5,2025-12-19T15:11:22.425750Z,155.613,200,True,0x2ee7F051BB940423f554ea44742f7c4c8C20Ea59,INSURER,468,IMAGE,2,READ,
w2,2025-12-19T15:11:22.425861Z,155.668,200,True,0x467316319C6B5f391c5a6B3b0190d4209202fC25,ADJUSTER,313,IMAGE,2,READ,
w9,2025-12-19T15:11:22.426160Z,155.535,200,True,0x090F26617cAab81C15934159343Ff688fAf23820,POLICE,376,IMAGE,2,READ,
w0,2025-12-19T15:11:22.426011Z,155.890,403,False,0x4BC2c2b671822006a9D592cdd2Db24e8Da3C6adf,GARAGE,718,TELEMATICS,3,READ,
w6,2025-12-19T15:11:22.579455Z,107.096,200,True,0x81A893236EFCdC58F1f9421b59Ee21eb7e38f8FB,INSURER,896,OTHER,1,READ,
w3,2025-12-19T15:11:22.579922Z,106.925,403,False,0x0AbFb230511189A840157bF7FcA43b1b69338dC6,POLICE,675,FNOL,4,READ,
w1,2025-12-19T15:11:22.580355Z,106.771,200,True,0xfd4Fc17438169bC1228EB21c2cb9b8DE1E97472a,INSURER,117,VIDEO,2,READ,
w7,2025-12-19T15:11:22.580614Z,106.650,403,False,0xB3e698A67fD5AEeB61b8bE389e7E917Bc2Ea032a,POLICE,565,MEDICAL_REPORT,5,READ,
w4,2025-12-19T15:11:22.580821Z,106.572,200,True,0x40fca3Fa04d657c9879B638C57A2a70683E3efED,REGULATOR,1000,OTHER,1,READ,
w8,2025-12-19T15:11:22.581185Z,106.318,200,True,0x82B01EfD510Bee8680730EEf777526b020e2398B,INSURER,698,FNOL,4,READ,
w5,2025-12-19T15:11:22.581374Z,106.342,200,True,0xD6e58dE85e171C0D6BB42Cf4a85fBa7C55ce5618,INSURER,584,FNOL,4,READ,
w2,2025-12-19T15:11:22.581537Z,106.316,200,True,0xeD60C4758Fab078c38685EeEF9692D8Fa4F3dDB9,INSURER,454,IMAGE,2,READ,
w9,2025-12-19T15:11:22.581701Z,106.271,200,True,0x1Ab5D0f68133DA5E100635Bdf5030650cA2bE691,ADJUSTER,934,OTHER,1,READ,
w0,2025-12-19T15:11:22.581909Z,106.188,200,True,0x8D21394c336D57f89564705Aa61307561b63E310,POLICE,138,VIDEO,2,READ,
w3,2025-12-19T15:11:22.686856Z,160.346,200,True,0x58f181cd636a8F0a8335240Efc4979212ff45341,INSURER,525,MEDICAL_REPORT,5,READ,
w1,2025-12-19T15:11:22.687133Z,160.700,200,True,0x3d9c5458418bD082b010C0F93c3b8FBF9826E0Bf,INSURER,61,VIDEO,2,READ,
w7,2025-12-19T15:11:22.687270Z,161.036,200,True,0xD32B24Ff4D28e42239EcCd5cbdb456a1565DC083,ADJUSTER,343,IMAGE,2,READ,
w4,2025-12-19T15:11:22.687398Z,161.259,200,True,0x3495fF4A33D3b8aCCB512226B501122064b1e8fe,INSURER,571,FNOL,4,READ,
w8,2025-12-19T15:11:22.687508Z,161.468,403,False,0x955f7F1386d8d5FB12bc50876B418e4D206D9530,GARAGE,778,TELEMATICS,3,READ,
w5,2025-12-19T15:11:22.687721Z,161.557,200,True,0x67A9BC3Fb3B4a392C223A8C644B48346b9Ca5128,COURT,124,VIDEO,2,READ,
w2,2025-12-19T15:11:22.687857Z,161.880,200,True,0x51a1E6D900E3e04c169Be84b2D5e5ccB2420B0EB,INSURER,774,TELEMATICS,3,READ,
w9,2025-12-19T15:11:22.687976Z,162.003,200,True,0xfd4Fc17438169bC1228EB21c2cb9b8DE1E97472a,INSURER,154,VIDEO,2,READ,
w0,2025-12-19T15:11:22.688102Z,162.134,200,True,0xD46492141A5F13412fa59e5F47Ce969c7954E752,INSURER,498,IMAGE,2,READ,
w6,2025-12-19T15:11:22.686562Z,163.906,200,True,0x3d68C58ebB81123d1Ac10655857193A1cDee90CE,INSURER,464,IMAGE,2,READ,
w3,2025-12-19T15:11:22.847224Z,125.153,200,True,0x5C63EFf960008F7F9783957f07533386097149ce,POLICE,373,IMAGE,2,READ,
w1,2025-12-19T15:11:22.847845Z,124.876,403,False,0x567dccd668D18B4ACd8A2795151edB162Bc34767,ADJUSTER,525,MEDICAL_REPORT,5,READ,
w7,2025-12-19T15:11:22.848319Z,124.832,200,True,0xDA941366d7481DffDAd4458a22913423f40dA1eA,ADJUSTER,860,OTHER,1,READ,
w4,2025-12-19T15:11:22.848670Z,124.701,200,True,0x182C98818C6b29Ff23d7d1d9766e1B1dEB1aBAeB,INSURER,17,VIDEO,2,READ,
w8,2025-12-19T15:11:22.848989Z,124.579,403,False,0x7B678e542Dec17ab096b423D15262dcD9B8c11D8,POLICE,869,OTHER,1,READ,
w5,2025-12-19T15:11:22.849288Z,124.467,200,True,0x4BC2c2b671822006a9D592cdd2Db24e8Da3C6adf,GARAGE,298,IMAGE,2,READ,
w2,2025-12-19T15:11:22.849747Z,124.206,200,True,0x182C98818C6b29Ff23d7d1d9766e1B1dEB1aBAeB,INSURER,388,IMAGE,2,READ,
w9,2025-12-19T15:11:22.849988Z,124.149,403,False,0x5173D7F8755FdF3d2f05C01D029A3Dc55EaC0476,POLICE,566,FNOL,4,READ,
w0,2025-12-19T15:11:22.850247Z,124.084,403,False,0xF88a95Dd8B84AF76941627AA419BEFc507d88125,ADJUSTER,700,MEDICAL_REPORT,5,READ,
w6,2025-12-19T15:11:22.850476Z,124.039,200,True,0x29Da547ffD477d0d4628d547368EcFDF73054469,ADJUSTER,119,VIDEO,2,READ,
w1,2025-12-19T15:11:22.972731Z,154.734,200,True,0xa814b4D02E07Daa3235ffc1E4752eCF8f6C2D8d8,ADJUSTER,894,OTHER,1,READ,
w7,2025-12-19T15:11:22.973159Z,154.769,200,True,0xd963E5e27CB9872abc2Fbed9107c373Aa59583a4,INSURER,293,IMAGE,2,READ,
w4,2025-12-19T15:11:22.973381Z,154.942,200,True,0x12DF904699208278b4355b568d47De4F2c9646fe,INSURER,442,IMAGE,2,READ,
w8,2025-12-19T15:11:22.973576Z,154.973,200,True,0xFeC4882fEAf263ac0fD1b9B4271dD1852B413584,INSURER,880,OTHER,1,READ,
w5,2025-12-19T15:11:22.973763Z,154.985,200,True,0x199baf9971453910adbCD45ae05Dc8f9B68fcB1f,INSURER,301,IMAGE,2,READ,
w2,2025-12-19T15:11:22.973960Z,154.999,200,True,0x48c487f18ce4aAFcf592B2eC3611eAa7B1C85918,ADJUSTER,899,OTHER,1,READ,
w9,2025-12-19T15:11:22.974144Z,155.034,200,True,0x3d4Bd094c1894ed38F3EcF0799bE66f83a4199ca,ADJUSTER,438,IMAGE,2,READ,
w0,2025-12-19T15:11:22.974338Z,155.203,200,True,0x3B4ab93e0901742BFfc8A18D301F36f820AD3bB9,ADJUSTER,93,VIDEO,2,READ,
w6,2025-12-19T15:11:22.974523Z,155.214,200,True,0xD1ce8183cCf94d1494c99DFC523Af7Bd51494E8d,INSURER,653,FNOL,4,READ,
w3,2025-12-19T15:11:22.972390Z,157.554,200,True,0x044bef4Ff250cBBFE36FEfE3b859D78bA04c1223,INSURER,614,FNOL,4,READ,
w1,2025-12-19T15:11:23.127480Z,142.384,403,False,0x955f7F1386d8d5FB12bc50876B418e4D206D9530,GARAGE,641,MEDICAL_REPORT,5,READ,
w7,2025-12-19T15:11:23.127938Z,142.251,403,False,0x7C8B230898f07628a4f24e2D0ffe62373593dCce,POLICE,671,MEDICAL_REPORT,5,READ,
w4,2025-12-19T15:11:23.128331Z,142.565,403,False,0x290FAd62Cb657cBfDA616da814529a670cdad059,POLICE,510,MEDICAL_REPORT,5,READ,
w8,2025-12-19T15:11:23.128557Z,142.678,200,True,0x199baf9971453910adbCD45ae05Dc8f9B68fcB1f,INSURER,564,FNOL,4,READ,
w5,2025-12-19T15:11:23.128756Z,142.852,200,True,0xF09aBd729B48E734Ad684B93585E8D043D55c967,INSURER,65,VIDEO,2,READ,
w2,2025-12-19T15:11:23.128979Z,142.902,200,True,0x3d68C58ebB81123d1Ac10655857193A1cDee90CE,INSURER,215,VIDEO,2,READ,
w9,2025-12-19T15:11:23.129189Z,142.931,200,True,0x1F022FfD0700E02E8f01B8f05f539f8C7a0339bb,POLICE,149,VIDEO,2,READ,
w0,2025-12-19T15:11:23.129548Z,142.847,200,True,0xcA28195b12c3c8cB960d8423584ee9a8677BD158,POLICE,61,VIDEO,2,READ,
w6,2025-12-19T15:11:23.129744Z,142.943,200,True,0xf5d0314845FCf19022a28FeD6650e58CFc01f243,INSURER,834,TELEMATICS,3,READ,
w3,2025-12-19T15:11:23.129951Z,143.095,200,True,0x58f181cd636a8F0a8335240Efc4979212ff45341,INSURER,63,VIDEO,2,READ,
w7,2025-12-19T15:11:23.270203Z,157.044,200,True,0xf5d0314845FCf19022a28FeD6650e58CFc01f243,INSURER,82,VIDEO,2,READ,
w4,2025-12-19T15:11:23.270911Z,157.104,200,True,0xfd4Fc17438169bC1228EB21c2cb9b8DE1E97472a,INSURER,619,FNOL,4,READ,
w8,2025-12-19T15:11:23.271246Z,157.174,200,True,0x5ee06906aF52aEd2c884D505d3a0A7CA7513188D,INSURER,402,IMAGE,2,READ,
w5,2025-12-19T15:11:23.271621Z,157.172,403,False,0x520F6Be8B20312c8CA4bB2773000A94923A4FaE5,POLICE,953,OTHER,1,READ,
w2,2025-12-19T15:11:23.271893Z,157.250,200,True,0xCC05C551476CDbEfAd79Ed75427937b892aaFE9C,ADJUSTER,483,IMAGE,2,READ,
w9,2025-12-19T15:11:23.272130Z,157.451,200,True,0xD46492141A5F13412fa59e5F47Ce969c7954E752,INSURER,33,VIDEO,2,READ,
w0,2025-12-19T15:11:23.272406Z,157.579,200,True,0x8Dd96368f7a8216813107Fe89688AcaafE8Cb76D,INSURER,304,IMAGE,2,READ,
w6,2025-12-19T15:11:23.272698Z,157.663,200,True,0x6c2d9F1aEdB2C485CABAF82412f88d5303Fd7B73,GARAGE,455,IMAGE,2,READ,
w3,2025-12-19T15:11:23.273057Z,157.662,200,True,0x3495fF4A33D3b8aCCB512226B501122064b1e8fe,INSURER,453,IMAGE,2,READ,
w1,2025-12-19T15:11:23.269876Z,161.114,200,True,0x38C88185b74B534134345be38916483044075686,POLICE,293,IMAGE,2,READ,
w7,2025-12-19T15:11:23.427269Z,118.725,200,True,0x50Ed54bf40D96Fda59d7F83abE5551535d7938ac,COURT,775,TELEMATICS,3,READ,
w4,2025-12-19T15:11:23.428032Z,118.389,200,True,0x456F6DbE8aF9e05a1918B64f0Bd0690809b23E6B,INSURER,570,FNOL,4,READ,
w8,2025-12-19T15:11:23.428434Z,118.383,403,False,0xC586D6C2dc89b791ae2AA6ae054c2629891275e1,POLICE,935,OTHER,1,READ,
w5,2025-12-19T15:11:23.428807Z,118.359,200,True,0xE4A8571e1F142Bd99866AA9464c49517B2ac0E01,ADJUSTER,584,FNOL,4,READ,
w2,2025-12-19T15:11:23.429149Z,118.198,200,True,0x3d68C58ebB81123d1Ac10655857193A1cDee90CE,INSURER,94,VIDEO,2,READ,
w9,2025-12-19T15:11:23.429598Z,117.883,403,False,0x4BC2c2b671822006a9D592cdd2Db24e8Da3C6adf,GARAGE,39,VIDEO,2,READ,
w0,2025-12-19T15:11:23.429999Z,117.599,200,True,0x1Ab5D0f68133DA5E100635Bdf5030650cA2bE691,ADJUSTER,396,IMAGE,2,READ,
w6,2025-12-19T15:11:23.430375Z,117.332,200,True,0x69254de41949D1A246C5c1A168e5e8473D2d50f0,ADJUSTER,250,VIDEO,2,READ,
w3,2025-12-19T15:11:23.430731Z,117.084,200,True,0x0479AcE8E12E22b9751dF7542dd8f225c221EC34,ADJUSTER,433,IMAGE,2,READ,
w1,2025-12-19T15:11:23.431001Z,117.000,200,True,0x598405697b464FEbA8C76367b7C75C59D8BE2eCF,COURT,300,IMAGE,2,READ,
w4,2025-12-19T15:11:23.546432Z,149.086,200,True,0x73c07A746181c5256aC8EB8006fFbCF2239bEcC5,COURT,267,IMAGE,2,READ,
w8,2025-12-19T15:11:23.546827Z,148.997,200,True,0x520F6Be8B20312c8CA4bB2773000A94923A4FaE5,POLICE,285,IMAGE,2,READ,
w5,2025-12-19T15:11:23.547173Z,149.011,200,True,0x1F98dd762361D7256a816f8086AE6FfB657fa5bC,POLICE,229,VIDEO,2,READ,
w2,2025-12-19T15:11:23.547354Z,149.128,200,True,0x98eAB44F56Ae1f00C301517F1B6fCDb7a452D64b,ADJUSTER,482,IMAGE,2,READ,
w9,2025-12-19T15:11:23.547486Z,149.363,200,True,0x58f181cd636a8F0a8335240Efc4979212ff45341,INSURER,712,TELEMATICS,3,READ,
w0,2025-12-19T15:11:23.547603Z,149.579,200,True,0x466ec685AE894BAc153c11350FC488cAAa2C062E,INSURER,948,OTHER,1,READ,
w6,2025-12-19T15:11:23.547712Z,149.734,200,True,0x18BFB9A0Bf9293D0D3bf9F42bD6e7e7b300Dc391,COURT,956,OTHER,1,READ,
w3,2025-12-19T15:11:23.547820Z,149.842,403,False,0x415Ba7B0D983442D5407ABEF5Ebd8e9d2bB533B7,POLICE,790,TELEMATICS,3,READ,
w1,2025-12-19T15:11:23.548007Z,149.885,200,True,0x1Ab5D0f68133DA5E100635Bdf5030650cA2bE691,ADJUSTER,101,VIDEO,2,READ,
w7,2025-12-19T15:11:23.546013Z,152.129,200,True,0xC23BB727D3Ae6bD9cd90AC52ee26359F19176de3,INSURER,754,TELEMATICS,3,READ,
w4,2025-12-19T15:11:23.695530Z,110.719,200,True,0xACaaedBfb07404f2aAf0ccd6503B1529C1A48764,ADJUSTER,367,IMAGE,2,READ,
w8,2025-12-19T15:11:23.695832Z,110.759,200,True,0x50Ed54bf40D96Fda59d7F83abE5551535d7938ac,COURT,359,IMAGE,2,READ,
w5,2025-12-19T15:11:23.696194Z,110.784,200,True,0x73E42dF14ff21e7994A37802a292F71830CDA5aF,INSURER,39,VIDEO,2,READ,
w2,2025-12-19T15:11:23.696496Z,110.693,200,True,0xF09aBd729B48E734Ad684B93585E8D043D55c967,INSURER,580,MEDICAL_REPORT,5,READ,
w9,2025-12-19T15:11:23.696862Z,110.490,200,True,0x85C720Ae65eF1706A0cf41695a93A34E189D5Ea0,INSURER,980,OTHER,1,READ,
w0,2025-12-19T15:11:23.697193Z,110.290,200,True,0xD6e58dE85e171C0D6BB42Cf4a85fBa7C55ce5618,INSURER,301,IMAGE,2,READ,
w6,2025-12-19T15:11:23.697454Z,110.154,200,True,0xC23BB727D3Ae6bD9cd90AC52ee26359F19176de3,INSURER,737,TELEMATICS,3,READ,
w3,2025-12-19T15:11:23.697671Z,110.045,200,True,0x811FdDFb3340F34AB2b91C97AcB5FAeB6405847E,REGULATOR,292,IMAGE,2,READ,
w1,2025-12-19T15:11:23.697900Z,110.013,200,True,0xD3b3bd4ce4B597519FCE080Ce05805A99cC8C772,GARAGE,365,IMAGE,2,READ,
w7,2025-12-19T15:11:23.698148Z,109.891,200,True,0xC23BB727D3Ae6bD9cd90AC52ee26359F19176de3,INSURER,265,IMAGE,2,READ,
w8,2025-12-19T15:11:23.806601Z,179.352,403,False,0x59760590b1fCF3C846635ae6432DE56ef26298B8,GARAGE,23,VIDEO,2,READ,
w5,2025-12-19T15:11:23.806986Z,179.374,200,True,0x48f8656e15a2FC22Ccd6cDe7c56db39C1B62E770,POLICE,110,VIDEO,2,READ,
w2,2025-12-19T15:11:23.807195Z,179.405,200,True,0x07DA3024980d3B92Bcf6B8850A7C08F758B5F781,INSURER,102,VIDEO,2,READ,
w9,2025-12-19T15:11:23.807359Z,179.450,200,True,0x419d3b699AA38c218f3D84f0a3129a6383634f17,ADJUSTER,863,OTHER,1,READ,
w0,2025-12-19T15:11:23.807488Z,179.512,403,False,0x59760590b1fCF3C846635ae6432DE56ef26298B8,GARAGE,866,OTHER,1,READ,
w6,2025-12-19T15:11:23.807613Z,179.577,200,True,0x5CdF84465a68A1A9CEfe264b98c0701879D78982,INSURER,666,FNOL,4,READ,
w3,2025-12-19T15:11:23.807720Z,179.752,200,True,0x262C7B7B136C441fA055dA7F585a2Ab956c1123C,INSURER,700,MEDICAL_REPORT,5,READ,
w1,2025-12-19T15:11:23.807919Z,179.887,200,True,0x8Dd96368f7a8216813107Fe89688AcaafE8Cb76D,INSURER,547,MEDICAL_REPORT,5,READ,
w7,2025-12-19T15:11:23.808044Z,179.967,200,True,0x892Bc4E7F6D9a6aD507664d8A8EEB33b2544f3Ea,COURT,48,VIDEO,2,READ,
w4,2025-12-19T15:11:23.806262Z,181.936,200,True,0x46Adf75988C45FBD67a07651b6f684943428c17C,INSURER,647,MEDICAL_REPORT,5,READ,
w8,2025-12-19T15:11:23.985964Z,156.212,200,True,0x11652BF4c5D394F3a46E96f2bE659939a0f6a6ed,INSURER,804,TELEMATICS,3,READ,
w5,2025-12-19T15:11:23.986371Z,156.166,200,True,0xACaaedBfb07404f2aAf0ccd6503B1529C1A48764,ADJUSTER,869,OTHER,1,READ,
w2,2025-12-19T15:11:23.986609Z,156.317,200,True,0x93787a823E3D4Ae295F5a91C0e87325E40B3aa3F,REGULATOR,881,OTHER,1,READ,
w9,2025-12-19T15:11:23.986816Z,156.325,200,True,0x14E81fB79823D062AFEEC4B80e0bCCBE578d057e,REGULATOR,27,VIDEO,2,READ,
w0,2025-12-19T15:11:23.987007Z,156.332,403,False,0x28365792Da71bc8AcAD11a4393049d006EF2E972,GARAGE,582,MEDICAL_REPORT,5,READ,
w6,2025-12-19T15:11:23.987197Z,156.332,200,True,0xE1C502975CC15E22bC10c8a6e352061ef61bBc2A,COURT,944,OTHER,1,READ,
w3,2025-12-19T15:11:23.987513Z,156.216,200,True,0xD756c57480Ea623123AB3a5ad4445875E3309Ac6,INSURER,620,FNOL,4,READ,
w1,2025-12-19T15:11:23.987814Z,156.205,200,True,0xCdb11D137710f0a5234b9D3c040668B6D48e59d4,COURT,147,VIDEO,2,READ,
w7,2025-12-19T15:11:23.988019Z,156.195,200,True,0x46Adf75988C45FBD67a07651b6f684943428c17C,INSURER,967,OTHER,1,READ,
w4,2025-12-19T15:11:23.988204Z,156.208,200,True,0x8FA3c986B63dEd44ce62D4aC5b3b0F49FF447700,COURT,122,VIDEO,2,READ,
w5,2025-12-19T15:11:24.142547Z,147.337,403,False,0xC586D6C2dc89b791ae2AA6ae054c2629891275e1,POLICE,665,FNOL,4,READ,
w2,2025-12-19T15:11:24.142935Z,147.274,403,False,0x4BA98aed0F31F1E56A9bc733FD86aB30e5b88D0E,GARAGE,211,VIDEO,2,READ,
w9,2025-12-19T15:11:24.143149Z,147.301,403,False,0x84FDd0E1F145C20f9451b1eB751c26e76B3232d4,POLICE,860,OTHER,1,READ,
w0,2025-12-19T15:11:24.143348Z,147.436,200,True,0xE385ea618340FfE0d7c7e9EB25048F1c1E437F33,INSURER,351,IMAGE,2,READ,
w6,2025-12-19T15:11:24.143537Z,147.496,200,True,0xCaa6A1a26D28f97DEDD4f555dEd43bC607f78384,INSURER,17,VIDEO,2,READ,
w3,2025-12-19T15:11:24.143738Z,147.462,200,True,0xFf85d9d86E5E1a3792266E2a5BB970C470C1e0c5,COURT,732,TELEMATICS,3,READ,
w1,2025-12-19T15:11:24.144027Z,147.302,403,False,0x2B5dEec5325fd9befC139A2071d830B25FAd52Ef,GARAGE,696,MEDICAL_REPORT,5,READ,
w7,2025-12-19T15:11:24.144222Z,147.338,200,True,0x93787a823E3D4Ae295F5a91C0e87325E40B3aa3F,REGULATOR,213,VIDEO,2,READ,
w4,2025-12-19T15:11:24.144419Z,147.289,200,True,0xd86Fa5B280bf58C28aaE39fB535e0e965F0E285B,INSURER,443,IMAGE,2,READ,
w8,2025-12-19T15:11:24.142188Z,149.657,200,True,0x11F50254a88A6e26E6Bb5aAE8d74E52372B4270E,COURT,956,OTHER,1,READ,
w5,2025-12-19T15:11:24.289896Z,114.566,200,True,0xb8Fe0E775705824a50658ef111434567024d4310,REGULATOR,974,OTHER,1,READ,
w2,2025-12-19T15:11:24.290231Z,114.582,200,True,0x3116De7d4519B71BA014e7EF3e874D3a98B64A91,POLICE,297,IMAGE,2,READ,
w9,2025-12-19T15:11:24.290457Z,114.756,403,False,0x5173D7F8755FdF3d2f05C01D029A3Dc55EaC0476,POLICE,974,OTHER,1,READ,
w0,2025-12-19T15:11:24.290794Z,114.627,200,True,0x85C720Ae65eF1706A0cf41695a93A34E189D5Ea0,INSURER,527,MEDICAL_REPORT,5,READ,
w6,2025-12-19T15:11:24.291040Z,114.572,200,True,0x3E93709810FB754ab4D6A2487344dF504087996D,INSURER,313,IMAGE,2,READ,
w3,2025-12-19T15:11:24.291206Z,114.608,200,True,0x330f902fF463e2B611211Ccb44EF749E558Ba02a,INSURER,139,VIDEO,2,READ,
w1,2025-12-19T15:11:24.291336Z,114.684,200,True,0x065Fd3F8fcF30384f50eceBa324b1EF8411Fa759,COURT,455,IMAGE,2,READ,
w7,2025-12-19T15:11:24.291565Z,114.643,200,True,0x73E42dF14ff21e7994A37802a292F71830CDA5aF,INSURER,634,FNOL,4,READ,
w4,2025-12-19T15:11:24.291715Z,114.680,200,True,0x59760590b1fCF3C846635ae6432DE56ef26298B8,GARAGE,434,IMAGE,2,READ,
w8,2025-12-19T15:11:24.291851Z,114.719,200,True,0x4BA98aed0F31F1E56A9bc733FD86aB30e5b88D0E,GARAGE,336,IMAGE,2,READ,
w2,2025-12-19T15:11:24.404823Z,158.255,403,False,0xEcbE69567Cf42475FbE6Ea4523541e58C4d22957,GARAGE,599,MEDICAL_REPORT,5,READ,
w9,2025-12-19T15:11:24.405222Z,158.553,200,True,0x18BFB9A0Bf9293D0D3bf9F42bD6e7e7b300Dc391,COURT,429,IMAGE,2,READ,
w0,2025-12-19T15:11:24.405428Z,158.622,200,True,0x5cA86E3342DEA0C1a26C49f1a4fA40DeEeAFf8a8,INSURER,65,VIDEO,2,READ,
w6,2025-12-19T15:11:24.405620Z,158.647,200,True,0x955f7F1386d8d5FB12bc50876B418e4D206D9530,GARAGE,326,IMAGE,2,READ,
w3,2025-12-19T15:11:24.405822Z,158.588,200,True,0x456F6DbE8aF9e05a1918B64f0Bd0690809b23E6B,INSURER,237,VIDEO,2,READ,
w1,2025-12-19T15:11:24.406028Z,158.519,200,True,0xfd4Fc17438169bC1228EB21c2cb9b8DE1E97472a,INSURER,942,OTHER,1,READ,
w7,2025-12-19T15:11:24.406215Z,158.590,200,True,0x456F6DbE8aF9e05a1918B64f0Bd0690809b23E6B,INSURER,900,OTHER,1,READ,
w4,2025-12-19T15:11:24.406401Z,158.530,403,False,0x7C8B230898f07628a4f24e2D0ffe62373593dCce,POLICE,718,TELEMATICS,3,READ,
w8,2025-12-19T15:11:24.406577Z,158.525,200,True,0x81daFDe6F70ee2Fb93671DC220cC29F8205ACB57,INSURER,360,IMAGE,2,READ,
w5,2025-12-19T15:11:24.404475Z,160.748,403,False,0x5C63EFf960008F7F9783957f07533386097149ce,POLICE,666,FNOL,4,READ,
w2,2025-12-19T15:11:24.563102Z,111.949,200,True,0x57e02f30Dd15545B3A9eC4841D0D58Ee1D829414,GARAGE,263,IMAGE,2,READ,
w9,2025-12-19T15:11:24.563788Z,111.686,200,True,0x29950abd635aF427d5E2fF0DB9f6920fC915bC55,INSURER,493,IMAGE,2,READ,
w0,2025-12-19T15:11:24.564081Z,111.958,200,True,0x28606132Fb05B11eee1fa6ACe3CB39F3EFFFdCCe,ADJUSTER,824,TELEMATICS,3,READ,
w6,2025-12-19T15:11:24.564274Z,112.387,200,True,0x3a74Fec63a615BC94b9A47bEa6340935Ab155117,ADJUSTER,769,TELEMATICS,3,READ,
w3,2025-12-19T15:11:24.564416Z,112.588,200,True,0x0172115667882E73749128243A943873087c09D3,INSURER,271,IMAGE,2,READ,
w1,2025-12-19T15:11:24.564552Z,112.776,403,False,0xD3b3bd4ce4B597519FCE080Ce05805A99cC8C772,GARAGE,628,FNOL,4,READ,
w7,2025-12-19T15:11:24.564811Z,112.753,403,False,0xAB814b041AB343702D64556Fdb3a3C104daa0445,ADJUSTER,633,MEDICAL_REPORT,5,READ,
w4,2025-12-19T15:11:24.564937Z,112.849,403,False,0x59760590b1fCF3C846635ae6432DE56ef26298B8,GARAGE,210,VIDEO,2,READ,
w8,2025-12-19T15:11:24.565107Z,112.882,200,True,0x8Dd96368f7a8216813107Fe89688AcaafE8Cb76D,INSURER,784,TELEMATICS,3,READ,
w5,2025-12-19T15:11:24.565228Z,113.027,200,True,0x014E540c98B93f6ce2a6F2D7FE66BeD9a19f7bEC,ADJUSTER,202,VIDEO,2,READ,
w9,2025-12-19T15:11:24.675483Z,118.748,403,False,0x01891323537Ca8c745Cd76182c9eB81519eaC821,GARAGE,964,OTHER,1,READ,
w0,2025-12-19T15:11:24.676064Z,118.588,403,False,0xEcbE69567Cf42475FbE6Ea4523541e58C4d22957,GARAGE,608,FNOL,4,READ,
w6,2025-12-19T15:11:24.676681Z,118.364,200,True,0x330f902fF463e2B611211Ccb44EF749E558Ba02a,INSURER,888,OTHER,1,READ,
w3,2025-12-19T15:11:24.677022Z,118.246,403,False,0xB3e698A67fD5AEeB61b8bE389e7E917Bc2Ea032a,POLICE,778,TELEMATICS,3,READ,
w1,2025-12-19T15:11:24.677337Z,118.134,200,True,0x33F5a90B9400A21046089Aaf44319BA889B0B9ed,INSURER,967,OTHER,1,READ,
w7,2025-12-19T15:11:24.677573Z,118.102,200,True,0x598405697b464FEbA8C76367b7C75C59D8BE2eCF,COURT,687,FNOL,4,READ,
w4,2025-12-19T15:11:24.677793Z,118.621,200,True,0x46Adf75988C45FBD67a07651b6f684943428c17C,INSURER,967,OTHER,1,READ,
w8,2025-12-19T15:11:24.677997Z,118.722,200,True,0x955f7F1386d8d5FB12bc50876B418e4D206D9530,GARAGE,320,IMAGE,2,READ,
w5,2025-12-19T15:11:24.678263Z,118.715,200,True,0x3d9c5458418bD082b010C0F93c3b8FBF9826E0Bf,INSURER,441,IMAGE,2,READ,
w2,2025-12-19T15:11:24.675065Z,122.131,403,False,0x2B5dEec5325fd9befC139A2071d830B25FAd52Ef,GARAGE,865,OTHER,1,READ,
w9,2025-12-19T15:11:24.794247Z,144.080,200,True,0x955f7F1386d8d5FB12bc50876B418e4D206D9530,GARAGE,352,IMAGE,2,READ,
w0,2025-12-19T15:11:24.794662Z,144.116,200,True,0x685A29EE8A06E458E58A29d721dFB677cdF8a600,INSURER,237,VIDEO,2,READ,
w6,2025-12-19T15:11:24.795055Z,144.122,200,True,0x466ec685AE894BAc153c11350FC488cAAa2C062E,INSURER,363,IMAGE,2,READ,
w3,2025-12-19T15:11:24.795276Z,144.114,403,False,0xD261b62ccB398d8100234C5fD641c6D67B10C62B,GARAGE,669,FNOL,4,READ,
w1,2025-12-19T15:11:24.795480Z,144.120,200,True,0xA75Af013B9CBdf4322e0c459A2fB8B708fbB8Ddc,POLICE,284,IMAGE,2,READ,
w7,2025-12-19T15:11:24.795683Z,144.137,200,True,0xd6f5696C80b8cb2D4AAaFdaf8E7C266cf4af4538,COURT,113,VIDEO,2,READ,
w4,2025-12-19T15:11:24.796423Z,143.590,200,True,0xAB814b041AB343702D64556Fdb3a3C104daa0445,ADJUSTER,801,TELEMATICS,3,READ,
w8,2025-12-19T15:11:24.796730Z,143.581,403,False,0x59A67A1183C69AAf8Fe3D746D569392b7d4A5035,ADJUSTER,635,MEDICAL_REPORT,5,READ,
w5,2025-12-19T15:11:24.796988Z,143.521,200,True,0x8Dd96368f7a8216813107Fe89688AcaafE8Cb76D,INSURER,21,VIDEO,2,READ,
w2,2025-12-19T15:11:24.797204Z,143.490,403,False,0xEcbE69567Cf42475FbE6Ea4523541e58C4d22957,GARAGE,160,VIDEO,2,READ,
w0,2025-12-19T15:11:24.938789Z,135.992,200,True,0x81A893236EFCdC58F1f9421b59Ee21eb7e38f8FB,INSURER,76,VIDEO,2,READ,
w6,2025-12-19T15:11:24.939186Z,136.041,200,True,0x014E540c98B93f6ce2a6F2D7FE66BeD9a19f7bEC,ADJUSTER,501,FNOL,4,READ,
w3,2025-12-19T15:11:24.939398Z,136.280,200,True,0x6B97e16D77504562cB9392834019252f4057F4D5,POLICE,272,IMAGE,2,READ,
w1,2025-12-19T15:11:24.939608Z,136.312,200,True,0x6032b722b48DC8717A2C437485f2D3d264BD803B,ADJUSTER,116,VIDEO,2,READ,
w7,2025-12-19T15:11:24.939828Z,136.316,200,True,0x69254de41949D1A246C5c1A168e5e8473D2d50f0,ADJUSTER,277,IMAGE,2,READ,
w4,2025-12-19T15:11:24.940021Z,136.347,200,True,0x3D8B37E283940B186f3d817371AE9834E2836f7f,GARAGE,441,IMAGE,2,READ,
w8,2025-12-19T15:11:24.940319Z,136.240,200,True,0x09596bf36cE63dABDeB58d68a52792B7BA13ba84,ADJUSTER,313,IMAGE,2,READ,
w5,2025-12-19T15:11:24.940517Z,136.338,200,True,0x82B01EfD510Bee8680730EEf777526b020e2398B,INSURER,268,IMAGE,2,READ,
w2,2025-12-19T15:11:24.940701Z,136.374,200,True,0xBeBf134906e0FCcd85b0D99a4626a7B8584e742c,ADJUSTER,703,TELEMATICS,3,READ,
w9,2025-12-19T15:11:24.938341Z,138.926,200,True,0x67A9BC3Fb3B4a392C223A8C644B48346b9Ca5128,COURT,207,VIDEO,2,READ,
w0,2025-12-19T15:11:25.074796Z,148.693,200,True,0x4395153bc7Ac8ebD080b3C98FE634fcA40E5609F,COURT,618,MEDICAL_REPORT,5,READ,
w6,2025-12-19T15:11:25.075238Z,148.628,200,True,0xD1ce8183cCf94d1494c99DFC523Af7Bd51494E8d,INSURER,349,IMAGE,2,READ,
w3,2025-12-19T15:11:25.075688Z,148.642,200,True,0x1EBe67547Da63652edcAE7c36347A6d05ef27c1C,POLICE,164,VIDEO,2,READ,
w1,2025-12-19T15:11:25.075928Z,148.621,200,True,0xAA49CCe569366189355225212a2EA06B8172Fa22,ADJUSTER,765,TELEMATICS,3,READ,
w7,2025-12-19T15:11:25.076152Z,148.552,200,True,0x3308795A526382DB26cF04047fE2bBd4F56E6CE7,COURT,552,MEDICAL_REPORT,5,READ,
w4,2025-12-19T15:11:25.076375Z,148.462,200,True,0xd963E5e27CB9872abc2Fbed9107c373Aa59583a4,INSURER,766,TELEMATICS,3,READ,
w8,2025-12-19T15:11:25.076567Z,148.400,200,True,0xD21eB53384cE472F3DE7527DC9A5820dA80bBB01,INSURER,182,VIDEO,2,READ,
w5,2025-12-19T15:11:25.076863Z,148.216,403,False,0x996644d2075D6c96FEB649879534dFAb933903f6,GARAGE,726,TELEMATICS,3,READ,
w2,2025-12-19T15:11:25.077082Z,148.106,200,True,0x4f464925226709cf94C01633A1f468E106AD6413,INSURER,277,IMAGE,2,READ,
w9,2025-12-19T15:11:25.077276Z,148.061,200,True,0xFeC4882fEAf263ac0fD1b9B4271dD1852B413584,INSURER,916,OTHER,1,READ,
w6,2025-12-19T15:11:25.223876Z,150.600,200,True,0xC6Ffd174B730f05f52aF93e216103D6C7464cc96,INSURER,510,MEDICAL_REPORT,5,READ,
w3,2025-12-19T15:11:25.224339Z,150.431,403,False,0xC586D6C2dc89b791ae2AA6ae054c2629891275e1,POLICE,639,MEDICAL_REPORT,5,READ,
w1,2025-12-19T15:11:25.224556Z,150.496,200,True,0xC5f6e3512D3B1133da1f88159fDf63dC9f2d43FB,ADJUSTER,393,IMAGE,2,READ,
w7,2025-12-19T15:11:25.224709Z,150.501,200,True,0x11652BF4c5D394F3a46E96f2bE659939a0f6a6ed,INSURER,430,IMAGE,2,READ,
w4,2025-12-19T15:11:25.224842Z,150.501,200,True,0x182C98818C6b29Ff23d7d1d9766e1B1dEB1aBAeB,INSURER,991,OTHER,1,READ,
w8,2025-12-19T15:11:25.224974Z,150.483,403,False,0xafA5Afd00Ec5464DAf96FCe2b09f4e4e157F4A67,POLICE,578,FNOL,4,READ,
w5,2025-12-19T15:11:25.225084Z,150.592,200,True,0x182C98818C6b29Ff23d7d1d9766e1B1dEB1aBAeB,INSURER,728,TELEMATICS,3,READ,
w2,2025-12-19T15:11:25.225193Z,150.607,200,True,0x82B01EfD510Bee8680730EEf777526b020e2398B,INSURER,90,VIDEO,2,READ,
w9,2025-12-19T15:11:25.225343Z,150.583,200,True,0x4395153bc7Ac8ebD080b3C98FE634fcA40E5609F,COURT,889,OTHER,1,READ,
w0,2025-12-19T15:11:25.223502Z,152.557,200,True,0x93787a823E3D4Ae295F5a91C0e87325E40B3aa3F,REGULATOR,136,VIDEO,2,READ,
w6,2025-12-19T15:11:25.374488Z,156.496,200,True,0x81A893236EFCdC58F1f9421b59Ee21eb7e38f8FB,INSURER,793,TELEMATICS,3,READ,
w3,2025-12-19T15:11:25.374779Z,156.635,200,True,0x567dccd668D18B4ACd8A2795151edB162Bc34767,ADJUSTER,991,OTHER,1,READ,
w1,2025-12-19T15:11:25.375059Z,156.738,200,True,0x29Da547ffD477d0d4628d547368EcFDF73054469,ADJUSTER,719,TELEMATICS,3,READ,
w7,2025-12-19T15:11:25.375216Z,156.800,200,True,0xE056D0a60EfEE3e1642D5B2129E2bbBdAf22444c,INSURER,24,VIDEO,2,READ,
w4,2025-12-19T15:11:25.375349Z,156.934,200,True,0xC5f6e3512D3B1133da1f88159fDf63dC9f2d43FB,ADJUSTER,668,FNOL,4,READ,
w8,2025-12-19T15:11:25.375462Z,157.040,200,True,0xfd4Fc17438169bC1228EB21c2cb9b8DE1E97472a,INSURER,210,VIDEO,2,READ,
w5,2025-12-19T15:11:25.375681Z,157.018,200,True,0x18BFB9A0Bf9293D0D3bf9F42bD6e7e7b300Dc391,COURT,390,IMAGE,2,READ,
w2,2025-12-19T15:11:25.375807Z,157.194,200,True,0xCaa6A1a26D28f97DEDD4f555dEd43bC607f78384,INSURER,40,VIDEO,2,READ,
w9,2025-12-19T15:11:25.375929Z,157.272,200,True,0x199baf9971453910adbCD45ae05Dc8f9B68fcB1f,INSURER,991,OTHER,1,READ,
w0,2025-12-19T15:11:25.376063Z,157.335,200,True,0x3E93709810FB754ab4D6A2487344dF504087996D,INSURER,823,TELEMATICS,3,READ,
w3,2025-12-19T15:11:25.531425Z,114.049,200,True,0x5e3B546a11dc657CdFa106cd26E2211ee451c0d7,INSURER,180,VIDEO,2,READ,
w1,2025-12-19T15:11:25.531805Z,114.088,200,True,0xe9b50040eeAA45F16fd24222f4a97482737f6C8A,ADJUSTER,740,TELEMATICS,3,READ,
w7,2025-12-19T15:11:25.532024Z,114.323,200,True,0x93787a823E3D4Ae295F5a91C0e87325E40B3aa3F,REGULATOR,464,IMAGE,2,READ,
w4,2025-12-19T15:11:25.532291Z,114.412,200,True,0x3308795A526382DB26cF04047fE2bBd4F56E6CE7,COURT,554,MEDICAL_REPORT,5,READ,
w8,2025-12-19T15:11:25.532510Z,114.405,200,True,0x5173D7F8755FdF3d2f05C01D029A3Dc55EaC0476,POLICE,164,VIDEO,2,READ,
w5,2025-12-19T15:11:25.532706Z,114.442,200,True,0x8FA3c986B63dEd44ce62D4aC5b3b0F49FF447700,COURT,424,IMAGE,2,READ,
w2,2025-12-19T15:11:25.533009Z,114.347,200,True,0x415Ba7B0D983442D5407ABEF5Ebd8e9d2bB533B7,POLICE,313,IMAGE,2,READ,
w9,2025-12-19T15:11:25.533209Z,114.452,403,False,0x955f7F1386d8d5FB12bc50876B418e4D206D9530,GARAGE,753,TELEMATICS,3,READ,
w0,2025-12-19T15:11:25.533406Z,114.460,200,True,0x630ba53C12B20a6EBd04Eb0819a24b1f8C554A01,INSURER,84,VIDEO,2,READ,
w6,2025-12-19T15:11:25.531000Z,117.027,200,True,0x51A2465dc26f17e37524f93494A8409715ACc9c2,INSURER,421,IMAGE,2,READ,
w3,2025-12-19T15:11:25.645490Z,141.567,200,True,0x48c487f18ce4aAFcf592B2eC3611eAa7B1C85918,ADJUSTER,437,IMAGE,2,READ,
w1,2025-12-19T15:11:25.645904Z,141.459,403,False,0x3D8B37E283940B186f3d817371AE9834E2836f7f,GARAGE,67,VIDEO,2,READ,
w7,2025-12-19T15:11:25.646360Z,141.306,200,True,0x330f902fF463e2B611211Ccb44EF749E558Ba02a,INSURER,730,TELEMATICS,3,READ,
w4,2025-12-19T15:11:25.646713Z,141.104,403,False,0x8D21394c336D57f89564705Aa61307561b63E310,POLICE,570,FNOL,4,READ,
w8,2025-12-19T15:11:25.646923Z,141.035,200,True,0xD46492141A5F13412fa59e5F47Ce969c7954E752,INSURER,336,IMAGE,2,READ,
w5,2025-12-19T15:11:25.647156Z,141.061,200,True,0x1F022FfD0700E02E8f01B8f05f539f8C7a0339bb,POLICE,260,IMAGE,2,READ,
w2,2025-12-19T15:11:25.647363Z,140.978,200,True,0x598405697b464FEbA8C76367b7C75C59D8BE2eCF,COURT,14,VIDEO,2,READ,
w9,2025-12-19T15:11:25.647668Z,140.784,200,True,0x38C88185b74B534134345be38916483044075686,POLICE,219,VIDEO,2,READ,
w0,2025-12-19T15:11:25.647873Z,140.715,200,True,0x1F022FfD0700E02E8f01B8f05f539f8C7a0339bb,POLICE,71,VIDEO,2,READ,
w6,2025-12-19T15:11:25.648033Z,140.743,200,True,0x58f181cd636a8F0a8335240Efc4979212ff45341,INSURER,37,VIDEO,2,READ,
w1,2025-12-19T15:11:25.787371Z,137.717,403,False,0xC586D6C2dc89b791ae2AA6ae054c2629891275e1,POLICE,929,OTHER,1,READ,
w7,2025-12-19T15:11:25.787673Z,137.800,200,True,0x3A995E7B23E0Fe0f9a5537f57AA80BACa529eFC4,INSURER,649,MEDICAL_REPORT,5,READ,
w4,2025-12-19T15:11:25.787823Z,137.867,200,True,0x89cb551204456FFCd8e595feE394120dD047b57A,INSURER,873,OTHER,1,READ,
w8,2025-12-19T15:11:25.787966Z,137.920,200,True,0xF88a95Dd8B84AF76941627AA419BEFc507d88125,ADJUSTER,726,TELEMATICS,3,READ,
w5,2025-12-19T15:11:25.788228Z,137.832,200,True,0x8Dd96368f7a8216813107Fe89688AcaafE8Cb76D,INSURER,796,TELEMATICS,3,READ,
w2,2025-12-19T15:11:25.788345Z,137.854,200,True,0x85C720Ae65eF1706A0cf41695a93A34E189D5Ea0,INSURER,896,OTHER,1,READ,
w9,2025-12-19T15:11:25.788457Z,137.966,200,True,0x8D21394c336D57f89564705Aa61307561b63E310,POLICE,177,VIDEO,2,READ,
w0,2025-12-19T15:11:25.788592Z,138.013,403,False,0xEcbE69567Cf42475FbE6Ea4523541e58C4d22957,GARAGE,903,OTHER,1,READ,
w6,2025-12-19T15:11:25.788784Z,138.073,200,True,0xb8Fe0E775705824a50658ef111434567024d4310,REGULATOR,975,OTHER,1,READ,
w3,2025-12-19T15:11:25.787069Z,139.962,200,True,0x469Bf06C8a44e5E2Bb2752C29B92d88DCA076B8a,POLICE,38,VIDEO,2,READ,
w1,2025-12-19T15:11:25.925100Z,149.818,403,False,0x3116De7d4519B71BA014e7EF3e874D3a98B64A91,POLICE,531,MEDICAL_REPORT,5,READ,
w7,2025-12-19T15:11:25.925483Z,149.764,200,True,0x29950abd635aF427d5E2fF0DB9f6920fC915bC55,INSURER,272,IMAGE,2,READ,
w4,2025-12-19T15:11:25.925698Z,149.867,200,True,0xD1ce8183cCf94d1494c99DFC523Af7Bd51494E8d,INSURER,53,VIDEO,2,READ,
w8,2025-12-19T15:11:25.925893Z,149.828,200,True,0xD1ce8183cCf94d1494c99DFC523Af7Bd51494E8d,INSURER,668,FNOL,4,READ,
w5,2025-12-19T15:11:25.926066Z,149.802,403,False,0x6B97e16D77504562cB9392834019252f4057F4D5,POLICE,877,OTHER,1,READ,
w2,2025-12-19T15:11:25.926204Z,149.792,200,True,0x0172115667882E73749128243A943873087c09D3,INSURER,434,IMAGE,2,READ,
w9,2025-12-19T15:11:25.926431Z,149.667,200,True,0x5173D7F8755FdF3d2f05C01D029A3Dc55EaC0476,POLICE,135,VIDEO,2,READ,
w0,2025-12-19T15:11:25.926612Z,149.585,200,True,0x456F6DbE8aF9e05a1918B64f0Bd0690809b23E6B,INSURER,835,TELEMATICS,3,READ,
w6,2025-12-19T15:11:25.926865Z,149.434,200,True,0x84FDd0E1F145C20f9451b1eB751c26e76B3232d4,POLICE,81,VIDEO,2,READ,
w3,2025-12-19T15:11:25.927037Z,149.408,200,True,0xFeC4882fEAf263ac0fD1b9B4271dD1852B413584,INSURER,937,OTHER,1,READ,
w7,2025-12-19T15:11:26.075257Z,101.963,200,True,0x0AbFb230511189A840157bF7FcA43b1b69338dC6,POLICE,487,IMAGE,2,READ,
w4,2025-12-19T15:11:26.075572Z,101.951,403,False,0x5173D7F8755FdF3d2f05C01D029A3Dc55EaC0476,POLICE,953,OTHER,1,READ,
w8,2025-12-19T15:11:26.075727Z,102.125,200,True,0x85C720Ae65eF1706A0cf41695a93A34E189D5Ea0,INSURER,817,TELEMATICS,3,READ,
w5,2025-12-19T15:11:26.075875Z,102.200,200,True,0xACaaedBfb07404f2aAf0ccd6503B1529C1A48764,ADJUSTER,984,OTHER,1,READ,
w2,2025-12-19T15:11:26.076000Z,102.318,403,False,0x0AbFb230511189A840157bF7FcA43b1b69338dC6,POLICE,876,OTHER,1,READ,
w9,2025-12-19T15:11:26.076103Z,102.452,200,True,0x5C63EFf960008F7F9783957f07533386097149ce,POLICE,100,VIDEO,2,READ,
w0,2025-12-19T15:11:26.076201Z,102.539,200,True,0x456F6DbE8aF9e05a1918B64f0Bd0690809b23E6B,INSURER,911,OTHER,1,READ,
w6,2025-12-19T15:11:26.076304Z,102.675,200,True,0x8Dd96368f7a8216813107Fe89688AcaafE8Cb76D,INSURER,581,MEDICAL_REPORT,5,READ,
w3,2025-12-19T15:11:26.076450Z,102.737,200,True,0x476ad4Ce50BbD6624855e3d1e12E6cC23654359A,INSURER,734,TELEMATICS,3,READ,
w1,2025-12-19T15:11:26.074931Z,104.571,403,False,0xCF5E79F0E2BFC3eb5fe4aB0975E9F0eEc50b54E3,GARAGE,103,VIDEO,2,READ,
w7,2025-12-19T15:11:26.177231Z,105.461,200,True,0x1EBe67547Da63652edcAE7c36347A6d05ef27c1C,POLICE,316,IMAGE,2,READ,
w4,2025-12-19T15:11:26.177533Z,105.606,200,True,0x7B678e542Dec17ab096b423D15262dcD9B8c11D8,POLICE,164,VIDEO,2,READ,
w8,2025-12-19T15:11:26.177860Z,105.703,200,True,0x78273aa663aa16C08590efF5582bb4C9DD30Bb95,INSURER,279,IMAGE,2,READ,
w5,2025-12-19T15:11:26.178084Z,105.732,403,False,0xC586D6C2dc89b791ae2AA6ae054c2629891275e1,POLICE,771,TELEMATICS,3,READ,
w2,2025-12-19T15:11:26.178329Z,105.685,200,True,0x567dccd668D18B4ACd8A2795151edB162Bc34767,ADJUSTER,571,FNOL,4,READ,
w9,2025-12-19T15:11:26.178563Z,105.668,200,True,0xa814b4D02E07Daa3235ffc1E4752eCF8f6C2D8d8,ADJUSTER,379,IMAGE,2,READ,
w0,2025-12-19T15:11:26.178749Z,105.801,403,False,0x84FDd0E1F145C20f9451b1eB751c26e76B3232d4,POLICE,707,TELEMATICS,3,READ,
w6,2025-12-19T15:11:26.178989Z,105.758,200,True,0xB3e698A67fD5AEeB61b8bE389e7E917Bc2Ea032a,POLICE,214,VIDEO,2,READ,
w3,2025-12-19T15:11:26.179197Z,105.739,403,False,0x6c2d9F1aEdB2C485CABAF82412f88d5303Fd7B73,GARAGE,630,MEDICAL_REPORT,5,READ,
w1,2025-12-19T15:11:26.179514Z,105.618,200,True,0x933be1Be0aF68b62934fE96ADB1AB2Ee1C47B4F0,INSURER,307,IMAGE,2,READ,
w7,2025-12-19T15:11:26.282707Z,141.971,403,False,0x786da68d54Be22366903D370c34910372Db174c9,POLICE,512,FNOL,4,READ,
w4,2025-12-19T15:11:26.283151Z,141.862,200,True,0xAF3C604AE7a9E247C368331a22270415269Ef10d,INSURER,656,MEDICAL_REPORT,5,READ,
w8,2025-12-19T15:11:26.283574Z,141.784,200,True,0x1Ab5D0f68133DA5E100635Bdf5030650cA2bE691,ADJUSTER,195,VIDEO,2,READ,
w5,2025-12-19T15:11:26.283823Z,141.690,200,True,0x14E81fB79823D062AFEEC4B80e0bCCBE578d057e,REGULATOR,795,TELEMATICS,3,READ,
w2,2025-12-19T15:11:26.284022Z,141.632,403,False,0x2B5dEec5325fd9befC139A2071d830B25FAd52Ef,GARAGE,121,VIDEO,2,READ,
w9,2025-12-19T15:11:26.284238Z,141.538,200,True,0x3d68C58ebB81123d1Ac10655857193A1cDee90CE,INSURER,964,OTHER,1,READ,
w0,2025-12-19T15:11:26.284557Z,141.367,200,True,0x11652BF4c5D394F3a46E96f2bE659939a0f6a6ed,INSURER,938,OTHER,1,READ,
w6,2025-12-19T15:11:26.284755Z,141.279,200,True,0x955f7F1386d8d5FB12bc50876B418e4D206D9530,GARAGE,358,IMAGE,2,READ,
w3,2025-12-19T15:11:26.284944Z,141.195,403,False,0x5C63EFf960008F7F9783957f07533386097149ce,POLICE,753,TELEMATICS,3,READ,
w1,2025-12-19T15:11:26.285139Z,141.186,200,True,0xCe3b338346378767324b87Cb888eC3F1d6d34940,POLICE,26,VIDEO,2,READ,
w4,2025-12-19T15:11:26.425022Z,140.212,200,True,0x73E42dF14ff21e7994A37802a292F71830CDA5aF,INSURER,347,IMAGE,2,READ,
w8,2025-12-19T15:11:26.425366Z,140.422,200,True,0x28365792Da71bc8AcAD11a4393049d006EF2E972,GARAGE,484,IMAGE,2,READ,
w5,2025-12-19T15:11:26.425518Z,140.600,200,True,0x14E81fB79823D062AFEEC4B80e0bCCBE578d057e,REGULATOR,273,IMAGE,2,READ,
w2,2025-12-19T15:11:26.425659Z,140.691,200,True,0x262C7B7B136C441fA055dA7F585a2Ab956c1123C,INSURER,296,IMAGE,2,READ,
w9,2025-12-19T15:11:26.425783Z,140.733,200,True,0xCC05C551476CDbEfAd79Ed75427937b892aaFE9C,ADJUSTER,253,IMAGE,2,READ,
w0,2025-12-19T15:11:26.425930Z,140.839,403,False,0xd132a79Ca7Be8caaC9A27467EB9B65F7cBD6F50E,ADJUSTER,649,MEDICAL_REPORT,5,READ,
w6,2025-12-19T15:11:26.426039Z,140.872,200,True,0xBdfeA99CC2B9e09E4A7e6C7B14808189488E3985,COURT,725,TELEMATICS,3,READ,
w3,2025-12-19T15:11:26.426143Z,140.995,200,True,0x436f253A31aB81e4427747050f42C4907a6C388D,ADJUSTER,294,IMAGE,2,READ,
w1,2025-12-19T15:11:26.426331Z,140.974,200,True,0x567dccd668D18B4ACd8A2795151edB162Bc34767,ADJUSTER,467,IMAGE,2,READ,
w7,2025-12-19T15:11:26.424690Z,142.737,200,True,0xC6Ffd174B730f05f52aF93e216103D6C7464cc96,INSURER,132,VIDEO,2,READ,
w4,2025-12-19T15:11:26.565251Z,153.607,200,True,0x0520cA4f9c2359a2d1cc1B072e4dA8A3587C2088,INSURER,806,TELEMATICS,3,READ,
w8,2025-12-19T15:11:26.565799Z,153.374,200,True,0xCdb11D137710f0a5234b9D3c040668B6D48e59d4,COURT,600,MEDICAL_REPORT,5,READ,
w5,2025-12-19T15:11:26.566129Z,153.232,200,True,0x38C88185b74B534134345be38916483044075686,POLICE,243,VIDEO,2,READ,
w2,2025-12-19T15:11:26.566359Z,153.266,200,True,0xfd4Fc17438169bC1228EB21c2cb9b8DE1E97472a,INSURER,362,IMAGE,2,READ,
w9,2025-12-19T15:11:26.566524Z,153.302,200,True,0x8Dd96368f7a8216813107Fe89688AcaafE8Cb76D,INSURER,612,MEDICAL_REPORT,5,READ,
w0,2025-12-19T15:11:26.566775Z,153.355,200,True,0xeD60C4758Fab078c38685EeEF9692D8Fa4F3dDB9,INSURER,753,TELEMATICS,3,READ,
w6,2025-12-19T15:11:26.566917Z,153.560,200,True,0xAB814b041AB343702D64556Fdb3a3C104daa0445,ADJUSTER,490,IMAGE,2,READ,
w3,2025-12-19T15:11:26.567143Z,153.625,200,True,0x3db0bD968176A243AC81C5c8Cf02Cf429b04dD57,COURT,309,IMAGE,2,READ,
w1,2025-12-19T15:11:26.567310Z,153.701,403,False,0xD3b3bd4ce4B597519FCE080Ce05805A99cC8C772,GARAGE,228,VIDEO,2,READ,
w7,2025-12-19T15:11:26.567432Z,153.816,200,True,0xeaD317253F31780B00e0Ef360b1ade2Fb83c2b3E,INSURER,360,IMAGE,2,READ,
w8,2025-12-19T15:11:26.719181Z,125.051,403,False,0x57e02f30Dd15545B3A9eC4841D0D58Ee1D829414,GARAGE,32,VIDEO,2,READ,
w5,2025-12-19T15:11:26.719367Z,125.252,200,True,0xFeC4882fEAf263ac0fD1b9B4271dD1852B413584,INSURER,402,IMAGE,2,READ,
w2,2025-12-19T15:11:26.719631Z,125.181,200,True,0xfd4Fc17438169bC1228EB21c2cb9b8DE1E97472a,INSURER,820,TELEMATICS,3,READ,
w9,2025-12-19T15:11:26.719838Z,125.119,200,True,0x685A29EE8A06E458E58A29d721dFB677cdF8a600,INSURER,114,VIDEO,2,READ,
w0,2025-12-19T15:11:26.720142Z,124.943,200,True,0x262C7B7B136C441fA055dA7F585a2Ab956c1123C,INSURER,993,OTHER,1,READ,
w6,2025-12-19T15:11:26.720490Z,124.776,403,False,0xEcbE69567Cf42475FbE6Ea4523541e58C4d22957,GARAGE,889,OTHER,1,READ,
w3,2025-12-19T15:11:26.720778Z,124.650,200,True,0xC6Ffd174B730f05f52aF93e216103D6C7464cc96,INSURER,364,IMAGE,2,READ,
w1,2025-12-19T15:11:26.721022Z,124.604,200,True,0x81daFDe6F70ee2Fb93671DC220cC29F8205ACB57,INSURER,387,IMAGE,2,READ,
w7,2025-12-19T15:11:26.721260Z,124.495,200,True,0x59A67A1183C69AAf8Fe3D746D569392b7d4A5035,ADJUSTER,374,IMAGE,2,READ,
w4,2025-12-19T15:11:26.718868Z,127.007,200,True,0x27158a264fdA9698B85485706B47BBC87Fa6Db4b,ADJUSTER,220,VIDEO,2,READ,
w8,2025-12-19T15:11:26.844249Z,140.695,200,True,0x4395153bc7Ac8ebD080b3C98FE634fcA40E5609F,COURT,586,FNOL,4,READ,
w5,2025-12-19T15:11:26.844630Z,140.641,200,True,0x467316319C6B5f391c5a6B3b0190d4209202fC25,ADJUSTER,363,IMAGE,2,READ,
w2,2025-12-19T15:11:26.844819Z,140.754,200,True,0x3db0bD968176A243AC81C5c8Cf02Cf429b04dD57,COURT,196,VIDEO,2,READ,
w9,2025-12-19T15:11:26.844963Z,140.760,200,True,0x14E81fB79823D062AFEEC4B80e0bCCBE578d057e,REGULATOR,602,MEDICAL_REPORT,5,READ,
w0,2025-12-19T15:11:26.845090Z,140.758,200,True,0x2875Aa8C20c095495Ab5d6A1aBE2E2b07077dF55,INSURER,351,IMAGE,2,READ,
w6,2025-12-19T15:11:26.845273Z,140.699,200,True,0x1EBe67547Da63652edcAE7c36347A6d05ef27c1C,POLICE,417,IMAGE,2,READ,
w3,2025-12-19T15:11:26.845434Z,140.686,200,True,0x12DF904699208278b4355b568d47De4F2c9646fe,INSURER,916,OTHER,1,READ,
w1,2025-12-19T15:11:26.845632Z,140.599,200,True,0x07DA3024980d3B92Bcf6B8850A7C08F758B5F781,INSURER,261,IMAGE,2,READ,
w7,2025-12-19T15:11:26.845769Z,140.638,200,True,0x78b99D5D04232b9650d619DBa5F5600a9242A472,INSURER,827,TELEMATICS,3,READ,
w4,2025-12-19T15:11:26.845880Z,140.635,403,False,0x01891323537Ca8c745Cd76182c9eB81519eaC821,GARAGE,914,OTHER,1,READ,
w5,2025-12-19T15:11:26.985280Z,126.560,403,False,0xC5f6e3512D3B1133da1f88159fDf63dC9f2d43FB,ADJUSTER,511,MEDICAL_REPORT,5,READ,
w2,2025-12-19T15:11:26.985579Z,126.692,403,False,0x4BC2c2b671822006a9D592cdd2Db24e8Da3C6adf,GARAGE,785,TELEMATICS,3,READ,
w9,2025-12-19T15:11:26.985728Z,127.260,200,True,0x40fca3Fa04d657c9879B638C57A2a70683E3efED,REGULATOR,877,OTHER,1,READ,
w0,2025-12-19T15:11:26.985852Z,127.453,403,False,0x290FAd62Cb657cBfDA616da814529a670cdad059,POLICE,623,FNOL,4,READ,
w6,2025-12-19T15:11:26.985979Z,127.619,200,True,0x07DA3024980d3B92Bcf6B8850A7C08F758B5F781,INSURER,450,IMAGE,2,READ,
w3,2025-12-19T15:11:26.986125Z,127.743,200,True,0x077f45EB3eB6027C0D05Ab77CAC4D29c46cb3a6E,INSURER,997,OTHER,1,READ,
w1,2025-12-19T15:11:26.986235Z,127.867,200,True,0x2ee7F051BB940423f554ea44742f7c4c8C20Ea59,INSURER,115,VIDEO,2,READ,
w7,2025-12-19T15:11:26.986412Z,128.135,200,True,0xFeC4882fEAf263ac0fD1b9B4271dD1852B413584,INSURER,889,OTHER,1,READ,
w4,2025-12-19T15:11:26.986521Z,128.304,403,False,0x4BA98aed0F31F1E56A9bc733FD86aB30e5b88D0E,GARAGE,555,MEDICAL_REPORT,5,READ,
w8,2025-12-19T15:11:26.984955Z,130.168,200,True,0x9F6d6682cb1957F9585F9b8AC3469E4D767600D6,INSURER,887,OTHER,1,READ,
w5,2025-12-19T15:11:27.111856Z,122.140,403,False,0x0Bc81E8481993A5F61D3011a142E1510de00ECae,GARAGE,845,TELEMATICS,3,READ,
w2,2025-12-19T15:11:27.112283Z,122.041,200,True,0xBCb233Ef85EC11C88E20Ea53Bb47f454d116FBe3,ADJUSTER,914,OTHER,1,READ,
w9,2025-12-19T15:11:27.113001Z,121.641,200,True,0xCe3b338346378767324b87Cb888eC3F1d6d34940,POLICE,48,VIDEO,2,READ,
w0,2025-12-19T15:11:27.113317Z,121.466,200,True,0xE056D0a60EfEE3e1642D5B2129E2bbBdAf22444c,INSURER,74,VIDEO,2,READ,
w6,2025-12-19T15:11:27.113607Z,121.401,200,True,0x014E540c98B93f6ce2a6F2D7FE66BeD9a19f7bEC,ADJUSTER,675,FNOL,4,READ,
w3,2025-12-19T15:11:27.113877Z,121.327,200,True,0x11F50254a88A6e26E6Bb5aAE8d74E52372B4270E,COURT,27,VIDEO,2,READ,
w1,2025-12-19T15:11:27.114111Z,121.359,200,True,0x415Ba7B0D983442D5407ABEF5Ebd8e9d2bB533B7,POLICE,47,VIDEO,2,READ,
w7,2025-12-19T15:11:27.114558Z,121.149,200,True,0x27158a264fdA9698B85485706B47BBC87Fa6Db4b,ADJUSTER,637,FNOL,4,READ,
w4,2025-12-19T15:11:27.114833Z,121.040,200,True,0x415Ba7B0D983442D5407ABEF5Ebd8e9d2bB533B7,POLICE,169,VIDEO,2,READ,
w8,2025-12-19T15:11:27.115131Z,120.924,200,True,0x044bef4Ff250cBBFE36FEfE3b859D78bA04c1223,INSURER,417,IMAGE,2,READ,
w5,2025-12-19T15:11:27.234008Z,122.918,200,True,0x620a52535BA00719f0747D42746525D807319996,ADJUSTER,620,FNOL,4,READ,
w2,2025-12-19T15:11:27.234334Z,123.033,200,True,0x3A995E7B23E0Fe0f9a5537f57AA80BACa529eFC4,INSURER,793,TELEMATICS,3,READ,
w9,2025-12-19T15:11:27.234649Z,123.093,200,True,0x33F5a90B9400A21046089Aaf44319BA889B0B9ed,INSURER,885,OTHER,1,READ,
w0,2025-12-19T15:11:27.234789Z,123.166,200,True,0x05d1ef5b43268c6a5BD456A953029092795045d9,INSURER,745,TELEMATICS,3,READ,
w3,2025-12-19T15:11:27.235214Z,122.937,200,True,0x3A995E7B23E0Fe0f9a5537f57AA80BACa529eFC4,INSURER,181,VIDEO,2,READ,
w1,2025-12-19T15:11:27.235480Z,122.876,200,True,0x73E42dF14ff21e7994A37802a292F71830CDA5aF,INSURER,169,VIDEO,2,READ,
w7,2025-12-19T15:11:27.235714Z,122.862,200,True,0x7B678e542Dec17ab096b423D15262dcD9B8c11D8,POLICE,17,VIDEO,2,READ,
w4,2025-12-19T15:11:27.235879Z,122.995,403,False,0x620a52535BA00719f0747D42746525D807319996,ADJUSTER,696,MEDICAL_REPORT,5,READ,
w8,2025-12-19T15:11:27.236063Z,123.018,200,True,0x0Bc81E8481993A5F61D3011a142E1510de00ECae,GARAGE,380,IMAGE,2,READ,
w6,2025-12-19T15:11:27.235022Z,124.240,200,True,0xB81c8729A121819695CEEDA9b389f559D6398B3C,REGULATOR,368,IMAGE,2,READ,
w5,2025-12-19T15:11:27.356943Z,138.854,200,True,0x73c07A746181c5256aC8EB8006fFbCF2239bEcC5,COURT,529,MEDICAL_REPORT,5,READ,
w2,2025-12-19T15:11:27.357379Z,138.819,200,True,0x09596bf36cE63dABDeB58d68a52792B7BA13ba84,ADJUSTER,389,IMAGE,2,READ,
w9,2025-12-19T15:11:27.357750Z,138.872,200,True,0x3E93709810FB754ab4D6A2487344dF504087996D,INSURER,266,IMAGE,2,READ,
w0,2025-12-19T15:11:27.357962Z,139.493,200,True,0xf5d0314845FCf19022a28FeD6650e58CFc01f243,INSURER,368,IMAGE,2,READ,
w3,2025-12-19T15:11:27.358159Z,139.721,200,True,0x811FdDFb3340F34AB2b91C97AcB5FAeB6405847E,REGULATOR,56,VIDEO,2,READ,
w1,2025-12-19T15:11:27.358363Z,139.836,200,True,0xD06Cc40e4D98aDc886d652F4253985B5c04282b9,REGULATOR,446,IMAGE,2,READ,
w7,2025-12-19T15:11:27.358583Z,140.013,200,True,0xCC05C551476CDbEfAd79Ed75427937b892aaFE9C,ADJUSTER,119,VIDEO,2,READ,
w4,2025-12-19T15:11:27.358882Z,139.925,200,True,0x68cBdE77b98e3AF3281dBC229ee66540Eac3f007,ADJUSTER,251,IMAGE,2,READ,
w8,2025-12-19T15:11:27.359088Z,139.843,200,True,0xDA941366d7481DffDAd4458a22913423f40dA1eA,ADJUSTER,171,VIDEO,2,READ,
w6,2025-12-19T15:11:27.359269Z,139.787,200,True,0x290FAd62Cb657cBfDA616da814529a670cdad059,POLICE,327,IMAGE,2,READ,
w2,2025-12-19T15:11:27.496208Z,131.773,200,True,0x476ad4Ce50BbD6624855e3d1e12E6cC23654359A,INSURER,60,VIDEO,2,READ,
w9,2025-12-19T15:11:27.496639Z,131.778,200,True,0x67A9BC3Fb3B4a392C223A8C644B48346b9Ca5128,COURT,925,OTHER,1,READ,
w0,2025-12-19T15:11:27.497472Z,131.336,200,True,0x93787a823E3D4Ae295F5a91C0e87325E40B3aa3F,REGULATOR,910,OTHER,1,READ,
w3,2025-12-19T15:11:27.497890Z,131.127,200,True,0x58e8E907e02C35e581Ed3a4e98906344861E7265,INSURER,891,OTHER,1,READ,
w1,2025-12-19T15:11:27.498214Z,130.988,403,False,0x8D21394c336D57f89564705Aa61307561b63E310,POLICE,935,OTHER,1,READ,
w7,2025-12-19T15:11:27.498611Z,130.874,200,True,0x0AbFb230511189A840157bF7FcA43b1b69338dC6,POLICE,276,IMAGE,2,READ,
w4,2025-12-19T15:11:27.498812Z,130.991,200,True,0x065Fd3F8fcF30384f50eceBa324b1EF8411Fa759,COURT,988,OTHER,1,READ,
w8,2025-12-19T15:11:27.498937Z,131.295,200,True,0xB3e698A67fD5AEeB61b8bE389e7E917Bc2Ea032a,POLICE,427,IMAGE,2,READ,
w6,2025-12-19T15:11:27.499063Z,131.474,200,True,0xC66fE61Fe01B90e3C051c0ED40Dd41fC9347D018,REGULATOR,470,IMAGE,2,READ,
w5,2025-12-19T15:11:27.495809Z,134.961,200,True,0x11652BF4c5D394F3a46E96f2bE659939a0f6a6ed,INSURER,748,TELEMATICS,3,READ,
w2,2025-12-19T15:11:27.627996Z,166.467,200,True,0x1Ab5D0f68133DA5E100635Bdf5030650cA2bE691,ADJUSTER,722,TELEMATICS,3,READ,
w9,2025-12-19T15:11:27.628428Z,166.484,200,True,0xBCb233Ef85EC11C88E20Ea53Bb47f454d116FBe3,ADJUSTER,244,VIDEO,2,READ,
w0,2025-12-19T15:11:27.628817Z,166.504,200,True,0x26b179d013C696c433c0f316E594f7a7AcE77C79,GARAGE,402,IMAGE,2,READ,
w3,2025-12-19T15:11:27.629025Z,166.516,200,True,0x73c07A746181c5256aC8EB8006fFbCF2239bEcC5,COURT,826,TELEMATICS,3,READ,
w1,2025-12-19T15:11:27.629209Z,166.532,200,True,0xE056D0a60EfEE3e1642D5B2129E2bbBdAf22444c,INSURER,327,IMAGE,2,READ,
w7,2025-12-19T15:11:27.629497Z,166.506,403,False,0x2B5dEec5325fd9befC139A2071d830B25FAd52Ef,GARAGE,803,TELEMATICS,3,READ,
w4,2025-12-19T15:11:27.629813Z,166.430,200,True,0x82B01EfD510Bee8680730EEf777526b020e2398B,INSURER,327,IMAGE,2,READ,
w8,2025-12-19T15:11:27.630244Z,166.590,200,True,0x8FA3c986B63dEd44ce62D4aC5b3b0F49FF447700,COURT,213,VIDEO,2,READ,
w6,2025-12-19T15:11:27.630546Z,166.647,200,True,0xD21eB53384cE472F3DE7527DC9A5820dA80bBB01,INSURER,663,MEDICAL_REPORT,5,READ,
w5,2025-12-19T15:11:27.630779Z,166.672,200,True,0xACaaedBfb07404f2aAf0ccd6503B1529C1A48764,ADJUSTER,478,IMAGE,2,READ,
w9,2025-12-19T15:11:27.794924Z,114.678,200,True,0x48f8656e15a2FC22Ccd6cDe7c56db39C1B62E770,POLICE,154,VIDEO,2,READ,
w0,2025-12-19T15:11:27.795330Z,114.708,200,True,0x4f464925226709cf94C01633A1f468E106AD6413,INSURER,644,FNOL,4,READ,
w3,2025-12-19T15:11:27.795548Z,114.881,200,True,0xd132a79Ca7Be8caaC9A27467EB9B65F7cBD6F50E,ADJUSTER,434,IMAGE,2,READ,
w1,2025-12-19T15:11:27.795748Z,114.898,200,True,0x685A29EE8A06E458E58A29d721dFB677cdF8a600,INSURER,311,IMAGE,2,READ,
w7,2025-12-19T15:11:27.796011Z,114.838,200,True,0x02BD9B3b464b98EB353C8f83Eb3b4cB0627A52Ed,COURT,774,TELEMATICS,3,READ,
w4,2025-12-19T15:11:27.796251Z,114.790,200,True,0xcE078954f123a07010672Fff05b36f5E43642106,INSURER,248,VIDEO,2,READ,
w8,2025-12-19T15:11:27.796846Z,114.402,200,True,0x4395153bc7Ac8ebD080b3C98FE634fcA40E5609F,COURT,17,VIDEO,2,READ,
w6,2025-12-19T15:11:27.797206Z,114.329,200,True,0xD3b3bd4ce4B597519FCE080Ce05805A99cC8C772,GARAGE,436,IMAGE,2,READ,
w5,2025-12-19T15:11:27.797458Z,114.297,200,True,0x51a1E6D900E3e04c169Be84b2D5e5ccB2420B0EB,INSURER,379,IMAGE,2,READ,
w2,2025-12-19T15:11:27.794479Z,117.470,403,False,0xB3e698A67fD5AEeB61b8bE389e7E917Bc2Ea032a,POLICE,738,TELEMATICS,3,READ,
w9,2025-12-19T15:11:27.909616Z,144.469,403,False,0x996644d2075D6c96FEB649879534dFAb933903f6,GARAGE,854,OTHER,1,READ,
w0,2025-12-19T15:11:27.910049Z,144.470,200,True,0x5ee06906aF52aEd2c884D505d3a0A7CA7513188D,INSURER,464,IMAGE,2,READ,
w3,2025-12-19T15:11:27.910438Z,144.337,200,True,0x3B4ab93e0901742BFfc8A18D301F36f820AD3bB9,ADJUSTER,906,OTHER,1,READ,
w1,2025-12-19T15:11:27.910655Z,144.325,200,True,0x46Adf75988C45FBD67a07651b6f684943428c17C,INSURER,351,IMAGE,2,READ,
w7,2025-12-19T15:11:27.910857Z,144.266,200,True,0x51a1E6D900E3e04c169Be84b2D5e5ccB2420B0EB,INSURER,614,FNOL,4,READ,
w4,2025-12-19T15:11:27.911050Z,144.225,403,False,0xCF5E79F0E2BFC3eb5fe4aB0975E9F0eEc50b54E3,GARAGE,843,TELEMATICS,3,READ,
w8,2025-12-19T15:11:27.911256Z,144.218,200,True,0x4f464925226709cf94C01633A1f468E106AD6413,INSURER,773,TELEMATICS,3,READ,
w6,2025-12-19T15:11:27.911544Z,144.059,200,True,0xD6e58dE85e171C0D6BB42Cf4a85fBa7C55ce5618,INSURER,365,IMAGE,2,READ,
w5,2025-12-19T15:11:27.911764Z,144.032,200,True,0x84FDd0E1F145C20f9451b1eB751c26e76B3232d4,POLICE,40,VIDEO,2,READ,
w2,2025-12-19T15:11:27.911956Z,143.975,200,True,0xC23BB727D3Ae6bD9cd90AC52ee26359F19176de3,INSURER,410,IMAGE,2,READ,
w0,2025-12-19T15:11:28.054531Z,136.726,200,True,0xBeBf134906e0FCcd85b0D99a4626a7B8584e742c,ADJUSTER,967,OTHER,1,READ,
w3,2025-12-19T15:11:28.054783Z,137.052,200,True,0xD6e58dE85e171C0D6BB42Cf4a85fBa7C55ce5618,INSURER,162,VIDEO,2,READ,
w1,2025-12-19T15:11:28.054986Z,137.192,200,True,0xC23BB727D3Ae6bD9cd90AC52ee26359F19176de3,INSURER,874,OTHER,1,READ,
w7,2025-12-19T15:11:28.055129Z,137.183,200,True,0xa814b4D02E07Daa3235ffc1E4752eCF8f6C2D8d8,ADJUSTER,148,VIDEO,2,READ,
w4,2025-12-19T15:11:28.055281Z,137.148,200,True,0xfd4Fc17438169bC1228EB21c2cb9b8DE1E97472a,INSURER,476,IMAGE,2,READ,
w8,2025-12-19T15:11:28.055480Z,137.062,200,True,0x5cA86E3342DEA0C1a26C49f1a4fA40DeEeAFf8a8,INSURER,443,IMAGE,2,READ,
w6,2025-12-19T15:11:28.055607Z,137.043,403,False,0xE1c2102345d7379f4bb3F114e908e9cC9154A335,POLICE,882,OTHER,1,READ,
w5,2025-12-19T15:11:28.055802Z,136.952,200,True,0x811FdDFb3340F34AB2b91C97AcB5FAeB6405847E,REGULATOR,370,IMAGE,2,READ,
w2,2025-12-19T15:11:28.055936Z,136.993,200,True,0x4828419eA02B1D4399E039f8E5F346f37f19fA13,INSURER,129,VIDEO,2,READ,
w9,2025-12-19T15:11:28.054097Z,138.964,403,False,0x5173D7F8755FdF3d2f05C01D029A3Dc55EaC0476,POLICE,935,OTHER,1,READ,
w0,2025-12-19T15:11:28.191276Z,150.150,403,False,0xBeBf134906e0FCcd85b0D99a4626a7B8584e742c,ADJUSTER,681,MEDICAL_REPORT,5,READ,
w3,2025-12-19T15:11:28.191842Z,149.978,403,False,0xA75Af013B9CBdf4322e0c459A2fB8B708fbB8Ddc,POLICE,713,TELEMATICS,3,READ,
w1,2025-12-19T15:11:28.192183Z,149.891,200,True,0xACaaedBfb07404f2aAf0ccd6503B1529C1A48764,ADJUSTER,178,VIDEO,2,READ,
w7,2025-12-19T15:11:28.192318Z,149.897,200,True,0x02BD9B3b464b98EB353C8f83Eb3b4cB0627A52Ed,COURT,673,MEDICAL_REPORT,5,READ,
w4,2025-12-19T15:11:28.192433Z,149.901,200,True,0x065Fd3F8fcF30384f50eceBa324b1EF8411Fa759,COURT,696,MEDICAL_REPORT,5,READ,
w8,2025-12-19T15:11:28.192547Z,149.909,200,True,0x3308795A526382DB26cF04047fE2bBd4F56E6CE7,COURT,184,VIDEO,2,READ,
w6,2025-12-19T15:11:28.192655Z,149.910,200,True,0x077f45EB3eB6027C0D05Ab77CAC4D29c46cb3a6E,INSURER,230,VIDEO,2,READ,
w5,2025-12-19T15:11:28.192758Z,150.713,200,True,0x29950abd635aF427d5E2fF0DB9f6920fC915bC55,INSURER,958,OTHER,1,READ,
w2,2025-12-19T15:11:28.192935Z,150.819,200,True,0x18BFB9A0Bf9293D0D3bf9F42bD6e7e7b300Dc391,COURT,385,IMAGE,2,READ,
w9,2025-12-19T15:11:28.193065Z,150.895,200,True,0xf9314f31cc38103bC7607a176a804e5C1Ecbf511,INSURER,534,FNOL,4,READ,
w3,2025-12-19T15:11:28.341828Z,134.301,200,True,0x2B5dEec5325fd9befC139A2071d830B25FAd52Ef,GARAGE,272,IMAGE,2,READ,
w1,2025-12-19T15:11:28.342081Z,134.389,200,True,0x48c487f18ce4aAFcf592B2eC3611eAa7B1C85918,ADJUSTER,273,IMAGE,2,READ,
w7,2025-12-19T15:11:28.342221Z,134.578,403,False,0x5173D7F8755FdF3d2f05C01D029A3Dc55EaC0476,POLICE,667,FNOL,4,READ,
w4,2025-12-19T15:11:28.342340Z,134.627,200,True,0xC5f6e3512D3B1133da1f88159fDf63dC9f2d43FB,ADJUSTER,542,FNOL,4,READ,
w8,2025-12-19T15:11:28.342461Z,134.664,200,True,0x29Da547ffD477d0d4628d547368EcFDF73054469,ADJUSTER,830,TELEMATICS,3,READ,
w6,2025-12-19T15:11:28.342571Z,134.692,200,True,0x8D21394c336D57f89564705Aa61307561b63E310,POLICE,486,IMAGE,2,READ,
w5,2025-12-19T15:11:28.343481Z,133.928,200,True,0x93787a823E3D4Ae295F5a91C0e87325E40B3aa3F,REGULATOR,930,OTHER,1,READ,
w2,2025-12-19T15:11:28.343762Z,133.794,403,False,0x4BA98aed0F31F1E56A9bc733FD86aB30e5b88D0E,GARAGE,665,FNOL,4,READ,
w9,2025-12-19T15:11:28.343967Z,133.768,200,True,0xBeBf134906e0FCcd85b0D99a4626a7B8584e742c,ADJUSTER,860,OTHER,1,READ,
w0,2025-12-19T15:11:28.341440Z,136.484,200,True,0x58f181cd636a8F0a8335240Efc4979212ff45341,INSURER,664,FNOL,4,READ,
w3,2025-12-19T15:11:28.476140Z,160.511,200,True,0xB81c8729A121819695CEEDA9b389f559D6398B3C,REGULATOR,961,OTHER,1,READ,
w1,2025-12-19T15:11:28.476479Z,160.596,200,True,0x0520cA4f9c2359a2d1cc1B072e4dA8A3587C2088,INSURER,931,OTHER,1,READ,
w7,2025-12-19T15:11:28.476805Z,160.589,200,True,0x11F50254a88A6e26E6Bb5aAE8d74E52372B4270E,COURT,531,MEDICAL_REPORT,5,READ,
w4,2025-12-19T15:11:28.476972Z,160.623,403,False,0x090F26617cAab81C15934159343Ff688fAf23820,POLICE,703,TELEMATICS,3,READ,
w8,2025-12-19T15:11:28.477130Z,160.692,200,True,0x7B46635cB6cA958f34ae933b93884a5f19b258D7,INSURER,589,MEDICAL_REPORT,5,READ,
w6,2025-12-19T15:11:28.477268Z,160.761,200,True,0x73E42dF14ff21e7994A37802a292F71830CDA5aF,INSURER,503,MEDICAL_REPORT,5,READ,
w5,2025-12-19T15:11:28.477417Z,160.780,403,False,0x59A67A1183C69AAf8Fe3D746D569392b7d4A5035,ADJUSTER,627,MEDICAL_REPORT,5,READ,
w2,2025-12-19T15:11:28.477563Z,160.800,200,True,0x69254de41949D1A246C5c1A168e5e8473D2d50f0,ADJUSTER,904,OTHER,1,READ,
w9,2025-12-19T15:11:28.477742Z,160.972,200,True,0x97910F1306b5414B4C61D9A719B6871f5c77662f,INSURER,739,TELEMATICS,3,READ,
w0,2025-12-19T15:11:28.477931Z,161.071,200,True,0x3B4ab93e0901742BFfc8A18D301F36f820AD3bB9,ADJUSTER,466,IMAGE,2,READ,
w1,2025-12-19T15:11:28.637086Z,144.108,200,True,0xE4A8571e1F142Bd99866AA9464c49517B2ac0E01,ADJUSTER,429,IMAGE,2,READ,
w7,2025-12-19T15:11:28.637402Z,144.105,200,True,0x4BC2c2b671822006a9D592cdd2Db24e8Da3C6adf,GARAGE,265,IMAGE,2,READ,
w4,2025-12-19T15:11:28.637603Z,144.644,403,False,0xE1c2102345d7379f4bb3F114e908e9cC9154A335,POLICE,688,FNOL,4,READ,
w8,2025-12-19T15:11:28.637831Z,144.780,200,True,0x07DA3024980d3B92Bcf6B8850A7C08F758B5F781,INSURER,483,IMAGE,2,READ,
w6,2025-12-19T15:11:28.638037Z,144.943,403,False,0xCe3b338346378767324b87Cb888eC3F1d6d34940,POLICE,909,OTHER,1,READ,
w5,2025-12-19T15:11:28.638204Z,144.972,200,True,0x5ee06906aF52aEd2c884D505d3a0A7CA7513188D,INSURER,986,OTHER,1,READ,
w2,2025-12-19T15:11:28.638371Z,144.985,200,True,0x8Dd96368f7a8216813107Fe89688AcaafE8Cb76D,INSURER,732,TELEMATICS,3,READ,
w9,2025-12-19T15:11:28.638722Z,144.820,200,True,0x456F6DbE8aF9e05a1918B64f0Bd0690809b23E6B,INSURER,656,MEDICAL_REPORT,5,READ,
w0,2025-12-19T15:11:28.639011Z,144.713,403,False,0x2B5dEec5325fd9befC139A2071d830B25FAd52Ef,GARAGE,755,TELEMATICS,3,READ,
w3,2025-12-19T15:11:28.636667Z,147.243,403,False,0x0AbFb230511189A840157bF7FcA43b1b69338dC6,POLICE,754,TELEMATICS,3,READ,
w1,2025-12-19T15:11:28.781204Z,128.091,403,False,0x5173D7F8755FdF3d2f05C01D029A3Dc55EaC0476,POLICE,741,TELEMATICS,3,READ,
w7,2025-12-19T15:11:28.781515Z,128.113,200,True,0xa814b4D02E07Daa3235ffc1E4752eCF8f6C2D8d8,ADJUSTER,876,OTHER,1,READ,
w4,2025-12-19T15:11:28.782261Z,127.756,403,False,0x090F26617cAab81C15934159343Ff688fAf23820,POLICE,710,TELEMATICS,3,READ,
w8,2025-12-19T15:11:28.782629Z,127.609,200,True,0x11652BF4c5D394F3a46E96f2bE659939a0f6a6ed,INSURER,94,VIDEO,2,READ,
w6,2025-12-19T15:11:28.782988Z,127.443,200,True,0x436f253A31aB81e4427747050f42C4907a6C388D,ADJUSTER,727,TELEMATICS,3,READ,
w5,2025-12-19T15:11:28.783183Z,127.433,200,True,0x182C98818C6b29Ff23d7d1d9766e1B1dEB1aBAeB,INSURER,965,OTHER,1,READ,
w2,2025-12-19T15:11:28.783364Z,127.433,200,True,0xE385ea618340FfE0d7c7e9EB25048F1c1E437F33,INSURER,854,OTHER,1,READ,
w9,2025-12-19T15:11:28.783550Z,127.466,200,True,0x2ee7F051BB940423f554ea44742f7c4c8C20Ea59,INSURER,958,OTHER,1,READ,
w0,2025-12-19T15:11:28.783731Z,127.604,200,True,0x1Ab5D0f68133DA5E100635Bdf5030650cA2bE691,ADJUSTER,936,OTHER,1,READ,
w3,2025-12-19T15:11:28.783918Z,127.669,200,True,0xd132a79Ca7Be8caaC9A27467EB9B65F7cBD6F50E,ADJUSTER,314,IMAGE,2,READ,
w7,2025-12-19T15:11:28.909638Z,124.700,200,True,0x5CdF84465a68A1A9CEfe264b98c0701879D78982,INSURER,570,FNOL,4,READ,
w4,2025-12-19T15:11:28.910027Z,124.780,200,True,0x48c487f18ce4aAFcf592B2eC3611eAa7B1C85918,ADJUSTER,191,VIDEO,2,READ,
w8,2025-12-19T15:11:28.910245Z,125.039,200,True,0x11652BF4c5D394F3a46E96f2bE659939a0f6a6ed,INSURER,173,VIDEO,2,READ,
w6,2025-12-19T15:11:28.910439Z,125.055,200,True,0x14E81fB79823D062AFEEC4B80e0bCCBE578d057e,REGULATOR,553,MEDICAL_REPORT,5,READ,
w5,2025-12-19T15:11:28.910623Z,125.075,200,True,0xD06Cc40e4D98aDc886d652F4253985B5c04282b9,REGULATOR,35,VIDEO,2,READ,
w2,2025-12-19T15:11:28.910805Z,125.109,403,False,0xCe3b338346378767324b87Cb888eC3F1d6d34940,POLICE,810,TELEMATICS,3,READ,
w9,2025-12-19T15:11:28.911023Z,125.085,200,True,0x29950abd635aF427d5E2fF0DB9f6920fC915bC55,INSURER,428,IMAGE,2,READ,
w0,2025-12-19T15:11:28.911343Z,125.063,200,True,0x330f902fF463e2B611211Ccb44EF749E558Ba02a,INSURER,841,TELEMATICS,3,READ,
w3,2025-12-19T15:11:28.911594Z,125.017,200,True,0x469Bf06C8a44e5E2Bb2752C29B92d88DCA076B8a,POLICE,338,IMAGE,2,READ,
w1,2025-12-19T15:11:28.909308Z,127.491,200,True,0x97910F1306b5414B4C61D9A719B6871f5c77662f,INSURER,630,MEDICAL_REPORT,5,READ,
w7,2025-12-19T15:11:29.034354Z,141.556,200,True,0x42dC03c90d7652B937d26628a86f9317bbf521dc,INSURER,506,FNOL,4,READ,
w4,2025-12-19T15:11:29.034819Z,141.438,200,True,0xC6Ffd174B730f05f52aF93e216103D6C7464cc96,INSURER,598,FNOL,4,READ,
w8,2025-12-19T15:11:29.035292Z,141.474,403,False,0xcA28195b12c3c8cB960d8423584ee9a8677BD158,POLICE,756,TELEMATICS,3,READ,
w6,2025-12-19T15:11:29.035501Z,141.640,200,True,0x5CdF84465a68A1A9CEfe264b98c0701879D78982,INSURER,886,OTHER,1,READ,
w5,2025-12-19T15:11:29.035706Z,141.638,200,True,0x5ee06906aF52aEd2c884D505d3a0A7CA7513188D,INSURER,862,OTHER,1,READ,
w2,2025-12-19T15:11:29.035921Z,141.615,200,True,0x84FDd0E1F145C20f9451b1eB751c26e76B3232d4,POLICE,231,VIDEO,2,READ,
w9,2025-12-19T15:11:29.036117Z,141.617,200,True,0x93787a823E3D4Ae295F5a91C0e87325E40B3aa3F,REGULATOR,911,OTHER,1,READ,
w0,2025-12-19T15:11:29.036414Z,141.514,200,True,0x97910F1306b5414B4C61D9A719B6871f5c77662f,INSURER,383,IMAGE,2,READ,
w3,2025-12-19T15:11:29.036618Z,141.495,200,True,0x78b99D5D04232b9650d619DBa5F5600a9242A472,INSURER,925,OTHER,1,READ,
w1,2025-12-19T15:11:29.036806Z,141.477,403,False,0xE1c2102345d7379f4bb3F114e908e9cC9154A335,POLICE,741,TELEMATICS,3,READ,
w4,2025-12-19T15:11:29.176267Z,136.899,403,False,0xcA28195b12c3c8cB960d8423584ee9a8677BD158,POLICE,635,MEDICAL_REPORT,5,READ,
w8,2025-12-19T15:11:29.176775Z,137.110,200,True,0x51a1E6D900E3e04c169Be84b2D5e5ccB2420B0EB,INSURER,21,VIDEO,2,READ,
w6,2025-12-19T15:11:29.177150Z,137.301,200,True,0xd963E5e27CB9872abc2Fbed9107c373Aa59583a4,INSURER,636,FNOL,4,READ,
w5,2025-12-19T15:11:29.177351Z,137.378,200,True,0x456F6DbE8aF9e05a1918B64f0Bd0690809b23E6B,INSURER,721,TELEMATICS,3,READ,
w2,2025-12-19T15:11:29.177544Z,137.395,200,True,0x58e8E907e02C35e581Ed3a4e98906344861E7265,INSURER,487,IMAGE,2,READ,
w9,2025-12-19T15:11:29.177743Z,137.346,200,True,0xC5f6e3512D3B1133da1f88159fDf63dC9f2d43FB,ADJUSTER,313,IMAGE,2,READ,
w0,2025-12-19T15:11:29.177934Z,137.264,200,True,0x4395153bc7Ac8ebD080b3C98FE634fcA40E5609F,COURT,235,VIDEO,2,READ,
w3,2025-12-19T15:11:29.178120Z,137.242,200,True,0x48f8656e15a2FC22Ccd6cDe7c56db39C1B62E770,POLICE,199,VIDEO,2,READ,
w1,2025-12-19T15:11:29.178292Z,137.190,403,False,0x4BC2c2b671822006a9D592cdd2Db24e8Da3C6adf,GARAGE,160,VIDEO,2,READ,
w7,2025-12-19T15:11:29.175923Z,139.680,200,True,0x3E93709810FB754ab4D6A2487344dF504087996D,INSURER,643,MEDICAL_REPORT,5,READ,
w4,2025-12-19T15:11:29.313194Z,152.740,200,True,0x5CdF84465a68A1A9CEfe264b98c0701879D78982,INSURER,648,FNOL,4,READ,
w8,2025-12-19T15:11:29.313904Z,152.369,200,True,0x40fca3Fa04d657c9879B638C57A2a70683E3efED,REGULATOR,652,MEDICAL_REPORT,5,READ,
w6,2025-12-19T15:11:29.314465Z,152.108,200,True,0x59A67A1183C69AAf8Fe3D746D569392b7d4A5035,ADJUSTER,571,FNOL,4,READ,
w5,2025-12-19T15:11:29.314734Z,151.991,200,True,0xC29Fbef10EC6e6A787036cEA0C9024ce9F435d97,INSURER,965,OTHER,1,READ,
w2,2025-12-19T15:11:29.314945Z,151.929,200,True,0x5CdF84465a68A1A9CEfe264b98c0701879D78982,INSURER,967,OTHER,1,READ,
w9,2025-12-19T15:11:29.315094Z,151.901,200,True,0x8D21394c336D57f89564705Aa61307561b63E310,POLICE,336,IMAGE,2,READ,
w0,2025-12-19T15:11:29.315203Z,151.900,200,True,0x68cBdE77b98e3AF3281dBC229ee66540Eac3f007,ADJUSTER,223,VIDEO,2,READ,
w3,2025-12-19T15:11:29.315368Z,151.866,200,True,0x28365792Da71bc8AcAD11a4393049d006EF2E972,GARAGE,442,IMAGE,2,READ,
w1,2025-12-19T15:11:29.315486Z,151.928,403,False,0xcA28195b12c3c8cB960d8423584ee9a8677BD158,POLICE,780,TELEMATICS,3,READ,
w7,2025-12-19T15:11:29.315610Z,151.948,200,True,0x82B01EfD510Bee8680730EEf777526b020e2398B,INSURER,997,OTHER,1,READ,
w8,2025-12-19T15:11:29.466284Z,123.272,200,True,0x69254de41949D1A246C5c1A168e5e8473D2d50f0,ADJUSTER,464,IMAGE,2,READ,
w6,2025-12-19T15:11:29.466582Z,123.327,200,True,0xaCB712DC0982F8B6c52EB4C5D2c205766cE3d00D,INSURER,553,MEDICAL_REPORT,5,READ,
w5,2025-12-19T15:11:29.466731Z,123.478,200,True,0xCdb11D137710f0a5234b9D3c040668B6D48e59d4,COURT,146,VIDEO,2,READ,
w2,2025-12-19T15:11:29.466880Z,123.517,403,False,0x4BA98aed0F31F1E56A9bc733FD86aB30e5b88D0E,GARAGE,228,VIDEO,2,READ,
w9,2025-12-19T15:11:29.467000Z,123.576,200,True,0xfd4Fc17438169bC1228EB21c2cb9b8DE1E97472a,INSURER,704,TELEMATICS,3,READ,
w0,2025-12-19T15:11:29.467108Z,123.767,200,True,0xC6Ffd174B730f05f52aF93e216103D6C7464cc96,INSURER,15,VIDEO,2,READ,
w3,2025-12-19T15:11:29.467239Z,123.771,200,True,0x33F5a90B9400A21046089Aaf44319BA889B0B9ed,INSURER,311,IMAGE,2,READ,
w1,2025-12-19T15:11:29.467419Z,123.735,200,True,0x014E540c98B93f6ce2a6F2D7FE66BeD9a19f7bEC,ADJUSTER,83,VIDEO,2,READ,
w7,2025-12-19T15:11:29.467562Z,123.712,200,True,0x59A67A1183C69AAf8Fe3D746D569392b7d4A5035,ADJUSTER,628,FNOL,4,READ,
w4,2025-12-19T15:11:29.465945Z,125.503,200,True,0x456F6DbE8aF9e05a1918B64f0Bd0690809b23E6B,INSURER,319,IMAGE,2,READ,
w8,2025-12-19T15:11:29.589568Z,163.247,200,True,0x808936f08CCC0a9C3953Cd3716006fB99825CBa4,COURT,808,TELEMATICS,3,READ,
w6,2025-12-19T15:11:29.589919Z,163.304,200,True,0x68cBdE77b98e3AF3281dBC229ee66540Eac3f007,ADJUSTER,609,FNOL,4,READ,
w5,2025-12-19T15:11:29.590215Z,163.390,200,True,0x5C63EFf960008F7F9783957f07533386097149ce,POLICE,393,IMAGE,2,READ,
w2,2025-12-19T15:11:29.590406Z,163.411,200,True,0x58f181cd636a8F0a8335240Efc4979212ff45341,INSURER,777,TELEMATICS,3,READ,
w9,2025-12-19T15:11:29.590584Z,163.599,200,True,0x93787a823E3D4Ae295F5a91C0e87325E40B3aa3F,REGULATOR,365,IMAGE,2,READ,
w0,2025-12-19T15:11:29.590881Z,163.567,200,True,0x5e3B546a11dc657CdFa106cd26E2211ee451c0d7,INSURER,259,IMAGE,2,READ,
w3,2025-12-19T15:11:29.591016Z,163.619,403,False,0x3D8B37E283940B186f3d817371AE9834E2836f7f,GARAGE,217,VIDEO,2,READ,
w1,2025-12-19T15:11:29.591160Z,163.627,200,True,0x73c07A746181c5256aC8EB8006fFbCF2239bEcC5,COURT,952,OTHER,1,READ,
w7,2025-12-19T15:11:29.591280Z,163.658,200,True,0x81A893236EFCdC58F1f9421b59Ee21eb7e38f8FB,INSURER,160,VIDEO,2,READ,
w4,2025-12-19T15:11:29.591454Z,163.694,403,False,0x2B5dEec5325fd9befC139A2071d830B25FAd52Ef,GARAGE,719,TELEMATICS,3,READ,
w6,2025-12-19T15:11:29.753233Z,104.603,200,True,0x05d1ef5b43268c6a5BD456A953029092795045d9,INSURER,113,VIDEO,2,READ,
w5,2025-12-19T15:11:29.753617Z,104.524,403,False,0x3116De7d4519B71BA014e7EF3e874D3a98B64A91,POLICE,901,OTHER,1,READ,
w2,2025-12-19T15:11:29.753825Z,104.666,200,True,0x29950abd635aF427d5E2fF0DB9f6920fC915bC55,INSURER,18,VIDEO,2,READ,
w9,2025-12-19T15:11:29.754198Z,104.503,200,True,0x85C720Ae65eF1706A0cf41695a93A34E189D5Ea0,INSURER,1,VIDEO,2,READ,
w0,2025-12-19T15:11:29.754455Z,104.451,200,True,0x7fBAcb835330c3A23597A355A26Cf6E0ee69A0B5,COURT,8,VIDEO,2,READ,
w3,2025-12-19T15:11:29.754642Z,104.441,200,True,0x290FAd62Cb657cBfDA616da814529a670cdad059,POLICE,118,VIDEO,2,READ,
w1,2025-12-19T15:11:29.754793Z,104.549,200,True,0x11652BF4c5D394F3a46E96f2bE659939a0f6a6ed,INSURER,984,OTHER,1,READ,
w7,2025-12-19T15:11:29.754945Z,104.577,200,True,0xdBf006c9b4fEA25fFA98161abc660B4643109625,ADJUSTER,153,VIDEO,2,READ,
w4,2025-12-19T15:11:29.755155Z,104.513,200,True,0xB81c8729A121819695CEEDA9b389f559D6398B3C,REGULATOR,439,IMAGE,2,READ,
w8,2025-12-19T15:11:29.752829Z,106.954,200,True,0x73E42dF14ff21e7994A37802a292F71830CDA5aF,INSURER,51,VIDEO,2,READ,
w6,2025-12-19T15:11:29.857848Z,182.275,200,True,0x469Bf06C8a44e5E2Bb2752C29B92d88DCA076B8a,POLICE,39,VIDEO,2,READ,
w5,2025-12-19T15:11:29.858150Z,182.083,200,True,0x14E81fB79823D062AFEEC4B80e0bCCBE578d057e,REGULATOR,260,IMAGE,2,READ,
w2,2025-12-19T15:11:29.858500Z,181.834,403,False,0x3D8B37E283940B186f3d817371AE9834E2836f7f,GARAGE,838,TELEMATICS,3,READ,
w9,2025-12-19T15:11:29.858710Z,181.663,200,True,0x0520cA4f9c2359a2d1cc1B072e4dA8A3587C2088,INSURER,984,OTHER,1,READ,
w0,2025-12-19T15:11:29.858913Z,181.495,200,True,0x4BA98aed0F31F1E56A9bc733FD86aB30e5b88D0E,GARAGE,440,IMAGE,2,READ,
w3,2025-12-19T15:11:29.859091Z,181.426,200,True,0xE3De53E77787ac96c6f78B3eD0A6Acea23953342,POLICE,321,IMAGE,2,READ,
w1,2025-12-19T15:11:29.859349Z,181.199,200,True,0x07DA3024980d3B92Bcf6B8850A7C08F758B5F781,INSURER,626,FNOL,4,READ,
w7,2025-12-19T15:11:29.859528Z,181.043,200,True,0xD32B24Ff4D28e42239EcCd5cbdb456a1565DC083,ADJUSTER,212,VIDEO,2,READ,
w4,2025-12-19T15:11:29.859673Z,180.960,200,True,0xAB814b041AB343702D64556Fdb3a3C104daa0445,ADJUSTER,596,FNOL,4,READ,
w8,2025-12-19T15:11:29.859788Z,180.872,200,True,0x5C63EFf960008F7F9783957f07533386097149ce,POLICE,384,IMAGE,2,READ,
