worker,start_time_iso,latency_ms,status,allowed,subject_address,subject_role,resource_id,resource_type,resource_sensitivity,action,error
w31,2025-12-19T14:43:04.755786Z,17.587,200,True,0x986fDE3291033E80049183d4eAac7752F29166cC,INSURER,50,VIDEO,2,READ,
w19,2025-12-19T14:43:04.755421Z,18.207,200,True,0x6C9757f257381323C7E688e7935C2755df2DdaF3,INSURER,782,TELEMATICS,3,READ,
w5,2025-12-19T14:43:04.754958Z,18.836,200,True,0x5Adf6dA1124Cb04f8e27b4b197b6521C42AD0641,INSURER,862,OTHER,1,READ,
w45,2025-12-19T14:43:04.756297Z,17.638,200,True,0xc3c51312907D83df323e05D7E254352175252368,COURT,827,TELEMATICS,3,READ,
w3,2025-12-19T14:43:04.754869Z,19.196,200,True,0x986fDE3291033E80049183d4eAac7752F29166cC,INSURER,878,OTHER,1,READ,
w32,2025-12-19T14:43:04.755817Z,18.359,200,True,0xeE7a8fa9C275631851e5D7dc28236a336206c473,COURT,482,IMAGE,2,READ,
w20,2025-12-19T14:43:04.755452Z,18.831,200,True,0xb03C6C3a6e66a20729a4d4758D907D3A07cB0af5,INSURER,885,OTHER,1,READ,
w6,2025-12-19T14:43:04.754998Z,19.412,200,True,0xD2e4187ae13875E61F4ADeB0bc309Fda9E672655,INSURER,350,IMAGE,2,READ,
w46,2025-12-19T14:43:04.756326Z,18.197,200,True,0xB681a7921F6B4dE01c32e0986627275Edcd5e568,INSURER,937,OTHER,1,READ,
w33,2025-12-19T14:43:04.755844Z,18.792,200,True,0xe2B8d1C6c9c24880899f9658aB855CaA7c476FA1,POLICE,179,VIDEO,2,READ,
w7,2025-12-19T14:43:04.755032Z,19.706,200,True,0xD46554Edf6329a0a8caae2A79EB7098A7a24Ba81,INSURER,592,MEDICAL_REPORT,5,READ,
w47,2025-12-19T14:43:04.756355Z,18.482,403,False,0x94aC64f763ca7BcC8957cb2CBAfF108a9d91ADc1,POLICE,708,TELEMATICS,3,READ,
w34,2025-12-19T14:43:04.755871Z,19.063,200,True,0x4D2e324068BA02Eb613f39F882B7ED435DaAe089,INSURER,348,IMAGE,2,READ,
w8,2025-12-19T14:43:04.755064Z,19.961,200,True,0x74fB3137dFB3B6448931Fb8Da2496AaF6a238f78,COURT,454,IMAGE,2,READ,
w48,2025-12-19T14:43:04.756382Z,18.737,200,True,0x87731f9AB64CbE25f915Bd81646C15853b0A47F6,POLICE,33,VIDEO,2,READ,
w35,2025-12-19T14:43:04.755899Z,19.311,200,True,0x094A1Ff3795B2267aEA059A54C374B2CdB84D45e,COURT,118,VIDEO,2,READ,
w21,2025-12-19T14:43:04.755481Z,19.828,200,True,0x63799B99d43E4dB6Eb46BF3fEeBcb88c347351c0,COURT,52,VIDEO,2,READ,
w9,2025-12-19T14:43:04.755097Z,20.314,200,True,0x1cF317F4288CfC3FdA6295dC3Ee1f3e2F8B03592,ADJUSTER,234,VIDEO,2,READ,
w49,2025-12-19T14:43:04.756411Z,19.098,200,True,0x1F118D13DD44a163CF0Cfe93a2339019D5089D5c,ADJUSTER,917,OTHER,1,READ,
w36,2025-12-19T14:43:04.755925Z,19.686,200,True,0xd222D38Ccd1502056A8264eaCB2fCfc6c96F6B61,ADJUSTER,894,OTHER,1,READ,
w22,2025-12-19T14:43:04.755507Z,20.212,200,True,0xfc909f67c3BA8552cdb1B0bA216742E485d43BA1,ADJUSTER,751,TELEMATICS,3,READ,
w10,2025-12-19T14:43:04.755140Z,20.684,200,True,0x6C083CdC9F152E5a82DB28241FBea8958a62a549,COURT,582,MEDICAL_REPORT,5,READ,
w2,2025-12-19T14:43:04.754807Z,21.118,200,True,0x06D4bAEDddd3B73284654b61bec9CF7C3D667E84,ADJUSTER,868,OTHER,1,READ,
w37,2025-12-19T14:43:04.755952Z,20.322,200,True,0x6C9757f257381323C7E688e7935C2755df2DdaF3,INSURER,134,VIDEO,2,READ,
w23,2025-12-19T14:43:04.755535Z,20.890,200,True,0x3CeB0Aa9CCc9c0A29a814fBD5c1aD23dca52aeb6,ADJUSTER,130,VIDEO,2,READ,
w11,2025-12-19T14:43:04.755180Z,21.370,200,True,0x5cB4D76a86dbEF4FF02fA640c90deeaf5b309acD,GARAGE,301,IMAGE,2,READ,
w38,2025-12-19T14:43:04.755979Z,20.680,200,True,0x766C26A7aD924449Bec43A8A34DEF94ddE4249e8,COURT,715,TELEMATICS,3,READ,
w24,2025-12-19T14:43:04.755563Z,21.195,200,True,0xeE7a8fa9C275631851e5D7dc28236a336206c473,COURT,11,VIDEO,2,READ,
w12,2025-12-19T14:43:04.755220Z,21.635,200,True,0x2E2C6b303dF5Eb5E67C04610fDF33084A6d7408B,ADJUSTER,912,OTHER,1,READ,
w39,2025-12-19T14:43:04.756006Z,20.944,200,True,0xF2c90E8ED7e59FCFb44ff6056Cf906449175c417,REGULATOR,319,IMAGE,2,READ,
w25,2025-12-19T14:43:04.755591Z,22.130,200,True,0x7f9fe1a6ad85DEBFdFB998d4E7Ddb5cb2fD1bd63,INSURER,433,IMAGE,2,READ,
w13,2025-12-19T14:43:04.755250Z,22.691,403,False,0xB4107C66a46663F51503A8d8C779b7E663809462,GARAGE,701,TELEMATICS,3,READ,
w40,2025-12-19T14:43:04.756035Z,22.100,200,True,0xb4F3640241c9285C3384313c7E76CBB3eded034B,INSURER,879,OTHER,1,READ,
w26,2025-12-19T14:43:04.755630Z,22.649,200,True,0x67f187dcbDE2Fbf24Ec1508f7AAdF943bcE1f668,INSURER,321,IMAGE,2,READ,
w14,2025-12-19T14:43:04.755278Z,23.116,403,False,0x16C605c8536B3AC44524Ebd88bF81CE652b1E990,POLICE,656,MEDICAL_REPORT,5,READ,
w41,2025-12-19T14:43:04.756065Z,22.435,200,True,0xF2c90E8ED7e59FCFb44ff6056Cf906449175c417,REGULATOR,660,MEDICAL_REPORT,5,READ,
w27,2025-12-19T14:43:04.755670Z,22.935,200,True,0xE8bF57455EE3405331D286E17C7bC05cAD0bFB1C,POLICE,154,VIDEO,2,READ,
w15,2025-12-19T14:43:04.755305Z,23.397,200,True,0x0f3329Ff55b9471d57D644d34b6c7227aeD65b2D,ADJUSTER,569,FNOL,4,READ,
w1,2025-12-19T14:43:04.754505Z,24.309,200,True,0x5436Ade91ba3a6360A1246339D36223f463dF81a,INSURER,126,VIDEO,2,READ,
w42,2025-12-19T14:43:04.756098Z,23.070,200,True,0x8CbB8dd324B837e6BD98E13e0c21fa636120Ca56,REGULATOR,714,TELEMATICS,3,READ,
w28,2025-12-19T14:43:04.755700Z,23.590,200,True,0xdbCa1F43d1B1fE30218A3870f8CE54eA068b9546,COURT,355,IMAGE,2,READ,
w16,2025-12-19T14:43:04.755333Z,24.067,200,True,0xb113F22B749C4efc290Eb311C18c72DF29481dAE,ADJUSTER,154,VIDEO,2,READ,
w43,2025-12-19T14:43:04.756124Z,23.375,200,True,0x6d633edcb7CD9413cd0509faebAE113ec0EC2FBc,INSURER,420,IMAGE,2,READ,
w29,2025-12-19T14:43:04.755728Z,23.870,200,True,0x47200E7159B7646892C3cC84C60818bcD2B38A22,ADJUSTER,787,TELEMATICS,3,READ,
w17,2025-12-19T14:43:04.755363Z,24.332,200,True,0xb03C6C3a6e66a20729a4d4758D907D3A07cB0af5,INSURER,948,OTHER,1,READ,
w44,2025-12-19T14:43:04.756262Z,23.535,200,True,0x8B87C429526Ce971509028A2d05b54c02704CDb3,INSURER,859,OTHER,1,READ,
w30,2025-12-19T14:43:04.755758Z,24.143,200,True,0x94aC64f763ca7BcC8957cb2CBAfF108a9d91ADc1,POLICE,440,IMAGE,2,READ,
w18,2025-12-19T14:43:04.755390Z,24.610,200,True,0x501d27511202E1C0343B6ee79241254B3C3d4378,INSURER,967,OTHER,1,READ,
w4,2025-12-19T14:43:04.754913Z,25.200,200,True,0x3CeB0Aa9CCc9c0A29a814fBD5c1aD23dca52aeb6,ADJUSTER,649,FNOL,4,READ,
w0,2025-12-19T14:43:04.752117Z,28.105,200,True,0xE5dd563f92431eDFA8d444f0f1999a2858b95A81,INSURER,684,FNOL,4,READ,
w31,2025-12-19T14:43:04.773393Z,6.935,200,True,0x168EC3290512E1AcbB8201aeD946f3BA1Ed1effc,INSURER,405,IMAGE,2,READ,
w19,2025-12-19T14:43:04.773637Z,6.804,200,True,0x67f187dcbDE2Fbf24Ec1508f7AAdF943bcE1f668,INSURER,520,FNOL,4,READ,
w5,2025-12-19T14:43:04.773801Z,6.749,200,True,0xd222D38Ccd1502056A8264eaCB2fCfc6c96F6B61,ADJUSTER,216,VIDEO,2,READ,
w45,2025-12-19T14:43:04.773941Z,6.732,403,False,0x20f5B667b21b5fC5b82Fa52c25088446F4026127,POLICE,711,TELEMATICS,3,READ,
w3,2025-12-19T14:43:04.774070Z,6.716,403,False,0x8e698D53B82C116210BD73e1cA88584086b03795,POLICE,687,MEDICAL_REPORT,5,READ,
w32,2025-12-19T14:43:04.774180Z,6.716,200,True,0xdadC347Cbfd9bcB5e0E6bd20fA005df38d4fdFa0,ADJUSTER,930,OTHER,1,READ,
w20,2025-12-19T14:43:04.774288Z,6.712,200,True,0x9Cc1e0F54e3D09Bf83b9f43222Ef44e11F170ff5,INSURER,107,VIDEO,2,READ,
w6,2025-12-19T14:43:04.774415Z,6.696,200,True,0xE6eF4f2c9De0532C38589a58Fbde2BBC1C31279B,ADJUSTER,554,FNOL,4,READ,
w46,2025-12-19T14:43:04.774528Z,6.701,200,True,0x06D4bAEDddd3B73284654b61bec9CF7C3D667E84,ADJUSTER,800,TELEMATICS,3,READ,
w33,2025-12-19T14:43:04.774640Z,6.695,200,True,0x5436Ade91ba3a6360A1246339D36223f463dF81a,INSURER,293,IMAGE,2,READ,
w7,2025-12-19T14:43:04.774742Z,6.694,200,True,0xa1d85548f437eb81200cF05523C35E95aFB59c79,INSURER,823,TELEMATICS,3,READ,
w47,2025-12-19T14:43:04.774842Z,6.695,200,True,0x6C9757f257381323C7E688e7935C2755df2DdaF3,INSURER,326,IMAGE,2,READ,
w34,2025-12-19T14:43:04.774937Z,6.701,403,False,0x793235ebf79944f08742d0Cd92ca6D24B4327d8E,POLICE,990,OTHER,1,READ,
w8,2025-12-19T14:43:04.775029Z,6.709,200,True,0xe84288AfCCFcafd9a8AB74D8F555C5448a911Eb5,INSURER,206,VIDEO,2,READ,
w48,2025-12-19T14:43:04.775123Z,6.711,403,False,0x3EBAE31cB2be64Fe5734160d81AF569256974D47,POLICE,530,FNOL,4,READ,
w35,2025-12-19T14:43:04.775214Z,6.721,200,True,0x8C0A9562bA06c26cD697012F2C311Ab93431CB08,INSURER,668,MEDICAL_REPORT,5,READ,
w21,2025-12-19T14:43:04.775313Z,6.720,403,False,0x3015CaAdD111E6bb308586Fb390005C8F75848A7,POLICE,996,OTHER,1,READ,
w9,2025-12-19T14:43:04.775414Z,6.732,403,False,0x18D398FEffFf1114bdb4B9558a6905E521C001A3,ADJUSTER,687,MEDICAL_REPORT,5,READ,
w49,2025-12-19T14:43:04.775512Z,6.760,200,True,0xd222D38Ccd1502056A8264eaCB2fCfc6c96F6B61,ADJUSTER,726,TELEMATICS,3,READ,
w36,2025-12-19T14:43:04.775616Z,7.085,200,True,0x34BBE78F5E8eF7F758481402618b9CA85b1a3CF7,ADJUSTER,923,OTHER,1,READ,
w22,2025-12-19T14:43:04.775724Z,7.108,200,True,0xd222D38Ccd1502056A8264eaCB2fCfc6c96F6B61,ADJUSTER,760,TELEMATICS,3,READ,
w10,2025-12-19T14:43:04.775828Z,7.129,200,True,0x34BBE78F5E8eF7F758481402618b9CA85b1a3CF7,ADJUSTER,861,OTHER,1,READ,
w2,2025-12-19T14:43:04.775929Z,7.132,200,True,0x03E8540790383Dc711c7029C4a4727A3D6F85Ee6,INSURER,928,OTHER,1,READ,
w37,2025-12-19T14:43:04.776281Z,6.882,200,True,0xca4373A5412dd617d707A9D63Fab5c33bc55890a,POLICE,168,VIDEO,2,READ,
w23,2025-12-19T14:43:04.776430Z,6.867,200,True,0x74fB3137dFB3B6448931Fb8Da2496AaF6a238f78,COURT,580,FNOL,4,READ,
w11,2025-12-19T14:43:04.776555Z,6.868,200,True,0x3dc584940370d31418aBbfB6F809C055E9bBC98f,COURT,455,IMAGE,2,READ,
w38,2025-12-19T14:43:04.776663Z,6.872,200,True,0xD46554Edf6329a0a8caae2A79EB7098A7a24Ba81,INSURER,587,MEDICAL_REPORT,5,READ,
w24,2025-12-19T14:43:04.776762Z,6.894,200,True,0x11aaC79A517D8afa3a7DB9b5B2E4a2592284C7AE,INSURER,561,FNOL,4,READ,
w12,2025-12-19T14:43:04.776860Z,6.906,403,False,0x4DCDFfA1280ad4A435512Ee5dDaF8a9D4e9509E3,GARAGE,943,OTHER,1,READ,
w39,2025-12-19T14:43:04.776954Z,6.917,200,True,0x96C5458aF74559b7eB9C1768f6F30BD40251e25e,INSURER,209,VIDEO,2,READ,
w25,2025-12-19T14:43:04.777730Z,6.745,200,True,0xcbA3c1E62e024046934d519a26b637Dd0dfD1b3c,REGULATOR,231,VIDEO,2,READ,
w13,2025-12-19T14:43:04.777949Z,6.674,200,True,0x2Fd075dD3CC039D228Ac107272729a1129782C59,GARAGE,456,IMAGE,2,READ,
w40,2025-12-19T14:43:04.778145Z,6.604,200,True,0xdC2E4E6D348448D3722b528D8c9272eD5C020F55,POLICE,448,IMAGE,2,READ,
w26,2025-12-19T14:43:04.778284Z,6.580,200,True,0x2bae1eb63108Ab352DaD7842Af98F4e1768425C1,ADJUSTER,829,TELEMATICS,3,READ,
w14,2025-12-19T14:43:04.778399Z,6.573,200,True,0x5B9Fe195263932C148aB2997922dda28a64aD5A9,INSURER,764,TELEMATICS,3,READ,
w41,2025-12-19T14:43:04.778504Z,6.572,200,True,0x7F58e30B33E800fAD1041651365A29CfB660aC57,INSURER,686,FNOL,4,READ,
w27,2025-12-19T14:43:04.778610Z,6.567,403,False,0x852cB9f303D330bff5722A21d48c0c4303bda309,POLICE,546,FNOL,4,READ,
w15,2025-12-19T14:43:04.778707Z,6.566,200,True,0xb4F3640241c9285C3384313c7E76CBB3eded034B,INSURER,352,IMAGE,2,READ,
w1,2025-12-19T14:43:04.778819Z,6.564,200,True,0x92416914cF3F47944a8e5CCBA5d619b68b615D33,POLICE,158,VIDEO,2,READ,
w42,2025-12-19T14:43:04.779173Z,6.320,200,True,0x13574B3384B73DcA7b44aa015680060B3561B666,POLICE,77,VIDEO,2,READ,
w28,2025-12-19T14:43:04.779295Z,6.298,200,True,0xdC2E4E6D348448D3722b528D8c9272eD5C020F55,POLICE,423,IMAGE,2,READ,
w16,2025-12-19T14:43:04.779405Z,6.287,200,True,0x711d7620b4C341A6A91E38D0c75783C80FfEdcED,COURT,545,FNOL,4,READ,
w43,2025-12-19T14:43:04.779503Z,6.284,403,False,0x834FebF68f8d4290AF73435F29e38943Dd993eca,POLICE,681,MEDICAL_REPORT,5,READ,
w29,2025-12-19T14:43:04.779602Z,6.285,200,True,0xFfF5E088c8b6a5a470a6D48f405892515c41FCa6,ADJUSTER,127,VIDEO,2,READ,
w17,2025-12-19T14:43:04.779698Z,6.284,403,False,0xe2a2B0b479b477f22BDd40fF8137AC17F6e34B2e,GARAGE,843,TELEMATICS,3,READ,
w44,2025-12-19T14:43:04.779801Z,6.285,200,True,0x8Dd8Ebe34924EFE25Fc2D7A18d687C6e9a775529,REGULATOR,502,FNOL,4,READ,
w30,2025-12-19T14:43:04.779905Z,6.286,200,True,0x1f45920F4b49aD1E6d3d6542163Da1Fc12B8F399,POLICE,86,VIDEO,2,READ,
w18,2025-12-19T14:43:04.780004Z,6.286,200,True,0xe68d19e611fc7Cd8D9184Dbf3034203A5B0ba7E9,INSURER,922,OTHER,1,READ,
w4,2025-12-19T14:43:04.780118Z,6.270,403,False,0xdC2E4E6D348448D3722b528D8c9272eD5C020F55,POLICE,978,OTHER,1,READ,
w0,2025-12-19T14:43:04.780227Z,6.257,403,False,0x9dC8E21f76Ed8e9828c40E7E03428bEF6aF69A84,GARAGE,90,VIDEO,2,READ,
w31,2025-12-19T14:43:04.780333Z,6.251,200,True,0xb03C6C3a6e66a20729a4d4758D907D3A07cB0af5,INSURER,524,MEDICAL_REPORT,5,READ,
w19,2025-12-19T14:43:04.780445Z,6.240,403,False,0x1f45920F4b49aD1E6d3d6542163Da1Fc12B8F399,POLICE,576,FNOL,4,READ,
w5,2025-12-19T14:43:04.780555Z,6.258,200,True,0x2bae1eb63108Ab352DaD7842Af98F4e1768425C1,ADJUSTER,142,VIDEO,2,READ,
w45,2025-12-19T14:43:04.780677Z,6.342,200,True,0xe68d19e611fc7Cd8D9184Dbf3034203A5B0ba7E9,INSURER,818,TELEMATICS,3,READ,
w3,2025-12-19T14:43:04.780790Z,6.476,200,True,0x6f5CC3De03FD8Ff029C145d99B3A9D30D2c0A71D,INSURER,69,VIDEO,2,READ,
w32,2025-12-19T14:43:04.780900Z,6.632,200,True,0x0f3329Ff55b9471d57D644d34b6c7227aeD65b2D,ADJUSTER,371,IMAGE,2,READ,
w20,2025-12-19T14:43:04.781004Z,6.747,200,True,0xdadC347Cbfd9bcB5e0E6bd20fA005df38d4fdFa0,ADJUSTER,478,IMAGE,2,READ,
w6,2025-12-19T14:43:04.781115Z,6.861,200,True,0x90F928F43C9c4066afF2a1E64E1063ECE320A9E3,INSURER,345,IMAGE,2,READ,
w46,2025-12-19T14:43:04.781234Z,6.956,200,True,0x065803C5af851Dda212c2b93EabB66A8eE0Adb34,INSURER,227,VIDEO,2,READ,
w33,2025-12-19T14:43:04.781339Z,7.041,200,True,0x2Fd075dD3CC039D228Ac107272729a1129782C59,GARAGE,345,IMAGE,2,READ,
w7,2025-12-19T14:43:04.781440Z,7.114,200,True,0x9D65961198142f8eE2223b06687b0C16ED30B78E,POLICE,90,VIDEO,2,READ,
w47,2025-12-19T14:43:04.781540Z,7.176,200,True,0x66f104f30efDef6bbcf31F1d23B3c5a5Cf67C05A,INSURER,247,VIDEO,2,READ,
w34,2025-12-19T14:43:04.781642Z,7.200,200,True,0x47200E7159B7646892C3cC84C60818bcD2B38A22,ADJUSTER,353,IMAGE,2,READ,
w8,2025-12-19T14:43:04.781742Z,7.245,403,False,0xF9A0ebFF6934d204B4E2240E8c635586556a6bBf,POLICE,637,MEDICAL_REPORT,5,READ,
w48,2025-12-19T14:43:04.781840Z,7.337,200,True,0x9D27B273CA2f10A2b874e5280Aa7A5081BdC694C,INSURER,446,IMAGE,2,READ,
w35,2025-12-19T14:43:04.781939Z,7.437,200,True,0xb4F3640241c9285C3384313c7E76CBB3eded034B,INSURER,257,IMAGE,2,READ,
w21,2025-12-19T14:43:04.782037Z,7.530,200,True,0x547633aa452093F2f87ad6cF6Af95cf459e17be5,ADJUSTER,143,VIDEO,2,READ,
w9,2025-12-19T14:43:04.782151Z,7.611,200,True,0x2bae1eb63108Ab352DaD7842Af98F4e1768425C1,ADJUSTER,883,OTHER,1,READ,
w49,2025-12-19T14:43:04.782277Z,7.706,200,True,0x6C083CdC9F152E5a82DB28241FBea8958a62a549,COURT,392,IMAGE,2,READ,
w36,2025-12-19T14:43:04.782707Z,7.907,200,True,0x0Dc1cFEE2758F0e2688803c8098E11241014f8BB,INSURER,447,IMAGE,2,READ,
w22,2025-12-19T14:43:04.782836Z,8.017,200,True,0xaF805972401628544EBe993aC94305E19571431b,INSURER,84,VIDEO,2,READ,
w10,2025-12-19T14:43:04.782960Z,8.139,200,True,0x711d7620b4C341A6A91E38D0c75783C80FfEdcED,COURT,838,TELEMATICS,3,READ,
w2,2025-12-19T14:43:04.783065Z,8.244,403,False,0xB4107C66a46663F51503A8d8C779b7E663809462,GARAGE,862,OTHER,1,READ,
w37,2025-12-19T14:43:04.783168Z,8.336,200,True,0xc6fd3ebdCCe1922C2aAF225B6Ae37C875b175082,ADJUSTER,450,IMAGE,2,READ,
w23,2025-12-19T14:43:04.783303Z,8.381,403,False,0xfc909f67c3BA8552cdb1B0bA216742E485d43BA1,ADJUSTER,689,MEDICAL_REPORT,5,READ,
w11,2025-12-19T14:43:04.783427Z,8.439,200,True,0x2bae1eb63108Ab352DaD7842Af98F4e1768425C1,ADJUSTER,983,OTHER,1,READ,
w38,2025-12-19T14:43:04.783542Z,8.494,403,False,0x28de4877801Eb83FF8f280a15cC0c360f89295ED,GARAGE,24,VIDEO,2,READ,
w24,2025-12-19T14:43:04.783661Z,8.538,200,True,0xD655a56fEE3b3b955dDD12746620A181f93F16e6,POLICE,130,VIDEO,2,READ,
w12,2025-12-19T14:43:04.783770Z,8.583,200,True,0x24a62efdAe4d80281BAc758e86a4E386905c720C,GARAGE,294,IMAGE,2,READ,
w39,2025-12-19T14:43:04.783875Z,8.665,200,True,0xD89D70fF36c803e47f1df2Ffaab469107117214F,ADJUSTER,17,VIDEO,2,READ,
w25,2025-12-19T14:43:04.784481Z,9.026,403,False,0x68c8c090a608c0B78636f50F6950137E9BBbEA97,GARAGE,821,TELEMATICS,3,READ,
w13,2025-12-19T14:43:04.784628Z,9.088,200,True,0xf1E534De0C06d61147F8A18Fd769352969fDCF3B,INSURER,610,FNOL,4,READ,
w40,2025-12-19T14:43:04.784754Z,9.142,200,True,0x5Adf6dA1124Cb04f8e27b4b197b6521C42AD0641,INSURER,257,IMAGE,2,READ,
w26,2025-12-19T14:43:04.784869Z,9.207,403,False,0xca4373A5412dd617d707A9D63Fab5c33bc55890a,POLICE,796,TELEMATICS,3,READ,
w14,2025-12-19T14:43:04.784976Z,9.277,200,True,0x9a076822Eb2A5Aff3AfdAC8DF2620AD153dC4035,POLICE,379,IMAGE,2,READ,
w41,2025-12-19T14:43:04.785080Z,9.331,200,True,0xaF805972401628544EBe993aC94305E19571431b,INSURER,93,VIDEO,2,READ,
w27,2025-12-19T14:43:04.785181Z,9.382,200,True,0xc6fd3ebdCCe1922C2aAF225B6Ae37C875b175082,ADJUSTER,574,FNOL,4,READ,
w15,2025-12-19T14:43:04.785277Z,9.433,200,True,0x29Ab7D36C4d714Ab42079831182cFeA1dF363Eae,COURT,754,TELEMATICS,3,READ,
w1,2025-12-19T14:43:04.785387Z,9.475,200,True,0x5436Ade91ba3a6360A1246339D36223f463dF81a,INSURER,964,OTHER,1,READ,
w42,2025-12-19T14:43:04.785496Z,9.541,200,True,0x8C0A9562bA06c26cD697012F2C311Ab93431CB08,INSURER,438,IMAGE,2,READ,
w28,2025-12-19T14:43:04.785597Z,9.608,200,True,0xECB4fA8D986702c344aB4Aacfa51CfeD104110bA,ADJUSTER,486,IMAGE,2,READ,
w16,2025-12-19T14:43:04.785696Z,9.678,200,True,0x33a629009de39E5811F7332ed385861ec1A77876,INSURER,9,VIDEO,2,READ,
w43,2025-12-19T14:43:04.785793Z,9.753,200,True,0xceebe3C41b74d2c472F28A01C7CC44d6aAcA498F,INSURER,441,IMAGE,2,READ,
w29,2025-12-19T14:43:04.785891Z,9.835,200,True,0x9D27B273CA2f10A2b874e5280Aa7A5081BdC694C,INSURER,175,VIDEO,2,READ,
w17,2025-12-19T14:43:04.785985Z,9.910,200,True,0xf1E534De0C06d61147F8A18Fd769352969fDCF3B,INSURER,460,IMAGE,2,READ,
w44,2025-12-19T14:43:04.786090Z,10.014,403,False,0x24a8D6d1D04D0d1D3e1c665a8Bd2f2B50Cb7097F,GARAGE,976,OTHER,1,READ,
w30,2025-12-19T14:43:04.786194Z,10.088,403,False,0x4706C804bB8f3Eb133529A02e3F3F48fc38Bd2F9,ADJUSTER,678,MEDICAL_REPORT,5,READ,
w18,2025-12-19T14:43:04.786294Z,10.204,200,True,0xCC454a974c35BAE19d6A6dE745A05E46885e2304,INSURER,156,VIDEO,2,READ,
w4,2025-12-19T14:43:04.786391Z,10.280,200,True,0x3CeB0Aa9CCc9c0A29a814fBD5c1aD23dca52aeb6,ADJUSTER,283,IMAGE,2,READ,
w0,2025-12-19T14:43:04.786488Z,10.333,200,True,0x4D2e324068BA02Eb613f39F882B7ED435DaAe089,INSURER,250,VIDEO,2,READ,
w31,2025-12-19T14:43:04.786588Z,10.387,200,True,0x6C9757f257381323C7E688e7935C2755df2DdaF3,INSURER,773,TELEMATICS,3,READ,
w19,2025-12-19T14:43:04.786689Z,10.480,200,True,0x67F4F8CE04FD59Bf243930A77adCf14537A0B5D2,ADJUSTER,461,IMAGE,2,READ,
w5,2025-12-19T14:43:04.786820Z,10.548,200,True,0x8d04Ed80530786073721Ae9c38cD46D45dd71756,INSURER,868,OTHER,1,READ,
w45,2025-12-19T14:43:04.787026Z,10.552,200,True,0x8419AD6d02e583D482E66F544e7fCc8a4078cE52,INSURER,376,IMAGE,2,READ,
w3,2025-12-19T14:43:04.787276Z,10.486,200,True,0x547633aa452093F2f87ad6cF6Af95cf459e17be5,ADJUSTER,515,FNOL,4,READ,
w32,2025-12-19T14:43:04.787540Z,10.358,200,True,0xdFCd3364f36CdB72072987Ba9e3a6197F2807c1A,GARAGE,348,IMAGE,2,READ,
w20,2025-12-19T14:43:04.787758Z,10.265,403,False,0x20f5B667b21b5fC5b82Fa52c25088446F4026127,POLICE,884,OTHER,1,READ,
w6,2025-12-19T14:43:04.787984Z,10.164,200,True,0xfc909f67c3BA8552cdb1B0bA216742E485d43BA1,ADJUSTER,135,VIDEO,2,READ,
w46,2025-12-19T14:43:04.788200Z,10.201,200,True,0x536e3B0833a6eBb933f385c0b0De10423705f7a1,COURT,783,TELEMATICS,3,READ,
w33,2025-12-19T14:43:04.788387Z,10.147,200,True,0x18D398FEffFf1114bdb4B9558a6905E521C001A3,ADJUSTER,55,VIDEO,2,READ,
w7,2025-12-19T14:43:04.788568Z,10.092,200,True,0x2bae1eb63108Ab352DaD7842Af98F4e1768425C1,ADJUSTER,693,FNOL,4,READ,
w47,2025-12-19T14:43:04.788721Z,10.053,200,True,0xdF8A225C5B1E14558757B029B89e2F233515a798,ADJUSTER,479,IMAGE,2,READ,
w34,2025-12-19T14:43:04.788848Z,10.038,200,True,0xD2e4187ae13875E61F4ADeB0bc309Fda9E672655,INSURER,641,FNOL,4,READ,
w8,2025-12-19T14:43:04.788993Z,10.002,200,True,0x5Adf6dA1124Cb04f8e27b4b197b6521C42AD0641,INSURER,781,TELEMATICS,3,READ,
w48,2025-12-19T14:43:04.789184Z,9.931,200,True,0x6d633edcb7CD9413cd0509faebAE113ec0EC2FBc,INSURER,325,IMAGE,2,READ,
w35,2025-12-19T14:43:04.789382Z,9.844,200,True,0xf306C99564607882567c83a33f4e5EEEb8bF050e,ADJUSTER,822,TELEMATICS,3,READ,
w21,2025-12-19T14:43:04.789575Z,9.755,200,True,0x18D398FEffFf1114bdb4B9558a6905E521C001A3,ADJUSTER,403,IMAGE,2,READ,
w9,2025-12-19T14:43:04.789771Z,9.665,403,False,0x28de4877801Eb83FF8f280a15cC0c360f89295ED,GARAGE,673,FNOL,4,READ,
w49,2025-12-19T14:43:04.789990Z,9.550,403,False,0x4daf1A3296865E86D251A8ACacd2A4d94afB79F4,POLICE,954,OTHER,1,READ,
w36,2025-12-19T14:43:04.790621Z,9.357,200,True,0x816E9ccDC1bbbd5f73D84dF5652A4B63F92DE291,INSURER,81,VIDEO,2,READ,
w22,2025-12-19T14:43:04.790863Z,9.265,200,True,0x74fB3137dFB3B6448931Fb8Da2496AaF6a238f78,COURT,928,OTHER,1,READ,
w10,2025-12-19T14:43:04.791108Z,9.155,200,True,0x1e237843BDabB13CAAF8C9B59868118a067a706f,INSURER,630,FNOL,4,READ,
w2,2025-12-19T14:43:04.791316Z,9.061,200,True,0xc3c51312907D83df323e05D7E254352175252368,COURT,709,TELEMATICS,3,READ,
w37,2025-12-19T14:43:04.791511Z,8.979,200,True,0x168EC3290512E1AcbB8201aeD946f3BA1Ed1effc,INSURER,120,VIDEO,2,READ,
w23,2025-12-19T14:43:04.791691Z,8.904,200,True,0x0b5E323fB184f11d5882ca0773Ff29b91c76b407,ADJUSTER,210,VIDEO,2,READ,
w11,2025-12-19T14:43:04.791872Z,8.827,200,True,0x67f187dcbDE2Fbf24Ec1508f7AAdF943bcE1f668,INSURER,195,VIDEO,2,READ,
w38,2025-12-19T14:43:04.792043Z,8.756,200,True,0x4b325498d9Ec08b7e1eb3C52CE9a554ea24D3737,INSURER,251,IMAGE,2,READ,
w24,2025-12-19T14:43:04.792206Z,8.704,200,True,0x3EBAE31cB2be64Fe5734160d81AF569256974D47,POLICE,103,VIDEO,2,READ,
w12,2025-12-19T14:43:04.792375Z,8.644,403,False,0x13574B3384B73DcA7b44aa015680060B3561B666,POLICE,634,FNOL,4,READ,
w39,2025-12-19T14:43:04.792548Z,8.578,200,True,0xD89D70fF36c803e47f1df2Ffaab469107117214F,ADJUSTER,432,IMAGE,2,READ,
w25,2025-12-19T14:43:04.793517Z,8.215,200,True,0x8EacD2DD8F1d188ca58Ce26655097d63c95b65BB,ADJUSTER,933,OTHER,1,READ,
w13,2025-12-19T14:43:04.793724Z,8.148,200,True,0x592bB49f1f64a954F181cc99489664AeC05bB383,COURT,366,IMAGE,2,READ,
w40,2025-12-19T14:43:04.793903Z,8.089,200,True,0xF173F4d5ADdf0E7a16e318fFd5937Dfb27583015,INSURER,990,OTHER,1,READ,
w26,2025-12-19T14:43:04.794084Z,8.026,200,True,0xdF8A225C5B1E14558757B029B89e2F233515a798,ADJUSTER,942,OTHER,1,READ,
w14,2025-12-19T14:43:04.794259Z,7.964,200,True,0x24a8D6d1D04D0d1D3e1c665a8Bd2f2B50Cb7097F,GARAGE,263,IMAGE,2,READ,
w41,2025-12-19T14:43:04.794418Z,7.910,200,True,0xF173F4d5ADdf0E7a16e318fFd5937Dfb27583015,INSURER,543,FNOL,4,READ,
w27,2025-12-19T14:43:04.794569Z,7.860,200,True,0xC9d315B25D2f58D8299fD726f1bd40D5b077C4a4,ADJUSTER,367,IMAGE,2,READ,
w15,2025-12-19T14:43:04.794716Z,7.815,200,True,0xECB4fA8D986702c344aB4Aacfa51CfeD104110bA,ADJUSTER,318,IMAGE,2,READ,
w1,2025-12-19T14:43:04.794868Z,7.765,200,True,0x766C26A7aD924449Bec43A8A34DEF94ddE4249e8,COURT,966,OTHER,1,READ,
w42,2025-12-19T14:43:04.795044Z,7.693,200,True,0x0b5E323fB184f11d5882ca0773Ff29b91c76b407,ADJUSTER,995,OTHER,1,READ,
w28,2025-12-19T14:43:04.795211Z,7.633,200,True,0xA18C8C6aE69cB5aabAA3EfDdF1c38c4dE58494CA,INSURER,182,VIDEO,2,READ,
w16,2025-12-19T14:43:04.795380Z,7.571,200,True,0x1d1694bc32c0223F44b4aC0956BE792a5996Cb79,INSURER,589,FNOL,4,READ,
w43,2025-12-19T14:43:04.795554Z,7.497,200,True,0x03E8540790383Dc711c7029C4a4727A3D6F85Ee6,INSURER,83,VIDEO,2,READ,
w29,2025-12-19T14:43:04.795733Z,7.414,200,True,0x8419AD6d02e583D482E66F544e7fCc8a4078cE52,INSURER,590,FNOL,4,READ,
w17,2025-12-19T14:43:04.795902Z,7.335,200,True,0x29Ab7D36C4d714Ab42079831182cFeA1dF363Eae,COURT,2,VIDEO,2,READ,
w44,2025-12-19T14:43:04.796111Z,7.221,200,True,0x6f5CC3De03FD8Ff029C145d99B3A9D30D2c0A71D,INSURER,487,IMAGE,2,READ,
w30,2025-12-19T14:43:04.796291Z,7.153,200,True,0x06D4bAEDddd3B73284654b61bec9CF7C3D667E84,ADJUSTER,993,OTHER,1,READ,
w18,2025-12-19T14:43:04.796504Z,7.142,403,False,0x9fFdEc67F092978A065F3956A4C0D0887253f6B4,GARAGE,238,VIDEO,2,READ,
w4,2025-12-19T14:43:04.796678Z,7.187,200,True,0x00a777ADb6935EdBdF8a8529125d1fbd93EdBA56,INSURER,585,MEDICAL_REPORT,5,READ,
w0,2025-12-19T14:43:04.796827Z,7.199,200,True,0x6d633edcb7CD9413cd0509faebAE113ec0EC2FBc,INSURER,852,OTHER,1,READ,
w31,2025-12-19T14:43:04.796982Z,7.190,200,True,0x501d27511202E1C0343B6ee79241254B3C3d4378,INSURER,756,TELEMATICS,3,READ,
w19,2025-12-19T14:43:04.797175Z,7.151,200,True,0x16C605c8536B3AC44524Ebd88bF81CE652b1E990,POLICE,63,VIDEO,2,READ,
w5,2025-12-19T14:43:04.797378Z,7.097,200,True,0x07e862A62f1C2E59d2B46Cb02c0B6469F0F2Ce6C,ADJUSTER,891,OTHER,1,READ,
w45,2025-12-19T14:43:04.797586Z,7.018,200,True,0x1d1694bc32c0223F44b4aC0956BE792a5996Cb79,INSURER,176,VIDEO,2,READ,
w3,2025-12-19T14:43:04.797769Z,6.972,200,True,0x1D3a19aAC334311E82F8439171A040835c8049F7,REGULATOR,920,OTHER,1,READ,
w32,2025-12-19T14:43:04.797903Z,6.964,200,True,0x8Dd8Ebe34924EFE25Fc2D7A18d687C6e9a775529,REGULATOR,925,OTHER,1,READ,
w20,2025-12-19T14:43:04.798028Z,6.961,200,True,0x816E9ccDC1bbbd5f73D84dF5652A4B63F92DE291,INSURER,3,VIDEO,2,READ,
w6,2025-12-19T14:43:04.798153Z,6.973,200,True,0x555115C078B14a18238D974E5351E87E050EbE47,ADJUSTER,885,OTHER,1,READ,
w46,2025-12-19T14:43:04.798406Z,6.843,403,False,0x9a076822Eb2A5Aff3AfdAC8DF2620AD153dC4035,POLICE,517,MEDICAL_REPORT,5,READ,
w33,2025-12-19T14:43:04.798539Z,6.840,200,True,0xfc909f67c3BA8552cdb1B0bA216742E485d43BA1,ADJUSTER,693,FNOL,4,READ,
w7,2025-12-19T14:43:04.798665Z,6.834,200,True,0x9faB46D850015a996dAa8c1858e4cA1262E31bE2,INSURER,274,IMAGE,2,READ,
w47,2025-12-19T14:43:04.798779Z,6.830,200,True,0xa162d20e1Ea3efe0C78A65109e3411462afd3b28,INSURER,837,TELEMATICS,3,READ,
w34,2025-12-19T14:43:04.798891Z,6.829,200,True,0xb03C6C3a6e66a20729a4d4758D907D3A07cB0af5,INSURER,121,VIDEO,2,READ,
w8,2025-12-19T14:43:04.799000Z,6.842,200,True,0x96C5458aF74559b7eB9C1768f6F30BD40251e25e,INSURER,975,OTHER,1,READ,
w48,2025-12-19T14:43:04.799120Z,6.830,200,True,0x9faB46D850015a996dAa8c1858e4cA1262E31bE2,INSURER,799,TELEMATICS,3,READ,
w35,2025-12-19T14:43:04.799231Z,6.822,200,True,0xB681a7921F6B4dE01c32e0986627275Edcd5e568,INSURER,770,TELEMATICS,3,READ,
w21,2025-12-19T14:43:04.799335Z,6.821,200,True,0x7775fD4aD4669C7F6F26aCBf7CC07d9dA5f959C8,POLICE,70,VIDEO,2,READ,
w9,2025-12-19T14:43:04.799440Z,6.816,200,True,0x4b325498d9Ec08b7e1eb3C52CE9a554ea24D3737,INSURER,474,IMAGE,2,READ,
w49,2025-12-19T14:43:04.799544Z,6.817,200,True,0xC9d315B25D2f58D8299fD726f1bd40D5b077C4a4,ADJUSTER,23,VIDEO,2,READ,
w36,2025-12-19T14:43:04.799984Z,6.876,200,True,0x8e698D53B82C116210BD73e1cA88584086b03795,POLICE,481,IMAGE,2,READ,
w22,2025-12-19T14:43:04.800133Z,6.890,200,True,0x91229246e94c04361C72A11629D800CfBaC95674,COURT,981,OTHER,1,READ,
w10,2025-12-19T14:43:04.800268Z,6.893,200,True,0x1734cC5117Ca09e57A599f0E72469FEad0d749F9,REGULATOR,651,FNOL,4,READ,
w2,2025-12-19T14:43:04.800383Z,6.898,403,False,0x40B970b53BFF9D4A11Fe90cD35998f21368a2830,POLICE,621,FNOL,4,READ,
w37,2025-12-19T14:43:04.800495Z,6.909,200,True,0x74fB3137dFB3B6448931Fb8Da2496AaF6a238f78,COURT,91,VIDEO,2,READ,
w23,2025-12-19T14:43:04.800599Z,6.922,403,False,0x24a62efdAe4d80281BAc758e86a4E386905c720C,GARAGE,87,VIDEO,2,READ,
w11,2025-12-19T14:43:04.800703Z,6.928,403,False,0xB4107C66a46663F51503A8d8C779b7E663809462,GARAGE,912,OTHER,1,READ,
w38,2025-12-19T14:43:04.800803Z,6.937,200,True,0x50BbaB837D91CF9f3d77c66d83c40d4b389AB0B1,INSURER,360,IMAGE,2,READ,
w24,2025-12-19T14:43:04.800914Z,6.939,200,True,0x18D398FEffFf1114bdb4B9558a6905E521C001A3,ADJUSTER,994,OTHER,1,READ,
w12,2025-12-19T14:43:04.801024Z,6.945,200,True,0x5cB8e3e86426cca28B81a1F506b0c918fa230526,INSURER,608,FNOL,4,READ,
w39,2025-12-19T14:43:04.801131Z,6.950,200,True,0x31A860cfF3A3D2B972B9EE41a34653e31b6143DD,ADJUSTER,992,OTHER,1,READ,
w25,2025-12-19T14:43:04.801738Z,6.987,200,True,0x065803C5af851Dda212c2b93EabB66A8eE0Adb34,INSURER,505,FNOL,4,READ,
w13,2025-12-19T14:43:04.801877Z,6.998,403,False,0x16C605c8536B3AC44524Ebd88bF81CE652b1E990,POLICE,520,FNOL,4,READ,
w40,2025-12-19T14:43:04.801996Z,7.004,200,True,0x7034d06498b2196468b6eD861eda7B5D1cb5594c,REGULATOR,342,IMAGE,2,READ,
w26,2025-12-19T14:43:04.802114Z,7.002,200,True,0xCC454a974c35BAE19d6A6dE745A05E46885e2304,INSURER,605,FNOL,4,READ,
w14,2025-12-19T14:43:04.802227Z,6.990,200,True,0x1734cC5117Ca09e57A599f0E72469FEad0d749F9,REGULATOR,300,IMAGE,2,READ,
w41,2025-12-19T14:43:04.802332Z,6.989,200,True,0x1D3a19aAC334311E82F8439171A040835c8049F7,REGULATOR,268,IMAGE,2,READ,
w27,2025-12-19T14:43:04.802433Z,7.011,200,True,0x1F118D13DD44a163CF0Cfe93a2339019D5089D5c,ADJUSTER,199,VIDEO,2,READ,
w15,2025-12-19T14:43:04.802534Z,7.020,200,True,0xaF805972401628544EBe993aC94305E19571431b,INSURER,894,OTHER,1,READ,
w1,2025-12-19T14:43:04.802637Z,7.021,200,True,0x66f104f30efDef6bbcf31F1d23B3c5a5Cf67C05A,INSURER,563,FNOL,4,READ,
w42,2025-12-19T14:43:04.802741Z,7.020,200,True,0x5ACFAa5B3cF34961Fe72993cF32654Dff1eBc4ea,INSURER,113,VIDEO,2,READ,
w28,2025-12-19T14:43:04.802849Z,7.014,200,True,0x2bae1eb63108Ab352DaD7842Af98F4e1768425C1,ADJUSTER,311,IMAGE,2,READ,
w16,2025-12-19T14:43:04.802955Z,7.014,200,True,0xF173F4d5ADdf0E7a16e318fFd5937Dfb27583015,INSURER,759,TELEMATICS,3,READ,
w43,2025-12-19T14:43:04.803055Z,7.018,200,True,0xd0eD43b7e3956873eD7AB8414636734c48656D80,ADJUSTER,130,VIDEO,2,READ,
w29,2025-12-19T14:43:04.803151Z,7.028,200,True,0x9d26A04fcCe87Fd42687C4eCBA27F01DB5b333E9,REGULATOR,888,OTHER,1,READ,
w17,2025-12-19T14:43:04.803241Z,7.030,200,True,0xD2e4187ae13875E61F4ADeB0bc309Fda9E672655,INSURER,943,OTHER,1,READ,
w44,2025-12-19T14:43:04.803337Z,7.026,200,True,0x3dc584940370d31418aBbfB6F809C055E9bBC98f,COURT,659,MEDICAL_REPORT,5,READ,
w30,2025-12-19T14:43:04.803449Z,7.002,200,True,0x094A1Ff3795B2267aEA059A54C374B2CdB84D45e,COURT,596,FNOL,4,READ,
w18,2025-12-19T14:43:04.803653Z,6.892,200,True,0xc3c51312907D83df323e05D7E254352175252368,COURT,898,OTHER,1,READ,
w4,2025-12-19T14:43:04.803873Z,6.778,200,True,0x4D2e324068BA02Eb613f39F882B7ED435DaAe089,INSURER,709,TELEMATICS,3,READ,
w0,2025-12-19T14:43:04.804031Z,6.723,200,True,0x2E2C6b303dF5Eb5E67C04610fDF33084A6d7408B,ADJUSTER,72,VIDEO,2,READ,
w31,2025-12-19T14:43:04.804180Z,6.676,403,False,0x992Eaf53E29aF2be6bCDB7c2013cC167E3D529F8,GARAGE,627,FNOL,4,READ,
w19,2025-12-19T14:43:04.804332Z,6.633,200,True,0x7f9fe1a6ad85DEBFdFB998d4E7Ddb5cb2fD1bd63,INSURER,512,FNOL,4,READ,
w5,2025-12-19T14:43:04.804480Z,6.585,403,False,0xDB6a12DbE55181c3f880bD63570EA3f3AC91e63A,ADJUSTER,510,MEDICAL_REPORT,5,READ,
w45,2025-12-19T14:43:04.804609Z,6.565,200,True,0xCe0598bC3ba15cA3db71063563179eCf0D7c35A7,ADJUSTER,3,VIDEO,2,READ,
w3,2025-12-19T14:43:04.804746Z,6.529,200,True,0x39f6D3043406601E6c6B8f786B46298Be5738EC8,INSURER,600,MEDICAL_REPORT,5,READ,
w32,2025-12-19T14:43:04.804871Z,6.521,200,True,0x11aaC79A517D8afa3a7DB9b5B2E4a2592284C7AE,INSURER,816,TELEMATICS,3,READ,
w20,2025-12-19T14:43:04.804993Z,6.513,200,True,0x766C26A7aD924449Bec43A8A34DEF94ddE4249e8,COURT,831,TELEMATICS,3,READ,
w6,2025-12-19T14:43:04.805130Z,6.480,200,True,0xb03C6C3a6e66a20729a4d4758D907D3A07cB0af5,INSURER,283,IMAGE,2,READ,
w46,2025-12-19T14:43:04.805254Z,6.456,200,True,0x90F928F43C9c4066afF2a1E64E1063ECE320A9E3,INSURER,802,TELEMATICS,3,READ,
w33,2025-12-19T14:43:04.805384Z,6.423,200,True,0xA07Ab60Dc6F87DcAbEA86aDb690fFf1e30BB14A6,COURT,413,IMAGE,2,READ,
w7,2025-12-19T14:43:04.805505Z,6.400,200,True,0x3015CaAdD111E6bb308586Fb390005C8F75848A7,POLICE,100,VIDEO,2,READ,
w47,2025-12-19T14:43:04.805614Z,6.395,403,False,0x32a71350b8324e903BA5674B6456e07Bd472AA8f,GARAGE,12,VIDEO,2,READ,
w34,2025-12-19T14:43:04.805724Z,6.384,200,True,0xB29E5C47C181524AB77DF0E7095d8d832f9Afe6C,ADJUSTER,741,TELEMATICS,3,READ,
w8,2025-12-19T14:43:04.805846Z,6.355,200,True,0x96C5458aF74559b7eB9C1768f6F30BD40251e25e,INSURER,984,OTHER,1,READ,
w48,2025-12-19T14:43:04.805954Z,6.344,403,False,0x24a8D6d1D04D0d1D3e1c665a8Bd2f2B50Cb7097F,GARAGE,23,VIDEO,2,READ,
w35,2025-12-19T14:43:04.806056Z,6.347,200,True,0x168EC3290512E1AcbB8201aeD946f3BA1Ed1effc,INSURER,594,FNOL,4,READ,
w21,2025-12-19T14:43:04.806160Z,6.338,403,False,0xe2a2B0b479b477f22BDd40fF8137AC17F6e34B2e,GARAGE,245,VIDEO,2,READ,
w9,2025-12-19T14:43:04.806260Z,6.332,403,False,0xb0276419CD1DA3AF0406c1b6D9D2302B8CDAc670,POLICE,976,OTHER,1,READ,
w49,2025-12-19T14:43:04.806365Z,6.320,403,False,0x7775fD4aD4669C7F6F26aCBf7CC07d9dA5f959C8,POLICE,647,FNOL,4,READ,
w36,2025-12-19T14:43:04.806869Z,6.219,200,True,0xf3f97A6811D6ad4d52078Dca9bAe96C8d8136764,ADJUSTER,477,IMAGE,2,READ,
w22,2025-12-19T14:43:04.807029Z,6.204,200,True,0x5B9Fe195263932C148aB2997922dda28a64aD5A9,INSURER,462,IMAGE,2,READ,
w10,2025-12-19T14:43:04.807167Z,6.181,200,True,0xeE7a8fa9C275631851e5D7dc28236a336206c473,COURT,723,TELEMATICS,3,READ,
w2,2025-12-19T14:43:04.807286Z,6.181,200,True,0x2E2C6b303dF5Eb5E67C04610fDF33084A6d7408B,ADJUSTER,244,VIDEO,2,READ,
w37,2025-12-19T14:43:04.807410Z,6.160,200,True,0x39f6D3043406601E6c6B8f786B46298Be5738EC8,INSURER,281,IMAGE,2,READ,
w23,2025-12-19T14:43:04.807525Z,6.145,403,False,0x3015CaAdD111E6bb308586Fb390005C8F75848A7,POLICE,992,OTHER,1,READ,
w11,2025-12-19T14:43:04.807634Z,6.135,403,False,0x20f5B667b21b5fC5b82Fa52c25088446F4026127,POLICE,876,OTHER,1,READ,
w38,2025-12-19T14:43:04.807745Z,6.121,403,False,0x20f5B667b21b5fC5b82Fa52c25088446F4026127,POLICE,601,MEDICAL_REPORT,5,READ,
w24,2025-12-19T14:43:04.807857Z,6.115,200,True,0x0Dc1cFEE2758F0e2688803c8098E11241014f8BB,INSURER,638,FNOL,4,READ,
w12,2025-12-19T14:43:04.807974Z,6.102,403,False,0x24a8D6d1D04D0d1D3e1c665a8Bd2f2B50Cb7097F,GARAGE,246,VIDEO,2,READ,
w39,2025-12-19T14:43:04.808084Z,6.092,200,True,0xb03C6C3a6e66a20729a4d4758D907D3A07cB0af5,INSURER,87,VIDEO,2,READ,
w25,2025-12-19T14:43:04.808734Z,6.023,200,True,0x87731f9AB64CbE25f915Bd81646C15853b0A47F6,POLICE,359,IMAGE,2,READ,
w13,2025-12-19T14:43:04.808880Z,6.009,200,True,0x9faB46D850015a996dAa8c1858e4cA1262E31bE2,INSURER,329,IMAGE,2,READ,
w40,2025-12-19T14:43:04.809011Z,5.986,200,True,0x445B0132f3e4B43546EdbBb0604997A1c2605CDf,INSURER,920,OTHER,1,READ,
w26,2025-12-19T14:43:04.809120Z,5.974,200,True,0x5Adf6dA1124Cb04f8e27b4b197b6521C42AD0641,INSURER,942,OTHER,1,READ,
w14,2025-12-19T14:43:04.809221Z,5.985,200,True,0x5cB8e3e86426cca28B81a1F506b0c918fa230526,INSURER,332,IMAGE,2,READ,
w41,2025-12-19T14:43:04.809326Z,5.980,200,True,0xFbB08379ae5b6acFA48Fdee5E2Be6af84a90DcFb,COURT,854,OTHER,1,READ,
w27,2025-12-19T14:43:04.809449Z,5.952,200,True,0xbDC02CAdBc892839484c2D2A7933028B4Cb9DBcE,INSURER,150,VIDEO,2,READ,
w15,2025-12-19T14:43:04.809559Z,5.939,200,True,0x1dDd4F87D89500d1d92400BaE6cdb8373566adeE,INSURER,790,TELEMATICS,3,READ,
w1,2025-12-19T14:43:04.809662Z,5.936,200,True,0x1734cC5117Ca09e57A599f0E72469FEad0d749F9,REGULATOR,940,OTHER,1,READ,
w42,2025-12-19T14:43:04.809765Z,5.929,403,False,0x66dbB00795DC0d781dcA2e6219ab30FcaF5f1CAd,GARAGE,99,VIDEO,2,READ,
w28,2025-12-19T14:43:04.809867Z,5.925,200,True,0xB29E5C47C181524AB77DF0E7095d8d832f9Afe6C,ADJUSTER,216,VIDEO,2,READ,
w16,2025-12-19T14:43:04.809973Z,5.917,200,True,0x2bae1eb63108Ab352DaD7842Af98F4e1768425C1,ADJUSTER,211,VIDEO,2,READ,
w43,2025-12-19T14:43:04.810077Z,5.911,403,False,0xdC2E4E6D348448D3722b528D8c9272eD5C020F55,POLICE,643,FNOL,4,READ,
w29,2025-12-19T14:43:04.810182Z,5.902,200,True,0x8Dd8Ebe34924EFE25Fc2D7A18d687C6e9a775529,REGULATOR,410,IMAGE,2,READ,
w17,2025-12-19T14:43:04.810276Z,5.903,200,True,0xF9EA48F4E0d76E96a3755d17b67fF2F7157C7911,POLICE,455,IMAGE,2,READ,
w44,2025-12-19T14:43:04.810367Z,5.908,200,True,0xD91E6fbf8C6C9F06DA14fCEc6BB1f34719Cb6AfF,INSURER,698,FNOL,4,READ,
w30,2025-12-19T14:43:04.810455Z,5.913,200,True,0xFbB08379ae5b6acFA48Fdee5E2Be6af84a90DcFb,COURT,986,OTHER,1,READ,
w18,2025-12-19T14:43:04.810550Z,5.913,200,True,0xcbA3c1E62e024046934d519a26b637Dd0dfD1b3c,REGULATOR,934,OTHER,1,READ,
w4,2025-12-19T14:43:04.810656Z,5.904,200,True,0xE5dd563f92431eDFA8d444f0f1999a2858b95A81,INSURER,8,VIDEO,2,READ,
w0,2025-12-19T14:43:04.810758Z,5.896,200,True,0xceebe3C41b74d2c472F28A01C7CC44d6aAcA498F,INSURER,688,FNOL,4,READ,
w31,2025-12-19T14:43:04.810861Z,5.885,200,True,0xE8bF57455EE3405331D286E17C7bC05cAD0bFB1C,POLICE,132,VIDEO,2,READ,
w19,2025-12-19T14:43:04.810969Z,5.877,200,True,0xceebe3C41b74d2c472F28A01C7CC44d6aAcA498F,INSURER,954,OTHER,1,READ,
w5,2025-12-19T14:43:04.811069Z,5.877,200,True,0xf7E1883f933104b142c40E92e6624179359b44C2,INSURER,26,VIDEO,2,READ,
w45,2025-12-19T14:43:04.811178Z,5.871,200,True,0xb113F22B749C4efc290Eb311C18c72DF29481dAE,ADJUSTER,61,VIDEO,2,READ,
w3,2025-12-19T14:43:04.811278Z,5.874,403,False,0xdFCd3364f36CdB72072987Ba9e3a6197F2807c1A,GARAGE,31,VIDEO,2,READ,
w32,2025-12-19T14:43:04.811397Z,5.853,200,True,0x5cB8e3e86426cca28B81a1F506b0c918fa230526,INSURER,22,VIDEO,2,READ,
w20,2025-12-19T14:43:04.811510Z,5.834,403,False,0x992Eaf53E29aF2be6bCDB7c2013cC167E3D529F8,GARAGE,901,OTHER,1,READ,
w6,2025-12-19T14:43:04.811613Z,5.827,200,True,0xb4F3640241c9285C3384313c7E76CBB3eded034B,INSURER,4,VIDEO,2,READ,
w46,2025-12-19T14:43:04.811714Z,5.823,200,True,0x1F118D13DD44a163CF0Cfe93a2339019D5089D5c,ADJUSTER,819,TELEMATICS,3,READ,
w33,2025-12-19T14:43:04.811811Z,5.824,200,True,0x39f310D9c7221cAEF10d101bFB16Ecc0DF2654F9,INSURER,956,OTHER,1,READ,
w7,2025-12-19T14:43:04.811909Z,5.820,403,False,0xdF8A225C5B1E14558757B029B89e2F233515a798,ADJUSTER,645,MEDICAL_REPORT,5,READ,
w47,2025-12-19T14:43:04.812013Z,5.817,403,False,0xCe0598bC3ba15cA3db71063563179eCf0D7c35A7,ADJUSTER,672,MEDICAL_REPORT,5,READ,
w34,2025-12-19T14:43:04.812112Z,5.815,403,False,0x68c8c090a608c0B78636f50F6950137E9BBbEA97,GARAGE,191,VIDEO,2,READ,
w8,2025-12-19T14:43:04.812205Z,5.821,403,False,0x992Eaf53E29aF2be6bCDB7c2013cC167E3D529F8,GARAGE,101,VIDEO,2,READ,
w48,2025-12-19T14:43:04.812302Z,5.817,403,False,0xFE9CaBBAac086eBE0edE14f99E312c84Ed89B85b,GARAGE,621,FNOL,4,READ,
w35,2025-12-19T14:43:04.812407Z,5.808,200,True,0x3dc584940370d31418aBbfB6F809C055E9bBC98f,COURT,977,OTHER,1,READ,
w21,2025-12-19T14:43:04.812501Z,5.808,403,False,0x3015CaAdD111E6bb308586Fb390005C8F75848A7,POLICE,549,FNOL,4,READ,
w9,2025-12-19T14:43:04.812595Z,5.809,200,True,0x7F58e30B33E800fAD1041651365A29CfB660aC57,INSURER,866,OTHER,1,READ,
w49,2025-12-19T14:43:04.812689Z,5.811,200,True,0x592bB49f1f64a954F181cc99489664AeC05bB383,COURT,170,VIDEO,2,READ,
w36,2025-12-19T14:43:04.813094Z,5.784,200,True,0x793235ebf79944f08742d0Cd92ca6D24B4327d8E,POLICE,271,IMAGE,2,READ,
w22,2025-12-19T14:43:04.813237Z,5.812,200,True,0xb03C6C3a6e66a20729a4d4758D907D3A07cB0af5,INSURER,981,OTHER,1,READ,
w10,2025-12-19T14:43:04.813353Z,5.819,200,True,0x99a806d3b557c0a8e626Cef888962d06713ad5f6,COURT,913,OTHER,1,READ,
w2,2025-12-19T14:43:04.813470Z,5.808,200,True,0x11aaC79A517D8afa3a7DB9b5B2E4a2592284C7AE,INSURER,632,FNOL,4,READ,
w37,2025-12-19T14:43:04.813574Z,5.811,200,True,0x63799B99d43E4dB6Eb46BF3fEeBcb88c347351c0,COURT,825,TELEMATICS,3,READ,
w23,2025-12-19T14:43:04.813674Z,5.818,200,True,0xb00fDdDb57D515d86B84D0A2E8E492d9b6082070,INSURER,326,IMAGE,2,READ,
w11,2025-12-19T14:43:04.813773Z,5.817,403,False,0xFE9CaBBAac086eBE0edE14f99E312c84Ed89B85b,GARAGE,973,OTHER,1,READ,
w38,2025-12-19T14:43:04.813870Z,5.817,200,True,0xcbA3c1E62e024046934d519a26b637Dd0dfD1b3c,REGULATOR,965,OTHER,1,READ,
w24,2025-12-19T14:43:04.813976Z,5.811,200,True,0x03E8540790383Dc711c7029C4a4727A3D6F85Ee6,INSURER,375,IMAGE,2,READ,
w12,2025-12-19T14:43:04.814080Z,5.805,200,True,0xf1E534De0C06d61147F8A18Fd769352969fDCF3B,INSURER,628,MEDICAL_REPORT,5,READ,
w39,2025-12-19T14:43:04.814180Z,5.796,200,True,0x31A860cfF3A3D2B972B9EE41a34653e31b6143DD,ADJUSTER,843,TELEMATICS,3,READ,
w25,2025-12-19T14:43:04.814762Z,5.857,200,True,0x39f310D9c7221cAEF10d101bFB16Ecc0DF2654F9,INSURER,593,MEDICAL_REPORT,5,READ,
w13,2025-12-19T14:43:04.814894Z,5.938,200,True,0x47200E7159B7646892C3cC84C60818bcD2B38A22,ADJUSTER,62,VIDEO,2,READ,
w40,2025-12-19T14:43:04.815000Z,6.065,403,False,0x4531E352d63619A871806b0f4b4509c5Ac923135,GARAGE,54,VIDEO,2,READ,
w26,2025-12-19T14:43:04.815098Z,6.189,200,True,0xe2B8d1C6c9c24880899f9658aB855CaA7c476FA1,POLICE,328,IMAGE,2,READ,
w14,2025-12-19T14:43:04.815209Z,6.255,200,True,0x3dc584940370d31418aBbfB6F809C055E9bBC98f,COURT,167,VIDEO,2,READ,
w41,2025-12-19T14:43:04.815309Z,6.284,200,True,0x445B0132f3e4B43546EdbBb0604997A1c2605CDf,INSURER,651,FNOL,4,READ,
w27,2025-12-19T14:43:04.815406Z,6.297,200,True,0xbDC02CAdBc892839484c2D2A7933028B4Cb9DBcE,INSURER,624,MEDICAL_REPORT,5,READ,
w15,2025-12-19T14:43:04.815502Z,6.317,200,True,0x9fFdEc67F092978A065F3956A4C0D0887253f6B4,GARAGE,330,IMAGE,2,READ,
w1,2025-12-19T14:43:04.815601Z,6.339,200,True,0xdadC347Cbfd9bcB5e0E6bd20fA005df38d4fdFa0,ADJUSTER,869,OTHER,1,READ,
w42,2025-12-19T14:43:04.815698Z,6.351,200,True,0xb03C6C3a6e66a20729a4d4758D907D3A07cB0af5,INSURER,36,VIDEO,2,READ,
w28,2025-12-19T14:43:04.815796Z,6.358,200,True,0xb0276419CD1DA3AF0406c1b6D9D2302B8CDAc670,POLICE,373,IMAGE,2,READ,
w16,2025-12-19T14:43:04.815895Z,6.363,200,True,0xD46554Edf6329a0a8caae2A79EB7098A7a24Ba81,INSURER,903,OTHER,1,READ,
w43,2025-12-19T14:43:04.815992Z,6.368,200,True,0x555115C078B14a18238D974E5351E87E050EbE47,ADJUSTER,40,VIDEO,2,READ,
w29,2025-12-19T14:43:04.816088Z,6.374,200,True,0x6f5CC3De03FD8Ff029C145d99B3A9D30D2c0A71D,INSURER,233,VIDEO,2,READ,
w17,2025-12-19T14:43:04.816184Z,6.377,200,True,0xD91E6fbf8C6C9F06DA14fCEc6BB1f34719Cb6AfF,INSURER,635,MEDICAL_REPORT,5,READ,
w44,2025-12-19T14:43:04.816278Z,6.387,200,True,0x2bae1eb63108Ab352DaD7842Af98F4e1768425C1,ADJUSTER,748,TELEMATICS,3,READ,
w30,2025-12-19T14:43:04.816373Z,6.393,200,True,0xa1d85548f437eb81200cF05523C35E95aFB59c79,INSURER,634,FNOL,4,READ,
w18,2025-12-19T14:43:04.816468Z,6.397,200,True,0x1d1694bc32c0223F44b4aC0956BE792a5996Cb79,INSURER,576,FNOL,4,READ,
w4,2025-12-19T14:43:04.816563Z,6.403,200,True,0x91229246e94c04361C72A11629D800CfBaC95674,COURT,941,OTHER,1,READ,
w0,2025-12-19T14:43:04.816658Z,6.407,200,True,0x33a629009de39E5811F7332ed385861ec1A77876,INSURER,467,IMAGE,2,READ,
w31,2025-12-19T14:43:04.816750Z,6.421,403,False,0x87731f9AB64CbE25f915Bd81646C15853b0A47F6,POLICE,513,MEDICAL_REPORT,5,READ,
w19,2025-12-19T14:43:04.816850Z,6.425,200,True,0x501d27511202E1C0343B6ee79241254B3C3d4378,INSURER,120,VIDEO,2,READ,
w5,2025-12-19T14:43:04.816950Z,6.425,200,True,0x8e18b3Dc00a5886aeb63bE8dFcd734BAda06Bf8a,REGULATOR,349,IMAGE,2,READ,
w45,2025-12-19T14:43:04.817053Z,6.431,200,True,0x8C0A9562bA06c26cD697012F2C311Ab93431CB08,INSURER,215,VIDEO,2,READ,
w3,2025-12-19T14:43:04.817156Z,6.430,200,True,0xb113F22B749C4efc290Eb311C18c72DF29481dAE,ADJUSTER,945,OTHER,1,READ,
w32,2025-12-19T14:43:04.817253Z,6.433,200,True,0x90F928F43C9c4066afF2a1E64E1063ECE320A9E3,INSURER,458,IMAGE,2,READ,
w20,2025-12-19T14:43:04.817348Z,6.434,403,False,0x92416914cF3F47944a8e5CCBA5d619b68b615D33,POLICE,763,TELEMATICS,3,READ,
w6,2025-12-19T14:43:04.817444Z,6.437,200,True,0x2E2C6b303dF5Eb5E67C04610fDF33084A6d7408B,ADJUSTER,59,VIDEO,2,READ,
w46,2025-12-19T14:43:04.817542Z,6.441,200,True,0x1c2b0E2F66517144Cf34cdF840b04E60E4FC213C,INSURER,639,FNOL,4,READ,
w33,2025-12-19T14:43:04.817638Z,6.443,200,True,0xDB6a12DbE55181c3f880bD63570EA3f3AC91e63A,ADJUSTER,781,TELEMATICS,3,READ,
w7,2025-12-19T14:43:04.817732Z,6.447,200,True,0xf7E1883f933104b142c40E92e6624179359b44C2,INSURER,118,VIDEO,2,READ,
w47,2025-12-19T14:43:04.817834Z,6.448,200,True,0x501d27511202E1C0343B6ee79241254B3C3d4378,INSURER,745,TELEMATICS,3,READ,
w34,2025-12-19T14:43:04.817932Z,6.447,403,False,0xCe0598bC3ba15cA3db71063563179eCf0D7c35A7,ADJUSTER,524,MEDICAL_REPORT,5,READ,
w8,2025-12-19T14:43:04.818029Z,6.451,200,True,0x094A1Ff3795B2267aEA059A54C374B2CdB84D45e,COURT,409,IMAGE,2,READ,
w48,2025-12-19T14:43:04.818123Z,6.461,200,True,0x07e862A62f1C2E59d2B46Cb02c0B6469F0F2Ce6C,ADJUSTER,350,IMAGE,2,READ,
w35,2025-12-19T14:43:04.818219Z,6.468,200,True,0x33a629009de39E5811F7332ed385861ec1A77876,INSURER,142,VIDEO,2,READ,
w21,2025-12-19T14:43:04.818313Z,6.473,200,True,0x6C083CdC9F152E5a82DB28241FBea8958a62a549,COURT,579,FNOL,4,READ,
w9,2025-12-19T14:43:04.818407Z,6.486,200,True,0x8CbB8dd324B837e6BD98E13e0c21fa636120Ca56,REGULATOR,1000,OTHER,1,READ,
w49,2025-12-19T14:43:04.818504Z,6.493,200,True,0xE4B15B33FdBE23647b0F6070414150D566e1F62f,INSURER,222,VIDEO,2,READ,
w36,2025-12-19T14:43:04.818884Z,6.541,200,True,0x6d633edcb7CD9413cd0509faebAE113ec0EC2FBc,INSURER,987,OTHER,1,READ,
w22,2025-12-19T14:43:04.819054Z,6.510,200,True,0x23d961Bbd1C6082e8A752192D3D652cd833EFf20,COURT,125,VIDEO,2,READ,
w10,2025-12-19T14:43:04.819175Z,6.509,200,True,0x20f5B667b21b5fC5b82Fa52c25088446F4026127,POLICE,50,VIDEO,2,READ,
w2,2025-12-19T14:43:04.819282Z,6.509,200,True,0x065803C5af851Dda212c2b93EabB66A8eE0Adb34,INSURER,496,IMAGE,2,READ,
w37,2025-12-19T14:43:04.819390Z,6.506,200,True,0xc227AdED69aA39F067e0190b0EA4BB94BE51cb90,INSURER,198,VIDEO,2,READ,
w23,2025-12-19T14:43:04.819497Z,6.500,200,True,0x793235ebf79944f08742d0Cd92ca6D24B4327d8E,POLICE,449,IMAGE,2,READ,
w11,2025-12-19T14:43:04.819594Z,6.503,200,True,0xb8Cb388cDb00044EeC03d7b0D63f1FafF89B668F,INSURER,209,VIDEO,2,READ,
w38,2025-12-19T14:43:04.819691Z,6.506,200,True,0xE8bF57455EE3405331D286E17C7bC05cAD0bFB1C,POLICE,310,IMAGE,2,READ,
w24,2025-12-19T14:43:04.819791Z,6.506,200,True,0x8e18b3Dc00a5886aeb63bE8dFcd734BAda06Bf8a,REGULATOR,331,IMAGE,2,READ,
w12,2025-12-19T14:43:04.819888Z,6.516,200,True,0x8a68D81A9d3c90fE303344fA200a40Ad65bB9234,ADJUSTER,245,VIDEO,2,READ,
w39,2025-12-19T14:43:04.819979Z,6.528,403,False,0x24a8D6d1D04D0d1D3e1c665a8Bd2f2B50Cb7097F,GARAGE,128,VIDEO,2,READ,
w25,2025-12-19T14:43:04.820629Z,6.439,200,True,0x499B440236db366c87f8267Bd804228e12Df64A4,ADJUSTER,38,VIDEO,2,READ,
w13,2025-12-19T14:43:04.820839Z,6.361,200,True,0xB681a7921F6B4dE01c32e0986627275Edcd5e568,INSURER,996,OTHER,1,READ,
w40,2025-12-19T14:43:04.821074Z,6.242,403,False,0xB4107C66a46663F51503A8d8C779b7E663809462,GARAGE,160,VIDEO,2,READ,
w26,2025-12-19T14:43:04.821295Z,6.130,200,True,0x2Fd075dD3CC039D228Ac107272729a1129782C59,GARAGE,449,IMAGE,2,READ,
w14,2025-12-19T14:43:04.821470Z,6.057,200,True,0x8C0A9562bA06c26cD697012F2C311Ab93431CB08,INSURER,672,MEDICAL_REPORT,5,READ,
w41,2025-12-19T14:43:04.821599Z,6.029,200,True,0xceebe3C41b74d2c472F28A01C7CC44d6aAcA498F,INSURER,835,TELEMATICS,3,READ,
w27,2025-12-19T14:43:04.821708Z,6.016,200,True,0x766C26A7aD924449Bec43A8A34DEF94ddE4249e8,COURT,271,IMAGE,2,READ,
w15,2025-12-19T14:43:04.821824Z,5.997,403,False,0x3015CaAdD111E6bb308586Fb390005C8F75848A7,POLICE,816,TELEMATICS,3,READ,
w1,2025-12-19T14:43:04.821944Z,5.999,200,True,0xf750FcD6205F9864ed98080D7e52Ec69D94CAf22,INSURER,622,FNOL,4,READ,
w42,2025-12-19T14:43:04.822053Z,5.990,200,True,0x50BbaB837D91CF9f3d77c66d83c40d4b389AB0B1,INSURER,244,VIDEO,2,READ,
w28,2025-12-19T14:43:04.822159Z,5.981,200,True,0xA18C8C6aE69cB5aabAA3EfDdF1c38c4dE58494CA,INSURER,118,VIDEO,2,READ,
w16,2025-12-19T14:43:04.822263Z,5.973,200,True,0x74fB3137dFB3B6448931Fb8Da2496AaF6a238f78,COURT,606,FNOL,4,READ,
w43,2025-12-19T14:43:04.822364Z,5.971,200,True,0x39f6D3043406601E6c6B8f786B46298Be5738EC8,INSURER,993,OTHER,1,READ,
w29,2025-12-19T14:43:04.822466Z,5.962,200,True,0x8a68D81A9d3c90fE303344fA200a40Ad65bB9234,ADJUSTER,111,VIDEO,2,READ,
w17,2025-12-19T14:43:04.822564Z,5.953,200,True,0xD2e4187ae13875E61F4ADeB0bc309Fda9E672655,INSURER,986,OTHER,1,READ,
w44,2025-12-19T14:43:04.822669Z,5.937,200,True,0x342E14b11b9f83662a05FF03e2f43C71f9Bf4873,REGULATOR,156,VIDEO,2,READ,
w30,2025-12-19T14:43:04.822769Z,5.923,200,True,0xdbCa1F43d1B1fE30218A3870f8CE54eA068b9546,COURT,622,FNOL,4,READ,
w18,2025-12-19T14:43:04.822869Z,5.912,200,True,0xf3f97A6811D6ad4d52078Dca9bAe96C8d8136764,ADJUSTER,943,OTHER,1,READ,
w4,2025-12-19T14:43:04.822970Z,5.901,200,True,0x986fDE3291033E80049183d4eAac7752F29166cC,INSURER,669,FNOL,4,READ,
w0,2025-12-19T14:43:04.823069Z,5.888,200,True,0x03E8540790383Dc711c7029C4a4727A3D6F85Ee6,INSURER,721,TELEMATICS,3,READ,
w31,2025-12-19T14:43:04.823174Z,5.874,200,True,0x40B970b53BFF9D4A11Fe90cD35998f21368a2830,POLICE,355,IMAGE,2,READ,
w19,2025-12-19T14:43:04.823280Z,5.870,200,True,0xf306C99564607882567c83a33f4e5EEEb8bF050e,ADJUSTER,421,IMAGE,2,READ,
w5,2025-12-19T14:43:04.823381Z,5.867,200,True,0x9fFdEc67F092978A065F3956A4C0D0887253f6B4,GARAGE,476,IMAGE,2,READ,
w45,2025-12-19T14:43:04.823488Z,5.850,200,True,0x1dDd4F87D89500d1d92400BaE6cdb8373566adeE,INSURER,933,OTHER,1,READ,
w3,2025-12-19T14:43:04.823589Z,5.837,200,True,0xc6fd3ebdCCe1922C2aAF225B6Ae37C875b175082,ADJUSTER,823,TELEMATICS,3,READ,
w32,2025-12-19T14:43:04.823689Z,5.831,403,False,0xca4373A5412dd617d707A9D63Fab5c33bc55890a,POLICE,998,OTHER,1,READ,
w20,2025-12-19T14:43:04.823786Z,5.828,200,True,0xE5dd563f92431eDFA8d444f0f1999a2858b95A81,INSURER,458,IMAGE,2,READ,
w6,2025-12-19T14:43:04.823886Z,5.817,200,True,0x555115C078B14a18238D974E5351E87E050EbE47,ADJUSTER,719,TELEMATICS,3,READ,
w46,2025-12-19T14:43:04.823987Z,5.806,200,True,0x445B0132f3e4B43546EdbBb0604997A1c2605CDf,INSURER,116,VIDEO,2,READ,
w33,2025-12-19T14:43:04.824085Z,5.795,200,True,0xC9d315B25D2f58D8299fD726f1bd40D5b077C4a4,ADJUSTER,641,FNOL,4,READ,
w7,2025-12-19T14:43:04.824183Z,5.782,403,False,0xECB4fA8D986702c344aB4Aacfa51CfeD104110bA,ADJUSTER,670,MEDICAL_REPORT,5,READ,
w47,2025-12-19T14:43:04.824286Z,5.770,200,True,0xECB4fA8D986702c344aB4Aacfa51CfeD104110bA,ADJUSTER,981,OTHER,1,READ,
w34,2025-12-19T14:43:04.824383Z,5.763,200,True,0x0Dc1cFEE2758F0e2688803c8098E11241014f8BB,INSURER,379,IMAGE,2,READ,
w8,2025-12-19T14:43:04.824484Z,5.754,200,True,0x80eD6824a5F2334A090fCfbEB1450356BDc84d63,ADJUSTER,698,FNOL,4,READ,
w48,2025-12-19T14:43:04.824588Z,5.737,200,True,0x34BBE78F5E8eF7F758481402618b9CA85b1a3CF7,ADJUSTER,862,OTHER,1,READ,
w35,2025-12-19T14:43:04.824691Z,5.722,403,False,0x66dbB00795DC0d781dcA2e6219ab30FcaF5f1CAd,GARAGE,144,VIDEO,2,READ,
w21,2025-12-19T14:43:04.824791Z,5.708,403,False,0x2Fd075dD3CC039D228Ac107272729a1129782C59,GARAGE,229,VIDEO,2,READ,
w9,2025-12-19T14:43:04.824897Z,5.692,200,True,0x7f9fe1a6ad85DEBFdFB998d4E7Ddb5cb2fD1bd63,INSURER,174,VIDEO,2,READ,
w49,2025-12-19T14:43:04.825002Z,5.682,403,False,0xdFCd3364f36CdB72072987Ba9e3a6197F2807c1A,GARAGE,904,OTHER,1,READ,
w36,2025-12-19T14:43:04.825431Z,5.623,403,False,0x16C605c8536B3AC44524Ebd88bF81CE652b1E990,POLICE,822,TELEMATICS,3,READ,
w22,2025-12-19T14:43:04.825570Z,5.627,200,True,0xF173F4d5ADdf0E7a16e318fFd5937Dfb27583015,INSURER,341,IMAGE,2,READ,
w10,2025-12-19T14:43:04.825689Z,5.630,200,True,0xb4F3640241c9285C3384313c7E76CBB3eded034B,INSURER,128,VIDEO,2,READ,
w2,2025-12-19T14:43:04.825795Z,5.632,200,True,0xcbA3c1E62e024046934d519a26b637Dd0dfD1b3c,REGULATOR,628,MEDICAL_REPORT,5,READ,
w37,2025-12-19T14:43:04.825901Z,5.630,200,True,0x91229246e94c04361C72A11629D800CfBaC95674,COURT,647,FNOL,4,READ,
w23,2025-12-19T14:43:04.826001Z,5.626,403,False,0x2bae1eb63108Ab352DaD7842Af98F4e1768425C1,ADJUSTER,550,MEDICAL_REPORT,5,READ,
w11,2025-12-19T14:43:04.826101Z,5.626,200,True,0xCe0598bC3ba15cA3db71063563179eCf0D7c35A7,ADJUSTER,627,FNOL,4,READ,
w38,2025-12-19T14:43:04.826202Z,5.621,200,True,0x40B970b53BFF9D4A11Fe90cD35998f21368a2830,POLICE,165,VIDEO,2,READ,
w24,2025-12-19T14:43:04.826301Z,5.623,403,False,0xFE9CaBBAac086eBE0edE14f99E312c84Ed89B85b,GARAGE,831,TELEMATICS,3,READ,
w12,2025-12-19T14:43:04.826408Z,5.624,200,True,0x555115C078B14a18238D974E5351E87E050EbE47,ADJUSTER,378,IMAGE,2,READ,
w39,2025-12-19T14:43:04.826511Z,5.621,200,True,0xe68d19e611fc7Cd8D9184Dbf3034203A5B0ba7E9,INSURER,362,IMAGE,2,READ,
w25,2025-12-19T14:43:04.827073Z,5.632,200,True,0x7775fD4aD4669C7F6F26aCBf7CC07d9dA5f959C8,POLICE,288,IMAGE,2,READ,
w13,2025-12-19T14:43:04.827205Z,5.637,200,True,0xB4C59915aF17bAB024Db05F0230B8Ee1aF00388d,COURT,35,VIDEO,2,READ,
w40,2025-12-19T14:43:04.827321Z,5.631,200,True,0x2Fd075dD3CC039D228Ac107272729a1129782C59,GARAGE,278,IMAGE,2,READ,
w26,2025-12-19T14:43:04.827429Z,5.627,200,True,0x91229246e94c04361C72A11629D800CfBaC95674,COURT,407,IMAGE,2,READ,
w14,2025-12-19T14:43:04.827532Z,5.630,200,True,0x0b5E323fB184f11d5882ca0773Ff29b91c76b407,ADJUSTER,522,FNOL,4,READ,
w41,2025-12-19T14:43:04.827632Z,5.631,403,False,0x87731f9AB64CbE25f915Bd81646C15853b0A47F6,POLICE,739,TELEMATICS,3,READ,
w27,2025-12-19T14:43:04.827727Z,5.642,200,True,0x07991919AA37C0FdbeD66174B280e6da9FE695d7,ADJUSTER,904,OTHER,1,READ,
w15,2025-12-19T14:43:04.827824Z,5.646,200,True,0x80eD6824a5F2334A090fCfbEB1450356BDc84d63,ADJUSTER,932,OTHER,1,READ,
w1,2025-12-19T14:43:04.827947Z,5.624,200,True,0x66dbB00795DC0d781dcA2e6219ab30FcaF5f1CAd,GARAGE,449,IMAGE,2,READ,
w42,2025-12-19T14:43:04.828047Z,5.623,200,True,0xf1E534De0C06d61147F8A18Fd769352969fDCF3B,INSURER,581,MEDICAL_REPORT,5,READ,
w28,2025-12-19T14:43:04.828144Z,5.620,200,True,0xD89D70fF36c803e47f1df2Ffaab469107117214F,ADJUSTER,132,VIDEO,2,READ,
w16,2025-12-19T14:43:04.828240Z,5.618,200,True,0x91229246e94c04361C72A11629D800CfBaC95674,COURT,721,TELEMATICS,3,READ,
w43,2025-12-19T14:43:04.828339Z,5.651,200,True,0xE6eF4f2c9De0532C38589a58Fbde2BBC1C31279B,ADJUSTER,339,IMAGE,2,READ,
w29,2025-12-19T14:43:04.828432Z,5.676,200,True,0x9D27B273CA2f10A2b874e5280Aa7A5081BdC694C,INSURER,993,OTHER,1,READ,
w17,2025-12-19T14:43:04.828521Z,5.689,200,True,0xcbA3c1E62e024046934d519a26b637Dd0dfD1b3c,REGULATOR,735,TELEMATICS,3,READ,
w44,2025-12-19T14:43:04.828609Z,5.696,200,True,0x592bB49f1f64a954F181cc99489664AeC05bB383,COURT,285,IMAGE,2,READ,
w30,2025-12-19T14:43:04.828696Z,5.699,200,True,0x6d633edcb7CD9413cd0509faebAE113ec0EC2FBc,INSURER,688,FNOL,4,READ,
w18,2025-12-19T14:43:04.828785Z,5.705,403,False,0x13574B3384B73DcA7b44aa015680060B3561B666,POLICE,985,OTHER,1,READ,
w4,2025-12-19T14:43:04.828874Z,5.712,200,True,0x07991919AA37C0FdbeD66174B280e6da9FE695d7,ADJUSTER,912,OTHER,1,READ,
w0,2025-12-19T14:43:04.828960Z,5.723,200,True,0xD574Ba4eCc12ca8b6BF7d7ed27E8896b66251f36,INSURER,550,MEDICAL_REPORT,5,READ,
w31,2025-12-19T14:43:04.829053Z,5.724,200,True,0x1F118D13DD44a163CF0Cfe93a2339019D5089D5c,ADJUSTER,865,OTHER,1,READ,
w19,2025-12-19T14:43:04.829154Z,5.718,200,True,0x00a777ADb6935EdBdF8a8529125d1fbd93EdBA56,INSURER,964,OTHER,1,READ,
w5,2025-12-19T14:43:04.829251Z,5.724,200,True,0x39f6D3043406601E6c6B8f786B46298Be5738EC8,INSURER,527,FNOL,4,READ,
w45,2025-12-19T14:43:04.829342Z,5.743,200,True,0x555115C078B14a18238D974E5351E87E050EbE47,ADJUSTER,790,TELEMATICS,3,READ,
w3,2025-12-19T14:43:04.829429Z,5.760,200,True,0x4a5907024898DA4eE2BA57e89D767C6406ebD232,INSURER,621,FNOL,4,READ,
w32,2025-12-19T14:43:04.829524Z,5.766,403,False,0x24a8D6d1D04D0d1D3e1c665a8Bd2f2B50Cb7097F,GARAGE,623,FNOL,4,READ,
w20,2025-12-19T14:43:04.829617Z,5.771,200,True,0x63799B99d43E4dB6Eb46BF3fEeBcb88c347351c0,COURT,306,IMAGE,2,READ,
w6,2025-12-19T14:43:04.829708Z,5.776,403,False,0x66dbB00795DC0d781dcA2e6219ab30FcaF5f1CAd,GARAGE,14,VIDEO,2,READ,
w46,2025-12-19T14:43:04.829797Z,5.786,200,True,0x9d26A04fcCe87Fd42687C4eCBA27F01DB5b333E9,REGULATOR,410,IMAGE,2,READ,
w33,2025-12-19T14:43:04.829883Z,5.794,200,True,0xfc909f67c3BA8552cdb1B0bA216742E485d43BA1,ADJUSTER,241,VIDEO,2,READ,
w7,2025-12-19T14:43:04.829969Z,5.803,200,True,0x1cF317F4288CfC3FdA6295dC3Ee1f3e2F8B03592,ADJUSTER,713,TELEMATICS,3,READ,
w47,2025-12-19T14:43:04.830060Z,5.805,200,True,0x4b325498d9Ec08b7e1eb3C52CE9a554ea24D3737,INSURER,936,OTHER,1,READ,
w34,2025-12-19T14:43:04.830150Z,5.812,200,True,0x7d050D9da028bFC0eFF937489B90834dEFC533f3,INSURER,720,TELEMATICS,3,READ,
w8,2025-12-19T14:43:04.830241Z,5.813,200,True,0xeE7a8fa9C275631851e5D7dc28236a336206c473,COURT,458,IMAGE,2,READ,
w48,2025-12-19T14:43:04.830328Z,5.814,200,True,0x0Adc41557A616569Cd409d74aFe4C9FaD47a57ed,POLICE,341,IMAGE,2,READ,
w35,2025-12-19T14:43:04.830417Z,5.814,200,True,0x986fDE3291033E80049183d4eAac7752F29166cC,INSURER,900,OTHER,1,READ,
w21,2025-12-19T14:43:04.830503Z,5.814,200,True,0x3CeB0Aa9CCc9c0A29a814fBD5c1aD23dca52aeb6,ADJUSTER,379,IMAGE,2,READ,
w9,2025-12-19T14:43:04.830592Z,5.811,403,False,0xdC2E4E6D348448D3722b528D8c9272eD5C020F55,POLICE,948,OTHER,1,READ,
w49,2025-12-19T14:43:04.830688Z,5.804,200,True,0x1cF317F4288CfC3FdA6295dC3Ee1f3e2F8B03592,ADJUSTER,554,FNOL,4,READ,
w36,2025-12-19T14:43:04.831059Z,5.849,200,True,0x0Dc1cFEE2758F0e2688803c8098E11241014f8BB,INSURER,791,TELEMATICS,3,READ,
w22,2025-12-19T14:43:04.831202Z,5.909,200,True,0xcbA3c1E62e024046934d519a26b637Dd0dfD1b3c,REGULATOR,164,VIDEO,2,READ,
w10,2025-12-19T14:43:04.831323Z,6.042,200,True,0x67F4F8CE04FD59Bf243930A77adCf14537A0B5D2,ADJUSTER,434,IMAGE,2,READ,
w2,2025-12-19T14:43:04.831431Z,6.135,200,True,0x555115C078B14a18238D974E5351E87E050EbE47,ADJUSTER,855,OTHER,1,READ,
w37,2025-12-19T14:43:04.831535Z,6.188,200,True,0xECB4fA8D986702c344aB4Aacfa51CfeD104110bA,ADJUSTER,214,VIDEO,2,READ,
w23,2025-12-19T14:43:04.831632Z,6.228,200,True,0x34BBE78F5E8eF7F758481402618b9CA85b1a3CF7,ADJUSTER,797,TELEMATICS,3,READ,
w11,2025-12-19T14:43:04.831731Z,6.254,403,False,0x67F4F8CE04FD59Bf243930A77adCf14537A0B5D2,ADJUSTER,553,MEDICAL_REPORT,5,READ,
w38,2025-12-19T14:43:04.831827Z,6.291,200,True,0x5ACFAa5B3cF34961Fe72993cF32654Dff1eBc4ea,INSURER,896,OTHER,1,READ,
w24,2025-12-19T14:43:04.831928Z,6.317,200,True,0x168EC3290512E1AcbB8201aeD946f3BA1Ed1effc,INSURER,979,OTHER,1,READ,
w12,2025-12-19T14:43:04.832036Z,6.331,403,False,0x24a62efdAe4d80281BAc758e86a4E386905c720C,GARAGE,107,VIDEO,2,READ,
w39,2025-12-19T14:43:04.832136Z,6.348,200,True,0x0Dc1cFEE2758F0e2688803c8098E11241014f8BB,INSURER,557,MEDICAL_REPORT,5,READ,
w25,2025-12-19T14:43:04.832711Z,6.420,200,True,0x16C605c8536B3AC44524Ebd88bF81CE652b1E990,POLICE,153,VIDEO,2,READ,
w13,2025-12-19T14:43:04.832848Z,6.437,200,True,0xc227AdED69aA39F067e0190b0EA4BB94BE51cb90,INSURER,669,FNOL,4,READ,
w40,2025-12-19T14:43:04.832956Z,6.457,200,True,0xd0eD43b7e3956873eD7AB8414636734c48656D80,ADJUSTER,511,FNOL,4,READ,
w26,2025-12-19T14:43:04.833060Z,6.471,200,True,0xb4F3640241c9285C3384313c7E76CBB3eded034B,INSURER,273,IMAGE,2,READ,
w14,2025-12-19T14:43:04.833166Z,6.476,200,True,0x1e237843BDabB13CAAF8C9B59868118a067a706f,INSURER,361,IMAGE,2,READ,
w41,2025-12-19T14:43:04.833268Z,6.492,200,True,0x3CeB0Aa9CCc9c0A29a814fBD5c1aD23dca52aeb6,ADJUSTER,448,IMAGE,2,READ,
w27,2025-12-19T14:43:04.833374Z,6.523,200,True,0xD574Ba4eCc12ca8b6BF7d7ed27E8896b66251f36,INSURER,943,OTHER,1,READ,
w15,2025-12-19T14:43:04.833474Z,6.538,200,True,0xaf157e8fD0B47Ee2C692436E45dB871E2c1F3e83,INSURER,828,TELEMATICS,3,READ,
w1,2025-12-19T14:43:04.833574Z,6.540,403,False,0x9dC8E21f76Ed8e9828c40E7E03428bEF6aF69A84,GARAGE,523,MEDICAL_REPORT,5,READ,
w42,2025-12-19T14:43:04.833674Z,6.543,200,True,0xA9da87e421E9bF79a8e80EaD31e737D98aa626eE,INSURER,80,VIDEO,2,READ,
w28,2025-12-19T14:43:04.833767Z,6.552,200,True,0x7d050D9da028bFC0eFF937489B90834dEFC533f3,INSURER,948,OTHER,1,READ,
w16,2025-12-19T14:43:04.833861Z,6.555,200,True,0x29Ab7D36C4d714Ab42079831182cFeA1dF363Eae,COURT,70,VIDEO,2,READ,
w43,2025-12-19T14:43:04.833995Z,6.520,200,True,0x065803C5af851Dda212c2b93EabB66A8eE0Adb34,INSURER,951,OTHER,1,READ,
w29,2025-12-19T14:43:04.834112Z,6.502,200,True,0x2E2C6b303dF5Eb5E67C04610fDF33084A6d7408B,ADJUSTER,989,OTHER,1,READ,
w17,2025-12-19T14:43:04.834214Z,6.502,200,True,0x4a5907024898DA4eE2BA57e89D767C6406ebD232,INSURER,866,OTHER,1,READ,
w44,2025-12-19T14:43:04.834310Z,6.509,200,True,0xA18C8C6aE69cB5aabAA3EfDdF1c38c4dE58494CA,INSURER,239,VIDEO,2,READ,
w30,2025-12-19T14:43:04.834399Z,6.522,200,True,0x59F93F27b669bD4e2a076c77c1134dc9Bd550AFA,INSURER,775,TELEMATICS,3,READ,
w18,2025-12-19T14:43:04.834493Z,6.538,200,True,0x501d27511202E1C0343B6ee79241254B3C3d4378,INSURER,643,FNOL,4,READ,
w4,2025-12-19T14:43:04.834590Z,6.547,200,True,0xECB4fA8D986702c344aB4Aacfa51CfeD104110bA,ADJUSTER,878,OTHER,1,READ,
w0,2025-12-19T14:43:04.834686Z,6.550,200,True,0xb4F3640241c9285C3384313c7E76CBB3eded034B,INSURER,666,FNOL,4,READ,
w31,2025-12-19T14:43:04.834780Z,6.554,200,True,0xF173F4d5ADdf0E7a16e318fFd5937Dfb27583015,INSURER,896,OTHER,1,READ,
w19,2025-12-19T14:43:04.834876Z,6.561,403,False,0xA51c3724Dd9F1e975A507c34B34acf9d14Ce6FEb,GARAGE,20,VIDEO,2,READ,
w5,2025-12-19T14:43:04.834978Z,6.564,200,True,0x1c2b0E2F66517144Cf34cdF840b04E60E4FC213C,INSURER,129,VIDEO,2,READ,
w45,2025-12-19T14:43:04.835088Z,6.567,200,True,0x986fDE3291033E80049183d4eAac7752F29166cC,INSURER,204,VIDEO,2,READ,
w3,2025-12-19T14:43:04.835194Z,6.562,403,False,0x3015CaAdD111E6bb308586Fb390005C8F75848A7,POLICE,594,FNOL,4,READ,
w32,2025-12-19T14:43:04.835294Z,6.565,200,True,0x8e18b3Dc00a5886aeb63bE8dFcd734BAda06Bf8a,REGULATOR,992,OTHER,1,READ,
w20,2025-12-19T14:43:04.835392Z,6.566,403,False,0x992Eaf53E29aF2be6bCDB7c2013cC167E3D529F8,GARAGE,535,FNOL,4,READ,
w6,2025-12-19T14:43:04.835488Z,6.576,200,True,0xE4B15B33FdBE23647b0F6070414150D566e1F62f,INSURER,162,VIDEO,2,READ,
w46,2025-12-19T14:43:04.835587Z,6.584,200,True,0xFfF5E088c8b6a5a470a6D48f405892515c41FCa6,ADJUSTER,437,IMAGE,2,READ,
w33,2025-12-19T14:43:04.835681Z,6.591,200,True,0x92416914cF3F47944a8e5CCBA5d619b68b615D33,POLICE,486,IMAGE,2,READ,
w7,2025-12-19T14:43:04.835775Z,6.601,403,False,0xD655a56fEE3b3b955dDD12746620A181f93F16e6,POLICE,878,OTHER,1,READ,
w47,2025-12-19T14:43:04.835869Z,6.613,200,True,0xe34b6a9Bc4D2c8Ee70eEd4111Ea531E97DDb4c4E,COURT,654,MEDICAL_REPORT,5,READ,
w34,2025-12-19T14:43:04.835966Z,6.619,200,True,0x45027EB686032B693Ea79a63545D177B238bc218,INSURER,905,OTHER,1,READ,
w8,2025-12-19T14:43:04.836057Z,6.631,200,True,0x31A860cfF3A3D2B972B9EE41a34653e31b6143DD,ADJUSTER,2,VIDEO,2,READ,
w48,2025-12-19T14:43:04.836146Z,6.641,200,True,0xFfF5E088c8b6a5a470a6D48f405892515c41FCa6,ADJUSTER,907,OTHER,1,READ,
w35,2025-12-19T14:43:04.836235Z,6.656,200,True,0x07991919AA37C0FdbeD66174B280e6da9FE695d7,ADJUSTER,101,VIDEO,2,READ,
w21,2025-12-19T14:43:04.836320Z,6.670,200,True,0x986fDE3291033E80049183d4eAac7752F29166cC,INSURER,425,IMAGE,2,READ,
w9,2025-12-19T14:43:04.836407Z,6.698,200,True,0xA9da87e421E9bF79a8e80EaD31e737D98aa626eE,INSURER,28,VIDEO,2,READ,
w49,2025-12-19T14:43:04.836495Z,6.716,200,True,0x1e237843BDabB13CAAF8C9B59868118a067a706f,INSURER,634,FNOL,4,READ,
w36,2025-12-19T14:43:04.836916Z,6.706,200,True,0x94aC64f763ca7BcC8957cb2CBAfF108a9d91ADc1,POLICE,99,VIDEO,2,READ,
w22,2025-12-19T14:43:04.837118Z,6.642,403,False,0x852cB9f303D330bff5722A21d48c0c4303bda309,POLICE,896,OTHER,1,READ,
w10,2025-12-19T14:43:04.837374Z,6.511,200,True,0x592bB49f1f64a954F181cc99489664AeC05bB383,COURT,424,IMAGE,2,READ,
w2,2025-12-19T14:43:04.837574Z,6.418,200,True,0xA07Ab60Dc6F87DcAbEA86aDb690fFf1e30BB14A6,COURT,547,MEDICAL_REPORT,5,READ,
w37,2025-12-19T14:43:04.837728Z,6.367,200,True,0xe2B8d1C6c9c24880899f9658aB855CaA7c476FA1,POLICE,407,IMAGE,2,READ,
w23,2025-12-19T14:43:04.837865Z,6.331,200,True,0xA9da87e421E9bF79a8e80EaD31e737D98aa626eE,INSURER,796,TELEMATICS,3,READ,
w11,2025-12-19T14:43:04.837990Z,6.308,200,True,0xA18C8C6aE69cB5aabAA3EfDdF1c38c4dE58494CA,INSURER,681,MEDICAL_REPORT,5,READ,
w38,2025-12-19T14:43:04.838123Z,6.281,200,True,0x065803C5af851Dda212c2b93EabB66A8eE0Adb34,INSURER,730,TELEMATICS,3,READ,
w24,2025-12-19T14:43:04.838250Z,6.256,403,False,0x40B970b53BFF9D4A11Fe90cD35998f21368a2830,POLICE,528,MEDICAL_REPORT,5,READ,
w12,2025-12-19T14:43:04.838372Z,6.237,200,True,0x39f6D3043406601E6c6B8f786B46298Be5738EC8,INSURER,223,VIDEO,2,READ,
w39,2025-12-19T14:43:04.838488Z,6.214,200,True,0x766C26A7aD924449Bec43A8A34DEF94ddE4249e8,COURT,732,TELEMATICS,3,READ,
w25,2025-12-19T14:43:04.839137Z,6.130,200,True,0x67F4F8CE04FD59Bf243930A77adCf14537A0B5D2,ADJUSTER,855,OTHER,1,READ,
w13,2025-12-19T14:43:04.839290Z,6.121,200,True,0xd3ad26904604cf4A6e4Ef026c902c9f70562F892,INSURER,700,MEDICAL_REPORT,5,READ,
w40,2025-12-19T14:43:04.839418Z,6.109,200,True,0x50BbaB837D91CF9f3d77c66d83c40d4b389AB0B1,INSURER,950,OTHER,1,READ,
w26,2025-12-19T14:43:04.839536Z,6.101,200,True,0x18D398FEffFf1114bdb4B9558a6905E521C001A3,ADJUSTER,837,TELEMATICS,3,READ,
w14,2025-12-19T14:43:04.839646Z,6.095,200,True,0xb4F3640241c9285C3384313c7E76CBB3eded034B,INSURER,348,IMAGE,2,READ,
w41,2025-12-19T14:43:04.839765Z,6.077,200,True,0x1dDd4F87D89500d1d92400BaE6cdb8373566adeE,INSURER,44,VIDEO,2,READ,
w27,2025-12-19T14:43:04.839902Z,6.039,200,True,0x29Ab7D36C4d714Ab42079831182cFeA1dF363Eae,COURT,483,IMAGE,2,READ,
w15,2025-12-19T14:43:04.840016Z,6.022,200,True,0x91229246e94c04361C72A11629D800CfBaC95674,COURT,795,TELEMATICS,3,READ,
w1,2025-12-19T14:43:04.840118Z,6.026,403,False,0x20f5B667b21b5fC5b82Fa52c25088446F4026127,POLICE,646,FNOL,4,READ,
w42,2025-12-19T14:43:04.840221Z,6.027,200,True,0xcbA3c1E62e024046934d519a26b637Dd0dfD1b3c,REGULATOR,222,VIDEO,2,READ,
w28,2025-12-19T14:43:04.840324Z,6.018,403,False,0x1F118D13DD44a163CF0Cfe93a2339019D5089D5c,ADJUSTER,690,MEDICAL_REPORT,5,READ,
w16,2025-12-19T14:43:04.840420Z,6.014,200,True,0x7f9fe1a6ad85DEBFdFB998d4E7Ddb5cb2fD1bd63,INSURER,837,TELEMATICS,3,READ,
w43,2025-12-19T14:43:04.840519Z,6.004,200,True,0x522720c7F4efE7A2D43976187610Dc8c55F17207,POLICE,11,VIDEO,2,READ,
w29,2025-12-19T14:43:04.840619Z,5.993,200,True,0x711d7620b4C341A6A91E38D0c75783C80FfEdcED,COURT,377,IMAGE,2,READ,
w17,2025-12-19T14:43:04.840720Z,5.984,200,True,0xd222D38Ccd1502056A8264eaCB2fCfc6c96F6B61,ADJUSTER,416,IMAGE,2,READ,
w44,2025-12-19T14:43:04.840823Z,5.980,200,True,0x8EacD2DD8F1d188ca58Ce26655097d63c95b65BB,ADJUSTER,218,VIDEO,2,READ,
w30,2025-12-19T14:43:04.840925Z,5.972,200,True,0x766C26A7aD924449Bec43A8A34DEF94ddE4249e8,COURT,947,OTHER,1,READ,
w18,2025-12-19T14:43:04.841036Z,5.960,200,True,0x06D4bAEDddd3B73284654b61bec9CF7C3D667E84,ADJUSTER,253,IMAGE,2,READ,
w4,2025-12-19T14:43:04.841140Z,5.963,200,True,0x8Dd8Ebe34924EFE25Fc2D7A18d687C6e9a775529,REGULATOR,369,IMAGE,2,READ,
w0,2025-12-19T14:43:04.841240Z,5.955,200,True,0xE4B15B33FdBE23647b0F6070414150D566e1F62f,INSURER,210,VIDEO,2,READ,
w31,2025-12-19T14:43:04.841338Z,5.959,200,True,0x168EC3290512E1AcbB8201aeD946f3BA1Ed1effc,INSURER,816,TELEMATICS,3,READ,
w19,2025-12-19T14:43:04.841441Z,5.962,200,True,0xfc909f67c3BA8552cdb1B0bA216742E485d43BA1,ADJUSTER,190,VIDEO,2,READ,
w5,2025-12-19T14:43:04.841547Z,5.957,200,True,0x4b325498d9Ec08b7e1eb3C52CE9a554ea24D3737,INSURER,919,OTHER,1,READ,
w45,2025-12-19T14:43:04.841659Z,5.970,200,True,0x3C54f0201259B5BB5Dd5dBCD0Ccf8A9522BB30FD,INSURER,371,IMAGE,2,READ,
w3,2025-12-19T14:43:04.841759Z,5.981,200,True,0xe84288AfCCFcafd9a8AB74D8F555C5448a911Eb5,INSURER,129,VIDEO,2,READ,
w32,2025-12-19T14:43:04.841862Z,5.982,200,True,0xc227AdED69aA39F067e0190b0EA4BB94BE51cb90,INSURER,165,VIDEO,2,READ,
w20,2025-12-19T14:43:04.841961Z,5.973,200,True,0x40B970b53BFF9D4A11Fe90cD35998f21368a2830,POLICE,302,IMAGE,2,READ,
w6,2025-12-19T14:43:04.842068Z,5.957,403,False,0x71f923CB5F826712E139D152d18028dE817Bae65,GARAGE,705,TELEMATICS,3,READ,
w46,2025-12-19T14:43:04.842175Z,5.952,200,True,0x4b325498d9Ec08b7e1eb3C52CE9a554ea24D3737,INSURER,47,VIDEO,2,READ,
w33,2025-12-19T14:43:04.842276Z,5.946,200,True,0x94aC64f763ca7BcC8957cb2CBAfF108a9d91ADc1,POLICE,476,IMAGE,2,READ,
w7,2025-12-19T14:43:04.842381Z,5.932,200,True,0x99a806d3b557c0a8e626Cef888962d06713ad5f6,COURT,265,IMAGE,2,READ,
w47,2025-12-19T14:43:04.842486Z,5.920,403,False,0xdFCd3364f36CdB72072987Ba9e3a6197F2807c1A,GARAGE,538,FNOL,4,READ,
w34,2025-12-19T14:43:04.842588Z,5.909,200,True,0x39f6D3043406601E6c6B8f786B46298Be5738EC8,INSURER,7,VIDEO,2,READ,
w8,2025-12-19T14:43:04.842691Z,5.897,200,True,0x7775fD4aD4669C7F6F26aCBf7CC07d9dA5f959C8,POLICE,22,VIDEO,2,READ,
w48,2025-12-19T14:43:04.842790Z,5.895,200,True,0x1d1694bc32c0223F44b4aC0956BE792a5996Cb79,INSURER,35,VIDEO,2,READ,
w35,2025-12-19T14:43:04.842895Z,5.890,200,True,0xb113F22B749C4efc290Eb311C18c72DF29481dAE,ADJUSTER,303,IMAGE,2,READ,
w21,2025-12-19T14:43:04.842994Z,5.882,200,True,0x816E9ccDC1bbbd5f73D84dF5652A4B63F92DE291,INSURER,609,FNOL,4,READ,
w9,2025-12-19T14:43:04.843109Z,5.862,200,True,0xECB4fA8D986702c344aB4Aacfa51CfeD104110bA,ADJUSTER,825,TELEMATICS,3,READ,
w49,2025-12-19T14:43:04.843215Z,5.863,200,True,0x1d1694bc32c0223F44b4aC0956BE792a5996Cb79,INSURER,477,IMAGE,2,READ,
w36,2025-12-19T14:43:04.843629Z,5.842,200,True,0x4706C804bB8f3Eb133529A02e3F3F48fc38Bd2F9,ADJUSTER,376,IMAGE,2,READ,
w22,2025-12-19T14:43:04.843767Z,5.850,403,False,0x24a8D6d1D04D0d1D3e1c665a8Bd2f2B50Cb7097F,GARAGE,542,MEDICAL_REPORT,5,READ,
w10,2025-12-19T14:43:04.843889Z,5.847,200,True,0x711d7620b4C341A6A91E38D0c75783C80FfEdcED,COURT,353,IMAGE,2,READ,
w2,2025-12-19T14:43:04.843997Z,5.850,200,True,0xB681a7921F6B4dE01c32e0986627275Edcd5e568,INSURER,287,IMAGE,2,READ,
w37,2025-12-19T14:43:04.844099Z,5.852,200,True,0xe68d19e611fc7Cd8D9184Dbf3034203A5B0ba7E9,INSURER,861,OTHER,1,READ,
w23,2025-12-19T14:43:04.844199Z,5.853,200,True,0xFbB08379ae5b6acFA48Fdee5E2Be6af84a90DcFb,COURT,865,OTHER,1,READ,
w11,2025-12-19T14:43:04.844302Z,5.849,200,True,0x6C9757f257381323C7E688e7935C2755df2DdaF3,INSURER,529,MEDICAL_REPORT,5,READ,
w38,2025-12-19T14:43:04.844409Z,5.841,200,True,0x7034d06498b2196468b6eD861eda7B5D1cb5594c,REGULATOR,537,MEDICAL_REPORT,5,READ,
w24,2025-12-19T14:43:04.844510Z,5.835,200,True,0xA07Ab60Dc6F87DcAbEA86aDb690fFf1e30BB14A6,COURT,871,OTHER,1,READ,
w12,2025-12-19T14:43:04.844613Z,5.839,200,True,0x66dbB00795DC0d781dcA2e6219ab30FcaF5f1CAd,GARAGE,407,IMAGE,2,READ,
w39,2025-12-19T14:43:04.844706Z,5.856,200,True,0x91229246e94c04361C72A11629D800CfBaC95674,COURT,438,IMAGE,2,READ,
w25,2025-12-19T14:43:04.845273Z,5.890,200,True,0x20f5B667b21b5fC5b82Fa52c25088446F4026127,POLICE,12,VIDEO,2,READ,
w13,2025-12-19T14:43:04.845415Z,5.870,200,True,0x3dc584940370d31418aBbfB6F809C055E9bBC98f,COURT,12,VIDEO,2,READ,
w40,2025-12-19T14:43:04.845531Z,5.853,200,True,0x3C54f0201259B5BB5Dd5dBCD0Ccf8A9522BB30FD,INSURER,766,TELEMATICS,3,READ,
w26,2025-12-19T14:43:04.845641Z,5.843,200,True,0xb00fDdDb57D515d86B84D0A2E8E492d9b6082070,INSURER,27,VIDEO,2,READ,
w14,2025-12-19T14:43:04.845745Z,5.847,200,True,0x8e18b3Dc00a5886aeb63bE8dFcd734BAda06Bf8a,REGULATOR,388,IMAGE,2,READ,
w41,2025-12-19T14:43:04.845846Z,5.847,200,True,0x5ACFAa5B3cF34961Fe72993cF32654Dff1eBc4ea,INSURER,614,MEDICAL_REPORT,5,READ,
w27,2025-12-19T14:43:04.845945Z,5.846,200,True,0x0f3329Ff55b9471d57D644d34b6c7227aeD65b2D,ADJUSTER,81,VIDEO,2,READ,
w15,2025-12-19T14:43:04.846042Z,5.844,403,False,0xFE9CaBBAac086eBE0edE14f99E312c84Ed89B85b,GARAGE,125,VIDEO,2,READ,
w1,2025-12-19T14:43:04.846148Z,5.838,200,True,0x29Ab7D36C4d714Ab42079831182cFeA1dF363Eae,COURT,113,VIDEO,2,READ,
w42,2025-12-19T14:43:04.846251Z,5.830,403,False,0x24a8D6d1D04D0d1D3e1c665a8Bd2f2B50Cb7097F,GARAGE,227,VIDEO,2,READ,
w28,2025-12-19T14:43:04.846346Z,5.831,200,True,0x1cF317F4288CfC3FdA6295dC3Ee1f3e2F8B03592,ADJUSTER,293,IMAGE,2,READ,
w16,2025-12-19T14:43:04.846438Z,5.832,403,False,0x5cB4D76a86dbEF4FF02fA640c90deeaf5b309acD,GARAGE,698,FNOL,4,READ,
w43,2025-12-19T14:43:04.846527Z,5.837,200,True,0xF173F4d5ADdf0E7a16e318fFd5937Dfb27583015,INSURER,931,OTHER,1,READ,
w29,2025-12-19T14:43:04.846615Z,5.849,200,True,0xb03C6C3a6e66a20729a4d4758D907D3A07cB0af5,INSURER,617,MEDICAL_REPORT,5,READ,
w17,2025-12-19T14:43:04.846709Z,5.846,200,True,0xD574Ba4eCc12ca8b6BF7d7ed27E8896b66251f36,INSURER,98,VIDEO,2,READ,
w44,2025-12-19T14:43:04.846807Z,5.835,200,True,0xF9A0ebFF6934d204B4E2240E8c635586556a6bBf,POLICE,159,VIDEO,2,READ,
w30,2025-12-19T14:43:04.846901Z,5.834,200,True,0x7f9fe1a6ad85DEBFdFB998d4E7Ddb5cb2fD1bd63,INSURER,600,MEDICAL_REPORT,5,READ,
w18,2025-12-19T14:43:04.847000Z,5.823,200,True,0xDB6a12DbE55181c3f880bD63570EA3f3AC91e63A,ADJUSTER,746,TELEMATICS,3,READ,
w4,2025-12-19T14:43:04.847106Z,5.805,200,True,0xeE7a8fa9C275631851e5D7dc28236a336206c473,COURT,125,VIDEO,2,READ,
w0,2025-12-19T14:43:04.847198Z,5.799,403,False,0x24a8D6d1D04D0d1D3e1c665a8Bd2f2B50Cb7097F,GARAGE,234,VIDEO,2,READ,
w31,2025-12-19T14:43:04.847302Z,5.797,200,True,0xDB6a12DbE55181c3f880bD63570EA3f3AC91e63A,ADJUSTER,960,OTHER,1,READ,
w19,2025-12-19T14:43:04.847408Z,5.783,200,True,0xECB4fA8D986702c344aB4Aacfa51CfeD104110bA,ADJUSTER,156,VIDEO,2,READ,
w5,2025-12-19T14:43:04.847508Z,5.776,200,True,0xb0276419CD1DA3AF0406c1b6D9D2302B8CDAc670,POLICE,301,IMAGE,2,READ,
w45,2025-12-19T14:43:04.847634Z,5.742,200,True,0x17a3649Ac7847fC2048db0ceD97945aA7dCEdC8a,INSURER,991,OTHER,1,READ,
w3,2025-12-19T14:43:04.847745Z,5.758,200,True,0x0157eAF28226F1508d622a947510555A7D0a565c,INSURER,652,FNOL,4,READ,
w32,2025-12-19T14:43:04.847847Z,5.833,200,True,0xa162d20e1Ea3efe0C78A65109e3411462afd3b28,INSURER,767,TELEMATICS,3,READ,
w20,2025-12-19T14:43:04.847938Z,5.975,200,True,0xB681a7921F6B4dE01c32e0986627275Edcd5e568,INSURER,76,VIDEO,2,READ,
w6,2025-12-19T14:43:04.848029Z,6.078,200,True,0x07e862A62f1C2E59d2B46Cb02c0B6469F0F2Ce6C,ADJUSTER,76,VIDEO,2,READ,
w46,2025-12-19T14:43:04.848131Z,6.135,200,True,0xe34b6a9Bc4D2c8Ee70eEd4111Ea531E97DDb4c4E,COURT,783,TELEMATICS,3,READ,
w33,2025-12-19T14:43:04.848226Z,6.181,200,True,0x68c8c090a608c0B78636f50F6950137E9BBbEA97,GARAGE,265,IMAGE,2,READ,
w7,2025-12-19T14:43:04.848316Z,6.216,200,True,0x9D65961198142f8eE2223b06687b0C16ED30B78E,POLICE,6,VIDEO,2,READ,
w47,2025-12-19T14:43:04.848410Z,6.251,200,True,0xb8Cb388cDb00044EeC03d7b0D63f1FafF89B668F,INSURER,386,IMAGE,2,READ,
w34,2025-12-19T14:43:04.848502Z,6.279,200,True,0x66f104f30efDef6bbcf31F1d23B3c5a5Cf67C05A,INSURER,423,IMAGE,2,READ,
w8,2025-12-19T14:43:04.848592Z,6.320,403,False,0x9fFdEc67F092978A065F3956A4C0D0887253f6B4,GARAGE,915,OTHER,1,READ,
w48,2025-12-19T14:43:04.848689Z,6.346,200,True,0xb00fDdDb57D515d86B84D0A2E8E492d9b6082070,INSURER,510,MEDICAL_REPORT,5,READ,
w35,2025-12-19T14:43:04.848788Z,6.365,200,True,0x4706C804bB8f3Eb133529A02e3F3F48fc38Bd2F9,ADJUSTER,536,FNOL,4,READ,
w21,2025-12-19T14:43:04.848879Z,6.383,200,True,0x0f3329Ff55b9471d57D644d34b6c7227aeD65b2D,ADJUSTER,795,TELEMATICS,3,READ,
w9,2025-12-19T14:43:04.848974Z,6.397,200,True,0x03E8540790383Dc711c7029C4a4727A3D6F85Ee6,INSURER,866,OTHER,1,READ,
w49,2025-12-19T14:43:04.849082Z,6.404,200,True,0x4531E352d63619A871806b0f4b4509c5Ac923135,GARAGE,410,IMAGE,2,READ,
w36,2025-12-19T14:43:04.849477Z,6.493,200,True,0xAd5c25cf76e4C8A2ee7b38179b90ec0379Aee5d3,INSURER,322,IMAGE,2,READ,
w22,2025-12-19T14:43:04.849622Z,6.490,200,True,0xE8bF57455EE3405331D286E17C7bC05cAD0bFB1C,POLICE,256,IMAGE,2,READ,
w10,2025-12-19T14:43:04.849741Z,6.486,200,True,0x1734cC5117Ca09e57A599f0E72469FEad0d749F9,REGULATOR,220,VIDEO,2,READ,
w2,2025-12-19T14:43:04.849850Z,6.492,200,True,0x7034d06498b2196468b6eD861eda7B5D1cb5594c,REGULATOR,979,OTHER,1,READ,
w37,2025-12-19T14:43:04.849955Z,6.499,403,False,0x8e698D53B82C116210BD73e1cA88584086b03795,POLICE,598,FNOL,4,READ,
w23,2025-12-19T14:43:04.850056Z,6.506,200,True,0xfc909f67c3BA8552cdb1B0bA216742E485d43BA1,ADJUSTER,304,IMAGE,2,READ,
w11,2025-12-19T14:43:04.850155Z,6.526,200,True,0x8B87C429526Ce971509028A2d05b54c02704CDb3,INSURER,668,MEDICAL_REPORT,5,READ,
w38,2025-12-19T14:43:04.850253Z,6.536,200,True,0x16C605c8536B3AC44524Ebd88bF81CE652b1E990,POLICE,133,VIDEO,2,READ,
w24,2025-12-19T14:43:04.850349Z,6.551,200,True,0x342E14b11b9f83662a05FF03e2f43C71f9Bf4873,REGULATOR,904,OTHER,1,READ,
w12,2025-12-19T14:43:04.850456Z,6.557,200,True,0x68c8c090a608c0B78636f50F6950137E9BBbEA97,GARAGE,438,IMAGE,2,READ,
w39,2025-12-19T14:43:04.850565Z,6.554,200,True,0x2bae1eb63108Ab352DaD7842Af98F4e1768425C1,ADJUSTER,313,IMAGE,2,READ,
w25,2025-12-19T14:43:04.851169Z,6.593,200,True,0xE5dd563f92431eDFA8d444f0f1999a2858b95A81,INSURER,869,OTHER,1,READ,
w13,2025-12-19T14:43:04.851289Z,6.608,403,False,0x9a076822Eb2A5Aff3AfdAC8DF2620AD153dC4035,POLICE,795,TELEMATICS,3,READ,
w40,2025-12-19T14:43:04.851388Z,6.620,200,True,0x7f9fe1a6ad85DEBFdFB998d4E7Ddb5cb2fD1bd63,INSURER,837,TELEMATICS,3,READ,
w26,2025-12-19T14:43:04.851489Z,6.626,200,True,0x67F4F8CE04FD59Bf243930A77adCf14537A0B5D2,ADJUSTER,843,TELEMATICS,3,READ,
w14,2025-12-19T14:43:04.851595Z,6.623,200,True,0xaf157e8fD0B47Ee2C692436E45dB871E2c1F3e83,INSURER,98,VIDEO,2,READ,
w41,2025-12-19T14:43:04.851697Z,6.628,200,True,0xf1E534De0C06d61147F8A18Fd769352969fDCF3B,INSURER,918,OTHER,1,READ,
w27,2025-12-19T14:43:04.851795Z,6.634,200,True,0x0f3329Ff55b9471d57D644d34b6c7227aeD65b2D,ADJUSTER,929,OTHER,1,READ,
w15,2025-12-19T14:43:04.851890Z,6.648,403,False,0x793235ebf79944f08742d0Cd92ca6D24B4327d8E,POLICE,732,TELEMATICS,3,READ,
w1,2025-12-19T14:43:04.851990Z,6.654,200,True,0xC9d315B25D2f58D8299fD726f1bd40D5b077C4a4,ADJUSTER,599,FNOL,4,READ,
w42,2025-12-19T14:43:04.852086Z,6.660,200,True,0x50BbaB837D91CF9f3d77c66d83c40d4b389AB0B1,INSURER,453,IMAGE,2,READ,
w28,2025-12-19T14:43:04.852180Z,6.665,403,False,0xF9EA48F4E0d76E96a3755d17b67fF2F7157C7911,POLICE,857,OTHER,1,READ,
w16,2025-12-19T14:43:04.852273Z,6.671,200,True,0x536e3B0833a6eBb933f385c0b0De10423705f7a1,COURT,401,IMAGE,2,READ,
w43,2025-12-19T14:43:04.852369Z,6.676,200,True,0x6d633edcb7CD9413cd0509faebAE113ec0EC2FBc,INSURER,828,TELEMATICS,3,READ,
w29,2025-12-19T14:43:04.852467Z,6.679,200,True,0x99a806d3b557c0a8e626Cef888962d06713ad5f6,COURT,911,OTHER,1,READ,
w17,2025-12-19T14:43:04.852558Z,6.686,403,False,0x66dbB00795DC0d781dcA2e6219ab30FcaF5f1CAd,GARAGE,972,OTHER,1,READ,
w44,2025-12-19T14:43:04.852645Z,6.697,403,False,0xE8bF57455EE3405331D286E17C7bC05cAD0bFB1C,POLICE,550,MEDICAL_REPORT,5,READ,
w30,2025-12-19T14:43:04.852739Z,6.703,403,False,0xD655a56fEE3b3b955dDD12746620A181f93F16e6,POLICE,712,TELEMATICS,3,READ,
w18,2025-12-19T14:43:04.852826Z,6.721,200,True,0x8B87C429526Ce971509028A2d05b54c02704CDb3,INSURER,831,TELEMATICS,3,READ,
w4,2025-12-19T14:43:04.852914Z,6.742,200,True,0xb4F3640241c9285C3384313c7E76CBB3eded034B,INSURER,466,IMAGE,2,READ,
w0,2025-12-19T14:43:04.853001Z,6.753,200,True,0x11aaC79A517D8afa3a7DB9b5B2E4a2592284C7AE,INSURER,784,TELEMATICS,3,READ,
w31,2025-12-19T14:43:04.853103Z,6.751,200,True,0xb0276419CD1DA3AF0406c1b6D9D2302B8CDAc670,POLICE,457,IMAGE,2,READ,
w19,2025-12-19T14:43:04.853194Z,6.762,200,True,0x852cB9f303D330bff5722A21d48c0c4303bda309,POLICE,401,IMAGE,2,READ,
w5,2025-12-19T14:43:04.853288Z,6.764,200,True,0x592bB49f1f64a954F181cc99489664AeC05bB383,COURT,458,IMAGE,2,READ,
w45,2025-12-19T14:43:04.853379Z,6.771,200,True,0x18D398FEffFf1114bdb4B9558a6905E521C001A3,ADJUSTER,616,FNOL,4,READ,
w3,2025-12-19T14:43:04.853509Z,6.738,403,False,0x13574B3384B73DcA7b44aa015680060B3561B666,POLICE,859,OTHER,1,READ,
w32,2025-12-19T14:43:04.853688Z,6.654,200,True,0x7F58e30B33E800fAD1041651365A29CfB660aC57,INSURER,182,VIDEO,2,READ,
w20,2025-12-19T14:43:04.853920Z,6.517,200,True,0xc227AdED69aA39F067e0190b0EA4BB94BE51cb90,INSURER,969,OTHER,1,READ,
w6,2025-12-19T14:43:04.854114Z,6.427,200,True,0x547633aa452093F2f87ad6cF6Af95cf459e17be5,ADJUSTER,418,IMAGE,2,READ,
w46,2025-12-19T14:43:04.854273Z,6.372,200,True,0x06D4bAEDddd3B73284654b61bec9CF7C3D667E84,ADJUSTER,298,IMAGE,2,READ,
w33,2025-12-19T14:43:04.854412Z,6.330,200,True,0xCe0598bC3ba15cA3db71063563179eCf0D7c35A7,ADJUSTER,756,TELEMATICS,3,READ,
w7,2025-12-19T14:43:04.854538Z,6.297,200,True,0xb0276419CD1DA3AF0406c1b6D9D2302B8CDAc670,POLICE,96,VIDEO,2,READ,
w47,2025-12-19T14:43:04.854666Z,6.277,200,True,0x0Dc1cFEE2758F0e2688803c8098E11241014f8BB,INSURER,363,IMAGE,2,READ,
w34,2025-12-19T14:43:04.854785Z,6.251,200,True,0x92416914cF3F47944a8e5CCBA5d619b68b615D33,POLICE,92,VIDEO,2,READ,
w8,2025-12-19T14:43:04.854917Z,6.212,200,True,0x6f5CC3De03FD8Ff029C145d99B3A9D30D2c0A71D,INSURER,9,VIDEO,2,READ,
w48,2025-12-19T14:43:04.855040Z,6.180,200,True,0x99a806d3b557c0a8e626Cef888962d06713ad5f6,COURT,505,FNOL,4,READ,
w35,2025-12-19T14:43:04.855157Z,6.153,200,True,0x1cF317F4288CfC3FdA6295dC3Ee1f3e2F8B03592,ADJUSTER,139,VIDEO,2,READ,
w21,2025-12-19T14:43:04.855266Z,6.130,200,True,0xb8Cb388cDb00044EeC03d7b0D63f1FafF89B668F,INSURER,357,IMAGE,2,READ,
w9,2025-12-19T14:43:04.855375Z,6.108,403,False,0x66dbB00795DC0d781dcA2e6219ab30FcaF5f1CAd,GARAGE,947,OTHER,1,READ,
w49,2025-12-19T14:43:04.855490Z,6.101,200,True,0xb00fDdDb57D515d86B84D0A2E8E492d9b6082070,INSURER,406,IMAGE,2,READ,
w36,2025-12-19T14:43:04.855977Z,6.040,403,False,0x4DCDFfA1280ad4A435512Ee5dDaF8a9D4e9509E3,GARAGE,207,VIDEO,2,READ,
w22,2025-12-19T14:43:04.856117Z,6.036,200,True,0x31A860cfF3A3D2B972B9EE41a34653e31b6143DD,ADJUSTER,176,VIDEO,2,READ,
w10,2025-12-19T14:43:04.856232Z,6.027,200,True,0xECB4fA8D986702c344aB4Aacfa51CfeD104110bA,ADJUSTER,471,IMAGE,2,READ,
w2,2025-12-19T14:43:04.856347Z,6.019,200,True,0x417E040C3F0A2094fa86aE1A22D89f21ad5f2c91,INSURER,976,OTHER,1,READ,
w37,2025-12-19T14:43:04.856459Z,6.021,200,True,0xDB6a12DbE55181c3f880bD63570EA3f3AC91e63A,ADJUSTER,497,IMAGE,2,READ,
w23,2025-12-19T14:43:04.856567Z,6.017,200,True,0x40B970b53BFF9D4A11Fe90cD35998f21368a2830,POLICE,243,VIDEO,2,READ,
w11,2025-12-19T14:43:04.856685Z,6.093,200,True,0x0157eAF28226F1508d622a947510555A7D0a565c,INSURER,437,IMAGE,2,READ,
w38,2025-12-19T14:43:04.856792Z,6.153,200,True,0x7775fD4aD4669C7F6F26aCBf7CC07d9dA5f959C8,POLICE,246,VIDEO,2,READ,
w24,2025-12-19T14:43:04.856905Z,6.171,200,True,0xaf157e8fD0B47Ee2C692436E45dB871E2c1F3e83,INSURER,926,OTHER,1,READ,
w12,2025-12-19T14:43:04.857016Z,6.176,200,True,0xdF8A225C5B1E14558757B029B89e2F233515a798,ADJUSTER,482,IMAGE,2,READ,
w39,2025-12-19T14:43:04.857124Z,6.174,200,True,0x3015CaAdD111E6bb308586Fb390005C8F75848A7,POLICE,443,IMAGE,2,READ,
w25,2025-12-19T14:43:04.857768Z,6.156,200,True,0xaF805972401628544EBe993aC94305E19571431b,INSURER,650,MEDICAL_REPORT,5,READ,
w13,2025-12-19T14:43:04.857902Z,6.173,200,True,0x094A1Ff3795B2267aEA059A54C374B2CdB84D45e,COURT,292,IMAGE,2,READ,
w40,2025-12-19T14:43:04.858012Z,6.183,200,True,0x7F58e30B33E800fAD1041651365A29CfB660aC57,INSURER,701,TELEMATICS,3,READ,
w26,2025-12-19T14:43:04.858118Z,6.186,200,True,0x547633aa452093F2f87ad6cF6Af95cf459e17be5,ADJUSTER,874,OTHER,1,READ,
w14,2025-12-19T14:43:04.858222Z,6.193,200,True,0xA18C8C6aE69cB5aabAA3EfDdF1c38c4dE58494CA,INSURER,121,VIDEO,2,READ,
w41,2025-12-19T14:43:04.858329Z,6.193,200,True,0x094A1Ff3795B2267aEA059A54C374B2CdB84D45e,COURT,865,OTHER,1,READ,
w27,2025-12-19T14:43:04.858434Z,6.191,200,True,0xceebe3C41b74d2c472F28A01C7CC44d6aAcA498F,INSURER,201,VIDEO,2,READ,
w15,2025-12-19T14:43:04.858543Z,6.183,200,True,0x8d04Ed80530786073721Ae9c38cD46D45dd71756,INSURER,859,OTHER,1,READ,
w1,2025-12-19T14:43:04.858648Z,6.181,200,True,0xA18C8C6aE69cB5aabAA3EfDdF1c38c4dE58494CA,INSURER,707,TELEMATICS,3,READ,
w42,2025-12-19T14:43:04.858750Z,6.182,200,True,0x4706C804bB8f3Eb133529A02e3F3F48fc38Bd2F9,ADJUSTER,185,VIDEO,2,READ,
w28,2025-12-19T14:43:04.858849Z,6.187,200,True,0xd222D38Ccd1502056A8264eaCB2fCfc6c96F6B61,ADJUSTER,926,OTHER,1,READ,
w16,2025-12-19T14:43:04.858949Z,6.189,200,True,0xe84288AfCCFcafd9a8AB74D8F555C5448a911Eb5,INSURER,31,VIDEO,2,READ,
w43,2025-12-19T14:43:04.859050Z,6.188,200,True,0x5Adf6dA1124Cb04f8e27b4b197b6521C42AD0641,INSURER,858,OTHER,1,READ,
w29,2025-12-19T14:43:04.859150Z,6.188,200,True,0x8CbB8dd324B837e6BD98E13e0c21fa636120Ca56,REGULATOR,4,VIDEO,2,READ,
w17,2025-12-19T14:43:04.859248Z,6.189,403,False,0x80eD6824a5F2334A090fCfbEB1450356BDc84d63,ADJUSTER,559,MEDICAL_REPORT,5,READ,
w44,2025-12-19T14:43:04.859346Z,6.193,200,True,0x8B87C429526Ce971509028A2d05b54c02704CDb3,INSURER,562,FNOL,4,READ,
w30,2025-12-19T14:43:04.859446Z,6.198,200,True,0xf750FcD6205F9864ed98080D7e52Ec69D94CAf22,INSURER,968,OTHER,1,READ,
w18,2025-12-19T14:43:04.859551Z,6.200,200,True,0x87731f9AB64CbE25f915Bd81646C15853b0A47F6,POLICE,289,IMAGE,2,READ,
w4,2025-12-19T14:43:04.859661Z,6.202,200,True,0x00a777ADb6935EdBdF8a8529125d1fbd93EdBA56,INSURER,854,OTHER,1,READ,
w0,2025-12-19T14:43:04.859760Z,6.210,200,True,0x7775fD4aD4669C7F6F26aCBf7CC07d9dA5f959C8,POLICE,483,IMAGE,2,READ,
w31,2025-12-19T14:43:04.859859Z,6.221,403,False,0xdC2E4E6D348448D3722b528D8c9272eD5C020F55,POLICE,652,FNOL,4,READ,
w19,2025-12-19T14:43:04.859959Z,6.227,200,True,0xD46554Edf6329a0a8caae2A79EB7098A7a24Ba81,INSURER,862,OTHER,1,READ,
w5,2025-12-19T14:43:04.860057Z,6.232,200,True,0x816E9ccDC1bbbd5f73D84dF5652A4B63F92DE291,INSURER,531,MEDICAL_REPORT,5,READ,
w45,2025-12-19T14:43:04.860154Z,6.233,200,True,0x547633aa452093F2f87ad6cF6Af95cf459e17be5,ADJUSTER,17,VIDEO,2,READ,
w3,2025-12-19T14:43:04.860251Z,6.235,200,True,0xECB4fA8D986702c344aB4Aacfa51CfeD104110bA,ADJUSTER,787,TELEMATICS,3,READ,
w32,2025-12-19T14:43:04.860346Z,6.237,200,True,0x32a71350b8324e903BA5674B6456e07Bd472AA8f,GARAGE,352,IMAGE,2,READ,
w20,2025-12-19T14:43:04.860440Z,6.248,403,False,0xFE9CaBBAac086eBE0edE14f99E312c84Ed89B85b,GARAGE,89,VIDEO,2,READ,
w6,2025-12-19T14:43:04.860545Z,6.251,200,True,0x99a806d3b557c0a8e626Cef888962d06713ad5f6,COURT,811,TELEMATICS,3,READ,
w46,2025-12-19T14:43:04.860650Z,6.249,200,True,0xCC454a974c35BAE19d6A6dE745A05E46885e2304,INSURER,992,OTHER,1,READ,
w33,2025-12-19T14:43:04.860745Z,6.254,200,True,0x91229246e94c04361C72A11629D800CfBaC95674,COURT,366,IMAGE,2,READ,
w7,2025-12-19T14:43:04.860839Z,6.258,200,True,0x7f9fe1a6ad85DEBFdFB998d4E7Ddb5cb2fD1bd63,INSURER,138,VIDEO,2,READ,
w47,2025-12-19T14:43:04.860947Z,6.255,200,True,0xAd5c25cf76e4C8A2ee7b38179b90ec0379Aee5d3,INSURER,604,FNOL,4,READ,
w34,2025-12-19T14:43:04.861040Z,6.261,200,True,0x34BBE78F5E8eF7F758481402618b9CA85b1a3CF7,ADJUSTER,433,IMAGE,2,READ,
w8,2025-12-19T14:43:04.861134Z,6.262,200,True,0xdbCa1F43d1B1fE30218A3870f8CE54eA068b9546,COURT,665,MEDICAL_REPORT,5,READ,
w48,2025-12-19T14:43:04.861223Z,6.264,200,True,0xc3c51312907D83df323e05D7E254352175252368,COURT,580,FNOL,4,READ,
w35,2025-12-19T14:43:04.861313Z,6.282,200,True,0x29Ab7D36C4d714Ab42079831182cFeA1dF363Eae,COURT,74,VIDEO,2,READ,
w21,2025-12-19T14:43:04.861400Z,6.305,200,True,0x417E040C3F0A2094fa86aE1A22D89f21ad5f2c91,INSURER,930,OTHER,1,READ,
w9,2025-12-19T14:43:04.861487Z,6.324,200,True,0xceebe3C41b74d2c472F28A01C7CC44d6aAcA498F,INSURER,426,IMAGE,2,READ,
w49,2025-12-19T14:43:04.861595Z,6.321,200,True,0x5Adf6dA1124Cb04f8e27b4b197b6521C42AD0641,INSURER,398,IMAGE,2,READ,
w36,2025-12-19T14:43:04.862023Z,6.284,200,True,0xF173F4d5ADdf0E7a16e318fFd5937Dfb27583015,INSURER,162,VIDEO,2,READ,
w22,2025-12-19T14:43:04.862158Z,6.284,200,True,0x986fDE3291033E80049183d4eAac7752F29166cC,INSURER,977,OTHER,1,READ,
w10,2025-12-19T14:43:04.862264Z,6.294,200,True,0xe68d19e611fc7Cd8D9184Dbf3034203A5B0ba7E9,INSURER,216,VIDEO,2,READ,
w2,2025-12-19T14:43:04.862373Z,6.286,200,True,0x592bB49f1f64a954F181cc99489664AeC05bB383,COURT,633,MEDICAL_REPORT,5,READ,
w37,2025-12-19T14:43:04.862484Z,6.277,200,True,0xFfF5E088c8b6a5a470a6D48f405892515c41FCa6,ADJUSTER,992,OTHER,1,READ,
w23,2025-12-19T14:43:04.862590Z,6.266,200,True,0xCC454a974c35BAE19d6A6dE745A05E46885e2304,INSURER,745,TELEMATICS,3,READ,
w11,2025-12-19T14:43:04.862784Z,6.161,200,True,0xc3c51312907D83df323e05D7E254352175252368,COURT,385,IMAGE,2,READ,
w38,2025-12-19T14:43:04.862950Z,6.085,403,False,0xb0276419CD1DA3AF0406c1b6D9D2302B8CDAc670,POLICE,802,TELEMATICS,3,READ,
w24,2025-12-19T14:43:04.863081Z,6.043,403,False,0x07e862A62f1C2E59d2B46Cb02c0B6469F0F2Ce6C,ADJUSTER,678,MEDICAL_REPORT,5,READ,
w12,2025-12-19T14:43:04.863197Z,6.034,403,False,0x4706C804bB8f3Eb133529A02e3F3F48fc38Bd2F9,ADJUSTER,568,MEDICAL_REPORT,5,READ,
w39,2025-12-19T14:43:04.863301Z,6.031,200,True,0x4daf1A3296865E86D251A8ACacd2A4d94afB79F4,POLICE,173,VIDEO,2,READ,
w25,2025-12-19T14:43:04.863930Z,6.004,200,True,0x8CbB8dd324B837e6BD98E13e0c21fa636120Ca56,REGULATOR,497,IMAGE,2,READ,
w13,2025-12-19T14:43:04.864081Z,5.997,200,True,0x6C083CdC9F152E5a82DB28241FBea8958a62a549,COURT,581,MEDICAL_REPORT,5,READ,
w40,2025-12-19T14:43:04.864202Z,6.009,200,True,0xB4C59915aF17bAB024Db05F0230B8Ee1aF00388d,COURT,707,TELEMATICS,3,READ,
w26,2025-12-19T14:43:04.864308Z,6.060,200,True,0x34BBE78F5E8eF7F758481402618b9CA85b1a3CF7,ADJUSTER,578,FNOL,4,READ,
w14,2025-12-19T14:43:04.864419Z,6.127,200,True,0xe34b6a9Bc4D2c8Ee70eEd4111Ea531E97DDb4c4E,COURT,639,FNOL,4,READ,
w41,2025-12-19T14:43:04.864527Z,6.244,200,True,0x1c2b0E2F66517144Cf34cdF840b04E60E4FC213C,INSURER,744,TELEMATICS,3,READ,
w27,2025-12-19T14:43:04.864629Z,6.322,200,True,0x711d7620b4C341A6A91E38D0c75783C80FfEdcED,COURT,707,TELEMATICS,3,READ,
w15,2025-12-19T14:43:04.864729Z,6.371,200,True,0xFbB08379ae5b6acFA48Fdee5E2Be6af84a90DcFb,COURT,841,TELEMATICS,3,READ,
w1,2025-12-19T14:43:04.864832Z,6.400,200,True,0x3CeB0Aa9CCc9c0A29a814fBD5c1aD23dca52aeb6,ADJUSTER,115,VIDEO,2,READ,
w42,2025-12-19T14:43:04.864937Z,6.417,200,True,0xCC454a974c35BAE19d6A6dE745A05E46885e2304,INSURER,251,IMAGE,2,READ,
w28,2025-12-19T14:43:04.865040Z,6.422,200,True,0xcbA3c1E62e024046934d519a26b637Dd0dfD1b3c,REGULATOR,606,FNOL,4,READ,
w16,2025-12-19T14:43:04.865141Z,6.441,200,True,0xb4F3640241c9285C3384313c7E76CBB3eded034B,INSURER,435,IMAGE,2,READ,
w43,2025-12-19T14:43:04.865242Z,6.474,200,True,0x1370507A4d90d4951D78E9186DFEbFFbD0102eb0,INSURER,60,VIDEO,2,READ,
w29,2025-12-19T14:43:04.865342Z,6.493,200,True,0x766C26A7aD924449Bec43A8A34DEF94ddE4249e8,COURT,57,VIDEO,2,READ,
w17,2025-12-19T14:43:04.865442Z,6.505,200,True,0xCe0598bC3ba15cA3db71063563179eCf0D7c35A7,ADJUSTER,576,FNOL,4,READ,
w44,2025-12-19T14:43:04.865543Z,6.512,200,True,0x986fDE3291033E80049183d4eAac7752F29166cC,INSURER,333,IMAGE,2,READ,
w30,2025-12-19T14:43:04.865649Z,6.521,200,True,0x7F58e30B33E800fAD1041651365A29CfB660aC57,INSURER,715,TELEMATICS,3,READ,
w18,2025-12-19T14:43:04.865756Z,6.554,200,True,0x9D27B273CA2f10A2b874e5280Aa7A5081BdC694C,INSURER,763,TELEMATICS,3,READ,
w4,2025-12-19T14:43:04.865867Z,6.574,200,True,0xd3ad26904604cf4A6e4Ef026c902c9f70562F892,INSURER,617,MEDICAL_REPORT,5,READ,
w0,2025-12-19T14:43:04.865974Z,6.583,200,True,0x1cF317F4288CfC3FdA6295dC3Ee1f3e2F8B03592,ADJUSTER,38,VIDEO,2,READ,
w31,2025-12-19T14:43:04.866084Z,6.587,200,True,0x8B87C429526Ce971509028A2d05b54c02704CDb3,INSURER,672,MEDICAL_REPORT,5,READ,
w19,2025-12-19T14:43:04.866191Z,6.616,200,True,0x40B970b53BFF9D4A11Fe90cD35998f21368a2830,POLICE,390,IMAGE,2,READ,
w5,2025-12-19T14:43:04.866292Z,6.639,200,True,0xE5dd563f92431eDFA8d444f0f1999a2858b95A81,INSURER,826,TELEMATICS,3,READ,
w45,2025-12-19T14:43:04.866391Z,6.650,200,True,0xb113F22B749C4efc290Eb311C18c72DF29481dAE,ADJUSTER,889,OTHER,1,READ,
w3,2025-12-19T14:43:04.866490Z,6.662,403,False,0x5cB4D76a86dbEF4FF02fA640c90deeaf5b309acD,GARAGE,188,VIDEO,2,READ,
w32,2025-12-19T14:43:04.866588Z,6.694,200,True,0xdF8A225C5B1E14558757B029B89e2F233515a798,ADJUSTER,773,TELEMATICS,3,READ,
w20,2025-12-19T14:43:04.866692Z,6.701,200,True,0x7F58e30B33E800fAD1041651365A29CfB660aC57,INSURER,640,MEDICAL_REPORT,5,READ,
w6,2025-12-19T14:43:04.866800Z,6.712,403,False,0xA88F90716eDCDc5BFa0993c4c7FA41f629e44d8c,GARAGE,210,VIDEO,2,READ,
w46,2025-12-19T14:43:04.866903Z,6.723,200,True,0xdbCa1F43d1B1fE30218A3870f8CE54eA068b9546,COURT,594,FNOL,4,READ,
w33,2025-12-19T14:43:04.867003Z,6.727,403,False,0xe2a2B0b479b477f22BDd40fF8137AC17F6e34B2e,GARAGE,108,VIDEO,2,READ,
w7,2025-12-19T14:43:04.867102Z,6.743,200,True,0x1c2b0E2F66517144Cf34cdF840b04E60E4FC213C,INSURER,421,IMAGE,2,READ,
w47,2025-12-19T14:43:04.867206Z,6.749,200,True,0xb00fDdDb57D515d86B84D0A2E8E492d9b6082070,INSURER,276,IMAGE,2,READ,
w34,2025-12-19T14:43:04.867304Z,6.755,200,True,0x9a076822Eb2A5Aff3AfdAC8DF2620AD153dC4035,POLICE,431,IMAGE,2,READ,
w8,2025-12-19T14:43:04.867400Z,6.765,200,True,0xE8bF57455EE3405331D286E17C7bC05cAD0bFB1C,POLICE,193,VIDEO,2,READ,
w48,2025-12-19T14:43:04.867491Z,6.781,200,True,0x6d633edcb7CD9413cd0509faebAE113ec0EC2FBc,INSURER,586,MEDICAL_REPORT,5,READ,
w35,2025-12-19T14:43:04.867599Z,6.777,403,False,0x547633aa452093F2f87ad6cF6Af95cf459e17be5,ADJUSTER,531,MEDICAL_REPORT,5,READ,
w21,2025-12-19T14:43:04.867709Z,6.793,200,True,0xaf157e8fD0B47Ee2C692436E45dB871E2c1F3e83,INSURER,623,FNOL,4,READ,
w9,2025-12-19T14:43:04.867815Z,6.804,403,False,0x16C605c8536B3AC44524Ebd88bF81CE652b1E990,POLICE,992,OTHER,1,READ,
w49,2025-12-19T14:43:04.867921Z,6.817,200,True,0x342E14b11b9f83662a05FF03e2f43C71f9Bf4873,REGULATOR,50,VIDEO,2,READ,
w36,2025-12-19T14:43:04.868313Z,6.870,200,True,0x4daf1A3296865E86D251A8ACacd2A4d94afB79F4,POLICE,469,IMAGE,2,READ,
w22,2025-12-19T14:43:04.868446Z,6.887,200,True,0x094A1Ff3795B2267aEA059A54C374B2CdB84D45e,COURT,118,VIDEO,2,READ,
w10,2025-12-19T14:43:04.868562Z,6.891,200,True,0x7d050D9da028bFC0eFF937489B90834dEFC533f3,INSURER,79,VIDEO,2,READ,
w2,2025-12-19T14:43:04.868663Z,6.894,200,True,0x499B440236db366c87f8267Bd804228e12Df64A4,ADJUSTER,213,VIDEO,2,READ,
w37,2025-12-19T14:43:04.868767Z,6.890,200,True,0x9faB46D850015a996dAa8c1858e4cA1262E31bE2,INSURER,348,IMAGE,2,READ,
w23,2025-12-19T14:43:04.868859Z,6.905,403,False,0x24a62efdAe4d80281BAc758e86a4E386905c720C,GARAGE,178,VIDEO,2,READ,
w11,2025-12-19T14:43:04.868949Z,6.926,200,True,0x66f104f30efDef6bbcf31F1d23B3c5a5Cf67C05A,INSURER,742,TELEMATICS,3,READ,
w38,2025-12-19T14:43:04.869039Z,6.942,403,False,0xFE9CaBBAac086eBE0edE14f99E312c84Ed89B85b,GARAGE,510,MEDICAL_REPORT,5,READ,
w24,2025-12-19T14:43:04.869129Z,6.961,403,False,0x9fFdEc67F092978A065F3956A4C0D0887253f6B4,GARAGE,871,OTHER,1,READ,
w12,2025-12-19T14:43:04.869235Z,6.963,200,True,0x17a3649Ac7847fC2048db0ceD97945aA7dCEdC8a,INSURER,903,OTHER,1,READ,
w39,2025-12-19T14:43:04.869337Z,6.965,200,True,0x68c8c090a608c0B78636f50F6950137E9BBbEA97,GARAGE,323,IMAGE,2,READ,
w25,2025-12-19T14:43:04.869941Z,6.982,200,True,0xe34b6a9Bc4D2c8Ee70eEd4111Ea531E97DDb4c4E,COURT,542,MEDICAL_REPORT,5,READ,
w13,2025-12-19T14:43:04.870082Z,6.993,403,False,0x0Adc41557A616569Cd409d74aFe4C9FaD47a57ed,POLICE,908,OTHER,1,READ,
w40,2025-12-19T14:43:04.870217Z,6.981,403,False,0x71f923CB5F826712E139D152d18028dE817Bae65,GARAGE,740,TELEMATICS,3,READ,
w26,2025-12-19T14:43:04.870374Z,6.938,200,True,0x47200E7159B7646892C3cC84C60818bcD2B38A22,ADJUSTER,270,IMAGE,2,READ,
w14,2025-12-19T14:43:04.870553Z,6.870,200,True,0xD655a56fEE3b3b955dDD12746620A181f93F16e6,POLICE,269,IMAGE,2,READ,
w41,2025-12-19T14:43:04.870778Z,6.752,200,True,0xe34b6a9Bc4D2c8Ee70eEd4111Ea531E97DDb4c4E,COURT,370,IMAGE,2,READ,
w27,2025-12-19T14:43:04.870957Z,6.673,200,True,0x40B970b53BFF9D4A11Fe90cD35998f21368a2830,POLICE,279,IMAGE,2,READ,
w15,2025-12-19T14:43:04.871105Z,6.628,200,True,0x2bae1eb63108Ab352DaD7842Af98F4e1768425C1,ADJUSTER,977,OTHER,1,READ,
w1,2025-12-19T14:43:04.871237Z,6.611,200,True,0x5B9Fe195263932C148aB2997922dda28a64aD5A9,INSURER,226,VIDEO,2,READ,
w42,2025-12-19T14:43:04.871359Z,6.595,200,True,0xc6fd3ebdCCe1922C2aAF225B6Ae37C875b175082,ADJUSTER,662,FNOL,4,READ,
w28,2025-12-19T14:43:04.871468Z,6.587,200,True,0x986fDE3291033E80049183d4eAac7752F29166cC,INSURER,404,IMAGE,2,READ,
w16,2025-12-19T14:43:04.871588Z,6.566,200,True,0x417E040C3F0A2094fa86aE1A22D89f21ad5f2c91,INSURER,556,FNOL,4,READ,
w43,2025-12-19T14:43:04.871721Z,6.530,200,True,0x29Ab7D36C4d714Ab42079831182cFeA1dF363Eae,COURT,94,VIDEO,2,READ,
w29,2025-12-19T14:43:04.871840Z,6.546,200,True,0x4a5907024898DA4eE2BA57e89D767C6406ebD232,INSURER,155,VIDEO,2,READ,
w17,2025-12-19T14:43:04.871951Z,6.612,200,True,0xDB6a12DbE55181c3f880bD63570EA3f3AC91e63A,ADJUSTER,110,VIDEO,2,READ,
w44,2025-12-19T14:43:04.872059Z,6.623,200,True,0x63799B99d43E4dB6Eb46BF3fEeBcb88c347351c0,COURT,494,IMAGE,2,READ,
w30,2025-12-19T14:43:04.872176Z,6.607,200,True,0x3EBAE31cB2be64Fe5734160d81AF569256974D47,POLICE,341,IMAGE,2,READ,
w18,2025-12-19T14:43:04.872316Z,6.562,200,True,0xf7E1883f933104b142c40E92e6624179359b44C2,INSURER,554,FNOL,4,READ,
w4,2025-12-19T14:43:04.872445Z,6.532,200,True,0xA9da87e421E9bF79a8e80EaD31e737D98aa626eE,INSURER,737,TELEMATICS,3,READ,
w0,2025-12-19T14:43:04.872561Z,6.512,403,False,0x1cF317F4288CfC3FdA6295dC3Ee1f3e2F8B03592,ADJUSTER,568,MEDICAL_REPORT,5,READ,
w31,2025-12-19T14:43:04.872676Z,6.490,200,True,0xcbA3c1E62e024046934d519a26b637Dd0dfD1b3c,REGULATOR,385,IMAGE,2,READ,
w19,2025-12-19T14:43:04.872813Z,6.449,200,True,0x4531E352d63619A871806b0f4b4509c5Ac923135,GARAGE,253,IMAGE,2,READ,
w5,2025-12-19T14:43:04.872936Z,6.421,200,True,0x3dc584940370d31418aBbfB6F809C055E9bBC98f,COURT,82,VIDEO,2,READ,
w45,2025-12-19T14:43:04.873045Z,6.405,200,True,0xAd5c25cf76e4C8A2ee7b38179b90ec0379Aee5d3,INSURER,444,IMAGE,2,READ,
w3,2025-12-19T14:43:04.873157Z,6.392,200,True,0x9d26A04fcCe87Fd42687C4eCBA27F01DB5b333E9,REGULATOR,625,FNOL,4,READ,
w32,2025-12-19T14:43:04.873286Z,6.365,200,True,0x8CbB8dd324B837e6BD98E13e0c21fa636120Ca56,REGULATOR,26,VIDEO,2,READ,
w20,2025-12-19T14:43:04.873397Z,6.355,200,True,0xb03C6C3a6e66a20729a4d4758D907D3A07cB0af5,INSURER,112,VIDEO,2,READ,
w6,2025-12-19T14:43:04.873517Z,6.337,403,False,0xFE9CaBBAac086eBE0edE14f99E312c84Ed89B85b,GARAGE,215,VIDEO,2,READ,
w46,2025-12-19T14:43:04.873631Z,6.323,200,True,0xaF805972401628544EBe993aC94305E19571431b,INSURER,806,TELEMATICS,3,READ,
w33,2025-12-19T14:43:04.873734Z,6.318,200,True,0xe34b6a9Bc4D2c8Ee70eEd4111Ea531E97DDb4c4E,COURT,706,TELEMATICS,3,READ,
w7,2025-12-19T14:43:04.873850Z,6.301,200,True,0x065803C5af851Dda212c2b93EabB66A8eE0Adb34,INSURER,100,VIDEO,2,READ,
w47,2025-12-19T14:43:04.873959Z,6.294,200,True,0x99a806d3b557c0a8e626Cef888962d06713ad5f6,COURT,266,IMAGE,2,READ,
w34,2025-12-19T14:43:04.874064Z,6.295,403,False,0x16C605c8536B3AC44524Ebd88bF81CE652b1E990,POLICE,506,MEDICAL_REPORT,5,READ,
w8,2025-12-19T14:43:04.874168Z,6.304,200,True,0x5B9Fe195263932C148aB2997922dda28a64aD5A9,INSURER,867,OTHER,1,READ,
w48,2025-12-19T14:43:04.874276Z,6.298,200,True,0x34BBE78F5E8eF7F758481402618b9CA85b1a3CF7,ADJUSTER,26,VIDEO,2,READ,
w35,2025-12-19T14:43:04.874381Z,6.301,200,True,0x2E2C6b303dF5Eb5E67C04610fDF33084A6d7408B,ADJUSTER,484,IMAGE,2,READ,
w21,2025-12-19T14:43:04.874507Z,6.275,200,True,0x39f310D9c7221cAEF10d101bFB16Ecc0DF2654F9,INSURER,599,FNOL,4,READ,
w9,2025-12-19T14:43:04.874624Z,6.257,200,True,0x06D4bAEDddd3B73284654b61bec9CF7C3D667E84,ADJUSTER,322,IMAGE,2,READ,
w49,2025-12-19T14:43:04.874743Z,6.239,200,True,0x80eD6824a5F2334A090fCfbEB1450356BDc84d63,ADJUSTER,5,VIDEO,2,READ,
w36,2025-12-19T14:43:04.875189Z,6.212,403,False,0x0Adc41557A616569Cd409d74aFe4C9FaD47a57ed,POLICE,589,FNOL,4,READ,
w22,2025-12-19T14:43:04.875338Z,6.212,200,True,0x3dc584940370d31418aBbfB6F809C055E9bBC98f,COURT,769,TELEMATICS,3,READ,
w10,2025-12-19T14:43:04.875458Z,6.220,200,True,0x1734cC5117Ca09e57A599f0E72469FEad0d749F9,REGULATOR,540,MEDICAL_REPORT,5,READ,
w2,2025-12-19T14:43:04.875561Z,6.228,200,True,0x67f187dcbDE2Fbf24Ec1508f7AAdF943bcE1f668,INSURER,350,IMAGE,2,READ,
w37,2025-12-19T14:43:04.875661Z,6.236,200,True,0xaF805972401628544EBe993aC94305E19571431b,INSURER,606,FNOL,4,READ,
w23,2025-12-19T14:43:04.875769Z,6.229,200,True,0x1d1694bc32c0223F44b4aC0956BE792a5996Cb79,INSURER,799,TELEMATICS,3,READ,
w11,2025-12-19T14:43:04.875880Z,6.219,403,False,0x12A0e24FbEa46bC85bd893CE5E21beFB44f88f15,POLICE,978,OTHER,1,READ,
w38,2025-12-19T14:43:04.875986Z,6.211,200,True,0x342E14b11b9f83662a05FF03e2f43C71f9Bf4873,REGULATOR,423,IMAGE,2,READ,
w24,2025-12-19T14:43:04.876094Z,6.209,200,True,0x67f187dcbDE2Fbf24Ec1508f7AAdF943bcE1f668,INSURER,364,IMAGE,2,READ,
w12,2025-12-19T14:43:04.876203Z,6.205,200,True,0xf306C99564607882567c83a33f4e5EEEb8bF050e,ADJUSTER,865,OTHER,1,READ,
w39,2025-12-19T14:43:04.876307Z,6.211,200,True,0xA9da87e421E9bF79a8e80EaD31e737D98aa626eE,INSURER,211,VIDEO,2,READ,
w25,2025-12-19T14:43:04.876928Z,6.146,403,False,0x7775fD4aD4669C7F6F26aCBf7CC07d9dA5f959C8,POLICE,624,MEDICAL_REPORT,5,READ,
w13,2025-12-19T14:43:04.877080Z,6.132,200,True,0xa162d20e1Ea3efe0C78A65109e3411462afd3b28,INSURER,832,TELEMATICS,3,READ,
w40,2025-12-19T14:43:04.877202Z,6.124,200,True,0xc3c51312907D83df323e05D7E254352175252368,COURT,350,IMAGE,2,READ,
w26,2025-12-19T14:43:04.877317Z,6.117,200,True,0x66f104f30efDef6bbcf31F1d23B3c5a5Cf67C05A,INSURER,900,OTHER,1,READ,
w14,2025-12-19T14:43:04.877427Z,6.109,200,True,0x9fFdEc67F092978A065F3956A4C0D0887253f6B4,GARAGE,413,IMAGE,2,READ,
w41,2025-12-19T14:43:04.877534Z,6.103,200,True,0x6f5CC3De03FD8Ff029C145d99B3A9D30D2c0A71D,INSURER,582,MEDICAL_REPORT,5,READ,
w27,2025-12-19T14:43:04.877635Z,6.101,403,False,0x3EBAE31cB2be64Fe5734160d81AF569256974D47,POLICE,584,FNOL,4,READ,
w15,2025-12-19T14:43:04.877737Z,6.096,200,True,0x9d26A04fcCe87Fd42687C4eCBA27F01DB5b333E9,REGULATOR,331,IMAGE,2,READ,
w1,2025-12-19T14:43:04.877852Z,6.078,403,False,0x9D65961198142f8eE2223b06687b0C16ED30B78E,POLICE,595,FNOL,4,READ,
w42,2025-12-19T14:43:04.877958Z,6.070,200,True,0xe34b6a9Bc4D2c8Ee70eEd4111Ea531E97DDb4c4E,COURT,826,TELEMATICS,3,READ,
w28,2025-12-19T14:43:04.878059Z,6.064,200,True,0x66f104f30efDef6bbcf31F1d23B3c5a5Cf67C05A,INSURER,288,IMAGE,2,READ,
w16,2025-12-19T14:43:04.878157Z,6.069,200,True,0x168EC3290512E1AcbB8201aeD946f3BA1Ed1effc,INSURER,286,IMAGE,2,READ,
w43,2025-12-19T14:43:04.878255Z,6.069,200,True,0x3C54f0201259B5BB5Dd5dBCD0Ccf8A9522BB30FD,INSURER,559,MEDICAL_REPORT,5,READ,
w29,2025-12-19T14:43:04.878392Z,6.028,200,True,0xf1E534De0C06d61147F8A18Fd769352969fDCF3B,INSURER,242,VIDEO,2,READ,
w17,2025-12-19T14:43:04.878568Z,5.958,403,False,0x834FebF68f8d4290AF73435F29e38943Dd993eca,POLICE,597,FNOL,4,READ,
w44,2025-12-19T14:43:04.878687Z,5.938,403,False,0x9dC8E21f76Ed8e9828c40E7E03428bEF6aF69A84,GARAGE,148,VIDEO,2,READ,
w30,2025-12-19T14:43:04.878787Z,5.935,200,True,0x0157eAF28226F1508d622a947510555A7D0a565c,INSURER,20,VIDEO,2,READ,
w18,2025-12-19T14:43:04.878881Z,5.937,200,True,0xE4B15B33FdBE23647b0F6070414150D566e1F62f,INSURER,926,OTHER,1,READ,
w4,2025-12-19T14:43:04.878981Z,5.940,200,True,0xcbA3c1E62e024046934d519a26b637Dd0dfD1b3c,REGULATOR,763,TELEMATICS,3,READ,
w0,2025-12-19T14:43:04.879077Z,5.945,200,True,0x5B9Fe195263932C148aB2997922dda28a64aD5A9,INSURER,176,VIDEO,2,READ,
w31,2025-12-19T14:43:04.879169Z,5.952,200,True,0x8CbB8dd324B837e6BD98E13e0c21fa636120Ca56,REGULATOR,317,IMAGE,2,READ,
w19,2025-12-19T14:43:04.879266Z,5.952,403,False,0x852cB9f303D330bff5722A21d48c0c4303bda309,POLICE,759,TELEMATICS,3,READ,
w5,2025-12-19T14:43:04.879360Z,5.953,403,False,0xD162EE2e18AC5c1AdC8152fd82CeDcE024c00f75,POLICE,781,TELEMATICS,3,READ,
w45,2025-12-19T14:43:04.879454Z,5.954,403,False,0xE6eF4f2c9De0532C38589a58Fbde2BBC1C31279B,ADJUSTER,614,MEDICAL_REPORT,5,READ,
w3,2025-12-19T14:43:04.879554Z,5.949,200,True,0x1dDd4F87D89500d1d92400BaE6cdb8373566adeE,INSURER,240,VIDEO,2,READ,
w32,2025-12-19T14:43:04.879655Z,5.944,200,True,0x4b325498d9Ec08b7e1eb3C52CE9a554ea24D3737,INSURER,345,IMAGE,2,READ,
w20,2025-12-19T14:43:04.879756Z,5.934,200,True,0x499B440236db366c87f8267Bd804228e12Df64A4,ADJUSTER,411,IMAGE,2,READ,
w6,2025-12-19T14:43:04.879857Z,5.918,403,False,0x12A0e24FbEa46bC85bd893CE5E21beFB44f88f15,POLICE,857,OTHER,1,READ,
w46,2025-12-19T14:43:04.879958Z,5.914,200,True,0x99a806d3b557c0a8e626Cef888962d06713ad5f6,COURT,812,TELEMATICS,3,READ,
w33,2025-12-19T14:43:04.880055Z,5.913,200,True,0x12A0e24FbEa46bC85bd893CE5E21beFB44f88f15,POLICE,4,VIDEO,2,READ,
w7,2025-12-19T14:43:04.880155Z,5.915,200,True,0xD655a56fEE3b3b955dDD12746620A181f93F16e6,POLICE,191,VIDEO,2,READ,
w47,2025-12-19T14:43:04.880257Z,5.927,200,True,0xB681a7921F6B4dE01c32e0986627275Edcd5e568,INSURER,77,VIDEO,2,READ,
w34,2025-12-19T14:43:04.880363Z,5.917,403,False,0x28de4877801Eb83FF8f280a15cC0c360f89295ED,GARAGE,132,VIDEO,2,READ,
w8,2025-12-19T14:43:04.880477Z,5.894,403,False,0x834FebF68f8d4290AF73435F29e38943Dd993eca,POLICE,659,MEDICAL_REPORT,5,READ,
w48,2025-12-19T14:43:04.880579Z,5.890,403,False,0x992Eaf53E29aF2be6bCDB7c2013cC167E3D529F8,GARAGE,919,OTHER,1,READ,
w35,2025-12-19T14:43:04.880686Z,5.878,403,False,0x793235ebf79944f08742d0Cd92ca6D24B4327d8E,POLICE,622,FNOL,4,READ,
w21,2025-12-19T14:43:04.880787Z,5.870,200,True,0xe34b6a9Bc4D2c8Ee70eEd4111Ea531E97DDb4c4E,COURT,394,IMAGE,2,READ,
w9,2025-12-19T14:43:04.880885Z,5.862,200,True,0x555115C078B14a18238D974E5351E87E050EbE47,ADJUSTER,112,VIDEO,2,READ,
w49,2025-12-19T14:43:04.880986Z,5.900,403,False,0xA88F90716eDCDc5BFa0993c4c7FA41f629e44d8c,GARAGE,936,OTHER,1,READ,
w36,2025-12-19T14:43:04.881407Z,6.078,200,True,0xb8Cb388cDb00044EeC03d7b0D63f1FafF89B668F,INSURER,866,OTHER,1,READ,
w22,2025-12-19T14:43:04.881555Z,6.103,403,False,0x12A0e24FbEa46bC85bd893CE5E21beFB44f88f15,POLICE,899,OTHER,1,READ,
w10,2025-12-19T14:43:04.881682Z,6.174,403,False,0xca4373A5412dd617d707A9D63Fab5c33bc55890a,POLICE,927,OTHER,1,READ,
w2,2025-12-19T14:43:04.881793Z,6.210,200,True,0xcbA3c1E62e024046934d519a26b637Dd0dfD1b3c,REGULATOR,982,OTHER,1,READ,
w37,2025-12-19T14:43:04.881901Z,6.222,200,True,0x4D2e324068BA02Eb613f39F882B7ED435DaAe089,INSURER,25,VIDEO,2,READ,
w23,2025-12-19T14:43:04.882002Z,6.226,200,True,0x91229246e94c04361C72A11629D800CfBaC95674,COURT,570,FNOL,4,READ,
w11,2025-12-19T14:43:04.882103Z,6.228,200,True,0x2bae1eb63108Ab352DaD7842Af98F4e1768425C1,ADJUSTER,575,FNOL,4,READ,
w38,2025-12-19T14:43:04.882200Z,6.226,200,True,0x67f187dcbDE2Fbf24Ec1508f7AAdF943bcE1f668,INSURER,320,IMAGE,2,READ,
w24,2025-12-19T14:43:04.882308Z,6.216,403,False,0xA88F90716eDCDc5BFa0993c4c7FA41f629e44d8c,GARAGE,130,VIDEO,2,READ,
w12,2025-12-19T14:43:04.882411Z,6.243,200,True,0x92416914cF3F47944a8e5CCBA5d619b68b615D33,POLICE,11,VIDEO,2,READ,
w39,2025-12-19T14:43:04.882522Z,6.264,200,True,0x99a806d3b557c0a8e626Cef888962d06713ad5f6,COURT,87,VIDEO,2,READ,
w25,2025-12-19T14:43:04.883080Z,6.368,200,True,0x00a777ADb6935EdBdF8a8529125d1fbd93EdBA56,INSURER,571,FNOL,4,READ,
w13,2025-12-19T14:43:04.883216Z,6.387,403,False,0xE8bF57455EE3405331D286E17C7bC05cAD0bFB1C,POLICE,548,MEDICAL_REPORT,5,READ,
w40,2025-12-19T14:43:04.883331Z,6.392,200,True,0xcbA3c1E62e024046934d519a26b637Dd0dfD1b3c,REGULATOR,490,IMAGE,2,READ,
w26,2025-12-19T14:43:04.883438Z,6.403,200,True,0x39f310D9c7221cAEF10d101bFB16Ecc0DF2654F9,INSURER,695,FNOL,4,READ,
w14,2025-12-19T14:43:04.883540Z,6.418,200,True,0x711d7620b4C341A6A91E38D0c75783C80FfEdcED,COURT,432,IMAGE,2,READ,
w41,2025-12-19T14:43:04.883641Z,6.424,200,True,0x8C0A9562bA06c26cD697012F2C311Ab93431CB08,INSURER,870,OTHER,1,READ,
w27,2025-12-19T14:43:04.883739Z,6.430,200,True,0x74fB3137dFB3B6448931Fb8Da2496AaF6a238f78,COURT,757,TELEMATICS,3,READ,
w15,2025-12-19T14:43:04.883837Z,6.434,403,False,0x92416914cF3F47944a8e5CCBA5d619b68b615D33,POLICE,582,MEDICAL_REPORT,5,READ,
w1,2025-12-19T14:43:04.883934Z,6.441,200,True,0xc3c51312907D83df323e05D7E254352175252368,COURT,479,IMAGE,2,READ,
w42,2025-12-19T14:43:04.884031Z,6.444,403,False,0x3EBAE31cB2be64Fe5734160d81AF569256974D47,POLICE,944,OTHER,1,READ,
w28,2025-12-19T14:43:04.884127Z,6.446,403,False,0xca4373A5412dd617d707A9D63Fab5c33bc55890a,POLICE,899,OTHER,1,READ,
w16,2025-12-19T14:43:04.884230Z,6.443,200,True,0x1dDd4F87D89500d1d92400BaE6cdb8373566adeE,INSURER,133,VIDEO,2,READ,
w43,2025-12-19T14:43:04.884328Z,6.450,403,False,0x9fFdEc67F092978A065F3956A4C0D0887253f6B4,GARAGE,795,TELEMATICS,3,READ,
w29,2025-12-19T14:43:04.884425Z,6.459,200,True,0x7d050D9da028bFC0eFF937489B90834dEFC533f3,INSURER,547,MEDICAL_REPORT,5,READ,
w17,2025-12-19T14:43:04.884530Z,6.455,200,True,0x501d27511202E1C0343B6ee79241254B3C3d4378,INSURER,896,OTHER,1,READ,
w44,2025-12-19T14:43:04.884629Z,6.455,200,True,0x1dDd4F87D89500d1d92400BaE6cdb8373566adeE,INSURER,455,IMAGE,2,READ,
w30,2025-12-19T14:43:04.884726Z,6.456,403,False,0x4531E352d63619A871806b0f4b4509c5Ac923135,GARAGE,56,VIDEO,2,READ,
w18,2025-12-19T14:43:04.884823Z,6.460,200,True,0x0Adc41557A616569Cd409d74aFe4C9FaD47a57ed,POLICE,240,VIDEO,2,READ,
w4,2025-12-19T14:43:04.884925Z,6.454,403,False,0x94aC64f763ca7BcC8957cb2CBAfF108a9d91ADc1,POLICE,983,OTHER,1,READ,
w0,2025-12-19T14:43:04.885026Z,6.461,200,True,0x9D65961198142f8eE2223b06687b0C16ED30B78E,POLICE,320,IMAGE,2,READ,
w31,2025-12-19T14:43:04.885125Z,6.459,200,True,0x9fFdEc67F092978A065F3956A4C0D0887253f6B4,GARAGE,376,IMAGE,2,READ,
w19,2025-12-19T14:43:04.885221Z,6.457,200,True,0x2bae1eb63108Ab352DaD7842Af98F4e1768425C1,ADJUSTER,414,IMAGE,2,READ,
w5,2025-12-19T14:43:04.885317Z,6.456,403,False,0x4daf1A3296865E86D251A8ACacd2A4d94afB79F4,POLICE,951,OTHER,1,READ,
w45,2025-12-19T14:43:04.885412Z,6.461,200,True,0xA9da87e421E9bF79a8e80EaD31e737D98aa626eE,INSURER,83,VIDEO,2,READ,
w3,2025-12-19T14:43:04.885506Z,6.462,200,True,0xD2e4187ae13875E61F4ADeB0bc309Fda9E672655,INSURER,538,FNOL,4,READ,
w32,2025-12-19T14:43:04.885604Z,6.459,200,True,0x07991919AA37C0FdbeD66174B280e6da9FE695d7,ADJUSTER,947,OTHER,1,READ,
w20,2025-12-19T14:43:04.885694Z,6.469,403,False,0x793235ebf79944f08742d0Cd92ca6D24B4327d8E,POLICE,540,MEDICAL_REPORT,5,READ,
w6,2025-12-19T14:43:04.885778Z,6.485,200,True,0x4b325498d9Ec08b7e1eb3C52CE9a554ea24D3737,INSURER,892,OTHER,1,READ,
w46,2025-12-19T14:43:04.885876Z,6.486,200,True,0x4D2e324068BA02Eb613f39F882B7ED435DaAe089,INSURER,494,IMAGE,2,READ,
w33,2025-12-19T14:43:04.885972Z,6.482,200,True,0xCe0598bC3ba15cA3db71063563179eCf0D7c35A7,ADJUSTER,312,IMAGE,2,READ,
w7,2025-12-19T14:43:04.886081Z,6.470,200,True,0x9D27B273CA2f10A2b874e5280Aa7A5081BdC694C,INSURER,648,FNOL,4,READ,
w47,2025-12-19T14:43:04.886189Z,6.474,200,True,0xb4F3640241c9285C3384313c7E76CBB3eded034B,INSURER,232,VIDEO,2,READ,
w34,2025-12-19T14:43:04.886284Z,6.483,200,True,0x96C5458aF74559b7eB9C1768f6F30BD40251e25e,INSURER,439,IMAGE,2,READ,
w8,2025-12-19T14:43:04.886375Z,6.492,200,True,0x555115C078B14a18238D974E5351E87E050EbE47,ADJUSTER,774,TELEMATICS,3,READ,
w48,2025-12-19T14:43:04.886473Z,6.491,200,True,0xA07Ab60Dc6F87DcAbEA86aDb690fFf1e30BB14A6,COURT,385,IMAGE,2,READ,
w35,2025-12-19T14:43:04.886569Z,6.492,200,True,0x094A1Ff3795B2267aEA059A54C374B2CdB84D45e,COURT,777,TELEMATICS,3,READ,
w21,2025-12-19T14:43:04.886660Z,6.496,200,True,0xd3ad26904604cf4A6e4Ef026c902c9f70562F892,INSURER,144,VIDEO,2,READ,
w9,2025-12-19T14:43:04.886751Z,6.503,200,True,0xE8bF57455EE3405331D286E17C7bC05cAD0bFB1C,POLICE,150,VIDEO,2,READ,
w49,2025-12-19T14:43:04.886892Z,6.460,200,True,0x417E040C3F0A2094fa86aE1A22D89f21ad5f2c91,INSURER,174,VIDEO,2,READ,
w36,2025-12-19T14:43:04.887493Z,6.252,200,True,0xD81101A371257d1229a21CEAed60dD23BBb1a2B1,ADJUSTER,407,IMAGE,2,READ,
w22,2025-12-19T14:43:04.887664Z,6.225,200,True,0x07e862A62f1C2E59d2B46Cb02c0B6469F0F2Ce6C,ADJUSTER,275,IMAGE,2,READ,
w10,2025-12-19T14:43:04.887863Z,6.147,200,True,0x4daf1A3296865E86D251A8ACacd2A4d94afB79F4,POLICE,164,VIDEO,2,READ,
w2,2025-12-19T14:43:04.888008Z,6.112,200,True,0x18D398FEffFf1114bdb4B9558a6905E521C001A3,ADJUSTER,791,TELEMATICS,3,READ,
w37,2025-12-19T14:43:04.888128Z,6.097,200,True,0x852cB9f303D330bff5722A21d48c0c4303bda309,POLICE,329,IMAGE,2,READ,
w23,2025-12-19T14:43:04.888232Z,6.094,200,True,0x47200E7159B7646892C3cC84C60818bcD2B38A22,ADJUSTER,94,VIDEO,2,READ,
w11,2025-12-19T14:43:04.888334Z,6.098,200,True,0x99a806d3b557c0a8e626Cef888962d06713ad5f6,COURT,123,VIDEO,2,READ,
w38,2025-12-19T14:43:04.888430Z,6.107,200,True,0x1D3a19aAC334311E82F8439171A040835c8049F7,REGULATOR,366,IMAGE,2,READ,
w24,2025-12-19T14:43:04.888528Z,6.113,200,True,0x13574B3384B73DcA7b44aa015680060B3561B666,POLICE,3,VIDEO,2,READ,
w12,2025-12-19T14:43:04.888660Z,6.079,200,True,0x986fDE3291033E80049183d4eAac7752F29166cC,INSURER,797,TELEMATICS,3,READ,
w39,2025-12-19T14:43:04.888791Z,6.044,200,True,0x5cB8e3e86426cca28B81a1F506b0c918fa230526,INSURER,167,VIDEO,2,READ,
w25,2025-12-19T14:43:04.889454Z,5.939,200,True,0xe34b6a9Bc4D2c8Ee70eEd4111Ea531E97DDb4c4E,COURT,585,MEDICAL_REPORT,5,READ,
w13,2025-12-19T14:43:04.889608Z,5.934,200,True,0xdF8A225C5B1E14558757B029B89e2F233515a798,ADJUSTER,935,OTHER,1,READ,
w40,2025-12-19T14:43:04.889727Z,5.929,200,True,0x34BBE78F5E8eF7F758481402618b9CA85b1a3CF7,ADJUSTER,364,IMAGE,2,READ,
w26,2025-12-19T14:43:04.889846Z,5.938,200,True,0xA07Ab60Dc6F87DcAbEA86aDb690fFf1e30BB14A6,COURT,986,OTHER,1,READ,
w14,2025-12-19T14:43:04.889962Z,5.990,200,True,0x67f187dcbDE2Fbf24Ec1508f7AAdF943bcE1f668,INSURER,977,OTHER,1,READ,
w41,2025-12-19T14:43:04.890070Z,6.064,200,True,0x1f45920F4b49aD1E6d3d6542163Da1Fc12B8F399,POLICE,333,IMAGE,2,READ,
w27,2025-12-19T14:43:04.890174Z,6.181,200,True,0xf750FcD6205F9864ed98080D7e52Ec69D94CAf22,INSURER,685,FNOL,4,READ,
w15,2025-12-19T14:43:04.890275Z,6.266,200,True,0x7f9fe1a6ad85DEBFdFB998d4E7Ddb5cb2fD1bd63,INSURER,992,OTHER,1,READ,
w1,2025-12-19T14:43:04.890379Z,6.294,200,True,0x23d961Bbd1C6082e8A752192D3D652cd833EFf20,COURT,636,FNOL,4,READ,
w42,2025-12-19T14:43:04.890479Z,6.315,200,True,0x5cB8e3e86426cca28B81a1F506b0c918fa230526,INSURER,166,VIDEO,2,READ,
w28,2025-12-19T14:43:04.890577Z,6.329,200,True,0xceebe3C41b74d2c472F28A01C7CC44d6aAcA498F,INSURER,300,IMAGE,2,READ,
w16,2025-12-19T14:43:04.890677Z,6.337,200,True,0x5cB8e3e86426cca28B81a1F506b0c918fa230526,INSURER,314,IMAGE,2,READ,
w43,2025-12-19T14:43:04.890782Z,6.351,200,True,0x66f104f30efDef6bbcf31F1d23B3c5a5Cf67C05A,INSURER,224,VIDEO,2,READ,
w29,2025-12-19T14:43:04.890888Z,6.357,200,True,0x66f104f30efDef6bbcf31F1d23B3c5a5Cf67C05A,INSURER,894,OTHER,1,READ,
w17,2025-12-19T14:43:04.890989Z,6.361,200,True,0xcbA3c1E62e024046934d519a26b637Dd0dfD1b3c,REGULATOR,166,VIDEO,2,READ,
w44,2025-12-19T14:43:04.891088Z,6.371,200,True,0x8CbB8dd324B837e6BD98E13e0c21fa636120Ca56,REGULATOR,188,VIDEO,2,READ,
w30,2025-12-19T14:43:04.891187Z,6.375,200,True,0x6d633edcb7CD9413cd0509faebAE113ec0EC2FBc,INSURER,208,VIDEO,2,READ,
w18,2025-12-19T14:43:04.891287Z,6.375,200,True,0x342E14b11b9f83662a05FF03e2f43C71f9Bf4873,REGULATOR,725,TELEMATICS,3,READ,
w4,2025-12-19T14:43:04.891383Z,6.380,200,True,0x68c8c090a608c0B78636f50F6950137E9BBbEA97,GARAGE,403,IMAGE,2,READ,
w0,2025-12-19T14:43:04.891491Z,6.371,200,True,0x91229246e94c04361C72A11629D800CfBaC95674,COURT,249,VIDEO,2,READ,
w31,2025-12-19T14:43:04.891587Z,6.371,403,False,0x3CeB0Aa9CCc9c0A29a814fBD5c1aD23dca52aeb6,ADJUSTER,551,MEDICAL_REPORT,5,READ,
w19,2025-12-19T14:43:04.891682Z,6.306,200,True,0xdbCa1F43d1B1fE30218A3870f8CE54eA068b9546,COURT,664,MEDICAL_REPORT,5,READ,
w5,2025-12-19T14:43:04.891777Z,6.239,200,True,0x1734cC5117Ca09e57A599f0E72469FEad0d749F9,REGULATOR,752,TELEMATICS,3,READ,
w45,2025-12-19T14:43:04.891877Z,6.164,200,True,0x6C9757f257381323C7E688e7935C2755df2DdaF3,INSURER,380,IMAGE,2,READ,
w3,2025-12-19T14:43:04.891972Z,6.090,200,True,0x4a5907024898DA4eE2BA57e89D767C6406ebD232,INSURER,828,TELEMATICS,3,READ,
w32,2025-12-19T14:43:04.892067Z,6.016,200,True,0xd0eD43b7e3956873eD7AB8414636734c48656D80,ADJUSTER,285,IMAGE,2,READ,
w20,2025-12-19T14:43:04.892166Z,5.937,200,True,0x4b325498d9Ec08b7e1eb3C52CE9a554ea24D3737,INSURER,761,TELEMATICS,3,READ,
w6,2025-12-19T14:43:04.892268Z,5.856,200,True,0x07e862A62f1C2E59d2B46Cb02c0B6469F0F2Ce6C,ADJUSTER,185,VIDEO,2,READ,
w46,2025-12-19T14:43:04.892366Z,5.779,200,True,0x7034d06498b2196468b6eD861eda7B5D1cb5594c,REGULATOR,496,IMAGE,2,READ,
w33,2025-12-19T14:43:04.892459Z,5.711,200,True,0x7f9fe1a6ad85DEBFdFB998d4E7Ddb5cb2fD1bd63,INSURER,359,IMAGE,2,READ,
w7,2025-12-19T14:43:04.892555Z,5.636,403,False,0xD162EE2e18AC5c1AdC8152fd82CeDcE024c00f75,POLICE,997,OTHER,1,READ,
w47,2025-12-19T14:43:04.892667Z,5.546,200,True,0xCe0598bC3ba15cA3db71063563179eCf0D7c35A7,ADJUSTER,891,OTHER,1,READ,
w34,2025-12-19T14:43:04.892771Z,5.464,200,True,0x9d26A04fcCe87Fd42687C4eCBA27F01DB5b333E9,REGULATOR,540,MEDICAL_REPORT,5,READ,
w8,2025-12-19T14:43:04.892871Z,5.389,200,True,0xb113F22B749C4efc290Eb311C18c72DF29481dAE,ADJUSTER,563,FNOL,4,READ,
w48,2025-12-19T14:43:04.892968Z,5.313,200,True,0xa162d20e1Ea3efe0C78A65109e3411462afd3b28,INSURER,364,IMAGE,2,READ,
w35,2025-12-19T14:43:04.893064Z,5.235,200,True,0x536e3B0833a6eBb933f385c0b0De10423705f7a1,COURT,977,OTHER,1,READ,
w21,2025-12-19T14:43:04.893160Z,5.161,200,True,0x7F58e30B33E800fAD1041651365A29CfB660aC57,INSURER,381,IMAGE,2,READ,
w9,2025-12-19T14:43:04.893257Z,5.085,200,True,0x3EBAE31cB2be64Fe5734160d81AF569256974D47,POLICE,4,VIDEO,2,READ,
w49,2025-12-19T14:43:04.893356Z,5.008,200,True,0x5ACFAa5B3cF34961Fe72993cF32654Dff1eBc4ea,INSURER,421,IMAGE,2,READ,
w36,2025-12-19T14:43:04.893752Z,4.886,200,True,0xe2B8d1C6c9c24880899f9658aB855CaA7c476FA1,POLICE,470,IMAGE,2,READ,
w22,2025-12-19T14:43:04.893893Z,4.770,200,True,0x45027EB686032B693Ea79a63545D177B238bc218,INSURER,124,VIDEO,2,READ,
w10,2025-12-19T14:43:04.894015Z,4.670,200,True,0xcbA3c1E62e024046934d519a26b637Dd0dfD1b3c,REGULATOR,743,TELEMATICS,3,READ,
w2,2025-12-19T14:43:04.894124Z,4.583,200,True,0xfc909f67c3BA8552cdb1B0bA216742E485d43BA1,ADJUSTER,301,IMAGE,2,READ,
w37,2025-12-19T14:43:04.894229Z,4.501,200,True,0x3EBAE31cB2be64Fe5734160d81AF569256974D47,POLICE,3,VIDEO,2,READ,
w23,2025-12-19T14:43:04.894331Z,4.418,200,True,0x5Adf6dA1124Cb04f8e27b4b197b6521C42AD0641,INSURER,654,MEDICAL_REPORT,5,READ,
w11,2025-12-19T14:43:04.894436Z,4.333,200,True,0x03E8540790383Dc711c7029C4a4727A3D6F85Ee6,INSURER,830,TELEMATICS,3,READ,
w38,2025-12-19T14:43:04.894541Z,4.247,200,True,0x2E2C6b303dF5Eb5E67C04610fDF33084A6d7408B,ADJUSTER,333,IMAGE,2,READ,
w24,2025-12-19T14:43:04.894644Z,4.162,200,True,0x99a806d3b557c0a8e626Cef888962d06713ad5f6,COURT,72,VIDEO,2,READ,
w12,2025-12-19T14:43:04.894743Z,4.082,200,True,0xc3c51312907D83df323e05D7E254352175252368,COURT,528,MEDICAL_REPORT,5,READ,
w39,2025-12-19T14:43:04.894838Z,4.009,200,True,0xF173F4d5ADdf0E7a16e318fFd5937Dfb27583015,INSURER,24,VIDEO,2,READ,
w25,2025-12-19T14:43:04.895399Z,3.690,200,True,0xdF8A225C5B1E14558757B029B89e2F233515a798,ADJUSTER,411,IMAGE,2,READ,
w13,2025-12-19T14:43:04.895548Z,3.565,200,True,0x094A1Ff3795B2267aEA059A54C374B2CdB84D45e,COURT,290,IMAGE,2,READ,
w40,2025-12-19T14:43:04.895660Z,3.476,200,True,0x711d7620b4C341A6A91E38D0c75783C80FfEdcED,COURT,120,VIDEO,2,READ,
w26,2025-12-19T14:43:04.895789Z,3.367,200,True,0x31A860cfF3A3D2B972B9EE41a34653e31b6143DD,ADJUSTER,251,IMAGE,2,READ,
w14,2025-12-19T14:43:04.895958Z,3.218,200,True,0xC9d315B25D2f58D8299fD726f1bd40D5b077C4a4,ADJUSTER,47,VIDEO,2,READ,
w41,2025-12-19T14:43:04.896142Z,3.054,200,True,0xbDC02CAdBc892839484c2D2A7933028B4Cb9DBcE,INSURER,290,IMAGE,2,READ,
w27,2025-12-19T14:43:04.896364Z,2.851,200,True,0xD46554Edf6329a0a8caae2A79EB7098A7a24Ba81,INSURER,674,FNOL,4,READ,
w15,2025-12-19T14:43:04.896547Z,2.688,200,True,0x0f3329Ff55b9471d57D644d34b6c7227aeD65b2D,ADJUSTER,594,FNOL,4,READ,
w1,2025-12-19T14:43:04.896678Z,2.576,200,True,0x4706C804bB8f3Eb133529A02e3F3F48fc38Bd2F9,ADJUSTER,273,IMAGE,2,READ,
w42,2025-12-19T14:43:04.896798Z,2.480,200,True,0x2E2C6b303dF5Eb5E67C04610fDF33084A6d7408B,ADJUSTER,993,OTHER,1,READ,
w28,2025-12-19T14:43:04.896911Z,2.388,200,True,0x6d633edcb7CD9413cd0509faebAE113ec0EC2FBc,INSURER,795,TELEMATICS,3,READ,
w16,2025-12-19T14:43:04.897018Z,2.300,200,True,0xB681a7921F6B4dE01c32e0986627275Edcd5e568,INSURER,284,IMAGE,2,READ,
w43,2025-12-19T14:43:04.897137Z,2.201,403,False,0x16C605c8536B3AC44524Ebd88bF81CE652b1E990,POLICE,837,TELEMATICS,3,READ,
w29,2025-12-19T14:43:04.897249Z,2.107,403,False,0x28de4877801Eb83FF8f280a15cC0c360f89295ED,GARAGE,909,OTHER,1,READ,
w17,2025-12-19T14:43:04.897353Z,2.023,200,True,0x8d04Ed80530786073721Ae9c38cD46D45dd71756,INSURER,364,IMAGE,2,READ,
w44,2025-12-19T14:43:04.897464Z,1.931,200,True,0xceebe3C41b74d2c472F28A01C7CC44d6aAcA498F,INSURER,285,IMAGE,2,READ,
w30,2025-12-19T14:43:04.897565Z,1.849,200,True,0xECB4fA8D986702c344aB4Aacfa51CfeD104110bA,ADJUSTER,803,TELEMATICS,3,READ,
w18,2025-12-19T14:43:04.897666Z,1.775,200,True,0xFbB08379ae5b6acFA48Fdee5E2Be6af84a90DcFb,COURT,539,MEDICAL_REPORT,5,READ,
w4,2025-12-19T14:43:04.897768Z,1.694,200,True,0xdbCa1F43d1B1fE30218A3870f8CE54eA068b9546,COURT,790,TELEMATICS,3,READ,
w0,2025-12-19T14:43:04.897866Z,1.617,200,True,0xb8Cb388cDb00044EeC03d7b0D63f1FafF89B668F,INSURER,58,VIDEO,2,READ,
