worker,start_time_iso,latency_ms,status,allowed,subject_address,subject_role,resource_id,resource_type,resource_sensitivity,action,error
w45,2025-12-19T14:43:05.610375Z,35.990,403,False,0xF9EA48F4E0d76E96a3755d17b67fF2F7157C7911,POLICE,534,FNOL,4,READ,
w3,2025-12-19T14:43:05.608800Z,37.791,403,False,0x13574B3384B73DcA7b44aa015680060B3561B666,POLICE,787,TELEMATICS,3,READ,
w46,2025-12-19T14:43:05.610407Z,36.356,403,False,0xF9EA48F4E0d76E96a3755d17b67fF2F7157C7911,POLICE,866,OTHER,1,READ,
w47,2025-12-19T14:43:05.610448Z,36.457,403,False,0x24a62efdAe4d80281BAc758e86a4E386905c720C,GARAGE,224,VIDEO,2,READ,
w48,2025-12-19T14:43:05.610505Z,36.527,200,True,0x5ACFAa5B3cF34961Fe72993cF32654Dff1eBc4ea,INSURER,538,FNOL,4,READ,
w49,2025-12-19T14:43:05.610554Z,36.608,403,False,0x68c8c090a608c0B78636f50F6950137E9BBbEA97,GARAGE,612,MEDICAL_REPORT,5,READ,
w50,2025-12-19T14:43:05.610594Z,36.689,200,True,0xD574Ba4eCc12ca8b6BF7d7ed27E8896b66251f36,INSURER,540,MEDICAL_REPORT,5,READ,
w51,2025-12-19T14:43:05.610645Z,36.745,200,True,0x94aC64f763ca7BcC8957cb2CBAfF108a9d91ADc1,POLICE,51,VIDEO,2,READ,
w52,2025-12-19T14:43:05.610684Z,36.810,200,True,0x07e862A62f1C2E59d2B46Cb02c0B6469F0F2Ce6C,ADJUSTER,423,IMAGE,2,READ,
w53,2025-12-19T14:43:05.610726Z,36.869,200,True,0xA9da87e421E9bF79a8e80EaD31e737D98aa626eE,INSURER,221,VIDEO,2,READ,
w54,2025-12-19T14:43:05.610767Z,36.926,200,True,0x8B87C429526Ce971509028A2d05b54c02704CDb3,INSURER,347,IMAGE,2,READ,
w55,2025-12-19T14:43:05.610807Z,36.982,200,True,0x6C9757f257381323C7E688e7935C2755df2DdaF3,INSURER,826,TELEMATICS,3,READ,
w56,2025-12-19T14:43:05.610847Z,37.032,200,True,0x1e237843BDabB13CAAF8C9B59868118a067a706f,INSURER,443,IMAGE,2,READ,
w57,2025-12-19T14:43:05.610887Z,37.087,200,True,0x0Dc1cFEE2758F0e2688803c8098E11241014f8BB,INSURER,218,VIDEO,2,READ,
w58,2025-12-19T14:43:05.610946Z,37.125,200,True,0x8a68D81A9d3c90fE303344fA200a40Ad65bB9234,ADJUSTER,722,TELEMATICS,3,READ,
w4,2025-12-19T14:43:05.608848Z,39.321,200,True,0xFE9CaBBAac086eBE0edE14f99E312c84Ed89B85b,GARAGE,473,IMAGE,2,READ,
w59,2025-12-19T14:43:05.610994Z,37.269,200,True,0xe68d19e611fc7Cd8D9184Dbf3034203A5B0ba7E9,INSURER,153,VIDEO,2,READ,
w5,2025-12-19T14:43:05.608896Z,39.458,200,True,0x29Ab7D36C4d714Ab42079831182cFeA1dF363Eae,COURT,426,IMAGE,2,READ,
w60,2025-12-19T14:43:05.611035Z,37.413,200,True,0xA9da87e421E9bF79a8e80EaD31e737D98aa626eE,INSURER,574,FNOL,4,READ,
w6,2025-12-19T14:43:05.608939Z,39.600,200,True,0x8d04Ed80530786073721Ae9c38cD46D45dd71756,INSURER,500,IMAGE,2,READ,
w61,2025-12-19T14:43:05.611076Z,37.556,200,True,0x63799B99d43E4dB6Eb46BF3fEeBcb88c347351c0,COURT,610,FNOL,4,READ,
w7,2025-12-19T14:43:05.608978Z,39.768,200,True,0x816E9ccDC1bbbd5f73D84dF5652A4B63F92DE291,INSURER,587,MEDICAL_REPORT,5,READ,
w62,2025-12-19T14:43:05.611107Z,37.735,200,True,0xe84288AfCCFcafd9a8AB74D8F555C5448a911Eb5,INSURER,688,FNOL,4,READ,
w8,2025-12-19T14:43:05.609008Z,39.926,200,True,0x40B970b53BFF9D4A11Fe90cD35998f21368a2830,POLICE,246,VIDEO,2,READ,
w63,2025-12-19T14:43:05.611224Z,37.806,403,False,0xD89D70fF36c803e47f1df2Ffaab469107117214F,ADJUSTER,614,MEDICAL_REPORT,5,READ,
w9,2025-12-19T14:43:05.609042Z,40.085,200,True,0x8EacD2DD8F1d188ca58Ce26655097d63c95b65BB,ADJUSTER,281,IMAGE,2,READ,
w64,2025-12-19T14:43:05.611258Z,37.967,200,True,0x547633aa452093F2f87ad6cF6Af95cf459e17be5,ADJUSTER,385,IMAGE,2,READ,
w10,2025-12-19T14:43:05.609082Z,40.248,200,True,0x47200E7159B7646892C3cC84C60818bcD2B38A22,ADJUSTER,59,VIDEO,2,READ,
w65,2025-12-19T14:43:05.611299Z,38.129,403,False,0x71f923CB5F826712E139D152d18028dE817Bae65,GARAGE,884,OTHER,1,READ,
w11,2025-12-19T14:43:05.609114Z,40.406,200,True,0x168EC3290512E1AcbB8201aeD946f3BA1Ed1effc,INSURER,710,TELEMATICS,3,READ,
w66,2025-12-19T14:43:05.611348Z,38.263,200,True,0x499B440236db366c87f8267Bd804228e12Df64A4,ADJUSTER,312,IMAGE,2,READ,
w12,2025-12-19T14:43:05.609149Z,40.557,200,True,0xB4C59915aF17bAB024Db05F0230B8Ee1aF00388d,COURT,691,MEDICAL_REPORT,5,READ,
w67,2025-12-19T14:43:05.611386Z,38.422,200,True,0x7f9fe1a6ad85DEBFdFB998d4E7Ddb5cb2fD1bd63,INSURER,908,OTHER,1,READ,
w13,2025-12-19T14:43:05.609180Z,40.726,200,True,0xD89D70fF36c803e47f1df2Ffaab469107117214F,ADJUSTER,475,IMAGE,2,READ,
w68,2025-12-19T14:43:05.611413Z,38.585,200,True,0x20f5B667b21b5fC5b82Fa52c25088446F4026127,POLICE,180,VIDEO,2,READ,
w14,2025-12-19T14:43:05.609210Z,40.890,200,True,0xb03C6C3a6e66a20729a4d4758D907D3A07cB0af5,INSURER,543,FNOL,4,READ,
w69,2025-12-19T14:43:05.611450Z,38.741,403,False,0x9a076822Eb2A5Aff3AfdAC8DF2620AD153dC4035,POLICE,863,OTHER,1,READ,
w15,2025-12-19T14:43:05.609238Z,41.049,200,True,0x33a629009de39E5811F7332ed385861ec1A77876,INSURER,513,MEDICAL_REPORT,5,READ,
w70,2025-12-19T14:43:05.611475Z,38.906,200,True,0xD89D70fF36c803e47f1df2Ffaab469107117214F,ADJUSTER,841,TELEMATICS,3,READ,
w16,2025-12-19T14:43:05.609268Z,41.251,200,True,0x17a3649Ac7847fC2048db0ceD97945aA7dCEdC8a,INSURER,203,VIDEO,2,READ,
w71,2025-12-19T14:43:05.611501Z,39.133,200,True,0x852cB9f303D330bff5722A21d48c0c4303bda309,POLICE,288,IMAGE,2,READ,
w17,2025-12-19T14:43:05.609299Z,41.437,200,True,0x03E8540790383Dc711c7029C4a4727A3D6F85Ee6,INSURER,629,FNOL,4,READ,
w72,2025-12-19T14:43:05.611529Z,39.301,200,True,0xF9EA48F4E0d76E96a3755d17b67fF2F7157C7911,POLICE,295,IMAGE,2,READ,
w18,2025-12-19T14:43:05.609327Z,41.598,200,True,0x67f187dcbDE2Fbf24Ec1508f7AAdF943bcE1f668,INSURER,286,IMAGE,2,READ,
w73,2025-12-19T14:43:05.611556Z,39.461,200,True,0x6C9757f257381323C7E688e7935C2755df2DdaF3,INSURER,883,OTHER,1,READ,
w19,2025-12-19T14:43:05.609357Z,41.757,200,True,0xb113F22B749C4efc290Eb311C18c72DF29481dAE,ADJUSTER,173,VIDEO,2,READ,
w74,2025-12-19T14:43:05.611582Z,39.631,200,True,0x8CbB8dd324B837e6BD98E13e0c21fa636120Ca56,REGULATOR,924,OTHER,1,READ,
w20,2025-12-19T14:43:05.609387Z,41.920,200,True,0x8B87C429526Ce971509028A2d05b54c02704CDb3,INSURER,818,TELEMATICS,3,READ,
w75,2025-12-19T14:43:05.611608Z,39.801,200,True,0x39f6D3043406601E6c6B8f786B46298Be5738EC8,INSURER,219,VIDEO,2,READ,
w76,2025-12-19T14:43:05.611632Z,39.873,200,True,0x17a3649Ac7847fC2048db0ceD97945aA7dCEdC8a,INSURER,762,TELEMATICS,3,READ,
w77,2025-12-19T14:43:05.611660Z,39.936,403,False,0xdFCd3364f36CdB72072987Ba9e3a6197F2807c1A,GARAGE,889,OTHER,1,READ,
w21,2025-12-19T14:43:05.609417Z,42.277,200,True,0x9D27B273CA2f10A2b874e5280Aa7A5081BdC694C,INSURER,348,IMAGE,2,READ,
w78,2025-12-19T14:43:05.611687Z,40.110,200,True,0xfc909f67c3BA8552cdb1B0bA216742E485d43BA1,ADJUSTER,580,FNOL,4,READ,
w22,2025-12-19T14:43:05.609627Z,42.277,403,False,0xF9A0ebFF6934d204B4E2240E8c635586556a6bBf,POLICE,874,OTHER,1,READ,
w79,2025-12-19T14:43:05.611718Z,40.301,200,True,0xECB4fA8D986702c344aB4Aacfa51CfeD104110bA,ADJUSTER,815,TELEMATICS,3,READ,
w23,2025-12-19T14:43:05.609667Z,42.456,200,True,0x59F93F27b669bD4e2a076c77c1134dc9Bd550AFA,INSURER,946,OTHER,1,READ,
w80,2025-12-19T14:43:05.611744Z,40.805,200,True,0x0b5E323fB184f11d5882ca0773Ff29b91c76b407,ADJUSTER,859,OTHER,1,READ,
w24,2025-12-19T14:43:05.609698Z,43.007,200,True,0xF9A0ebFF6934d204B4E2240E8c635586556a6bBf,POLICE,466,IMAGE,2,READ,
w81,2025-12-19T14:43:05.611770Z,41.607,200,True,0x9D65961198142f8eE2223b06687b0C16ED30B78E,POLICE,195,VIDEO,2,READ,
w25,2025-12-19T14:43:05.609729Z,43.842,200,True,0xd222D38Ccd1502056A8264eaCB2fCfc6c96F6B61,ADJUSTER,896,OTHER,1,READ,
w82,2025-12-19T14:43:05.611797Z,41.949,200,True,0xB4C59915aF17bAB024Db05F0230B8Ee1aF00388d,COURT,886,OTHER,1,READ,
w26,2025-12-19T14:43:05.609757Z,44.315,403,False,0x40B970b53BFF9D4A11Fe90cD35998f21368a2830,POLICE,709,TELEMATICS,3,READ,
w83,2025-12-19T14:43:05.611826Z,42.474,200,True,0xD81101A371257d1229a21CEAed60dD23BBb1a2B1,ADJUSTER,25,VIDEO,2,READ,
w27,2025-12-19T14:43:05.609789Z,44.856,403,False,0xA88F90716eDCDc5BFa0993c4c7FA41f629e44d8c,GARAGE,549,FNOL,4,READ,
w84,2025-12-19T14:43:05.611851Z,42.966,200,True,0xceebe3C41b74d2c472F28A01C7CC44d6aAcA498F,INSURER,501,FNOL,4,READ,
w28,2025-12-19T14:43:05.609816Z,46.514,403,False,0x92416914cF3F47944a8e5CCBA5d619b68b615D33,POLICE,817,TELEMATICS,3,READ,
w85,2025-12-19T14:43:05.611876Z,44.616,200,True,0xfc909f67c3BA8552cdb1B0bA216742E485d43BA1,ADJUSTER,143,VIDEO,2,READ,
w29,2025-12-19T14:43:05.609846Z,46.792,200,True,0xFbB08379ae5b6acFA48Fdee5E2Be6af84a90DcFb,COURT,883,OTHER,1,READ,
w86,2025-12-19T14:43:05.611900Z,44.872,200,True,0xD162EE2e18AC5c1AdC8152fd82CeDcE024c00f75,POLICE,270,IMAGE,2,READ,
w30,2025-12-19T14:43:05.609878Z,47.023,200,True,0x547633aa452093F2f87ad6cF6Af95cf459e17be5,ADJUSTER,87,VIDEO,2,READ,
w87,2025-12-19T14:43:05.611927Z,45.102,200,True,0xf306C99564607882567c83a33f4e5EEEb8bF050e,ADJUSTER,880,OTHER,1,READ,
w31,2025-12-19T14:43:05.609908Z,47.242,200,True,0x1734cC5117Ca09e57A599f0E72469FEad0d749F9,REGULATOR,468,IMAGE,2,READ,
w88,2025-12-19T14:43:05.611953Z,45.312,200,True,0xe68d19e611fc7Cd8D9184Dbf3034203A5B0ba7E9,INSURER,278,IMAGE,2,READ,
w32,2025-12-19T14:43:05.609935Z,47.445,200,True,0x9d26A04fcCe87Fd42687C4eCBA27F01DB5b333E9,REGULATOR,840,TELEMATICS,3,READ,
w89,2025-12-19T14:43:05.611979Z,45.513,200,True,0xD91E6fbf8C6C9F06DA14fCEc6BB1f34719Cb6AfF,INSURER,60,VIDEO,2,READ,
w33,2025-12-19T14:43:05.609972Z,47.628,200,True,0x501d27511202E1C0343B6ee79241254B3C3d4378,INSURER,419,IMAGE,2,READ,
w90,2025-12-19T14:43:05.612007Z,45.700,200,True,0x50BbaB837D91CF9f3d77c66d83c40d4b389AB0B1,INSURER,491,IMAGE,2,READ,
w34,2025-12-19T14:43:05.610000Z,47.822,200,True,0xF173F4d5ADdf0E7a16e318fFd5937Dfb27583015,INSURER,281,IMAGE,2,READ,
w91,2025-12-19T14:43:05.612034Z,47.147,200,True,0x1dDd4F87D89500d1d92400BaE6cdb8373566adeE,INSURER,693,FNOL,4,READ,
w35,2025-12-19T14:43:05.610028Z,49.303,200,True,0x536e3B0833a6eBb933f385c0b0De10423705f7a1,COURT,289,IMAGE,2,READ,
w92,2025-12-19T14:43:05.612059Z,47.400,200,True,0x8CbB8dd324B837e6BD98E13e0c21fa636120Ca56,REGULATOR,607,MEDICAL_REPORT,5,READ,
w36,2025-12-19T14:43:05.610056Z,49.526,200,True,0xb4F3640241c9285C3384313c7E76CBB3eded034B,INSURER,798,TELEMATICS,3,READ,
w2,2025-12-19T14:43:05.608732Z,50.963,200,True,0x50BbaB837D91CF9f3d77c66d83c40d4b389AB0B1,INSURER,619,MEDICAL_REPORT,5,READ,
w37,2025-12-19T14:43:05.610084Z,49.729,200,True,0xE4B15B33FdBE23647b0F6070414150D566e1F62f,INSURER,98,VIDEO,2,READ,
w93,2025-12-19T14:43:05.612087Z,47.842,200,True,0xdbCa1F43d1B1fE30218A3870f8CE54eA068b9546,COURT,358,IMAGE,2,READ,
w94,2025-12-19T14:43:05.612112Z,47.925,200,True,0x31A860cfF3A3D2B972B9EE41a34653e31b6143DD,ADJUSTER,634,FNOL,4,READ,
w38,2025-12-19T14:43:05.610114Z,50.021,200,True,0xf1E534De0C06d61147F8A18Fd769352969fDCF3B,INSURER,80,VIDEO,2,READ,
w95,2025-12-19T14:43:05.612139Z,48.103,403,False,0x7775fD4aD4669C7F6F26aCBf7CC07d9dA5f959C8,POLICE,536,FNOL,4,READ,
w39,2025-12-19T14:43:05.610142Z,50.202,403,False,0x4daf1A3296865E86D251A8ACacd2A4d94afB79F4,POLICE,619,MEDICAL_REPORT,5,READ,
w96,2025-12-19T14:43:05.612163Z,48.275,200,True,0x2E2C6b303dF5Eb5E67C04610fDF33084A6d7408B,ADJUSTER,123,VIDEO,2,READ,
w40,2025-12-19T14:43:05.610169Z,50.366,200,True,0xdFCd3364f36CdB72072987Ba9e3a6197F2807c1A,GARAGE,370,IMAGE,2,READ,
w97,2025-12-19T14:43:05.612187Z,48.448,200,True,0xFbB08379ae5b6acFA48Fdee5E2Be6af84a90DcFb,COURT,245,VIDEO,2,READ,
w41,2025-12-19T14:43:05.610203Z,50.530,200,True,0xD162EE2e18AC5c1AdC8152fd82CeDcE024c00f75,POLICE,177,VIDEO,2,READ,
w1,2025-12-19T14:43:05.608594Z,52.235,200,True,0x2Fd075dD3CC039D228Ac107272729a1129782C59,GARAGE,451,IMAGE,2,READ,
w42,2025-12-19T14:43:05.610242Z,50.679,200,True,0x34BBE78F5E8eF7F758481402618b9CA85b1a3CF7,ADJUSTER,199,VIDEO,2,READ,
w98,2025-12-19T14:43:05.612213Z,48.801,200,True,0xdbCa1F43d1B1fE30218A3870f8CE54eA068b9546,COURT,700,MEDICAL_REPORT,5,READ,
w99,2025-12-19T14:43:05.612238Z,48.864,200,True,0xb4F3640241c9285C3384313c7E76CBB3eded034B,INSURER,460,IMAGE,2,READ,
w43,2025-12-19T14:43:05.610299Z,50.893,403,False,0x9dC8E21f76Ed8e9828c40E7E03428bEF6aF69A84,GARAGE,770,TELEMATICS,3,READ,
w44,2025-12-19T14:43:05.610337Z,50.946,200,True,0x3CeB0Aa9CCc9c0A29a814fBD5c1aD23dca52aeb6,ADJUSTER,898,OTHER,1,READ,
w0,2025-12-19T14:43:05.606289Z,55.087,200,True,0x8419AD6d02e583D482E66F544e7fCc8a4078cE52,INSURER,983,OTHER,1,READ,
w45,2025-12-19T14:43:05.646381Z,15.098,200,True,0x47200E7159B7646892C3cC84C60818bcD2B38A22,ADJUSTER,574,FNOL,4,READ,
w3,2025-12-19T14:43:05.646599Z,14.990,200,True,0x40B970b53BFF9D4A11Fe90cD35998f21368a2830,POLICE,190,VIDEO,2,READ,
w46,2025-12-19T14:43:05.646769Z,14.928,200,True,0x94aC64f763ca7BcC8957cb2CBAfF108a9d91ADc1,POLICE,203,VIDEO,2,READ,
w47,2025-12-19T14:43:05.646911Z,14.892,200,True,0x592bB49f1f64a954F181cc99489664AeC05bB383,COURT,268,IMAGE,2,READ,
w48,2025-12-19T14:43:05.647038Z,14.870,200,True,0x5436Ade91ba3a6360A1246339D36223f463dF81a,INSURER,412,IMAGE,2,READ,
w49,2025-12-19T14:43:05.647167Z,14.850,200,True,0x1F118D13DD44a163CF0Cfe93a2339019D5089D5c,ADJUSTER,788,TELEMATICS,3,READ,
w50,2025-12-19T14:43:05.647287Z,14.842,200,True,0xfc909f67c3BA8552cdb1B0bA216742E485d43BA1,ADJUSTER,89,VIDEO,2,READ,
w51,2025-12-19T14:43:05.647395Z,14.865,200,True,0x4daf1A3296865E86D251A8ACacd2A4d94afB79F4,POLICE,358,IMAGE,2,READ,
w52,2025-12-19T14:43:05.647500Z,14.872,200,True,0x4DCDFfA1280ad4A435512Ee5dDaF8a9D4e9509E3,GARAGE,484,IMAGE,2,READ,
w53,2025-12-19T14:43:05.647600Z,14.880,200,True,0x1734cC5117Ca09e57A599f0E72469FEad0d749F9,REGULATOR,296,IMAGE,2,READ,
w54,2025-12-19T14:43:05.647697Z,14.885,403,False,0x71f923CB5F826712E139D152d18028dE817Bae65,GARAGE,545,FNOL,4,READ,
w55,2025-12-19T14:43:05.647794Z,14.895,200,True,0xF173F4d5ADdf0E7a16e318fFd5937Dfb27583015,INSURER,51,VIDEO,2,READ,
w56,2025-12-19T14:43:05.647883Z,14.908,200,True,0xE8bF57455EE3405331D286E17C7bC05cAD0bFB1C,POLICE,457,IMAGE,2,READ,
w57,2025-12-19T14:43:05.647979Z,14.915,200,True,0xf750FcD6205F9864ed98080D7e52Ec69D94CAf22,INSURER,699,MEDICAL_REPORT,5,READ,
w58,2025-12-19T14:43:05.648075Z,14.926,200,True,0x39f310D9c7221cAEF10d101bFB16Ecc0DF2654F9,INSURER,833,TELEMATICS,3,READ,
w4,2025-12-19T14:43:05.648174Z,14.937,200,True,0x816E9ccDC1bbbd5f73D84dF5652A4B63F92DE291,INSURER,538,FNOL,4,READ,
w59,2025-12-19T14:43:05.648267Z,14.947,200,True,0xE8bF57455EE3405331D286E17C7bC05cAD0bFB1C,POLICE,391,IMAGE,2,READ,
w5,2025-12-19T14:43:05.648359Z,14.958,200,True,0x1c2b0E2F66517144Cf34cdF840b04E60E4FC213C,INSURER,550,MEDICAL_REPORT,5,READ,
w60,2025-12-19T14:43:05.648452Z,14.970,200,True,0x45027EB686032B693Ea79a63545D177B238bc218,INSURER,213,VIDEO,2,READ,
w6,2025-12-19T14:43:05.648544Z,14.984,200,True,0x29Ab7D36C4d714Ab42079831182cFeA1dF363Eae,COURT,871,OTHER,1,READ,
w61,2025-12-19T14:43:05.648636Z,15.002,200,True,0x20f5B667b21b5fC5b82Fa52c25088446F4026127,POLICE,20,VIDEO,2,READ,
w7,2025-12-19T14:43:05.648749Z,14.995,200,True,0xd3ad26904604cf4A6e4Ef026c902c9f70562F892,INSURER,915,OTHER,1,READ,
w62,2025-12-19T14:43:05.648845Z,15.000,200,True,0xD655a56fEE3b3b955dDD12746620A181f93F16e6,POLICE,307,IMAGE,2,READ,
w8,2025-12-19T14:43:05.648938Z,15.004,200,True,0xDB6a12DbE55181c3f880bD63570EA3f3AC91e63A,ADJUSTER,957,OTHER,1,READ,
w63,2025-12-19T14:43:05.649034Z,15.005,200,True,0x4a5907024898DA4eE2BA57e89D767C6406ebD232,INSURER,488,IMAGE,2,READ,
w9,2025-12-19T14:43:05.649131Z,15.004,200,True,0xA9da87e421E9bF79a8e80EaD31e737D98aa626eE,INSURER,546,FNOL,4,READ,
w64,2025-12-19T14:43:05.649229Z,15.013,403,False,0x24a62efdAe4d80281BAc758e86a4E386905c720C,GARAGE,652,FNOL,4,READ,
w10,2025-12-19T14:43:05.649334Z,15.020,200,True,0x1d1694bc32c0223F44b4aC0956BE792a5996Cb79,INSURER,798,TELEMATICS,3,READ,
w65,2025-12-19T14:43:05.649432Z,15.038,200,True,0x06D4bAEDddd3B73284654b61bec9CF7C3D667E84,ADJUSTER,369,IMAGE,2,READ,
w11,2025-12-19T14:43:05.649524Z,15.049,200,True,0xc227AdED69aA39F067e0190b0EA4BB94BE51cb90,INSURER,387,IMAGE,2,READ,
w66,2025-12-19T14:43:05.649616Z,15.052,200,True,0xc3c51312907D83df323e05D7E254352175252368,COURT,171,VIDEO,2,READ,
w12,2025-12-19T14:43:05.649711Z,15.065,200,True,0x592bB49f1f64a954F181cc99489664AeC05bB383,COURT,484,IMAGE,2,READ,
w67,2025-12-19T14:43:05.649812Z,15.068,200,True,0x74fB3137dFB3B6448931Fb8Da2496AaF6a238f78,COURT,980,OTHER,1,READ,
w13,2025-12-19T14:43:05.649910Z,15.072,200,True,0x50BbaB837D91CF9f3d77c66d83c40d4b389AB0B1,INSURER,842,TELEMATICS,3,READ,
w68,2025-12-19T14:43:05.650004Z,15.077,403,False,0xB4107C66a46663F51503A8d8C779b7E663809462,GARAGE,759,TELEMATICS,3,READ,
w14,2025-12-19T14:43:05.650104Z,15.085,403,False,0x67F4F8CE04FD59Bf243930A77adCf14537A0B5D2,ADJUSTER,585,MEDICAL_REPORT,5,READ,
w69,2025-12-19T14:43:05.650195Z,15.099,403,False,0x852cB9f303D330bff5722A21d48c0c4303bda309,POLICE,558,FNOL,4,READ,
w15,2025-12-19T14:43:05.650291Z,15.108,403,False,0x9dC8E21f76Ed8e9828c40E7E03428bEF6aF69A84,GARAGE,624,MEDICAL_REPORT,5,READ,
w70,2025-12-19T14:43:05.650384Z,15.123,200,True,0x3dc584940370d31418aBbfB6F809C055E9bBC98f,COURT,469,IMAGE,2,READ,
w16,2025-12-19T14:43:05.650524Z,15.086,403,False,0xdFCd3364f36CdB72072987Ba9e3a6197F2807c1A,GARAGE,116,VIDEO,2,READ,
w71,2025-12-19T14:43:05.650639Z,15.073,200,True,0x2bae1eb63108Ab352DaD7842Af98F4e1768425C1,ADJUSTER,5,VIDEO,2,READ,
w17,2025-12-19T14:43:05.650742Z,15.071,403,False,0x1f45920F4b49aD1E6d3d6542163Da1Fc12B8F399,POLICE,953,OTHER,1,READ,
w72,2025-12-19T14:43:05.650833Z,15.081,200,True,0x17a3649Ac7847fC2048db0ceD97945aA7dCEdC8a,INSURER,515,FNOL,4,READ,
w18,2025-12-19T14:43:05.650929Z,15.086,200,True,0xd222D38Ccd1502056A8264eaCB2fCfc6c96F6B61,ADJUSTER,596,FNOL,4,READ,
w73,2025-12-19T14:43:05.651020Z,15.102,200,True,0x3C54f0201259B5BB5Dd5dBCD0Ccf8A9522BB30FD,INSURER,328,IMAGE,2,READ,
w19,2025-12-19T14:43:05.651118Z,15.115,200,True,0xCC454a974c35BAE19d6A6dE745A05E46885e2304,INSURER,37,VIDEO,2,READ,
w74,2025-12-19T14:43:05.651217Z,15.118,200,True,0x8Dd8Ebe34924EFE25Fc2D7A18d687C6e9a775529,REGULATOR,38,VIDEO,2,READ,
w20,2025-12-19T14:43:05.651311Z,15.123,403,False,0x16C605c8536B3AC44524Ebd88bF81CE652b1E990,POLICE,585,MEDICAL_REPORT,5,READ,
w75,2025-12-19T14:43:05.651413Z,15.130,403,False,0x12A0e24FbEa46bC85bd893CE5E21beFB44f88f15,POLICE,993,OTHER,1,READ,
w76,2025-12-19T14:43:05.651510Z,15.141,200,True,0xaF805972401628544EBe993aC94305E19571431b,INSURER,431,IMAGE,2,READ,
w77,2025-12-19T14:43:05.651600Z,15.152,200,True,0x8CbB8dd324B837e6BD98E13e0c21fa636120Ca56,REGULATOR,785,TELEMATICS,3,READ,
w21,2025-12-19T14:43:05.651698Z,15.162,200,True,0x03E8540790383Dc711c7029C4a4727A3D6F85Ee6,INSURER,628,MEDICAL_REPORT,5,READ,
w78,2025-12-19T14:43:05.651801Z,15.164,200,True,0x29Ab7D36C4d714Ab42079831182cFeA1dF363Eae,COURT,287,IMAGE,2,READ,
w22,2025-12-19T14:43:05.651908Z,15.168,200,True,0x7d050D9da028bFC0eFF937489B90834dEFC533f3,INSURER,712,TELEMATICS,3,READ,
w79,2025-12-19T14:43:05.652024Z,15.159,200,True,0x4a5907024898DA4eE2BA57e89D767C6406ebD232,INSURER,916,OTHER,1,READ,
w23,2025-12-19T14:43:05.652127Z,15.157,200,True,0xc3c51312907D83df323e05D7E254352175252368,COURT,882,OTHER,1,READ,
w80,2025-12-19T14:43:05.652555Z,14.831,200,True,0x4a5907024898DA4eE2BA57e89D767C6406ebD232,INSURER,740,TELEMATICS,3,READ,
w24,2025-12-19T14:43:05.652710Z,14.779,200,True,0xD89D70fF36c803e47f1df2Ffaab469107117214F,ADJUSTER,584,FNOL,4,READ,
w81,2025-12-19T14:43:05.653383Z,14.842,200,True,0x9a076822Eb2A5Aff3AfdAC8DF2620AD153dC4035,POLICE,76,VIDEO,2,READ,
w25,2025-12-19T14:43:05.653577Z,14.807,200,True,0x28de4877801Eb83FF8f280a15cC0c360f89295ED,GARAGE,492,IMAGE,2,READ,
w82,2025-12-19T14:43:05.653752Z,14.755,200,True,0x417E040C3F0A2094fa86aE1A22D89f21ad5f2c91,INSURER,449,IMAGE,2,READ,
w26,2025-12-19T14:43:05.654081Z,14.543,200,True,0x8C0A9562bA06c26cD697012F2C311Ab93431CB08,INSURER,815,TELEMATICS,3,READ,
w83,2025-12-19T14:43:05.654307Z,14.429,200,True,0x0Adc41557A616569Cd409d74aFe4C9FaD47a57ed,POLICE,401,IMAGE,2,READ,
w27,2025-12-19T14:43:05.654652Z,14.201,200,True,0xB4C59915aF17bAB024Db05F0230B8Ee1aF00388d,COURT,28,VIDEO,2,READ,
w84,2025-12-19T14:43:05.654824Z,14.135,200,True,0x592bB49f1f64a954F181cc99489664AeC05bB383,COURT,23,VIDEO,2,READ,
w28,2025-12-19T14:43:05.656337Z,13.816,200,True,0x20f5B667b21b5fC5b82Fa52c25088446F4026127,POLICE,434,IMAGE,2,READ,
w85,2025-12-19T14:43:05.656497Z,13.824,403,False,0x66dbB00795DC0d781dcA2e6219ab30FcaF5f1CAd,GARAGE,684,FNOL,4,READ,
w29,2025-12-19T14:43:05.656643Z,13.816,200,True,0x766C26A7aD924449Bec43A8A34DEF94ddE4249e8,COURT,23,VIDEO,2,READ,
w86,2025-12-19T14:43:05.656777Z,13.885,200,True,0xaf157e8fD0B47Ee2C692436E45dB871E2c1F3e83,INSURER,951,OTHER,1,READ,
w30,2025-12-19T14:43:05.656906Z,14.037,200,True,0x3dc584940370d31418aBbfB6F809C055E9bBC98f,COURT,939,OTHER,1,READ,
w87,2025-12-19T14:43:05.657033Z,14.143,200,True,0x31A860cfF3A3D2B972B9EE41a34653e31b6143DD,ADJUSTER,901,OTHER,1,READ,
w31,2025-12-19T14:43:05.657155Z,14.184,403,False,0xe2a2B0b479b477f22BDd40fF8137AC17F6e34B2e,GARAGE,944,OTHER,1,READ,
w88,2025-12-19T14:43:05.657270Z,14.201,200,True,0x8d0151c4F2bF27afD2201C7C4fE56A90B0DA58Fe,INSURER,776,TELEMATICS,3,READ,
w32,2025-12-19T14:43:05.657385Z,14.206,200,True,0x67F4F8CE04FD59Bf243930A77adCf14537A0B5D2,ADJUSTER,871,OTHER,1,READ,
w89,2025-12-19T14:43:05.657499Z,14.268,200,True,0xdF8A225C5B1E14558757B029B89e2F233515a798,ADJUSTER,120,VIDEO,2,READ,
w33,2025-12-19T14:43:05.657604Z,14.289,403,False,0x20f5B667b21b5fC5b82Fa52c25088446F4026127,POLICE,998,OTHER,1,READ,
w90,2025-12-19T14:43:05.657712Z,14.292,200,True,0x4daf1A3296865E86D251A8ACacd2A4d94afB79F4,POLICE,252,IMAGE,2,READ,
w34,2025-12-19T14:43:05.657826Z,14.287,200,True,0x1cF317F4288CfC3FdA6295dC3Ee1f3e2F8B03592,ADJUSTER,366,IMAGE,2,READ,
w91,2025-12-19T14:43:05.659187Z,13.046,200,True,0x2bae1eb63108Ab352DaD7842Af98F4e1768425C1,ADJUSTER,285,IMAGE,2,READ,
w35,2025-12-19T14:43:05.659336Z,13.017,200,True,0xd3ad26904604cf4A6e4Ef026c902c9f70562F892,INSURER,406,IMAGE,2,READ,
w92,2025-12-19T14:43:05.659463Z,12.998,200,True,0x20f5B667b21b5fC5b82Fa52c25088446F4026127,POLICE,403,IMAGE,2,READ,
w36,2025-12-19T14:43:05.659587Z,12.980,200,True,0x4a5907024898DA4eE2BA57e89D767C6406ebD232,INSURER,307,IMAGE,2,READ,
w2,2025-12-19T14:43:05.659700Z,12.970,200,True,0x1F118D13DD44a163CF0Cfe93a2339019D5089D5c,ADJUSTER,937,OTHER,1,READ,
w37,2025-12-19T14:43:05.659818Z,12.959,200,True,0x5B9Fe195263932C148aB2997922dda28a64aD5A9,INSURER,512,FNOL,4,READ,
w93,2025-12-19T14:43:05.659933Z,12.948,200,True,0xC9d315B25D2f58D8299fD726f1bd40D5b077C4a4,ADJUSTER,588,FNOL,4,READ,
w94,2025-12-19T14:43:05.660041Z,13.035,200,True,0x8d0151c4F2bF27afD2201C7C4fE56A90B0DA58Fe,INSURER,924,OTHER,1,READ,
w38,2025-12-19T14:43:05.660138Z,13.061,200,True,0xD2e4187ae13875E61F4ADeB0bc309Fda9E672655,INSURER,308,IMAGE,2,READ,
w95,2025-12-19T14:43:05.660246Z,13.060,200,True,0xD46554Edf6329a0a8caae2A79EB7098A7a24Ba81,INSURER,592,MEDICAL_REPORT,5,READ,
w39,2025-12-19T14:43:05.660348Z,13.067,200,True,0xe2B8d1C6c9c24880899f9658aB855CaA7c476FA1,POLICE,259,IMAGE,2,READ,
w96,2025-12-19T14:43:05.660441Z,13.266,200,True,0xF173F4d5ADdf0E7a16e318fFd5937Dfb27583015,INSURER,768,TELEMATICS,3,READ,
w40,2025-12-19T14:43:05.660540Z,13.307,200,True,0xc3c51312907D83df323e05D7E254352175252368,COURT,795,TELEMATICS,3,READ,
w97,2025-12-19T14:43:05.660639Z,13.326,200,True,0x91229246e94c04361C72A11629D800CfBaC95674,COURT,236,VIDEO,2,READ,
w41,2025-12-19T14:43:05.660737Z,13.339,200,True,0x5ACFAa5B3cF34961Fe72993cF32654Dff1eBc4ea,INSURER,248,VIDEO,2,READ,
w1,2025-12-19T14:43:05.660832Z,13.355,200,True,0x0b5E323fB184f11d5882ca0773Ff29b91c76b407,ADJUSTER,732,TELEMATICS,3,READ,
w42,2025-12-19T14:43:05.660925Z,13.376,200,True,0x555115C078B14a18238D974E5351E87E050EbE47,ADJUSTER,963,OTHER,1,READ,
w98,2025-12-19T14:43:05.661018Z,13.457,200,True,0x4b325498d9Ec08b7e1eb3C52CE9a554ea24D3737,INSURER,693,FNOL,4,READ,
w99,2025-12-19T14:43:05.661108Z,13.485,200,True,0x66f104f30efDef6bbcf31F1d23B3c5a5Cf67C05A,INSURER,783,TELEMATICS,3,READ,
w43,2025-12-19T14:43:05.661196Z,13.503,200,True,0xFfF5E088c8b6a5a470a6D48f405892515c41FCa6,ADJUSTER,36,VIDEO,2,READ,
w44,2025-12-19T14:43:05.661287Z,13.529,200,True,0x18D398FEffFf1114bdb4B9558a6905E521C001A3,ADJUSTER,441,IMAGE,2,READ,
w0,2025-12-19T14:43:05.661380Z,13.554,200,True,0x7775fD4aD4669C7F6F26aCBf7CC07d9dA5f959C8,POLICE,22,VIDEO,2,READ,
w45,2025-12-19T14:43:05.661483Z,13.565,200,True,0xfc909f67c3BA8552cdb1B0bA216742E485d43BA1,ADJUSTER,234,VIDEO,2,READ,
w3,2025-12-19T14:43:05.661592Z,13.565,200,True,0x00a777ADb6935EdBdF8a8529125d1fbd93EdBA56,INSURER,466,IMAGE,2,READ,
w46,2025-12-19T14:43:05.661701Z,13.641,200,True,0xf7E1883f933104b142c40E92e6624179359b44C2,INSURER,146,VIDEO,2,READ,
w47,2025-12-19T14:43:05.661807Z,13.666,200,True,0xa162d20e1Ea3efe0C78A65109e3411462afd3b28,INSURER,721,TELEMATICS,3,READ,
w48,2025-12-19T14:43:05.661911Z,13.687,200,True,0xA07Ab60Dc6F87DcAbEA86aDb690fFf1e30BB14A6,COURT,64,VIDEO,2,READ,
w49,2025-12-19T14:43:05.662020Z,13.698,403,False,0xca4373A5412dd617d707A9D63Fab5c33bc55890a,POLICE,574,FNOL,4,READ,
w50,2025-12-19T14:43:05.662134Z,13.696,200,True,0xe34b6a9Bc4D2c8Ee70eEd4111Ea531E97DDb4c4E,COURT,524,MEDICAL_REPORT,5,READ,
w51,2025-12-19T14:43:05.662264Z,13.672,200,True,0x29Ab7D36C4d714Ab42079831182cFeA1dF363Eae,COURT,787,TELEMATICS,3,READ,
w52,2025-12-19T14:43:05.662377Z,13.674,200,True,0x766C26A7aD924449Bec43A8A34DEF94ddE4249e8,COURT,767,TELEMATICS,3,READ,
w53,2025-12-19T14:43:05.662484Z,13.676,200,True,0x9faB46D850015a996dAa8c1858e4cA1262E31bE2,INSURER,405,IMAGE,2,READ,
w54,2025-12-19T14:43:05.662586Z,13.676,200,True,0x39f6D3043406601E6c6B8f786B46298Be5738EC8,INSURER,550,MEDICAL_REPORT,5,READ,
w55,2025-12-19T14:43:05.662693Z,13.693,403,False,0xF9EA48F4E0d76E96a3755d17b67fF2F7157C7911,POLICE,848,TELEMATICS,3,READ,
w56,2025-12-19T14:43:05.662795Z,13.704,200,True,0xfc909f67c3BA8552cdb1B0bA216742E485d43BA1,ADJUSTER,992,OTHER,1,READ,
w57,2025-12-19T14:43:05.662897Z,13.716,200,True,0x992Eaf53E29aF2be6bCDB7c2013cC167E3D529F8,GARAGE,263,IMAGE,2,READ,
w58,2025-12-19T14:43:05.663005Z,13.713,200,True,0xd222D38Ccd1502056A8264eaCB2fCfc6c96F6B61,ADJUSTER,467,IMAGE,2,READ,
w4,2025-12-19T14:43:05.663115Z,13.708,200,True,0x66f104f30efDef6bbcf31F1d23B3c5a5Cf67C05A,INSURER,24,VIDEO,2,READ,
w59,2025-12-19T14:43:05.663218Z,13.711,200,True,0x59F93F27b669bD4e2a076c77c1134dc9Bd550AFA,INSURER,314,IMAGE,2,READ,
w5,2025-12-19T14:43:05.663321Z,13.710,200,True,0x0Dc1cFEE2758F0e2688803c8098E11241014f8BB,INSURER,402,IMAGE,2,READ,
w60,2025-12-19T14:43:05.663426Z,13.716,200,True,0x66f104f30efDef6bbcf31F1d23B3c5a5Cf67C05A,INSURER,863,OTHER,1,READ,
w6,2025-12-19T14:43:05.663532Z,13.717,200,True,0xA18C8C6aE69cB5aabAA3EfDdF1c38c4dE58494CA,INSURER,257,IMAGE,2,READ,
w61,2025-12-19T14:43:05.663642Z,13.710,200,True,0x9fFdEc67F092978A065F3956A4C0D0887253f6B4,GARAGE,283,IMAGE,2,READ,
w7,2025-12-19T14:43:05.663748Z,13.749,200,True,0x96C5458aF74559b7eB9C1768f6F30BD40251e25e,INSURER,992,OTHER,1,READ,
w62,2025-12-19T14:43:05.663849Z,13.760,403,False,0x16C605c8536B3AC44524Ebd88bF81CE652b1E990,POLICE,978,OTHER,1,READ,
w8,2025-12-19T14:43:05.663946Z,13.771,200,True,0xb03C6C3a6e66a20729a4d4758D907D3A07cB0af5,INSURER,184,VIDEO,2,READ,
w63,2025-12-19T14:43:05.664042Z,13.781,200,True,0x2Fd075dD3CC039D228Ac107272729a1129782C59,GARAGE,340,IMAGE,2,READ,
w9,2025-12-19T14:43:05.664139Z,13.785,200,True,0xd0eD43b7e3956873eD7AB8414636734c48656D80,ADJUSTER,790,TELEMATICS,3,READ,
w64,2025-12-19T14:43:05.664247Z,13.777,200,True,0x8C0A9562bA06c26cD697012F2C311Ab93431CB08,INSURER,388,IMAGE,2,READ,
w10,2025-12-19T14:43:05.664358Z,13.767,200,True,0xD574Ba4eCc12ca8b6BF7d7ed27E8896b66251f36,INSURER,474,IMAGE,2,READ,
w65,2025-12-19T14:43:05.664474Z,13.750,200,True,0x31A860cfF3A3D2B972B9EE41a34653e31b6143DD,ADJUSTER,396,IMAGE,2,READ,
w11,2025-12-19T14:43:05.664577Z,13.777,200,True,0xDB6a12DbE55181c3f880bD63570EA3f3AC91e63A,ADJUSTER,860,OTHER,1,READ,
w66,2025-12-19T14:43:05.664673Z,13.792,200,True,0xA07Ab60Dc6F87DcAbEA86aDb690fFf1e30BB14A6,COURT,226,VIDEO,2,READ,
w12,2025-12-19T14:43:05.664779Z,13.796,200,True,0xD2e4187ae13875E61F4ADeB0bc309Fda9E672655,INSURER,916,OTHER,1,READ,
w67,2025-12-19T14:43:05.664885Z,13.788,200,True,0x2bae1eb63108Ab352DaD7842Af98F4e1768425C1,ADJUSTER,229,VIDEO,2,READ,
w13,2025-12-19T14:43:05.664986Z,13.781,200,True,0x3dc584940370d31418aBbfB6F809C055E9bBC98f,COURT,456,IMAGE,2,READ,
w68,2025-12-19T14:43:05.665085Z,13.775,200,True,0x8EacD2DD8F1d188ca58Ce26655097d63c95b65BB,ADJUSTER,749,TELEMATICS,3,READ,
w14,2025-12-19T14:43:05.665193Z,13.762,200,True,0xF9A0ebFF6934d204B4E2240E8c635586556a6bBf,POLICE,441,IMAGE,2,READ,
w69,2025-12-19T14:43:05.665298Z,13.767,200,True,0xD91E6fbf8C6C9F06DA14fCEc6BB1f34719Cb6AfF,INSURER,63,VIDEO,2,READ,
w15,2025-12-19T14:43:05.665403Z,13.770,403,False,0x71f923CB5F826712E139D152d18028dE817Bae65,GARAGE,814,TELEMATICS,3,READ,
w70,2025-12-19T14:43:05.665512Z,13.770,200,True,0xf7E1883f933104b142c40E92e6624179359b44C2,INSURER,169,VIDEO,2,READ,
w16,2025-12-19T14:43:05.665615Z,13.778,200,True,0x74fB3137dFB3B6448931Fb8Da2496AaF6a238f78,COURT,215,VIDEO,2,READ,
w71,2025-12-19T14:43:05.665716Z,13.779,200,True,0xCe0598bC3ba15cA3db71063563179eCf0D7c35A7,ADJUSTER,884,OTHER,1,READ,
w17,2025-12-19T14:43:05.665816Z,13.782,200,True,0xdFCd3364f36CdB72072987Ba9e3a6197F2807c1A,GARAGE,490,IMAGE,2,READ,
w72,2025-12-19T14:43:05.665919Z,13.840,200,True,0xd3ad26904604cf4A6e4Ef026c902c9f70562F892,INSURER,965,OTHER,1,READ,
w18,2025-12-19T14:43:05.666020Z,13.856,200,True,0x8d04Ed80530786073721Ae9c38cD46D45dd71756,INSURER,838,TELEMATICS,3,READ,
w73,2025-12-19T14:43:05.666126Z,13.850,200,True,0x39f6D3043406601E6c6B8f786B46298Be5738EC8,INSURER,405,IMAGE,2,READ,
w19,2025-12-19T14:43:05.666237Z,13.850,200,True,0x6f5CC3De03FD8Ff029C145d99B3A9D30D2c0A71D,INSURER,545,FNOL,4,READ,
w74,2025-12-19T14:43:05.666338Z,13.856,200,True,0xf7E1883f933104b142c40E92e6624179359b44C2,INSURER,734,TELEMATICS,3,READ,
w20,2025-12-19T14:43:05.666437Z,13.879,200,True,0xe84288AfCCFcafd9a8AB74D8F555C5448a911Eb5,INSURER,746,TELEMATICS,3,READ,
w75,2025-12-19T14:43:05.666548Z,13.880,200,True,0x00a777ADb6935EdBdF8a8529125d1fbd93EdBA56,INSURER,771,TELEMATICS,3,READ,
w76,2025-12-19T14:43:05.666654Z,13.878,200,True,0x9D65961198142f8eE2223b06687b0C16ED30B78E,POLICE,202,VIDEO,2,READ,
w77,2025-12-19T14:43:05.666756Z,13.879,403,False,0x1f45920F4b49aD1E6d3d6542163Da1Fc12B8F399,POLICE,657,FNOL,4,READ,
w21,2025-12-19T14:43:05.666865Z,13.875,200,True,0x342E14b11b9f83662a05FF03e2f43C71f9Bf4873,REGULATOR,870,OTHER,1,READ,
w78,2025-12-19T14:43:05.666968Z,13.873,200,True,0xD89D70fF36c803e47f1df2Ffaab469107117214F,ADJUSTER,1000,OTHER,1,READ,
w22,2025-12-19T14:43:05.667081Z,13.861,200,True,0x67F4F8CE04FD59Bf243930A77adCf14537A0B5D2,ADJUSTER,638,FNOL,4,READ,
w79,2025-12-19T14:43:05.667186Z,13.866,200,True,0x33a629009de39E5811F7332ed385861ec1A77876,INSURER,830,TELEMATICS,3,READ,
w23,2025-12-19T14:43:05.667288Z,13.870,403,False,0x1f45920F4b49aD1E6d3d6542163Da1Fc12B8F399,POLICE,573,FNOL,4,READ,
w80,2025-12-19T14:43:05.667390Z,13.880,200,True,0x1d1694bc32c0223F44b4aC0956BE792a5996Cb79,INSURER,952,OTHER,1,READ,
w24,2025-12-19T14:43:05.667494Z,13.877,200,True,0x8Dd8Ebe34924EFE25Fc2D7A18d687C6e9a775529,REGULATOR,261,IMAGE,2,READ,
w81,2025-12-19T14:43:05.668231Z,13.963,200,True,0x8EacD2DD8F1d188ca58Ce26655097d63c95b65BB,ADJUSTER,57,VIDEO,2,READ,
w25,2025-12-19T14:43:05.668389Z,13.971,200,True,0x8C0A9562bA06c26cD697012F2C311Ab93431CB08,INSURER,902,OTHER,1,READ,
w82,2025-12-19T14:43:05.668512Z,13.979,200,True,0x1370507A4d90d4951D78E9186DFEbFFbD0102eb0,INSURER,190,VIDEO,2,READ,
w26,2025-12-19T14:43:05.668628Z,13.985,403,False,0xA51c3724Dd9F1e975A507c34B34acf9d14Ce6FEb,GARAGE,702,TELEMATICS,3,READ,
w83,2025-12-19T14:43:05.668739Z,13.988,200,True,0x5B9Fe195263932C148aB2997922dda28a64aD5A9,INSURER,329,IMAGE,2,READ,
w27,2025-12-19T14:43:05.668858Z,13.978,200,True,0x6d633edcb7CD9413cd0509faebAE113ec0EC2FBc,INSURER,555,FNOL,4,READ,
w84,2025-12-19T14:43:05.668963Z,13.986,200,True,0x8a68D81A9d3c90fE303344fA200a40Ad65bB9234,ADJUSTER,702,TELEMATICS,3,READ,
w28,2025-12-19T14:43:05.670160Z,13.962,200,True,0xD81101A371257d1229a21CEAed60dD23BBb1a2B1,ADJUSTER,938,OTHER,1,READ,
w85,2025-12-19T14:43:05.670326Z,13.928,200,True,0x536e3B0833a6eBb933f385c0b0De10423705f7a1,COURT,561,FNOL,4,READ,
w29,2025-12-19T14:43:05.670465Z,13.914,200,True,0x8d0151c4F2bF27afD2201C7C4fE56A90B0DA58Fe,INSURER,987,OTHER,1,READ,
w86,2025-12-19T14:43:05.670672Z,13.826,200,True,0x00a777ADb6935EdBdF8a8529125d1fbd93EdBA56,INSURER,8,VIDEO,2,READ,
w30,2025-12-19T14:43:05.670949Z,13.666,403,False,0xFE9CaBBAac086eBE0edE14f99E312c84Ed89B85b,GARAGE,862,OTHER,1,READ,
w87,2025-12-19T14:43:05.671182Z,13.543,200,True,0x11aaC79A517D8afa3a7DB9b5B2E4a2592284C7AE,INSURER,663,MEDICAL_REPORT,5,READ,
w31,2025-12-19T14:43:05.671344Z,13.488,403,False,0x4daf1A3296865E86D251A8ACacd2A4d94afB79F4,POLICE,584,FNOL,4,READ,
w88,2025-12-19T14:43:05.671478Z,13.456,200,True,0xcbA3c1E62e024046934d519a26b637Dd0dfD1b3c,REGULATOR,198,VIDEO,2,READ,
w32,2025-12-19T14:43:05.671595Z,13.441,200,True,0x34BBE78F5E8eF7F758481402618b9CA85b1a3CF7,ADJUSTER,318,IMAGE,2,READ,
w89,2025-12-19T14:43:05.671772Z,13.364,200,True,0xC9d315B25D2f58D8299fD726f1bd40D5b077C4a4,ADJUSTER,760,TELEMATICS,3,READ,
w33,2025-12-19T14:43:05.671898Z,13.339,200,True,0x0157eAF28226F1508d622a947510555A7D0a565c,INSURER,980,OTHER,1,READ,
w90,2025-12-19T14:43:05.672008Z,13.335,200,True,0x1D3a19aAC334311E82F8439171A040835c8049F7,REGULATOR,752,TELEMATICS,3,READ,
w34,2025-12-19T14:43:05.672117Z,13.332,200,True,0x59F93F27b669bD4e2a076c77c1134dc9Bd550AFA,INSURER,955,OTHER,1,READ,
w91,2025-12-19T14:43:05.672236Z,13.313,200,True,0xaf157e8fD0B47Ee2C692436E45dB871E2c1F3e83,INSURER,544,FNOL,4,READ,
w35,2025-12-19T14:43:05.672357Z,13.293,403,False,0xF9A0ebFF6934d204B4E2240E8c635586556a6bBf,POLICE,629,FNOL,4,READ,
w92,2025-12-19T14:43:05.672465Z,13.284,200,True,0xceebe3C41b74d2c472F28A01C7CC44d6aAcA498F,INSURER,198,VIDEO,2,READ,
w36,2025-12-19T14:43:05.672571Z,13.277,403,False,0x4531E352d63619A871806b0f4b4509c5Ac923135,GARAGE,84,VIDEO,2,READ,
w2,2025-12-19T14:43:05.672673Z,13.275,200,True,0x094A1Ff3795B2267aEA059A54C374B2CdB84D45e,COURT,992,OTHER,1,READ,
w37,2025-12-19T14:43:05.672781Z,13.271,200,True,0x094A1Ff3795B2267aEA059A54C374B2CdB84D45e,COURT,724,TELEMATICS,3,READ,
w93,2025-12-19T14:43:05.672885Z,13.270,200,True,0xD2e4187ae13875E61F4ADeB0bc309Fda9E672655,INSURER,749,TELEMATICS,3,READ,
w94,2025-12-19T14:43:05.673081Z,13.173,200,True,0x31A860cfF3A3D2B972B9EE41a34653e31b6143DD,ADJUSTER,767,TELEMATICS,3,READ,
w38,2025-12-19T14:43:05.673203Z,13.224,200,True,0xE4B15B33FdBE23647b0F6070414150D566e1F62f,INSURER,484,IMAGE,2,READ,
w95,2025-12-19T14:43:05.673310Z,13.648,200,True,0x13574B3384B73DcA7b44aa015680060B3561B666,POLICE,300,IMAGE,2,READ,
w39,2025-12-19T14:43:05.673419Z,13.799,403,False,0xe2a2B0b479b477f22BDd40fF8137AC17F6e34B2e,GARAGE,548,MEDICAL_REPORT,5,READ,
w96,2025-12-19T14:43:05.673714Z,13.739,200,True,0x59F93F27b669bD4e2a076c77c1134dc9Bd550AFA,INSURER,437,IMAGE,2,READ,
w40,2025-12-19T14:43:05.673852Z,13.787,403,False,0x852cB9f303D330bff5722A21d48c0c4303bda309,POLICE,997,OTHER,1,READ,
w97,2025-12-19T14:43:05.673969Z,13.844,200,True,0x522720c7F4efE7A2D43976187610Dc8c55F17207,POLICE,174,VIDEO,2,READ,
w41,2025-12-19T14:43:05.674080Z,13.891,403,False,0xe2a2B0b479b477f22BDd40fF8137AC17F6e34B2e,GARAGE,769,TELEMATICS,3,READ,
w1,2025-12-19T14:43:05.674191Z,13.941,403,False,0x24a62efdAe4d80281BAc758e86a4E386905c720C,GARAGE,689,MEDICAL_REPORT,5,READ,
w42,2025-12-19T14:43:05.674305Z,13.981,403,False,0x7775fD4aD4669C7F6F26aCBf7CC07d9dA5f959C8,POLICE,578,FNOL,4,READ,
w98,2025-12-19T14:43:05.674480Z,13.956,200,True,0x5436Ade91ba3a6360A1246339D36223f463dF81a,INSURER,552,MEDICAL_REPORT,5,READ,
w99,2025-12-19T14:43:05.674597Z,13.980,403,False,0x71f923CB5F826712E139D152d18028dE817Bae65,GARAGE,869,OTHER,1,READ,
w43,2025-12-19T14:43:05.674704Z,14.027,200,True,0xB4107C66a46663F51503A8d8C779b7E663809462,GARAGE,496,IMAGE,2,READ,
w44,2025-12-19T14:43:05.674821Z,14.054,200,True,0xf306C99564607882567c83a33f4e5EEEb8bF050e,ADJUSTER,250,VIDEO,2,READ,
w0,2025-12-19T14:43:05.674939Z,14.078,200,True,0xdadC347Cbfd9bcB5e0E6bd20fA005df38d4fdFa0,ADJUSTER,424,IMAGE,2,READ,
w45,2025-12-19T14:43:05.675053Z,14.104,200,True,0x33a629009de39E5811F7332ed385861ec1A77876,INSURER,564,MEDICAL_REPORT,5,READ,
w3,2025-12-19T14:43:05.675161Z,14.137,200,True,0xF2c90E8ED7e59FCFb44ff6056Cf906449175c417,REGULATOR,773,TELEMATICS,3,READ,
w46,2025-12-19T14:43:05.675348Z,14.124,200,True,0x1dDd4F87D89500d1d92400BaE6cdb8373566adeE,INSURER,553,MEDICAL_REPORT,5,READ,
w47,2025-12-19T14:43:05.675477Z,14.161,200,True,0xb03C6C3a6e66a20729a4d4758D907D3A07cB0af5,INSURER,135,VIDEO,2,READ,
w48,2025-12-19T14:43:05.675604Z,14.216,200,True,0xE5dd563f92431eDFA8d444f0f1999a2858b95A81,INSURER,918,OTHER,1,READ,
w49,2025-12-19T14:43:05.675723Z,14.254,403,False,0xA88F90716eDCDc5BFa0993c4c7FA41f629e44d8c,GARAGE,679,MEDICAL_REPORT,5,READ,
w50,2025-12-19T14:43:05.675834Z,14.283,200,True,0x74fB3137dFB3B6448931Fb8Da2496AaF6a238f78,COURT,712,TELEMATICS,3,READ,
w51,2025-12-19T14:43:05.675940Z,14.338,200,True,0x45027EB686032B693Ea79a63545D177B238bc218,INSURER,875,OTHER,1,READ,
w52,2025-12-19T14:43:05.676056Z,14.385,200,True,0xf750FcD6205F9864ed98080D7e52Ec69D94CAf22,INSURER,224,VIDEO,2,READ,
w53,2025-12-19T14:43:05.676164Z,14.430,200,True,0x1d1694bc32c0223F44b4aC0956BE792a5996Cb79,INSURER,218,VIDEO,2,READ,
w54,2025-12-19T14:43:05.676267Z,14.495,200,True,0xe34b6a9Bc4D2c8Ee70eEd4111Ea531E97DDb4c4E,COURT,694,FNOL,4,READ,
w55,2025-12-19T14:43:05.676391Z,14.518,200,True,0x065803C5af851Dda212c2b93EabB66A8eE0Adb34,INSURER,755,TELEMATICS,3,READ,
w56,2025-12-19T14:43:05.676502Z,14.584,200,True,0x094A1Ff3795B2267aEA059A54C374B2CdB84D45e,COURT,243,VIDEO,2,READ,
w57,2025-12-19T14:43:05.676617Z,14.638,403,False,0x13574B3384B73DcA7b44aa015680060B3561B666,POLICE,982,OTHER,1,READ,
w58,2025-12-19T14:43:05.676723Z,14.653,200,True,0xbDC02CAdBc892839484c2D2A7933028B4Cb9DBcE,INSURER,22,VIDEO,2,READ,
w4,2025-12-19T14:43:05.676827Z,14.661,200,True,0x6f5CC3De03FD8Ff029C145d99B3A9D30D2c0A71D,INSURER,328,IMAGE,2,READ,
w59,2025-12-19T14:43:05.676932Z,14.665,200,True,0xb4F3640241c9285C3384313c7E76CBB3eded034B,INSURER,85,VIDEO,2,READ,
w5,2025-12-19T14:43:05.677035Z,14.667,200,True,0x4a5907024898DA4eE2BA57e89D767C6406ebD232,INSURER,937,OTHER,1,READ,
w60,2025-12-19T14:43:05.677146Z,14.663,200,True,0x9d26A04fcCe87Fd42687C4eCBA27F01DB5b333E9,REGULATOR,96,VIDEO,2,READ,
w6,2025-12-19T14:43:05.677253Z,14.661,403,False,0x7775fD4aD4669C7F6F26aCBf7CC07d9dA5f959C8,POLICE,634,FNOL,4,READ,
w61,2025-12-19T14:43:05.677356Z,14.682,200,True,0xE5dd563f92431eDFA8d444f0f1999a2858b95A81,INSURER,13,VIDEO,2,READ,
w7,2025-12-19T14:43:05.677501Z,14.653,200,True,0x1d1694bc32c0223F44b4aC0956BE792a5996Cb79,INSURER,72,VIDEO,2,READ,
w62,2025-12-19T14:43:05.677613Z,14.648,200,True,0x20f5B667b21b5fC5b82Fa52c25088446F4026127,POLICE,256,IMAGE,2,READ,
w8,2025-12-19T14:43:05.677722Z,14.645,200,True,0x592bB49f1f64a954F181cc99489664AeC05bB383,COURT,754,TELEMATICS,3,READ,
w63,2025-12-19T14:43:05.677827Z,14.644,200,True,0x986fDE3291033E80049183d4eAac7752F29166cC,INSURER,936,OTHER,1,READ,
w9,2025-12-19T14:43:05.677927Z,14.647,200,True,0x6f5CC3De03FD8Ff029C145d99B3A9D30D2c0A71D,INSURER,831,TELEMATICS,3,READ,
w64,2025-12-19T14:43:05.678028Z,14.656,200,True,0xA9da87e421E9bF79a8e80EaD31e737D98aa626eE,INSURER,568,MEDICAL_REPORT,5,READ,
w10,2025-12-19T14:43:05.678129Z,14.661,200,True,0x5B9Fe195263932C148aB2997922dda28a64aD5A9,INSURER,151,VIDEO,2,READ,
w65,2025-12-19T14:43:05.678228Z,14.667,200,True,0xf7E1883f933104b142c40E92e6624179359b44C2,INSURER,674,FNOL,4,READ,
w11,2025-12-19T14:43:05.678358Z,14.641,200,True,0x74fB3137dFB3B6448931Fb8Da2496AaF6a238f78,COURT,769,TELEMATICS,3,READ,
w66,2025-12-19T14:43:05.678469Z,14.635,403,False,0x852cB9f303D330bff5722A21d48c0c4303bda309,POLICE,763,TELEMATICS,3,READ,
w12,2025-12-19T14:43:05.678580Z,14.630,200,True,0xf1E534De0C06d61147F8A18Fd769352969fDCF3B,INSURER,986,OTHER,1,READ,
w67,2025-12-19T14:43:05.678678Z,14.637,200,True,0x501d27511202E1C0343B6ee79241254B3C3d4378,INSURER,954,OTHER,1,READ,
w13,2025-12-19T14:43:05.678771Z,14.652,200,True,0x986fDE3291033E80049183d4eAac7752F29166cC,INSURER,491,IMAGE,2,READ,
w68,2025-12-19T14:43:05.678864Z,14.663,200,True,0x92416914cF3F47944a8e5CCBA5d619b68b615D33,POLICE,285,IMAGE,2,READ,
w14,2025-12-19T14:43:05.678959Z,14.672,200,True,0x1cF317F4288CfC3FdA6295dC3Ee1f3e2F8B03592,ADJUSTER,791,TELEMATICS,3,READ,
w69,2025-12-19T14:43:05.679070Z,14.659,200,True,0xe84288AfCCFcafd9a8AB74D8F555C5448a911Eb5,INSURER,740,TELEMATICS,3,READ,
w15,2025-12-19T14:43:05.679177Z,14.652,200,True,0x1F118D13DD44a163CF0Cfe93a2339019D5089D5c,ADJUSTER,36,VIDEO,2,READ,
w70,2025-12-19T14:43:05.679286Z,14.647,200,True,0x4706C804bB8f3Eb133529A02e3F3F48fc38Bd2F9,ADJUSTER,330,IMAGE,2,READ,
w16,2025-12-19T14:43:05.679398Z,14.638,200,True,0xcbA3c1E62e024046934d519a26b637Dd0dfD1b3c,REGULATOR,870,OTHER,1,READ,
w71,2025-12-19T14:43:05.679499Z,14.640,200,True,0x592bB49f1f64a954F181cc99489664AeC05bB383,COURT,954,OTHER,1,READ,
w17,2025-12-19T14:43:05.679601Z,14.640,200,True,0xca4373A5412dd617d707A9D63Fab5c33bc55890a,POLICE,29,VIDEO,2,READ,
w72,2025-12-19T14:43:05.679764Z,14.580,200,True,0x9d26A04fcCe87Fd42687C4eCBA27F01DB5b333E9,REGULATOR,340,IMAGE,2,READ,
w18,2025-12-19T14:43:05.679879Z,14.563,200,True,0x8a68D81A9d3c90fE303344fA200a40Ad65bB9234,ADJUSTER,199,VIDEO,2,READ,
w73,2025-12-19T14:43:05.679980Z,14.567,200,True,0xA07Ab60Dc6F87DcAbEA86aDb690fFf1e30BB14A6,COURT,689,MEDICAL_REPORT,5,READ,
w19,2025-12-19T14:43:05.680091Z,14.568,403,False,0x28de4877801Eb83FF8f280a15cC0c360f89295ED,GARAGE,139,VIDEO,2,READ,
w74,2025-12-19T14:43:05.680199Z,14.565,200,True,0x852cB9f303D330bff5722A21d48c0c4303bda309,POLICE,345,IMAGE,2,READ,
w20,2025-12-19T14:43:05.680321Z,14.546,200,True,0x96C5458aF74559b7eB9C1768f6F30BD40251e25e,INSURER,931,OTHER,1,READ,
w75,2025-12-19T14:43:05.680432Z,14.539,200,True,0xb03C6C3a6e66a20729a4d4758D907D3A07cB0af5,INSURER,528,MEDICAL_REPORT,5,READ,
w76,2025-12-19T14:43:05.680536Z,14.536,403,False,0x9dC8E21f76Ed8e9828c40E7E03428bEF6aF69A84,GARAGE,44,VIDEO,2,READ,
w77,2025-12-19T14:43:05.680639Z,14.532,200,True,0x7f9fe1a6ad85DEBFdFB998d4E7Ddb5cb2fD1bd63,INSURER,221,VIDEO,2,READ,
w21,2025-12-19T14:43:05.680743Z,14.534,403,False,0x24a8D6d1D04D0d1D3e1c665a8Bd2f2B50Cb7097F,GARAGE,683,FNOL,4,READ,
w78,2025-12-19T14:43:05.680845Z,14.535,200,True,0x592bB49f1f64a954F181cc99489664AeC05bB383,COURT,494,IMAGE,2,READ,
w22,2025-12-19T14:43:05.680948Z,14.542,200,True,0x8e18b3Dc00a5886aeb63bE8dFcd734BAda06Bf8a,REGULATOR,140,VIDEO,2,READ,
w79,2025-12-19T14:43:05.681056Z,14.537,403,False,0xA88F90716eDCDc5BFa0993c4c7FA41f629e44d8c,GARAGE,206,VIDEO,2,READ,
w23,2025-12-19T14:43:05.681162Z,14.549,403,False,0x3015CaAdD111E6bb308586Fb390005C8F75848A7,POLICE,873,OTHER,1,READ,
w80,2025-12-19T14:43:05.681273Z,14.542,200,True,0x536e3B0833a6eBb933f385c0b0De10423705f7a1,COURT,75,VIDEO,2,READ,
w24,2025-12-19T14:43:05.681375Z,14.578,200,True,0x1d1694bc32c0223F44b4aC0956BE792a5996Cb79,INSURER,12,VIDEO,2,READ,
w81,2025-12-19T14:43:05.682201Z,14.608,200,True,0x90F928F43C9c4066afF2a1E64E1063ECE320A9E3,INSURER,423,IMAGE,2,READ,
w25,2025-12-19T14:43:05.682364Z,14.601,403,False,0x5cB4D76a86dbEF4FF02fA640c90deeaf5b309acD,GARAGE,926,OTHER,1,READ,
w82,2025-12-19T14:43:05.682496Z,14.598,200,True,0x1cF317F4288CfC3FdA6295dC3Ee1f3e2F8B03592,ADJUSTER,441,IMAGE,2,READ,
w26,2025-12-19T14:43:05.682618Z,14.594,403,False,0xE8bF57455EE3405331D286E17C7bC05cAD0bFB1C,POLICE,943,OTHER,1,READ,
w83,2025-12-19T14:43:05.682731Z,14.591,403,False,0x16C605c8536B3AC44524Ebd88bF81CE652b1E990,POLICE,585,MEDICAL_REPORT,5,READ,
w27,2025-12-19T14:43:05.682841Z,14.591,200,True,0x8C0A9562bA06c26cD697012F2C311Ab93431CB08,INSURER,651,FNOL,4,READ,
w84,2025-12-19T14:43:05.682955Z,14.582,200,True,0x29Ab7D36C4d714Ab42079831182cFeA1dF363Eae,COURT,559,MEDICAL_REPORT,5,READ,
w28,2025-12-19T14:43:05.684127Z,14.600,200,True,0x3CeB0Aa9CCc9c0A29a814fBD5c1aD23dca52aeb6,ADJUSTER,172,VIDEO,2,READ,
w85,2025-12-19T14:43:05.684259Z,14.613,200,True,0x4D2e324068BA02Eb613f39F882B7ED435DaAe089,INSURER,721,TELEMATICS,3,READ,
w29,2025-12-19T14:43:05.684383Z,14.624,200,True,0x1734cC5117Ca09e57A599f0E72469FEad0d749F9,REGULATOR,376,IMAGE,2,READ,
w86,2025-12-19T14:43:05.684504Z,14.617,403,False,0x3CeB0Aa9CCc9c0A29a814fBD5c1aD23dca52aeb6,ADJUSTER,654,MEDICAL_REPORT,5,READ,
w30,2025-12-19T14:43:05.684620Z,14.610,200,True,0x8d0151c4F2bF27afD2201C7C4fE56A90B0DA58Fe,INSURER,992,OTHER,1,READ,
w87,2025-12-19T14:43:05.684729Z,14.606,200,True,0xa162d20e1Ea3efe0C78A65109e3411462afd3b28,INSURER,69,VIDEO,2,READ,
w31,2025-12-19T14:43:05.684836Z,14.603,200,True,0x8Dd8Ebe34924EFE25Fc2D7A18d687C6e9a775529,REGULATOR,247,VIDEO,2,READ,
w88,2025-12-19T14:43:05.684937Z,14.604,200,True,0x8Dd8Ebe34924EFE25Fc2D7A18d687C6e9a775529,REGULATOR,757,TELEMATICS,3,READ,
w32,2025-12-19T14:43:05.685040Z,14.600,200,True,0xE5dd563f92431eDFA8d444f0f1999a2858b95A81,INSURER,896,OTHER,1,READ,
w89,2025-12-19T14:43:05.685140Z,14.601,200,True,0xb4F3640241c9285C3384313c7E76CBB3eded034B,INSURER,716,TELEMATICS,3,READ,
w33,2025-12-19T14:43:05.685240Z,14.601,200,True,0xD2e4187ae13875E61F4ADeB0bc309Fda9E672655,INSURER,478,IMAGE,2,READ,
w90,2025-12-19T14:43:05.685348Z,14.600,200,True,0xA18C8C6aE69cB5aabAA3EfDdF1c38c4dE58494CA,INSURER,375,IMAGE,2,READ,
w34,2025-12-19T14:43:05.685452Z,14.597,200,True,0x4b325498d9Ec08b7e1eb3C52CE9a554ea24D3737,INSURER,420,IMAGE,2,READ,
w91,2025-12-19T14:43:05.685553Z,14.600,200,True,0x4706C804bB8f3Eb133529A02e3F3F48fc38Bd2F9,ADJUSTER,377,IMAGE,2,READ,
w35,2025-12-19T14:43:05.685654Z,14.598,403,False,0x793235ebf79944f08742d0Cd92ca6D24B4327d8E,POLICE,815,TELEMATICS,3,READ,
w92,2025-12-19T14:43:05.685754Z,14.597,200,True,0x96C5458aF74559b7eB9C1768f6F30BD40251e25e,INSURER,259,IMAGE,2,READ,
w36,2025-12-19T14:43:05.685852Z,14.596,403,False,0xA88F90716eDCDc5BFa0993c4c7FA41f629e44d8c,GARAGE,14,VIDEO,2,READ,
w2,2025-12-19T14:43:05.685951Z,14.593,403,False,0x793235ebf79944f08742d0Cd92ca6D24B4327d8E,POLICE,865,OTHER,1,READ,
w37,2025-12-19T14:43:05.686056Z,14.592,200,True,0xb4F3640241c9285C3384313c7E76CBB3eded034B,INSURER,577,MEDICAL_REPORT,5,READ,
w93,2025-12-19T14:43:05.686159Z,14.592,200,True,0x7F58e30B33E800fAD1041651365A29CfB660aC57,INSURER,5,VIDEO,2,READ,
w94,2025-12-19T14:43:05.686257Z,14.602,200,True,0xdadC347Cbfd9bcB5e0E6bd20fA005df38d4fdFa0,ADJUSTER,555,FNOL,4,READ,
w38,2025-12-19T14:43:05.686433Z,14.524,200,True,0x547633aa452093F2f87ad6cF6Af95cf459e17be5,ADJUSTER,24,VIDEO,2,READ,
w95,2025-12-19T14:43:05.686967Z,14.091,200,True,0x39f310D9c7221cAEF10d101bFB16Ecc0DF2654F9,INSURER,311,IMAGE,2,READ,
w39,2025-12-19T14:43:05.687227Z,13.932,200,True,0xa1d85548f437eb81200cF05523C35E95aFB59c79,INSURER,261,IMAGE,2,READ,
w96,2025-12-19T14:43:05.687460Z,13.796,200,True,0x501d27511202E1C0343B6ee79241254B3C3d4378,INSURER,156,VIDEO,2,READ,
w40,2025-12-19T14:43:05.687646Z,13.706,403,False,0x87731f9AB64CbE25f915Bd81646C15853b0A47F6,POLICE,860,OTHER,1,READ,
w97,2025-12-19T14:43:05.687819Z,13.633,403,False,0xF9A0ebFF6934d204B4E2240E8c635586556a6bBf,POLICE,567,FNOL,4,READ,
w41,2025-12-19T14:43:05.687976Z,13.573,200,True,0x499B440236db366c87f8267Bd804228e12Df64A4,ADJUSTER,417,IMAGE,2,READ,
w1,2025-12-19T14:43:05.688138Z,13.510,403,False,0x0b5E323fB184f11d5882ca0773Ff29b91c76b407,ADJUSTER,586,MEDICAL_REPORT,5,READ,
w42,2025-12-19T14:43:05.688292Z,13.459,200,True,0xf1E534De0C06d61147F8A18Fd769352969fDCF3B,INSURER,236,VIDEO,2,READ,
w98,2025-12-19T14:43:05.688441Z,13.412,403,False,0xFE9CaBBAac086eBE0edE14f99E312c84Ed89B85b,GARAGE,173,VIDEO,2,READ,
w99,2025-12-19T14:43:05.688582Z,13.375,200,True,0x8C0A9562bA06c26cD697012F2C311Ab93431CB08,INSURER,254,IMAGE,2,READ,
w43,2025-12-19T14:43:05.688735Z,13.381,200,True,0x417E040C3F0A2094fa86aE1A22D89f21ad5f2c91,INSURER,259,IMAGE,2,READ,
w44,2025-12-19T14:43:05.688881Z,13.413,200,True,0xd3ad26904604cf4A6e4Ef026c902c9f70562F892,INSURER,745,TELEMATICS,3,READ,
w0,2025-12-19T14:43:05.689023Z,13.443,200,True,0x67f187dcbDE2Fbf24Ec1508f7AAdF943bcE1f668,INSURER,243,VIDEO,2,READ,
w45,2025-12-19T14:43:05.689162Z,13.427,403,False,0x7775fD4aD4669C7F6F26aCBf7CC07d9dA5f959C8,POLICE,828,TELEMATICS,3,READ,
w3,2025-12-19T14:43:05.689304Z,13.408,200,True,0x90F928F43C9c4066afF2a1E64E1063ECE320A9E3,INSURER,652,FNOL,4,READ,
w46,2025-12-19T14:43:05.689478Z,13.338,200,True,0x7775fD4aD4669C7F6F26aCBf7CC07d9dA5f959C8,POLICE,445,IMAGE,2,READ,
w47,2025-12-19T14:43:05.689644Z,13.276,403,False,0xdFCd3364f36CdB72072987Ba9e3a6197F2807c1A,GARAGE,670,MEDICAL_REPORT,5,READ,
w48,2025-12-19T14:43:05.689826Z,13.193,200,True,0xECB4fA8D986702c344aB4Aacfa51CfeD104110bA,ADJUSTER,920,OTHER,1,READ,
w49,2025-12-19T14:43:05.689982Z,13.141,200,True,0xe68d19e611fc7Cd8D9184Dbf3034203A5B0ba7E9,INSURER,357,IMAGE,2,READ,
w50,2025-12-19T14:43:05.690123Z,13.103,200,True,0x4706C804bB8f3Eb133529A02e3F3F48fc38Bd2F9,ADJUSTER,744,TELEMATICS,3,READ,
w51,2025-12-19T14:43:05.690284Z,13.066,200,True,0x67f187dcbDE2Fbf24Ec1508f7AAdF943bcE1f668,INSURER,230,VIDEO,2,READ,
w52,2025-12-19T14:43:05.690448Z,13.023,200,True,0xaf157e8fD0B47Ee2C692436E45dB871E2c1F3e83,INSURER,338,IMAGE,2,READ,
w53,2025-12-19T14:43:05.690599Z,13.019,200,True,0xB681a7921F6B4dE01c32e0986627275Edcd5e568,INSURER,978,OTHER,1,READ,
w54,2025-12-19T14:43:05.690768Z,12.971,200,True,0x63799B99d43E4dB6Eb46BF3fEeBcb88c347351c0,COURT,387,IMAGE,2,READ,
w55,2025-12-19T14:43:05.690914Z,12.948,200,True,0xb113F22B749C4efc290Eb311C18c72DF29481dAE,ADJUSTER,766,TELEMATICS,3,READ,
w56,2025-12-19T14:43:05.691092Z,12.887,200,True,0xc227AdED69aA39F067e0190b0EA4BB94BE51cb90,INSURER,7,VIDEO,2,READ,
w57,2025-12-19T14:43:05.691261Z,12.860,200,True,0x816E9ccDC1bbbd5f73D84dF5652A4B63F92DE291,INSURER,698,FNOL,4,READ,
w58,2025-12-19T14:43:05.691381Z,12.861,200,True,0xe84288AfCCFcafd9a8AB74D8F555C5448a911Eb5,INSURER,994,OTHER,1,READ,
w4,2025-12-19T14:43:05.691493Z,12.856,200,True,0x68c8c090a608c0B78636f50F6950137E9BBbEA97,GARAGE,476,IMAGE,2,READ,
w59,2025-12-19T14:43:05.691602Z,12.871,200,True,0xe84288AfCCFcafd9a8AB74D8F555C5448a911Eb5,INSURER,295,IMAGE,2,READ,
w5,2025-12-19T14:43:05.691706Z,12.875,200,True,0x0b5E323fB184f11d5882ca0773Ff29b91c76b407,ADJUSTER,38,VIDEO,2,READ,
w60,2025-12-19T14:43:05.691813Z,12.871,200,True,0x1734cC5117Ca09e57A599f0E72469FEad0d749F9,REGULATOR,196,VIDEO,2,READ,
w6,2025-12-19T14:43:05.691919Z,12.877,200,True,0xcbA3c1E62e024046934d519a26b637Dd0dfD1b3c,REGULATOR,633,MEDICAL_REPORT,5,READ,
w61,2025-12-19T14:43:05.692042Z,12.860,200,True,0x4a5907024898DA4eE2BA57e89D767C6406ebD232,INSURER,769,TELEMATICS,3,READ,
w7,2025-12-19T14:43:05.692159Z,12.841,200,True,0x13574B3384B73DcA7b44aa015680060B3561B666,POLICE,161,VIDEO,2,READ,
w62,2025-12-19T14:43:05.692265Z,12.836,200,True,0xB29E5C47C181524AB77DF0E7095d8d832f9Afe6C,ADJUSTER,437,IMAGE,2,READ,
w8,2025-12-19T14:43:05.692371Z,12.830,403,False,0x4daf1A3296865E86D251A8ACacd2A4d94afB79F4,POLICE,642,MEDICAL_REPORT,5,READ,
w63,2025-12-19T14:43:05.692475Z,12.826,200,True,0x1370507A4d90d4951D78E9186DFEbFFbD0102eb0,INSURER,37,VIDEO,2,READ,
w9,2025-12-19T14:43:05.692578Z,12.824,200,True,0x0Dc1cFEE2758F0e2688803c8098E11241014f8BB,INSURER,954,OTHER,1,READ,
w64,2025-12-19T14:43:05.692688Z,12.817,200,True,0x9D27B273CA2f10A2b874e5280Aa7A5081BdC694C,INSURER,735,TELEMATICS,3,READ,
w10,2025-12-19T14:43:05.692794Z,12.815,403,False,0x852cB9f303D330bff5722A21d48c0c4303bda309,POLICE,868,OTHER,1,READ,
w65,2025-12-19T14:43:05.692899Z,12.820,200,True,0x4daf1A3296865E86D251A8ACacd2A4d94afB79F4,POLICE,338,IMAGE,2,READ,
w11,2025-12-19T14:43:05.693003Z,12.825,200,True,0x4daf1A3296865E86D251A8ACacd2A4d94afB79F4,POLICE,1,VIDEO,2,READ,
w66,2025-12-19T14:43:05.693109Z,12.824,200,True,0xe34b6a9Bc4D2c8Ee70eEd4111Ea531E97DDb4c4E,COURT,735,TELEMATICS,3,READ,
w12,2025-12-19T14:43:05.693213Z,12.824,403,False,0x2bae1eb63108Ab352DaD7842Af98F4e1768425C1,ADJUSTER,568,MEDICAL_REPORT,5,READ,
w67,2025-12-19T14:43:05.693319Z,12.825,200,True,0x8d04Ed80530786073721Ae9c38cD46D45dd71756,INSURER,827,TELEMATICS,3,READ,
w13,2025-12-19T14:43:05.693428Z,12.837,200,True,0x29Ab7D36C4d714Ab42079831182cFeA1dF363Eae,COURT,957,OTHER,1,READ,
w68,2025-12-19T14:43:05.693532Z,12.843,200,True,0xD655a56fEE3b3b955dDD12746620A181f93F16e6,POLICE,490,IMAGE,2,READ,
w14,2025-12-19T14:43:05.693635Z,12.900,200,True,0xF173F4d5ADdf0E7a16e318fFd5937Dfb27583015,INSURER,95,VIDEO,2,READ,
w69,2025-12-19T14:43:05.693733Z,12.924,200,True,0xF173F4d5ADdf0E7a16e318fFd5937Dfb27583015,INSURER,398,IMAGE,2,READ,
w15,2025-12-19T14:43:05.693835Z,12.943,403,False,0x24a62efdAe4d80281BAc758e86a4E386905c720C,GARAGE,599,FNOL,4,READ,
w70,2025-12-19T14:43:05.693937Z,12.956,200,True,0xf3f97A6811D6ad4d52078Dca9bAe96C8d8136764,ADJUSTER,830,TELEMATICS,3,READ,
w16,2025-12-19T14:43:05.694040Z,12.987,200,True,0xF173F4d5ADdf0E7a16e318fFd5937Dfb27583015,INSURER,812,TELEMATICS,3,READ,
w71,2025-12-19T14:43:05.694143Z,12.992,403,False,0x92416914cF3F47944a8e5CCBA5d619b68b615D33,POLICE,914,OTHER,1,READ,
w17,2025-12-19T14:43:05.694246Z,12.992,200,True,0xa1d85548f437eb81200cF05523C35E95aFB59c79,INSURER,591,MEDICAL_REPORT,5,READ,
w72,2025-12-19T14:43:05.694347Z,13.016,200,True,0xB4C59915aF17bAB024Db05F0230B8Ee1aF00388d,COURT,840,TELEMATICS,3,READ,
w18,2025-12-19T14:43:05.694446Z,13.076,200,True,0x23d961Bbd1C6082e8A752192D3D652cd833EFf20,COURT,579,FNOL,4,READ,
w73,2025-12-19T14:43:05.694551Z,13.145,200,True,0x5cB8e3e86426cca28B81a1F506b0c918fa230526,INSURER,500,IMAGE,2,READ,
w19,2025-12-19T14:43:05.694663Z,13.234,200,True,0x592bB49f1f64a954F181cc99489664AeC05bB383,COURT,637,MEDICAL_REPORT,5,READ,
w74,2025-12-19T14:43:05.694768Z,13.332,200,True,0x06D4bAEDddd3B73284654b61bec9CF7C3D667E84,ADJUSTER,615,FNOL,4,READ,
w20,2025-12-19T14:43:05.694870Z,13.410,200,True,0x547633aa452093F2f87ad6cF6Af95cf459e17be5,ADJUSTER,24,VIDEO,2,READ,
w75,2025-12-19T14:43:05.694976Z,13.450,200,True,0x74fB3137dFB3B6448931Fb8Da2496AaF6a238f78,COURT,390,IMAGE,2,READ,
w76,2025-12-19T14:43:05.695076Z,13.475,200,True,0x0f3329Ff55b9471d57D644d34b6c7227aeD65b2D,ADJUSTER,89,VIDEO,2,READ,
w77,2025-12-19T14:43:05.695174Z,13.490,200,True,0x29Ab7D36C4d714Ab42079831182cFeA1dF363Eae,COURT,543,FNOL,4,READ,
w21,2025-12-19T14:43:05.695282Z,13.491,200,True,0x2bae1eb63108Ab352DaD7842Af98F4e1768425C1,ADJUSTER,206,VIDEO,2,READ,
w78,2025-12-19T14:43:05.695385Z,13.508,200,True,0x1c2b0E2F66517144Cf34cdF840b04E60E4FC213C,INSURER,107,VIDEO,2,READ,
w22,2025-12-19T14:43:05.695494Z,13.515,200,True,0x0b5E323fB184f11d5882ca0773Ff29b91c76b407,ADJUSTER,173,VIDEO,2,READ,
w79,2025-12-19T14:43:05.695598Z,13.519,200,True,0x7034d06498b2196468b6eD861eda7B5D1cb5594c,REGULATOR,700,MEDICAL_REPORT,5,READ,
w23,2025-12-19T14:43:05.695716Z,13.513,200,True,0xF2c90E8ED7e59FCFb44ff6056Cf906449175c417,REGULATOR,237,VIDEO,2,READ,
w80,2025-12-19T14:43:05.695820Z,13.513,200,True,0x499B440236db366c87f8267Bd804228e12Df64A4,ADJUSTER,423,IMAGE,2,READ,
w24,2025-12-19T14:43:05.695956Z,13.480,200,True,0x47200E7159B7646892C3cC84C60818bcD2B38A22,ADJUSTER,636,FNOL,4,READ,
w81,2025-12-19T14:43:05.696815Z,13.394,403,False,0x94aC64f763ca7BcC8957cb2CBAfF108a9d91ADc1,POLICE,918,OTHER,1,READ,
w25,2025-12-19T14:43:05.696970Z,13.396,200,True,0x8CbB8dd324B837e6BD98E13e0c21fa636120Ca56,REGULATOR,393,IMAGE,2,READ,
w82,2025-12-19T14:43:05.697098Z,13.410,403,False,0x68c8c090a608c0B78636f50F6950137E9BBbEA97,GARAGE,747,TELEMATICS,3,READ,
w26,2025-12-19T14:43:05.697216Z,13.414,200,True,0x711d7620b4C341A6A91E38D0c75783C80FfEdcED,COURT,729,TELEMATICS,3,READ,
w83,2025-12-19T14:43:05.697326Z,13.418,200,True,0x8d04Ed80530786073721Ae9c38cD46D45dd71756,INSURER,218,VIDEO,2,READ,
w27,2025-12-19T14:43:05.697435Z,13.420,200,True,0x87731f9AB64CbE25f915Bd81646C15853b0A47F6,POLICE,228,VIDEO,2,READ,
w84,2025-12-19T14:43:05.697542Z,13.418,200,True,0x9faB46D850015a996dAa8c1858e4cA1262E31bE2,INSURER,257,IMAGE,2,READ,
w28,2025-12-19T14:43:05.698732Z,13.523,200,True,0x3EBAE31cB2be64Fe5734160d81AF569256974D47,POLICE,481,IMAGE,2,READ,
w85,2025-12-19T14:43:05.698877Z,13.518,200,True,0x80eD6824a5F2334A090fCfbEB1450356BDc84d63,ADJUSTER,795,TELEMATICS,3,READ,
w29,2025-12-19T14:43:05.699012Z,13.512,200,True,0x5cB8e3e86426cca28B81a1F506b0c918fa230526,INSURER,562,FNOL,4,READ,
w86,2025-12-19T14:43:05.699125Z,13.516,200,True,0xb4F3640241c9285C3384313c7E76CBB3eded034B,INSURER,751,TELEMATICS,3,READ,
w30,2025-12-19T14:43:05.699234Z,13.521,200,True,0x2E2C6b303dF5Eb5E67C04610fDF33084A6d7408B,ADJUSTER,364,IMAGE,2,READ,
w87,2025-12-19T14:43:05.699340Z,13.536,200,True,0xc3c51312907D83df323e05D7E254352175252368,COURT,404,IMAGE,2,READ,
w31,2025-12-19T14:43:05.699442Z,13.546,403,False,0x32a71350b8324e903BA5674B6456e07Bd472AA8f,GARAGE,867,OTHER,1,READ,
w88,2025-12-19T14:43:05.699545Z,13.550,200,True,0x4706C804bB8f3Eb133529A02e3F3F48fc38Bd2F9,ADJUSTER,876,OTHER,1,READ,
w32,2025-12-19T14:43:05.699644Z,13.558,200,True,0xD46554Edf6329a0a8caae2A79EB7098A7a24Ba81,INSURER,926,OTHER,1,READ,
w89,2025-12-19T14:43:05.699744Z,13.558,403,False,0x0Adc41557A616569Cd409d74aFe4C9FaD47a57ed,POLICE,684,FNOL,4,READ,
w33,2025-12-19T14:43:05.699845Z,13.556,403,False,0x24a62efdAe4d80281BAc758e86a4E386905c720C,GARAGE,552,MEDICAL_REPORT,5,READ,
w90,2025-12-19T14:43:05.699951Z,13.551,200,True,0x34BBE78F5E8eF7F758481402618b9CA85b1a3CF7,ADJUSTER,287,IMAGE,2,READ,
w34,2025-12-19T14:43:05.700053Z,13.550,200,True,0xeE7a8fa9C275631851e5D7dc28236a336206c473,COURT,159,VIDEO,2,READ,
w91,2025-12-19T14:43:05.700157Z,13.561,200,True,0x3EBAE31cB2be64Fe5734160d81AF569256974D47,POLICE,359,IMAGE,2,READ,
w35,2025-12-19T14:43:05.700256Z,13.571,200,True,0x03E8540790383Dc711c7029C4a4727A3D6F85Ee6,INSURER,590,FNOL,4,READ,
w92,2025-12-19T14:43:05.700355Z,13.575,200,True,0xe68d19e611fc7Cd8D9184Dbf3034203A5B0ba7E9,INSURER,409,IMAGE,2,READ,
w36,2025-12-19T14:43:05.700452Z,13.581,200,True,0x8419AD6d02e583D482E66F544e7fCc8a4078cE52,INSURER,129,VIDEO,2,READ,
w2,2025-12-19T14:43:05.700548Z,13.585,200,True,0xaF805972401628544EBe993aC94305E19571431b,INSURER,296,IMAGE,2,READ,
w37,2025-12-19T14:43:05.700652Z,13.582,200,True,0x7F58e30B33E800fAD1041651365A29CfB660aC57,INSURER,495,IMAGE,2,READ,
w93,2025-12-19T14:43:05.700755Z,13.580,200,True,0xe68d19e611fc7Cd8D9184Dbf3034203A5B0ba7E9,INSURER,798,TELEMATICS,3,READ,
w94,2025-12-19T14:43:05.700863Z,13.583,200,True,0xeE7a8fa9C275631851e5D7dc28236a336206c473,COURT,190,VIDEO,2,READ,
w38,2025-12-19T14:43:05.700962Z,13.595,200,True,0x536e3B0833a6eBb933f385c0b0De10423705f7a1,COURT,842,TELEMATICS,3,READ,
w95,2025-12-19T14:43:05.701062Z,13.600,200,True,0x5B9Fe195263932C148aB2997922dda28a64aD5A9,INSURER,50,VIDEO,2,READ,
w39,2025-12-19T14:43:05.701163Z,13.604,200,True,0x8a68D81A9d3c90fE303344fA200a40Ad65bB9234,ADJUSTER,982,OTHER,1,READ,
w96,2025-12-19T14:43:05.701260Z,13.608,200,True,0x6d633edcb7CD9413cd0509faebAE113ec0EC2FBc,INSURER,93,VIDEO,2,READ,
w40,2025-12-19T14:43:05.701356Z,13.613,200,True,0xF173F4d5ADdf0E7a16e318fFd5937Dfb27583015,INSURER,842,TELEMATICS,3,READ,
w97,2025-12-19T14:43:05.701455Z,13.618,200,True,0xb8Cb388cDb00044EeC03d7b0D63f1FafF89B668F,INSURER,474,IMAGE,2,READ,
w41,2025-12-19T14:43:05.701553Z,13.621,403,False,0x71f923CB5F826712E139D152d18028dE817Bae65,GARAGE,690,MEDICAL_REPORT,5,READ,
w1,2025-12-19T14:43:05.701651Z,13.654,200,True,0x8a68D81A9d3c90fE303344fA200a40Ad65bB9234,ADJUSTER,776,TELEMATICS,3,READ,
w42,2025-12-19T14:43:05.701755Z,13.666,200,True,0x07991919AA37C0FdbeD66174B280e6da9FE695d7,ADJUSTER,391,IMAGE,2,READ,
w98,2025-12-19T14:43:05.701856Z,13.666,403,False,0x2Fd075dD3CC039D228Ac107272729a1129782C59,GARAGE,841,TELEMATICS,3,READ,
w99,2025-12-19T14:43:05.701961Z,13.659,200,True,0x1f45920F4b49aD1E6d3d6542163Da1Fc12B8F399,POLICE,105,VIDEO,2,READ,
w43,2025-12-19T14:43:05.702122Z,13.595,200,True,0xC9d315B25D2f58D8299fD726f1bd40D5b077C4a4,ADJUSTER,86,VIDEO,2,READ,
w44,2025-12-19T14:43:05.702300Z,13.517,200,True,0x6f5CC3De03FD8Ff029C145d99B3A9D30D2c0A71D,INSURER,444,IMAGE,2,READ,
w0,2025-12-19T14:43:05.702470Z,13.445,403,False,0x24a8D6d1D04D0d1D3e1c665a8Bd2f2B50Cb7097F,GARAGE,819,TELEMATICS,3,READ,
w45,2025-12-19T14:43:05.702595Z,13.417,200,True,0x094A1Ff3795B2267aEA059A54C374B2CdB84D45e,COURT,808,TELEMATICS,3,READ,
w3,2025-12-19T14:43:05.702716Z,13.404,200,True,0x0Dc1cFEE2758F0e2688803c8098E11241014f8BB,INSURER,289,IMAGE,2,READ,
w46,2025-12-19T14:43:05.702820Z,13.410,200,True,0x34BBE78F5E8eF7F758481402618b9CA85b1a3CF7,ADJUSTER,590,FNOL,4,READ,
w47,2025-12-19T14:43:05.702923Z,13.416,200,True,0x68c8c090a608c0B78636f50F6950137E9BBbEA97,GARAGE,255,IMAGE,2,READ,
w48,2025-12-19T14:43:05.703024Z,13.425,403,False,0xA88F90716eDCDc5BFa0993c4c7FA41f629e44d8c,GARAGE,994,OTHER,1,READ,
w49,2025-12-19T14:43:05.703127Z,13.420,200,True,0x2E2C6b303dF5Eb5E67C04610fDF33084A6d7408B,ADJUSTER,124,VIDEO,2,READ,
w50,2025-12-19T14:43:05.703230Z,13.411,403,False,0x2Fd075dD3CC039D228Ac107272729a1129782C59,GARAGE,573,FNOL,4,READ,
w51,2025-12-19T14:43:05.703355Z,13.378,200,True,0x766C26A7aD924449Bec43A8A34DEF94ddE4249e8,COURT,969,OTHER,1,READ,
w52,2025-12-19T14:43:05.703475Z,13.359,403,False,0x5cB4D76a86dbEF4FF02fA640c90deeaf5b309acD,GARAGE,149,VIDEO,2,READ,
w53,2025-12-19T14:43:05.703623Z,13.319,200,True,0x47200E7159B7646892C3cC84C60818bcD2B38A22,ADJUSTER,812,TELEMATICS,3,READ,
w54,2025-12-19T14:43:05.703744Z,13.300,200,True,0xD574Ba4eCc12ca8b6BF7d7ed27E8896b66251f36,INSURER,700,MEDICAL_REPORT,5,READ,
w55,2025-12-19T14:43:05.703867Z,13.278,200,True,0xA9da87e421E9bF79a8e80EaD31e737D98aa626eE,INSURER,387,IMAGE,2,READ,
w56,2025-12-19T14:43:05.703985Z,13.258,200,True,0xc227AdED69aA39F067e0190b0EA4BB94BE51cb90,INSURER,120,VIDEO,2,READ,
w57,2025-12-19T14:43:05.704126Z,13.219,200,True,0x536e3B0833a6eBb933f385c0b0De10423705f7a1,COURT,227,VIDEO,2,READ,
w58,2025-12-19T14:43:05.704246Z,13.197,403,False,0xE8bF57455EE3405331D286E17C7bC05cAD0bFB1C,POLICE,582,MEDICAL_REPORT,5,READ,
w4,2025-12-19T14:43:05.704353Z,13.258,200,True,0x66dbB00795DC0d781dcA2e6219ab30FcaF5f1CAd,GARAGE,426,IMAGE,2,READ,
w59,2025-12-19T14:43:05.704477Z,13.265,200,True,0x499B440236db366c87f8267Bd804228e12Df64A4,ADJUSTER,55,VIDEO,2,READ,
w5,2025-12-19T14:43:05.704585Z,13.270,200,True,0x34BBE78F5E8eF7F758481402618b9CA85b1a3CF7,ADJUSTER,125,VIDEO,2,READ,
w60,2025-12-19T14:43:05.704689Z,13.273,200,True,0x986fDE3291033E80049183d4eAac7752F29166cC,INSURER,135,VIDEO,2,READ,
w6,2025-12-19T14:43:05.704799Z,13.263,403,False,0x4daf1A3296865E86D251A8ACacd2A4d94afB79F4,POLICE,730,TELEMATICS,3,READ,
w61,2025-12-19T14:43:05.704906Z,13.255,200,True,0x45027EB686032B693Ea79a63545D177B238bc218,INSURER,563,FNOL,4,READ,
w7,2025-12-19T14:43:05.705004Z,13.286,200,True,0xC9d315B25D2f58D8299fD726f1bd40D5b077C4a4,ADJUSTER,856,OTHER,1,READ,
w62,2025-12-19T14:43:05.705106Z,13.283,200,True,0x00a777ADb6935EdBdF8a8529125d1fbd93EdBA56,INSURER,165,VIDEO,2,READ,
w8,2025-12-19T14:43:05.705204Z,13.296,200,True,0x17a3649Ac7847fC2048db0ceD97945aA7dCEdC8a,INSURER,856,OTHER,1,READ,
w63,2025-12-19T14:43:05.705306Z,13.303,200,True,0x5ACFAa5B3cF34961Fe72993cF32654Dff1eBc4ea,INSURER,61,VIDEO,2,READ,
w9,2025-12-19T14:43:05.705406Z,13.306,200,True,0x4D2e324068BA02Eb613f39F882B7ED435DaAe089,INSURER,183,VIDEO,2,READ,
w64,2025-12-19T14:43:05.705510Z,13.302,200,True,0x1cF317F4288CfC3FdA6295dC3Ee1f3e2F8B03592,ADJUSTER,569,FNOL,4,READ,
w10,2025-12-19T14:43:05.705613Z,13.298,200,True,0xdbCa1F43d1B1fE30218A3870f8CE54eA068b9546,COURT,722,TELEMATICS,3,READ,
w65,2025-12-19T14:43:05.705722Z,13.290,200,True,0x34BBE78F5E8eF7F758481402618b9CA85b1a3CF7,ADJUSTER,753,TELEMATICS,3,READ,
w11,2025-12-19T14:43:05.705832Z,13.281,200,True,0x8d0151c4F2bF27afD2201C7C4fE56A90B0DA58Fe,INSURER,818,TELEMATICS,3,READ,
w66,2025-12-19T14:43:05.705937Z,13.276,200,True,0x92416914cF3F47944a8e5CCBA5d619b68b615D33,POLICE,317,IMAGE,2,READ,
w12,2025-12-19T14:43:05.706042Z,13.270,200,True,0x9D27B273CA2f10A2b874e5280Aa7A5081BdC694C,INSURER,369,IMAGE,2,READ,
w67,2025-12-19T14:43:05.706148Z,13.261,200,True,0x536e3B0833a6eBb933f385c0b0De10423705f7a1,COURT,843,TELEMATICS,3,READ,
w13,2025-12-19T14:43:05.706269Z,13.239,200,True,0xD162EE2e18AC5c1AdC8152fd82CeDcE024c00f75,POLICE,176,VIDEO,2,READ,
w68,2025-12-19T14:43:05.706380Z,13.231,200,True,0xECB4fA8D986702c344aB4Aacfa51CfeD104110bA,ADJUSTER,93,VIDEO,2,READ,
w14,2025-12-19T14:43:05.706541Z,13.188,200,True,0xd0eD43b7e3956873eD7AB8414636734c48656D80,ADJUSTER,625,FNOL,4,READ,
w69,2025-12-19T14:43:05.706662Z,13.175,200,True,0x5ACFAa5B3cF34961Fe72993cF32654Dff1eBc4ea,INSURER,830,TELEMATICS,3,READ,
w15,2025-12-19T14:43:05.706781Z,13.164,403,False,0xD655a56fEE3b3b955dDD12746620A181f93F16e6,POLICE,952,OTHER,1,READ,
w70,2025-12-19T14:43:05.706897Z,13.154,200,True,0x2bae1eb63108Ab352DaD7842Af98F4e1768425C1,ADJUSTER,950,OTHER,1,READ,
w16,2025-12-19T14:43:05.707031Z,13.254,200,True,0x1F118D13DD44a163CF0Cfe93a2339019D5089D5c,ADJUSTER,954,OTHER,1,READ,
w71,2025-12-19T14:43:05.707138Z,13.513,200,True,0x2bae1eb63108Ab352DaD7842Af98F4e1768425C1,ADJUSTER,571,FNOL,4,READ,
w17,2025-12-19T14:43:05.707242Z,13.604,200,True,0x9Cc1e0F54e3D09Bf83b9f43222Ef44e11F170ff5,INSURER,333,IMAGE,2,READ,
w72,2025-12-19T14:43:05.707367Z,13.632,200,True,0xfc909f67c3BA8552cdb1B0bA216742E485d43BA1,ADJUSTER,181,VIDEO,2,READ,
w18,2025-12-19T14:43:05.707529Z,13.606,200,True,0x3CeB0Aa9CCc9c0A29a814fBD5c1aD23dca52aeb6,ADJUSTER,322,IMAGE,2,READ,
w73,2025-12-19T14:43:05.707703Z,13.549,200,True,0xb0276419CD1DA3AF0406c1b6D9D2302B8CDAc670,POLICE,58,VIDEO,2,READ,
w19,2025-12-19T14:43:05.707906Z,13.461,200,True,0x3015CaAdD111E6bb308586Fb390005C8F75848A7,POLICE,316,IMAGE,2,READ,
w74,2025-12-19T14:43:05.708107Z,13.378,200,True,0x24a8D6d1D04D0d1D3e1c665a8Bd2f2B50Cb7097F,GARAGE,392,IMAGE,2,READ,
w20,2025-12-19T14:43:05.708285Z,13.306,200,True,0xfc909f67c3BA8552cdb1B0bA216742E485d43BA1,ADJUSTER,420,IMAGE,2,READ,
w75,2025-12-19T14:43:05.708431Z,13.279,403,False,0xb113F22B749C4efc290Eb311C18c72DF29481dAE,ADJUSTER,559,MEDICAL_REPORT,5,READ,
w76,2025-12-19T14:43:05.708555Z,13.269,200,True,0x417E040C3F0A2094fa86aE1A22D89f21ad5f2c91,INSURER,111,VIDEO,2,READ,
w77,2025-12-19T14:43:05.708669Z,13.269,403,False,0x12A0e24FbEa46bC85bd893CE5E21beFB44f88f15,POLICE,679,MEDICAL_REPORT,5,READ,
w21,2025-12-19T14:43:05.708777Z,13.278,200,True,0x501d27511202E1C0343B6ee79241254B3C3d4378,INSURER,122,VIDEO,2,READ,
w78,2025-12-19T14:43:05.708896Z,13.264,200,True,0x0b5E323fB184f11d5882ca0773Ff29b91c76b407,ADJUSTER,337,IMAGE,2,READ,
w22,2025-12-19T14:43:05.709013Z,13.261,403,False,0xF9A0ebFF6934d204B4E2240E8c635586556a6bBf,POLICE,964,OTHER,1,READ,
w79,2025-12-19T14:43:05.709121Z,13.289,200,True,0x1D3a19aAC334311E82F8439171A040835c8049F7,REGULATOR,195,VIDEO,2,READ,
w23,2025-12-19T14:43:05.709232Z,13.308,200,True,0x6C083CdC9F152E5a82DB28241FBea8958a62a549,COURT,234,VIDEO,2,READ,
w80,2025-12-19T14:43:05.709339Z,13.311,200,True,0xd222D38Ccd1502056A8264eaCB2fCfc6c96F6B61,ADJUSTER,693,FNOL,4,READ,
w24,2025-12-19T14:43:05.709440Z,13.327,200,True,0x5cB8e3e86426cca28B81a1F506b0c918fa230526,INSURER,590,FNOL,4,READ,
w81,2025-12-19T14:43:05.710215Z,13.422,200,True,0xA9da87e421E9bF79a8e80EaD31e737D98aa626eE,INSURER,742,TELEMATICS,3,READ,
w25,2025-12-19T14:43:05.710371Z,13.429,200,True,0x1f45920F4b49aD1E6d3d6542163Da1Fc12B8F399,POLICE,325,IMAGE,2,READ,
w82,2025-12-19T14:43:05.710514Z,13.427,200,True,0x9a076822Eb2A5Aff3AfdAC8DF2620AD153dC4035,POLICE,35,VIDEO,2,READ,
w26,2025-12-19T14:43:05.710634Z,13.426,200,True,0xaF805972401628544EBe993aC94305E19571431b,INSURER,257,IMAGE,2,READ,
w83,2025-12-19T14:43:05.710748Z,13.426,200,True,0xa1d85548f437eb81200cF05523C35E95aFB59c79,INSURER,970,OTHER,1,READ,
w27,2025-12-19T14:43:05.710859Z,13.422,200,True,0x8e18b3Dc00a5886aeb63bE8dFcd734BAda06Bf8a,REGULATOR,592,MEDICAL_REPORT,5,READ,
w84,2025-12-19T14:43:05.710964Z,13.433,200,True,0x07991919AA37C0FdbeD66174B280e6da9FE695d7,ADJUSTER,347,IMAGE,2,READ,
w28,2025-12-19T14:43:05.712261Z,13.337,200,True,0xDB6a12DbE55181c3f880bD63570EA3f3AC91e63A,ADJUSTER,27,VIDEO,2,READ,
w85,2025-12-19T14:43:05.712406Z,13.332,200,True,0x8EacD2DD8F1d188ca58Ce26655097d63c95b65BB,ADJUSTER,475,IMAGE,2,READ,
w29,2025-12-19T14:43:05.712529Z,13.339,200,True,0x592bB49f1f64a954F181cc99489664AeC05bB383,COURT,398,IMAGE,2,READ,
w86,2025-12-19T14:43:05.712645Z,13.338,200,True,0x5436Ade91ba3a6360A1246339D36223f463dF81a,INSURER,700,MEDICAL_REPORT,5,READ,
w30,2025-12-19T14:43:05.712759Z,13.338,200,True,0xF2c90E8ED7e59FCFb44ff6056Cf906449175c417,REGULATOR,126,VIDEO,2,READ,
w87,2025-12-19T14:43:05.712880Z,13.336,200,True,0x3C54f0201259B5BB5Dd5dBCD0Ccf8A9522BB30FD,INSURER,468,IMAGE,2,READ,
w31,2025-12-19T14:43:05.712992Z,13.346,200,True,0x6d633edcb7CD9413cd0509faebAE113ec0EC2FBc,INSURER,239,VIDEO,2,READ,
w88,2025-12-19T14:43:05.713100Z,13.349,403,False,0x3015CaAdD111E6bb308586Fb390005C8F75848A7,POLICE,773,TELEMATICS,3,READ,
w32,2025-12-19T14:43:05.713206Z,13.353,200,True,0x1f45920F4b49aD1E6d3d6542163Da1Fc12B8F399,POLICE,483,IMAGE,2,READ,
w89,2025-12-19T14:43:05.713306Z,13.361,200,True,0x29Ab7D36C4d714Ab42079831182cFeA1dF363Eae,COURT,84,VIDEO,2,READ,
w33,2025-12-19T14:43:05.713405Z,13.363,200,True,0x06D4bAEDddd3B73284654b61bec9CF7C3D667E84,ADJUSTER,498,IMAGE,2,READ,
w90,2025-12-19T14:43:05.713506Z,13.368,200,True,0x8a68D81A9d3c90fE303344fA200a40Ad65bB9234,ADJUSTER,27,VIDEO,2,READ,
w34,2025-12-19T14:43:05.713606Z,13.372,200,True,0x2Fd075dD3CC039D228Ac107272729a1129782C59,GARAGE,499,IMAGE,2,READ,
w91,2025-12-19T14:43:05.713723Z,13.362,200,True,0x1dDd4F87D89500d1d92400BaE6cdb8373566adeE,INSURER,940,OTHER,1,READ,
w35,2025-12-19T14:43:05.713831Z,13.361,200,True,0xD162EE2e18AC5c1AdC8152fd82CeDcE024c00f75,POLICE,268,IMAGE,2,READ,
w92,2025-12-19T14:43:05.713935Z,13.361,403,False,0xF9EA48F4E0d76E96a3755d17b67fF2F7157C7911,POLICE,958,OTHER,1,READ,
w36,2025-12-19T14:43:05.714037Z,13.363,200,True,0x67F4F8CE04FD59Bf243930A77adCf14537A0B5D2,ADJUSTER,545,FNOL,4,READ,
w2,2025-12-19T14:43:05.714137Z,13.365,200,True,0x8d04Ed80530786073721Ae9c38cD46D45dd71756,INSURER,251,IMAGE,2,READ,
w37,2025-12-19T14:43:05.714238Z,13.364,200,True,0xe68d19e611fc7Cd8D9184Dbf3034203A5B0ba7E9,INSURER,976,OTHER,1,READ,
w93,2025-12-19T14:43:05.714339Z,13.377,403,False,0xe2B8d1C6c9c24880899f9658aB855CaA7c476FA1,POLICE,583,MEDICAL_REPORT,5,READ,
w94,2025-12-19T14:43:05.714450Z,13.373,200,True,0x67F4F8CE04FD59Bf243930A77adCf14537A0B5D2,ADJUSTER,93,VIDEO,2,READ,
w38,2025-12-19T14:43:05.714562Z,13.378,200,True,0x8C0A9562bA06c26cD697012F2C311Ab93431CB08,INSURER,381,IMAGE,2,READ,
w95,2025-12-19T14:43:05.714667Z,13.385,200,True,0xF2c90E8ED7e59FCFb44ff6056Cf906449175c417,REGULATOR,921,OTHER,1,READ,
w39,2025-12-19T14:43:05.714771Z,13.382,200,True,0x7f9fe1a6ad85DEBFdFB998d4E7Ddb5cb2fD1bd63,INSURER,900,OTHER,1,READ,
w96,2025-12-19T14:43:05.714871Z,13.382,200,True,0xdbCa1F43d1B1fE30218A3870f8CE54eA068b9546,COURT,130,VIDEO,2,READ,
w40,2025-12-19T14:43:05.714973Z,13.387,200,True,0xaF805972401628544EBe993aC94305E19571431b,INSURER,535,FNOL,4,READ,
w97,2025-12-19T14:43:05.715078Z,13.390,200,True,0x1370507A4d90d4951D78E9186DFEbFFbD0102eb0,INSURER,53,VIDEO,2,READ,
w41,2025-12-19T14:43:05.715178Z,13.384,200,True,0x7034d06498b2196468b6eD861eda7B5D1cb5594c,REGULATOR,88,VIDEO,2,READ,
w1,2025-12-19T14:43:05.715311Z,13.345,200,True,0xb00fDdDb57D515d86B84D0A2E8E492d9b6082070,INSURER,404,IMAGE,2,READ,
w42,2025-12-19T14:43:05.715425Z,13.339,403,False,0x8e698D53B82C116210BD73e1cA88584086b03795,POLICE,804,TELEMATICS,3,READ,
w98,2025-12-19T14:43:05.715526Z,13.343,200,True,0x7d050D9da028bFC0eFF937489B90834dEFC533f3,INSURER,995,OTHER,1,READ,
w99,2025-12-19T14:43:05.715624Z,13.346,200,True,0x39f6D3043406601E6c6B8f786B46298Be5738EC8,INSURER,80,VIDEO,2,READ,
w43,2025-12-19T14:43:05.715721Z,13.357,200,True,0xbDC02CAdBc892839484c2D2A7933028B4Cb9DBcE,INSURER,684,FNOL,4,READ,
w44,2025-12-19T14:43:05.715821Z,13.359,403,False,0x8a68D81A9d3c90fE303344fA200a40Ad65bB9234,ADJUSTER,620,MEDICAL_REPORT,5,READ,
w0,2025-12-19T14:43:05.715920Z,13.359,200,True,0xC9d315B25D2f58D8299fD726f1bd40D5b077C4a4,ADJUSTER,417,IMAGE,2,READ,
w45,2025-12-19T14:43:05.716016Z,13.360,200,True,0xcbA3c1E62e024046934d519a26b637Dd0dfD1b3c,REGULATOR,970,OTHER,1,READ,
w3,2025-12-19T14:43:05.716125Z,13.349,403,False,0x20f5B667b21b5fC5b82Fa52c25088446F4026127,POLICE,819,TELEMATICS,3,READ,
w46,2025-12-19T14:43:05.716233Z,13.349,200,True,0x834FebF68f8d4290AF73435F29e38943Dd993eca,POLICE,442,IMAGE,2,READ,
w47,2025-12-19T14:43:05.716343Z,13.345,403,False,0x68c8c090a608c0B78636f50F6950137E9BBbEA97,GARAGE,50,VIDEO,2,READ,
w48,2025-12-19T14:43:05.716452Z,13.338,200,True,0x39f310D9c7221cAEF10d101bFB16Ecc0DF2654F9,INSURER,592,MEDICAL_REPORT,5,READ,
w49,2025-12-19T14:43:05.716551Z,13.339,200,True,0xdbCa1F43d1B1fE30218A3870f8CE54eA068b9546,COURT,593,MEDICAL_REPORT,5,READ,
w50,2025-12-19T14:43:05.716644Z,13.345,200,True,0xdF8A225C5B1E14558757B029B89e2F233515a798,ADJUSTER,622,FNOL,4,READ,
w51,2025-12-19T14:43:05.716737Z,13.360,200,True,0x8B87C429526Ce971509028A2d05b54c02704CDb3,INSURER,384,IMAGE,2,READ,
w52,2025-12-19T14:43:05.716838Z,13.366,200,True,0xD91E6fbf8C6C9F06DA14fCEc6BB1f34719Cb6AfF,INSURER,629,FNOL,4,READ,
w53,2025-12-19T14:43:05.716947Z,13.359,200,True,0x39f6D3043406601E6c6B8f786B46298Be5738EC8,INSURER,28,VIDEO,2,READ,
w54,2025-12-19T14:43:05.717048Z,13.365,200,True,0x6C083CdC9F152E5a82DB28241FBea8958a62a549,COURT,372,IMAGE,2,READ,
w55,2025-12-19T14:43:05.717148Z,13.365,200,True,0xf7E1883f933104b142c40E92e6624179359b44C2,INSURER,864,OTHER,1,READ,
w56,2025-12-19T14:43:05.717247Z,13.370,200,True,0xE6eF4f2c9De0532C38589a58Fbde2BBC1C31279B,ADJUSTER,906,OTHER,1,READ,
w57,2025-12-19T14:43:05.717349Z,13.376,200,True,0x4b325498d9Ec08b7e1eb3C52CE9a554ea24D3737,INSURER,183,VIDEO,2,READ,
w58,2025-12-19T14:43:05.717448Z,13.377,200,True,0x094A1Ff3795B2267aEA059A54C374B2CdB84D45e,COURT,447,IMAGE,2,READ,
w4,2025-12-19T14:43:05.717615Z,13.310,200,True,0x555115C078B14a18238D974E5351E87E050EbE47,ADJUSTER,651,FNOL,4,READ,
w59,2025-12-19T14:43:05.717746Z,13.281,200,True,0xd222D38Ccd1502056A8264eaCB2fCfc6c96F6B61,ADJUSTER,781,TELEMATICS,3,READ,
w5,2025-12-19T14:43:05.717859Z,13.274,200,True,0xDB6a12DbE55181c3f880bD63570EA3f3AC91e63A,ADJUSTER,648,FNOL,4,READ,
w60,2025-12-19T14:43:05.717965Z,13.271,200,True,0x67f187dcbDE2Fbf24Ec1508f7AAdF943bcE1f668,INSURER,237,VIDEO,2,READ,
w6,2025-12-19T14:43:05.718066Z,13.273,200,True,0xeE7a8fa9C275631851e5D7dc28236a336206c473,COURT,345,IMAGE,2,READ,
w61,2025-12-19T14:43:05.718186Z,13.255,200,True,0xD81101A371257d1229a21CEAed60dD23BBb1a2B1,ADJUSTER,485,IMAGE,2,READ,
w7,2025-12-19T14:43:05.718293Z,13.248,200,True,0x592bB49f1f64a954F181cc99489664AeC05bB383,COURT,955,OTHER,1,READ,
w62,2025-12-19T14:43:05.718391Z,13.249,200,True,0x536e3B0833a6eBb933f385c0b0De10423705f7a1,COURT,163,VIDEO,2,READ,
w8,2025-12-19T14:43:05.718505Z,13.236,200,True,0x68c8c090a608c0B78636f50F6950137E9BBbEA97,GARAGE,396,IMAGE,2,READ,
w63,2025-12-19T14:43:05.718613Z,13.231,403,False,0x71f923CB5F826712E139D152d18028dE817Bae65,GARAGE,185,VIDEO,2,READ,
w9,2025-12-19T14:43:05.718716Z,13.234,200,True,0x5B9Fe195263932C148aB2997922dda28a64aD5A9,INSURER,734,TELEMATICS,3,READ,
w64,2025-12-19T14:43:05.718815Z,13.239,200,True,0x24a62efdAe4d80281BAc758e86a4E386905c720C,GARAGE,478,IMAGE,2,READ,
w10,2025-12-19T14:43:05.718914Z,13.241,200,True,0x1cF317F4288CfC3FdA6295dC3Ee1f3e2F8B03592,ADJUSTER,115,VIDEO,2,READ,
w65,2025-12-19T14:43:05.719016Z,13.246,200,True,0x6f5CC3De03FD8Ff029C145d99B3A9D30D2c0A71D,INSURER,671,FNOL,4,READ,
w11,2025-12-19T14:43:05.719117Z,13.258,200,True,0x40B970b53BFF9D4A11Fe90cD35998f21368a2830,POLICE,133,VIDEO,2,READ,
w66,2025-12-19T14:43:05.719216Z,13.266,200,True,0xbDC02CAdBc892839484c2D2A7933028B4Cb9DBcE,INSURER,328,IMAGE,2,READ,
w12,2025-12-19T14:43:05.719316Z,13.268,200,True,0x31A860cfF3A3D2B972B9EE41a34653e31b6143DD,ADJUSTER,598,FNOL,4,READ,
w67,2025-12-19T14:43:05.719413Z,13.263,200,True,0x0157eAF28226F1508d622a947510555A7D0a565c,INSURER,285,IMAGE,2,READ,
w13,2025-12-19T14:43:05.719512Z,13.255,200,True,0xF173F4d5ADdf0E7a16e318fFd5937Dfb27583015,INSURER,347,IMAGE,2,READ,
w68,2025-12-19T14:43:05.719615Z,13.242,403,False,0xF9A0ebFF6934d204B4E2240E8c635586556a6bBf,POLICE,895,OTHER,1,READ,
w14,2025-12-19T14:43:05.719733Z,13.218,200,True,0x1370507A4d90d4951D78E9186DFEbFFbD0102eb0,INSURER,983,OTHER,1,READ,
w69,2025-12-19T14:43:05.719850Z,13.193,200,True,0x39f6D3043406601E6c6B8f786B46298Be5738EC8,INSURER,377,IMAGE,2,READ,
w15,2025-12-19T14:43:05.719949Z,13.189,403,False,0xe2a2B0b479b477f22BDd40fF8137AC17F6e34B2e,GARAGE,502,FNOL,4,READ,
w70,2025-12-19T14:43:05.720056Z,13.184,200,True,0x1e237843BDabB13CAAF8C9B59868118a067a706f,INSURER,897,OTHER,1,READ,
w16,2025-12-19T14:43:05.720292Z,13.044,200,True,0xB681a7921F6B4dE01c32e0986627275Edcd5e568,INSURER,624,MEDICAL_REPORT,5,READ,
w71,2025-12-19T14:43:05.720660Z,12.772,200,True,0x34BBE78F5E8eF7F758481402618b9CA85b1a3CF7,ADJUSTER,475,IMAGE,2,READ,
w17,2025-12-19T14:43:05.720853Z,12.675,200,True,0x8d04Ed80530786073721Ae9c38cD46D45dd71756,INSURER,262,IMAGE,2,READ,
w72,2025-12-19T14:43:05.721004Z,12.628,200,True,0x13574B3384B73DcA7b44aa015680060B3561B666,POLICE,209,VIDEO,2,READ,
w18,2025-12-19T14:43:05.721139Z,12.591,200,True,0x1D3a19aAC334311E82F8439171A040835c8049F7,REGULATOR,961,OTHER,1,READ,
w73,2025-12-19T14:43:05.721255Z,12.569,200,True,0x4b325498d9Ec08b7e1eb3C52CE9a554ea24D3737,INSURER,812,TELEMATICS,3,READ,
w19,2025-12-19T14:43:05.721371Z,12.547,200,True,0x555115C078B14a18238D974E5351E87E050EbE47,ADJUSTER,41,VIDEO,2,READ,
w74,2025-12-19T14:43:05.721489Z,12.524,200,True,0xA07Ab60Dc6F87DcAbEA86aDb690fFf1e30BB14A6,COURT,35,VIDEO,2,READ,
w20,2025-12-19T14:43:05.721596Z,12.516,200,True,0x6d633edcb7CD9413cd0509faebAE113ec0EC2FBc,INSURER,49,VIDEO,2,READ,
w75,2025-12-19T14:43:05.721716Z,12.499,200,True,0x342E14b11b9f83662a05FF03e2f43C71f9Bf4873,REGULATOR,290,IMAGE,2,READ,
w76,2025-12-19T14:43:05.721829Z,12.483,403,False,0x71f923CB5F826712E139D152d18028dE817Bae65,GARAGE,31,VIDEO,2,READ,
w77,2025-12-19T14:43:05.721943Z,12.472,403,False,0xf3f97A6811D6ad4d52078Dca9bAe96C8d8136764,ADJUSTER,691,MEDICAL_REPORT,5,READ,
w21,2025-12-19T14:43:05.722061Z,12.450,200,True,0xe84288AfCCFcafd9a8AB74D8F555C5448a911Eb5,INSURER,730,TELEMATICS,3,READ,
w78,2025-12-19T14:43:05.722164Z,12.442,200,True,0xF9A0ebFF6934d204B4E2240E8c635586556a6bBf,POLICE,414,IMAGE,2,READ,
w22,2025-12-19T14:43:05.722277Z,12.439,200,True,0x9D65961198142f8eE2223b06687b0C16ED30B78E,POLICE,174,VIDEO,2,READ,
w79,2025-12-19T14:43:05.722416Z,12.404,403,False,0x2Fd075dD3CC039D228Ac107272729a1129782C59,GARAGE,552,MEDICAL_REPORT,5,READ,
w23,2025-12-19T14:43:05.722544Z,12.380,200,True,0x23d961Bbd1C6082e8A752192D3D652cd833EFf20,COURT,486,IMAGE,2,READ,
w80,2025-12-19T14:43:05.722654Z,12.369,200,True,0x8C0A9562bA06c26cD697012F2C311Ab93431CB08,INSURER,843,TELEMATICS,3,READ,
w24,2025-12-19T14:43:05.722772Z,12.357,200,True,0x1d1694bc32c0223F44b4aC0956BE792a5996Cb79,INSURER,355,IMAGE,2,READ,
w81,2025-12-19T14:43:05.723643Z,12.264,200,True,0x065803C5af851Dda212c2b93EabB66A8eE0Adb34,INSURER,774,TELEMATICS,3,READ,
w25,2025-12-19T14:43:05.723805Z,12.248,200,True,0xd3ad26904604cf4A6e4Ef026c902c9f70562F892,INSURER,228,VIDEO,2,READ,
w82,2025-12-19T14:43:05.723945Z,12.225,200,True,0xA18C8C6aE69cB5aabAA3EfDdF1c38c4dE58494CA,INSURER,394,IMAGE,2,READ,
w26,2025-12-19T14:43:05.724065Z,12.204,200,True,0xb8Cb388cDb00044EeC03d7b0D63f1FafF89B668F,INSURER,680,MEDICAL_REPORT,5,READ,
w83,2025-12-19T14:43:05.724178Z,12.197,200,True,0xB29E5C47C181524AB77DF0E7095d8d832f9Afe6C,ADJUSTER,413,IMAGE,2,READ,
w27,2025-12-19T14:43:05.724286Z,12.189,200,True,0x7f9fe1a6ad85DEBFdFB998d4E7Ddb5cb2fD1bd63,INSURER,688,FNOL,4,READ,
w84,2025-12-19T14:43:05.724401Z,12.171,200,True,0x11aaC79A517D8afa3a7DB9b5B2E4a2592284C7AE,INSURER,2,VIDEO,2,READ,
w28,2025-12-19T14:43:05.725605Z,12.562,200,True,0xdF8A225C5B1E14558757B029B89e2F233515a798,ADJUSTER,324,IMAGE,2,READ,
w85,2025-12-19T14:43:05.725744Z,12.650,403,False,0x40B970b53BFF9D4A11Fe90cD35998f21368a2830,POLICE,916,OTHER,1,READ,
w29,2025-12-19T14:43:05.725872Z,12.704,200,True,0xcbA3c1E62e024046934d519a26b637Dd0dfD1b3c,REGULATOR,560,FNOL,4,READ,
w86,2025-12-19T14:43:05.725987Z,12.753,200,True,0xF2c90E8ED7e59FCFb44ff6056Cf906449175c417,REGULATOR,610,FNOL,4,READ,
w30,2025-12-19T14:43:05.726101Z,12.768,200,True,0xf306C99564607882567c83a33f4e5EEEb8bF050e,ADJUSTER,7,VIDEO,2,READ,
w87,2025-12-19T14:43:05.726221Z,12.763,200,True,0xe68d19e611fc7Cd8D9184Dbf3034203A5B0ba7E9,INSURER,556,FNOL,4,READ,
w31,2025-12-19T14:43:05.726342Z,12.756,200,True,0x501d27511202E1C0343B6ee79241254B3C3d4378,INSURER,540,MEDICAL_REPORT,5,READ,
w88,2025-12-19T14:43:05.726454Z,12.774,200,True,0x1D3a19aAC334311E82F8439171A040835c8049F7,REGULATOR,434,IMAGE,2,READ,
w32,2025-12-19T14:43:05.726564Z,12.789,200,True,0xF2c90E8ED7e59FCFb44ff6056Cf906449175c417,REGULATOR,819,TELEMATICS,3,READ,
w89,2025-12-19T14:43:05.726671Z,12.793,200,True,0xC9d315B25D2f58D8299fD726f1bd40D5b077C4a4,ADJUSTER,281,IMAGE,2,READ,
w33,2025-12-19T14:43:05.726772Z,12.842,200,True,0x8B87C429526Ce971509028A2d05b54c02704CDb3,INSURER,171,VIDEO,2,READ,
w90,2025-12-19T14:43:05.726877Z,12.986,403,False,0xdFCd3364f36CdB72072987Ba9e3a6197F2807c1A,GARAGE,889,OTHER,1,READ,
w34,2025-12-19T14:43:05.726982Z,13.084,200,True,0x99a806d3b557c0a8e626Cef888962d06713ad5f6,COURT,873,OTHER,1,READ,
w91,2025-12-19T14:43:05.727089Z,13.126,200,True,0x8419AD6d02e583D482E66F544e7fCc8a4078cE52,INSURER,525,MEDICAL_REPORT,5,READ,
w35,2025-12-19T14:43:05.727196Z,13.147,200,True,0x711d7620b4C341A6A91E38D0c75783C80FfEdcED,COURT,640,MEDICAL_REPORT,5,READ,
w92,2025-12-19T14:43:05.727301Z,13.168,200,True,0x67F4F8CE04FD59Bf243930A77adCf14537A0B5D2,ADJUSTER,326,IMAGE,2,READ,
w36,2025-12-19T14:43:05.727404Z,13.188,200,True,0xa1d85548f437eb81200cF05523C35E95aFB59c79,INSURER,928,OTHER,1,READ,
w2,2025-12-19T14:43:05.727506Z,13.213,200,True,0x7034d06498b2196468b6eD861eda7B5D1cb5594c,REGULATOR,462,IMAGE,2,READ,
w37,2025-12-19T14:43:05.727607Z,13.235,200,True,0xceebe3C41b74d2c472F28A01C7CC44d6aAcA498F,INSURER,433,IMAGE,2,READ,
w93,2025-12-19T14:43:05.727720Z,13.238,200,True,0x9faB46D850015a996dAa8c1858e4cA1262E31bE2,INSURER,683,FNOL,4,READ,
w94,2025-12-19T14:43:05.727828Z,13.244,200,True,0x5Adf6dA1124Cb04f8e27b4b197b6521C42AD0641,INSURER,319,IMAGE,2,READ,
w38,2025-12-19T14:43:05.727943Z,13.239,200,True,0x23d961Bbd1C6082e8A752192D3D652cd833EFf20,COURT,958,OTHER,1,READ,
w95,2025-12-19T14:43:05.728056Z,13.234,200,True,0x8C0A9562bA06c26cD697012F2C311Ab93431CB08,INSURER,901,OTHER,1,READ,
w39,2025-12-19T14:43:05.728158Z,13.256,200,True,0x0157eAF28226F1508d622a947510555A7D0a565c,INSURER,420,IMAGE,2,READ,
w96,2025-12-19T14:43:05.728257Z,13.275,200,True,0x1D3a19aAC334311E82F8439171A040835c8049F7,REGULATOR,825,TELEMATICS,3,READ,
w40,2025-12-19T14:43:05.728364Z,13.276,200,True,0xd0eD43b7e3956873eD7AB8414636734c48656D80,ADJUSTER,750,TELEMATICS,3,READ,
w97,2025-12-19T14:43:05.728471Z,13.275,200,True,0x99a806d3b557c0a8e626Cef888962d06713ad5f6,COURT,832,TELEMATICS,3,READ,
w41,2025-12-19T14:43:05.728567Z,13.284,403,False,0xdadC347Cbfd9bcB5e0E6bd20fA005df38d4fdFa0,ADJUSTER,679,MEDICAL_REPORT,5,READ,
w1,2025-12-19T14:43:05.728660Z,13.301,200,True,0x91229246e94c04361C72A11629D800CfBaC95674,COURT,297,IMAGE,2,READ,
w42,2025-12-19T14:43:05.728768Z,13.299,200,True,0xa1d85548f437eb81200cF05523C35E95aFB59c79,INSURER,644,FNOL,4,READ,
w98,2025-12-19T14:43:05.728873Z,13.295,200,True,0x1734cC5117Ca09e57A599f0E72469FEad0d749F9,REGULATOR,961,OTHER,1,READ,
w99,2025-12-19T14:43:05.728974Z,13.295,403,False,0x834FebF68f8d4290AF73435F29e38943Dd993eca,POLICE,568,MEDICAL_REPORT,5,READ,
w43,2025-12-19T14:43:05.729083Z,13.299,200,True,0xF9EA48F4E0d76E96a3755d17b67fF2F7157C7911,POLICE,23,VIDEO,2,READ,
w44,2025-12-19T14:43:05.729184Z,13.304,200,True,0x4b325498d9Ec08b7e1eb3C52CE9a554ea24D3737,INSURER,78,VIDEO,2,READ,
w0,2025-12-19T14:43:05.729283Z,13.308,200,True,0x168EC3290512E1AcbB8201aeD946f3BA1Ed1effc,INSURER,292,IMAGE,2,READ,
w45,2025-12-19T14:43:05.729379Z,13.325,200,True,0x4b325498d9Ec08b7e1eb3C52CE9a554ea24D3737,INSURER,384,IMAGE,2,READ,
w3,2025-12-19T14:43:05.729477Z,13.337,200,True,0x5Adf6dA1124Cb04f8e27b4b197b6521C42AD0641,INSURER,30,VIDEO,2,READ,
w46,2025-12-19T14:43:05.729588Z,13.334,200,True,0x6f5CC3De03FD8Ff029C145d99B3A9D30D2c0A71D,INSURER,765,TELEMATICS,3,READ,
w47,2025-12-19T14:43:05.729693Z,13.336,403,False,0xe2a2B0b479b477f22BDd40fF8137AC17F6e34B2e,GARAGE,871,OTHER,1,READ,
w48,2025-12-19T14:43:05.729794Z,13.346,200,True,0xF9EA48F4E0d76E96a3755d17b67fF2F7157C7911,POLICE,489,IMAGE,2,READ,
w49,2025-12-19T14:43:05.729894Z,13.349,200,True,0x1e237843BDabB13CAAF8C9B59868118a067a706f,INSURER,253,IMAGE,2,READ,
w50,2025-12-19T14:43:05.729993Z,13.366,200,True,0x23d961Bbd1C6082e8A752192D3D652cd833EFf20,COURT,826,TELEMATICS,3,READ,
w51,2025-12-19T14:43:05.730102Z,13.365,200,True,0x33a629009de39E5811F7332ed385861ec1A77876,INSURER,177,VIDEO,2,READ,
w52,2025-12-19T14:43:05.730208Z,13.365,200,True,0x6C9757f257381323C7E688e7935C2755df2DdaF3,INSURER,549,FNOL,4,READ,
w53,2025-12-19T14:43:05.730309Z,13.378,200,True,0x168EC3290512E1AcbB8201aeD946f3BA1Ed1effc,INSURER,594,FNOL,4,READ,
w54,2025-12-19T14:43:05.730417Z,13.399,200,True,0xceebe3C41b74d2c472F28A01C7CC44d6aAcA498F,INSURER,471,IMAGE,2,READ,
w55,2025-12-19T14:43:05.730517Z,13.410,403,False,0x20f5B667b21b5fC5b82Fa52c25088446F4026127,POLICE,886,OTHER,1,READ,
w56,2025-12-19T14:43:05.730620Z,13.410,200,True,0xcbA3c1E62e024046934d519a26b637Dd0dfD1b3c,REGULATOR,205,VIDEO,2,READ,
w57,2025-12-19T14:43:05.730729Z,13.411,200,True,0x00a777ADb6935EdBdF8a8529125d1fbd93EdBA56,INSURER,832,TELEMATICS,3,READ,
w58,2025-12-19T14:43:05.730829Z,13.433,200,True,0x592bB49f1f64a954F181cc99489664AeC05bB383,COURT,2,VIDEO,2,READ,
w4,2025-12-19T14:43:05.730929Z,13.442,403,False,0x0b5E323fB184f11d5882ca0773Ff29b91c76b407,ADJUSTER,689,MEDICAL_REPORT,5,READ,
w59,2025-12-19T14:43:05.731031Z,13.449,200,True,0x522720c7F4efE7A2D43976187610Dc8c55F17207,POLICE,360,IMAGE,2,READ,
w5,2025-12-19T14:43:05.731137Z,13.447,200,True,0x5436Ade91ba3a6360A1246339D36223f463dF81a,INSURER,23,VIDEO,2,READ,
w60,2025-12-19T14:43:05.731240Z,13.452,200,True,0x34BBE78F5E8eF7F758481402618b9CA85b1a3CF7,ADJUSTER,597,FNOL,4,READ,
w6,2025-12-19T14:43:05.731344Z,13.450,200,True,0xe34b6a9Bc4D2c8Ee70eEd4111Ea531E97DDb4c4E,COURT,559,MEDICAL_REPORT,5,READ,
w61,2025-12-19T14:43:05.731444Z,13.452,200,True,0xe84288AfCCFcafd9a8AB74D8F555C5448a911Eb5,INSURER,284,IMAGE,2,READ,
w7,2025-12-19T14:43:05.731544Z,13.463,200,True,0xB4C59915aF17bAB024Db05F0230B8Ee1aF00388d,COURT,271,IMAGE,2,READ,
w62,2025-12-19T14:43:05.731644Z,13.472,200,True,0x8419AD6d02e583D482E66F544e7fCc8a4078cE52,INSURER,980,OTHER,1,READ,
w8,2025-12-19T14:43:05.731744Z,13.477,200,True,0x4a5907024898DA4eE2BA57e89D767C6406ebD232,INSURER,596,FNOL,4,READ,
w63,2025-12-19T14:43:05.731847Z,13.488,200,True,0xe34b6a9Bc4D2c8Ee70eEd4111Ea531E97DDb4c4E,COURT,13,VIDEO,2,READ,
w9,2025-12-19T14:43:05.731954Z,13.489,200,True,0x07e862A62f1C2E59d2B46Cb02c0B6469F0F2Ce6C,ADJUSTER,952,OTHER,1,READ,
w64,2025-12-19T14:43:05.732059Z,13.486,200,True,0xc6fd3ebdCCe1922C2aAF225B6Ae37C875b175082,ADJUSTER,163,VIDEO,2,READ,
w10,2025-12-19T14:43:05.732159Z,13.485,200,True,0xa162d20e1Ea3efe0C78A65109e3411462afd3b28,INSURER,253,IMAGE,2,READ,
w65,2025-12-19T14:43:05.732266Z,13.481,200,True,0x766C26A7aD924449Bec43A8A34DEF94ddE4249e8,COURT,239,VIDEO,2,READ,
w11,2025-12-19T14:43:05.732380Z,13.475,200,True,0x065803C5af851Dda212c2b93EabB66A8eE0Adb34,INSURER,849,TELEMATICS,3,READ,
w66,2025-12-19T14:43:05.732486Z,13.482,200,True,0x1F118D13DD44a163CF0Cfe93a2339019D5089D5c,ADJUSTER,501,FNOL,4,READ,
w12,2025-12-19T14:43:05.732587Z,13.486,200,True,0xb8Cb388cDb00044EeC03d7b0D63f1FafF89B668F,INSURER,498,IMAGE,2,READ,
w67,2025-12-19T14:43:05.732679Z,13.493,200,True,0xdadC347Cbfd9bcB5e0E6bd20fA005df38d4fdFa0,ADJUSTER,94,VIDEO,2,READ,
w13,2025-12-19T14:43:05.732770Z,13.503,200,True,0x7F58e30B33E800fAD1041651365A29CfB660aC57,INSURER,384,IMAGE,2,READ,
w68,2025-12-19T14:43:05.732861Z,13.517,200,True,0x342E14b11b9f83662a05FF03e2f43C71f9Bf4873,REGULATOR,254,IMAGE,2,READ,
w14,2025-12-19T14:43:05.732954Z,13.528,200,True,0x8EacD2DD8F1d188ca58Ce26655097d63c95b65BB,ADJUSTER,904,OTHER,1,READ,
w69,2025-12-19T14:43:05.733047Z,13.542,200,True,0xB681a7921F6B4dE01c32e0986627275Edcd5e568,INSURER,688,FNOL,4,READ,
w15,2025-12-19T14:43:05.733143Z,13.548,200,True,0x852cB9f303D330bff5722A21d48c0c4303bda309,POLICE,196,VIDEO,2,READ,
w70,2025-12-19T14:43:05.733244Z,13.564,403,False,0xE8bF57455EE3405331D286E17C7bC05cAD0bFB1C,POLICE,757,TELEMATICS,3,READ,
w16,2025-12-19T14:43:05.733339Z,13.580,200,True,0xfc909f67c3BA8552cdb1B0bA216742E485d43BA1,ADJUSTER,188,VIDEO,2,READ,
w71,2025-12-19T14:43:05.733436Z,13.587,200,True,0x986fDE3291033E80049183d4eAac7752F29166cC,INSURER,329,IMAGE,2,READ,
w17,2025-12-19T14:43:05.733531Z,13.593,200,True,0xB681a7921F6B4dE01c32e0986627275Edcd5e568,INSURER,177,VIDEO,2,READ,
w72,2025-12-19T14:43:05.733636Z,13.590,200,True,0xCC454a974c35BAE19d6A6dE745A05E46885e2304,INSURER,920,OTHER,1,READ,
w18,2025-12-19T14:43:05.733733Z,13.600,200,True,0x11aaC79A517D8afa3a7DB9b5B2E4a2592284C7AE,INSURER,488,IMAGE,2,READ,
w73,2025-12-19T14:43:05.733827Z,13.606,200,True,0xf750FcD6205F9864ed98080D7e52Ec69D94CAf22,INSURER,57,VIDEO,2,READ,
w19,2025-12-19T14:43:05.733922Z,13.612,403,False,0xe2B8d1C6c9c24880899f9658aB855CaA7c476FA1,POLICE,572,MEDICAL_REPORT,5,READ,
w74,2025-12-19T14:43:05.734017Z,13.616,200,True,0x29Ab7D36C4d714Ab42079831182cFeA1dF363Eae,COURT,391,IMAGE,2,READ,
w20,2025-12-19T14:43:05.734116Z,13.618,200,True,0xcbA3c1E62e024046934d519a26b637Dd0dfD1b3c,REGULATOR,297,IMAGE,2,READ,
w75,2025-12-19T14:43:05.734219Z,13.635,200,True,0x0Dc1cFEE2758F0e2688803c8098E11241014f8BB,INSURER,879,OTHER,1,READ,
w76,2025-12-19T14:43:05.734316Z,13.647,200,True,0xC9d315B25D2f58D8299fD726f1bd40D5b077C4a4,ADJUSTER,446,IMAGE,2,READ,
w77,2025-12-19T14:43:05.734418Z,13.645,200,True,0x9Cc1e0F54e3D09Bf83b9f43222Ef44e11F170ff5,INSURER,500,IMAGE,2,READ,
w21,2025-12-19T14:43:05.734516Z,13.653,200,True,0x90F928F43C9c4066afF2a1E64E1063ECE320A9E3,INSURER,235,VIDEO,2,READ,
w78,2025-12-19T14:43:05.734609Z,13.657,200,True,0xECB4fA8D986702c344aB4Aacfa51CfeD104110bA,ADJUSTER,173,VIDEO,2,READ,
w22,2025-12-19T14:43:05.734720Z,13.645,200,True,0x1734cC5117Ca09e57A599f0E72469FEad0d749F9,REGULATOR,255,IMAGE,2,READ,
w79,2025-12-19T14:43:05.734824Z,13.637,403,False,0x07e862A62f1C2E59d2B46Cb02c0B6469F0F2Ce6C,ADJUSTER,541,MEDICAL_REPORT,5,READ,
w23,2025-12-19T14:43:05.734929Z,13.637,200,True,0x34BBE78F5E8eF7F758481402618b9CA85b1a3CF7,ADJUSTER,149,VIDEO,2,READ,
w80,2025-12-19T14:43:05.735027Z,13.643,200,True,0x8e18b3Dc00a5886aeb63bE8dFcd734BAda06Bf8a,REGULATOR,664,MEDICAL_REPORT,5,READ,
w24,2025-12-19T14:43:05.735134Z,13.638,200,True,0xF9EA48F4E0d76E96a3755d17b67fF2F7157C7911,POLICE,158,VIDEO,2,READ,
w81,2025-12-19T14:43:05.735913Z,13.676,200,True,0x8d04Ed80530786073721Ae9c38cD46D45dd71756,INSURER,197,VIDEO,2,READ,
w25,2025-12-19T14:43:05.736060Z,13.687,403,False,0x4531E352d63619A871806b0f4b4509c5Ac923135,GARAGE,600,MEDICAL_REPORT,5,READ,
w82,2025-12-19T14:43:05.736175Z,13.702,200,True,0xb113F22B749C4efc290Eb311C18c72DF29481dAE,ADJUSTER,203,VIDEO,2,READ,
w26,2025-12-19T14:43:05.736273Z,13.726,200,True,0xe34b6a9Bc4D2c8Ee70eEd4111Ea531E97DDb4c4E,COURT,271,IMAGE,2,READ,
w83,2025-12-19T14:43:05.736378Z,13.729,200,True,0x5B9Fe195263932C148aB2997922dda28a64aD5A9,INSURER,253,IMAGE,2,READ,
w27,2025-12-19T14:43:05.736479Z,13.734,200,True,0x9dC8E21f76Ed8e9828c40E7E03428bEF6aF69A84,GARAGE,314,IMAGE,2,READ,
w84,2025-12-19T14:43:05.736576Z,13.735,200,True,0xb8Cb388cDb00044EeC03d7b0D63f1FafF89B668F,INSURER,406,IMAGE,2,READ,
w28,2025-12-19T14:43:05.738177Z,13.370,200,True,0xa162d20e1Ea3efe0C78A65109e3411462afd3b28,INSURER,774,TELEMATICS,3,READ,
w85,2025-12-19T14:43:05.738402Z,13.336,200,True,0xdadC347Cbfd9bcB5e0E6bd20fA005df38d4fdFa0,ADJUSTER,998,OTHER,1,READ,
w29,2025-12-19T14:43:05.738584Z,13.310,200,True,0x5436Ade91ba3a6360A1246339D36223f463dF81a,INSURER,926,OTHER,1,READ,
w86,2025-12-19T14:43:05.738747Z,13.283,200,True,0x67F4F8CE04FD59Bf243930A77adCf14537A0B5D2,ADJUSTER,891,OTHER,1,READ,
w30,2025-12-19T14:43:05.738873Z,13.281,403,False,0x71f923CB5F826712E139D152d18028dE817Bae65,GARAGE,190,VIDEO,2,READ,
w87,2025-12-19T14:43:05.738988Z,13.278,200,True,0x4D2e324068BA02Eb613f39F882B7ED435DaAe089,INSURER,94,VIDEO,2,READ,
w31,2025-12-19T14:43:05.739104Z,13.272,200,True,0x711d7620b4C341A6A91E38D0c75783C80FfEdcED,COURT,587,MEDICAL_REPORT,5,READ,
w88,2025-12-19T14:43:05.739234Z,13.250,200,True,0x59F93F27b669bD4e2a076c77c1134dc9Bd550AFA,INSURER,299,IMAGE,2,READ,
w32,2025-12-19T14:43:05.739357Z,13.232,200,True,0xE8bF57455EE3405331D286E17C7bC05cAD0bFB1C,POLICE,376,IMAGE,2,READ,
w89,2025-12-19T14:43:05.739469Z,13.228,200,True,0x2Fd075dD3CC039D228Ac107272729a1129782C59,GARAGE,319,IMAGE,2,READ,
w33,2025-12-19T14:43:05.739624Z,13.187,200,True,0x91229246e94c04361C72A11629D800CfBaC95674,COURT,360,IMAGE,2,READ,
w90,2025-12-19T14:43:05.739872Z,13.045,200,True,0xFbB08379ae5b6acFA48Fdee5E2Be6af84a90DcFb,COURT,426,IMAGE,2,READ,
w34,2025-12-19T14:43:05.740072Z,12.946,403,False,0x24a62efdAe4d80281BAc758e86a4E386905c720C,GARAGE,571,FNOL,4,READ,
w91,2025-12-19T14:43:05.740221Z,12.974,200,True,0x5436Ade91ba3a6360A1246339D36223f463dF81a,INSURER,457,IMAGE,2,READ,
w35,2025-12-19T14:43:05.740348Z,13.376,200,True,0x592bB49f1f64a954F181cc99489664AeC05bB383,COURT,422,IMAGE,2,READ,
w92,2025-12-19T14:43:05.740473Z,13.422,200,True,0x5B9Fe195263932C148aB2997922dda28a64aD5A9,INSURER,779,TELEMATICS,3,READ,
w36,2025-12-19T14:43:05.740597Z,13.514,200,True,0x992Eaf53E29aF2be6bCDB7c2013cC167E3D529F8,GARAGE,306,IMAGE,2,READ,
w2,2025-12-19T14:43:05.740724Z,13.569,200,True,0x4a5907024898DA4eE2BA57e89D767C6406ebD232,INSURER,219,VIDEO,2,READ,
w37,2025-12-19T14:43:05.740847Z,13.591,200,True,0x11aaC79A517D8afa3a7DB9b5B2E4a2592284C7AE,INSURER,163,VIDEO,2,READ,
w93,2025-12-19T14:43:05.740963Z,13.600,200,True,0x6C9757f257381323C7E688e7935C2755df2DdaF3,INSURER,607,MEDICAL_REPORT,5,READ,
w94,2025-12-19T14:43:05.741076Z,13.613,200,True,0x23d961Bbd1C6082e8A752192D3D652cd833EFf20,COURT,456,IMAGE,2,READ,
w38,2025-12-19T14:43:05.741187Z,13.727,200,True,0x1f45920F4b49aD1E6d3d6542163Da1Fc12B8F399,POLICE,414,IMAGE,2,READ,
w95,2025-12-19T14:43:05.741294Z,13.776,200,True,0xca4373A5412dd617d707A9D63Fab5c33bc55890a,POLICE,440,IMAGE,2,READ,
w39,2025-12-19T14:43:05.741419Z,13.782,200,True,0xdbCa1F43d1B1fE30218A3870f8CE54eA068b9546,COURT,787,TELEMATICS,3,READ,
w96,2025-12-19T14:43:05.741536Z,13.780,200,True,0x63799B99d43E4dB6Eb46BF3fEeBcb88c347351c0,COURT,586,MEDICAL_REPORT,5,READ,
w40,2025-12-19T14:43:05.741645Z,13.817,200,True,0x07e862A62f1C2E59d2B46Cb02c0B6469F0F2Ce6C,ADJUSTER,24,VIDEO,2,READ,
w97,2025-12-19T14:43:05.741751Z,13.826,200,True,0xdbCa1F43d1B1fE30218A3870f8CE54eA068b9546,COURT,660,MEDICAL_REPORT,5,READ,
w41,2025-12-19T14:43:05.741855Z,13.839,200,True,0xb03C6C3a6e66a20729a4d4758D907D3A07cB0af5,INSURER,890,OTHER,1,READ,
w1,2025-12-19T14:43:05.741965Z,13.847,200,True,0xCC454a974c35BAE19d6A6dE745A05E46885e2304,INSURER,166,VIDEO,2,READ,
w42,2025-12-19T14:43:05.742069Z,13.849,200,True,0x1734cC5117Ca09e57A599f0E72469FEad0d749F9,REGULATOR,194,VIDEO,2,READ,
w98,2025-12-19T14:43:05.742173Z,13.850,200,True,0x1F118D13DD44a163CF0Cfe93a2339019D5089D5c,ADJUSTER,904,OTHER,1,READ,
w99,2025-12-19T14:43:05.742273Z,13.852,200,True,0xB681a7921F6B4dE01c32e0986627275Edcd5e568,INSURER,76,VIDEO,2,READ,
w43,2025-12-19T14:43:05.742386Z,13.846,200,True,0x47200E7159B7646892C3cC84C60818bcD2B38A22,ADJUSTER,623,FNOL,4,READ,
w44,2025-12-19T14:43:05.742492Z,13.858,403,False,0x1f45920F4b49aD1E6d3d6542163Da1Fc12B8F399,POLICE,736,TELEMATICS,3,READ,
w0,2025-12-19T14:43:05.742595Z,13.868,403,False,0x66dbB00795DC0d781dcA2e6219ab30FcaF5f1CAd,GARAGE,49,VIDEO,2,READ,
w45,2025-12-19T14:43:05.742708Z,13.885,200,True,0x5ACFAa5B3cF34961Fe72993cF32654Dff1eBc4ea,INSURER,503,FNOL,4,READ,
w3,2025-12-19T14:43:05.742819Z,13.814,200,True,0x1D3a19aAC334311E82F8439171A040835c8049F7,REGULATOR,510,MEDICAL_REPORT,5,READ,
w46,2025-12-19T14:43:05.742925Z,13.742,200,True,0x4DCDFfA1280ad4A435512Ee5dDaF8a9D4e9509E3,GARAGE,398,IMAGE,2,READ,
w47,2025-12-19T14:43:05.743033Z,13.663,403,False,0xFE9CaBBAac086eBE0edE14f99E312c84Ed89B85b,GARAGE,6,VIDEO,2,READ,
w48,2025-12-19T14:43:05.743145Z,13.580,200,True,0xFfF5E088c8b6a5a470a6D48f405892515c41FCa6,ADJUSTER,646,FNOL,4,READ,
w49,2025-12-19T14:43:05.743246Z,13.511,200,True,0x1c2b0E2F66517144Cf34cdF840b04E60E4FC213C,INSURER,131,VIDEO,2,READ,
w50,2025-12-19T14:43:05.743364Z,13.425,403,False,0x92416914cF3F47944a8e5CCBA5d619b68b615D33,POLICE,798,TELEMATICS,3,READ,
w51,2025-12-19T14:43:05.743471Z,13.344,200,True,0x766C26A7aD924449Bec43A8A34DEF94ddE4249e8,COURT,545,FNOL,4,READ,
w52,2025-12-19T14:43:05.743577Z,13.266,200,True,0x0Adc41557A616569Cd409d74aFe4C9FaD47a57ed,POLICE,396,IMAGE,2,READ,
w53,2025-12-19T14:43:05.743693Z,13.181,200,True,0xe34b6a9Bc4D2c8Ee70eEd4111Ea531E97DDb4c4E,COURT,730,TELEMATICS,3,READ,
w54,2025-12-19T14:43:05.743821Z,13.083,403,False,0x9dC8E21f76Ed8e9828c40E7E03428bEF6aF69A84,GARAGE,1,VIDEO,2,READ,
w55,2025-12-19T14:43:05.743931Z,12.999,200,True,0x07e862A62f1C2E59d2B46Cb02c0B6469F0F2Ce6C,ADJUSTER,787,TELEMATICS,3,READ,
w56,2025-12-19T14:43:05.744034Z,12.922,403,False,0x4DCDFfA1280ad4A435512Ee5dDaF8a9D4e9509E3,GARAGE,583,MEDICAL_REPORT,5,READ,
w57,2025-12-19T14:43:05.744145Z,12.838,200,True,0x1370507A4d90d4951D78E9186DFEbFFbD0102eb0,INSURER,770,TELEMATICS,3,READ,
w58,2025-12-19T14:43:05.744266Z,12.742,200,True,0x1c2b0E2F66517144Cf34cdF840b04E60E4FC213C,INSURER,156,VIDEO,2,READ,
w4,2025-12-19T14:43:05.744375Z,12.657,200,True,0xc6fd3ebdCCe1922C2aAF225B6Ae37C875b175082,ADJUSTER,401,IMAGE,2,READ,
w59,2025-12-19T14:43:05.744484Z,12.574,200,True,0xd3ad26904604cf4A6e4Ef026c902c9f70562F892,INSURER,447,IMAGE,2,READ,
w5,2025-12-19T14:43:05.744588Z,12.496,403,False,0xECB4fA8D986702c344aB4Aacfa51CfeD104110bA,ADJUSTER,517,MEDICAL_REPORT,5,READ,
w60,2025-12-19T14:43:05.744696Z,12.413,200,True,0xC9d315B25D2f58D8299fD726f1bd40D5b077C4a4,ADJUSTER,426,IMAGE,2,READ,
w6,2025-12-19T14:43:05.744799Z,12.339,200,True,0xdF8A225C5B1E14558757B029B89e2F233515a798,ADJUSTER,71,VIDEO,2,READ,
w61,2025-12-19T14:43:05.744901Z,12.262,200,True,0x29Ab7D36C4d714Ab42079831182cFeA1dF363Eae,COURT,758,TELEMATICS,3,READ,
w7,2025-12-19T14:43:05.745012Z,12.177,403,False,0xF9EA48F4E0d76E96a3755d17b67fF2F7157C7911,POLICE,550,MEDICAL_REPORT,5,READ,
w62,2025-12-19T14:43:05.745121Z,12.093,200,True,0xcbA3c1E62e024046934d519a26b637Dd0dfD1b3c,REGULATOR,480,IMAGE,2,READ,
w8,2025-12-19T14:43:05.745225Z,12.014,200,True,0x445B0132f3e4B43546EdbBb0604997A1c2605CDf,INSURER,412,IMAGE,2,READ,
w63,2025-12-19T14:43:05.745339Z,11.927,200,True,0x67F4F8CE04FD59Bf243930A77adCf14537A0B5D2,ADJUSTER,877,OTHER,1,READ,
w9,2025-12-19T14:43:05.745447Z,11.847,200,True,0x0Adc41557A616569Cd409d74aFe4C9FaD47a57ed,POLICE,472,IMAGE,2,READ,
w64,2025-12-19T14:43:05.745549Z,11.771,200,True,0x9d26A04fcCe87Fd42687C4eCBA27F01DB5b333E9,REGULATOR,888,OTHER,1,READ,
w10,2025-12-19T14:43:05.745648Z,11.696,403,False,0xA51c3724Dd9F1e975A507c34B34acf9d14Ce6FEb,GARAGE,230,VIDEO,2,READ,
w65,2025-12-19T14:43:05.745750Z,11.617,200,True,0xF173F4d5ADdf0E7a16e318fFd5937Dfb27583015,INSURER,430,IMAGE,2,READ,
w11,2025-12-19T14:43:05.745859Z,11.534,200,True,0xdF8A225C5B1E14558757B029B89e2F233515a798,ADJUSTER,917,OTHER,1,READ,
w66,2025-12-19T14:43:05.745973Z,11.448,200,True,0x0157eAF28226F1508d622a947510555A7D0a565c,INSURER,537,MEDICAL_REPORT,5,READ,
w12,2025-12-19T14:43:05.746077Z,11.369,200,True,0x8d0151c4F2bF27afD2201C7C4fE56A90B0DA58Fe,INSURER,274,IMAGE,2,READ,
w67,2025-12-19T14:43:05.746176Z,11.296,200,True,0x5B9Fe195263932C148aB2997922dda28a64aD5A9,INSURER,641,FNOL,4,READ,
w13,2025-12-19T14:43:05.746276Z,11.223,200,True,0xD81101A371257d1229a21CEAed60dD23BBb1a2B1,ADJUSTER,122,VIDEO,2,READ,
w68,2025-12-19T14:43:05.746382Z,11.143,200,True,0x3C54f0201259B5BB5Dd5dBCD0Ccf8A9522BB30FD,INSURER,138,VIDEO,2,READ,
w14,2025-12-19T14:43:05.746486Z,11.064,403,False,0x20f5B667b21b5fC5b82Fa52c25088446F4026127,POLICE,736,TELEMATICS,3,READ,
w69,2025-12-19T14:43:05.746592Z,10.982,200,True,0x5cB4D76a86dbEF4FF02fA640c90deeaf5b309acD,GARAGE,424,IMAGE,2,READ,
w15,2025-12-19T14:43:05.746694Z,10.904,200,True,0x5436Ade91ba3a6360A1246339D36223f463dF81a,INSURER,730,TELEMATICS,3,READ,
w70,2025-12-19T14:43:05.746813Z,10.809,200,True,0xB4107C66a46663F51503A8d8C779b7E663809462,GARAGE,345,IMAGE,2,READ,
w16,2025-12-19T14:43:05.746924Z,10.725,200,True,0xC9d315B25D2f58D8299fD726f1bd40D5b077C4a4,ADJUSTER,623,FNOL,4,READ,
w71,2025-12-19T14:43:05.747027Z,10.646,200,True,0xb113F22B749C4efc290Eb311C18c72DF29481dAE,ADJUSTER,88,VIDEO,2,READ,
w17,2025-12-19T14:43:05.747128Z,10.568,200,True,0xaF805972401628544EBe993aC94305E19571431b,INSURER,676,FNOL,4,READ,
w72,2025-12-19T14:43:05.747230Z,10.489,200,True,0x9Cc1e0F54e3D09Bf83b9f43222Ef44e11F170ff5,INSURER,366,IMAGE,2,READ,
w18,2025-12-19T14:43:05.747337Z,10.406,200,True,0x8e18b3Dc00a5886aeb63bE8dFcd734BAda06Bf8a,REGULATOR,938,OTHER,1,READ,
w73,2025-12-19T14:43:05.747438Z,10.328,403,False,0x852cB9f303D330bff5722A21d48c0c4303bda309,POLICE,622,FNOL,4,READ,
w19,2025-12-19T14:43:05.747538Z,10.251,200,True,0x16C605c8536B3AC44524Ebd88bF81CE652b1E990,POLICE,150,VIDEO,2,READ,
w74,2025-12-19T14:43:05.747638Z,10.175,403,False,0x07e862A62f1C2E59d2B46Cb02c0B6469F0F2Ce6C,ADJUSTER,658,MEDICAL_REPORT,5,READ,
w20,2025-12-19T14:43:05.747738Z,10.097,200,True,0xc227AdED69aA39F067e0190b0EA4BB94BE51cb90,INSURER,156,VIDEO,2,READ,
w75,2025-12-19T14:43:05.747858Z,9.999,200,True,0x6d633edcb7CD9413cd0509faebAE113ec0EC2FBc,INSURER,781,TELEMATICS,3,READ,
w76,2025-12-19T14:43:05.747967Z,9.914,403,False,0x24a8D6d1D04D0d1D3e1c665a8Bd2f2B50Cb7097F,GARAGE,201,VIDEO,2,READ,
w77,2025-12-19T14:43:05.748067Z,9.838,200,True,0x31A860cfF3A3D2B972B9EE41a34653e31b6143DD,ADJUSTER,822,TELEMATICS,3,READ,
w21,2025-12-19T14:43:05.748172Z,9.757,200,True,0x07e862A62f1C2E59d2B46Cb02c0B6469F0F2Ce6C,ADJUSTER,487,IMAGE,2,READ,
w78,2025-12-19T14:43:05.748271Z,9.682,200,True,0xD2e4187ae13875E61F4ADeB0bc309Fda9E672655,INSURER,456,IMAGE,2,READ,
w22,2025-12-19T14:43:05.748369Z,9.606,200,True,0x99a806d3b557c0a8e626Cef888962d06713ad5f6,COURT,725,TELEMATICS,3,READ,
w79,2025-12-19T14:43:05.748465Z,9.531,200,True,0x80eD6824a5F2334A090fCfbEB1450356BDc84d63,ADJUSTER,752,TELEMATICS,3,READ,
w23,2025-12-19T14:43:05.748570Z,9.448,200,True,0x9fFdEc67F092978A065F3956A4C0D0887253f6B4,GARAGE,461,IMAGE,2,READ,
w80,2025-12-19T14:43:05.748674Z,9.365,403,False,0x852cB9f303D330bff5722A21d48c0c4303bda309,POLICE,582,MEDICAL_REPORT,5,READ,
w24,2025-12-19T14:43:05.748775Z,9.286,200,True,0x417E040C3F0A2094fa86aE1A22D89f21ad5f2c91,INSURER,677,MEDICAL_REPORT,5,READ,
w81,2025-12-19T14:43:05.749595Z,10.896,200,True,0x4a5907024898DA4eE2BA57e89D767C6406ebD232,INSURER,431,IMAGE,2,READ,
w25,2025-12-19T14:43:05.749752Z,10.791,200,True,0x5Adf6dA1124Cb04f8e27b4b197b6521C42AD0641,INSURER,949,OTHER,1,READ,
w82,2025-12-19T14:43:05.749883Z,10.694,200,True,0x9faB46D850015a996dAa8c1858e4cA1262E31bE2,INSURER,954,OTHER,1,READ,
w26,2025-12-19T14:43:05.750003Z,10.608,200,True,0x6d633edcb7CD9413cd0509faebAE113ec0EC2FBc,INSURER,243,VIDEO,2,READ,
w83,2025-12-19T14:43:05.750111Z,10.528,403,False,0x28de4877801Eb83FF8f280a15cC0c360f89295ED,GARAGE,891,OTHER,1,READ,
w27,2025-12-19T14:43:05.750217Z,10.450,200,True,0xAd5c25cf76e4C8A2ee7b38179b90ec0379Aee5d3,INSURER,747,TELEMATICS,3,READ,
w84,2025-12-19T14:43:05.750314Z,10.379,200,True,0x501d27511202E1C0343B6ee79241254B3C3d4378,INSURER,355,IMAGE,2,READ,
w28,2025-12-19T14:43:05.751552Z,10.024,200,True,0xD574Ba4eCc12ca8b6BF7d7ed27E8896b66251f36,INSURER,666,FNOL,4,READ,
w85,2025-12-19T14:43:05.751744Z,9.870,403,False,0x28de4877801Eb83FF8f280a15cC0c360f89295ED,GARAGE,888,OTHER,1,READ,
w29,2025-12-19T14:43:05.751899Z,9.746,200,True,0x094A1Ff3795B2267aEA059A54C374B2CdB84D45e,COURT,594,FNOL,4,READ,
w86,2025-12-19T14:43:05.752034Z,9.637,200,True,0x4706C804bB8f3Eb133529A02e3F3F48fc38Bd2F9,ADJUSTER,52,VIDEO,2,READ,
w30,2025-12-19T14:43:05.752158Z,9.541,200,True,0x67f187dcbDE2Fbf24Ec1508f7AAdF943bcE1f668,INSURER,70,VIDEO,2,READ,
w87,2025-12-19T14:43:05.752270Z,9.454,200,True,0x11aaC79A517D8afa3a7DB9b5B2E4a2592284C7AE,INSURER,685,FNOL,4,READ,
w31,2025-12-19T14:43:05.752381Z,9.367,200,True,0xe2a2B0b479b477f22BDd40fF8137AC17F6e34B2e,GARAGE,328,IMAGE,2,READ,
w88,2025-12-19T14:43:05.752488Z,9.282,403,False,0xFE9CaBBAac086eBE0edE14f99E312c84Ed89B85b,GARAGE,502,FNOL,4,READ,
w32,2025-12-19T14:43:05.752594Z,9.201,200,True,0x7f9fe1a6ad85DEBFdFB998d4E7Ddb5cb2fD1bd63,INSURER,484,IMAGE,2,READ,
w89,2025-12-19T14:43:05.752700Z,9.117,403,False,0x3015CaAdD111E6bb308586Fb390005C8F75848A7,POLICE,712,TELEMATICS,3,READ,
w33,2025-12-19T14:43:05.752815Z,9.026,200,True,0xa1d85548f437eb81200cF05523C35E95aFB59c79,INSURER,531,MEDICAL_REPORT,5,READ,
w90,2025-12-19T14:43:05.752920Z,8.944,200,True,0x7f9fe1a6ad85DEBFdFB998d4E7Ddb5cb2fD1bd63,INSURER,834,TELEMATICS,3,READ,
w34,2025-12-19T14:43:05.753022Z,8.865,200,True,0xF173F4d5ADdf0E7a16e318fFd5937Dfb27583015,INSURER,940,OTHER,1,READ,
w91,2025-12-19T14:43:05.753202Z,8.708,200,True,0xF173F4d5ADdf0E7a16e318fFd5937Dfb27583015,INSURER,496,IMAGE,2,READ,
w35,2025-12-19T14:43:05.753731Z,8.209,200,True,0xFbB08379ae5b6acFA48Fdee5E2Be6af84a90DcFb,COURT,367,IMAGE,2,READ,
w92,2025-12-19T14:43:05.753901Z,8.063,200,True,0xAd5c25cf76e4C8A2ee7b38179b90ec0379Aee5d3,INSURER,8,VIDEO,2,READ,
w36,2025-12-19T14:43:05.754119Z,7.867,200,True,0xaF805972401628544EBe993aC94305E19571431b,INSURER,614,MEDICAL_REPORT,5,READ,
w2,2025-12-19T14:43:05.754298Z,7.710,200,True,0xA51c3724Dd9F1e975A507c34B34acf9d14Ce6FEb,GARAGE,464,IMAGE,2,READ,
w37,2025-12-19T14:43:05.754442Z,7.588,403,False,0x4531E352d63619A871806b0f4b4509c5Ac923135,GARAGE,888,OTHER,1,READ,
w93,2025-12-19T14:43:05.754568Z,7.486,200,True,0xb8Cb388cDb00044EeC03d7b0D63f1FafF89B668F,INSURER,863,OTHER,1,READ,
w94,2025-12-19T14:43:05.754693Z,7.386,200,True,0x9d26A04fcCe87Fd42687C4eCBA27F01DB5b333E9,REGULATOR,523,MEDICAL_REPORT,5,READ,
w38,2025-12-19T14:43:05.754921Z,7.181,200,True,0x07e862A62f1C2E59d2B46Cb02c0B6469F0F2Ce6C,ADJUSTER,431,IMAGE,2,READ,
w95,2025-12-19T14:43:05.755076Z,7.046,403,False,0x13574B3384B73DcA7b44aa015680060B3561B666,POLICE,780,TELEMATICS,3,READ,
w39,2025-12-19T14:43:05.755206Z,6.940,200,True,0xFfF5E088c8b6a5a470a6D48f405892515c41FCa6,ADJUSTER,404,IMAGE,2,READ,
w96,2025-12-19T14:43:05.755320Z,6.849,200,True,0xf3f97A6811D6ad4d52078Dca9bAe96C8d8136764,ADJUSTER,133,VIDEO,2,READ,
w40,2025-12-19T14:43:05.755466Z,6.724,200,True,0x8C0A9562bA06c26cD697012F2C311Ab93431CB08,INSURER,619,MEDICAL_REPORT,5,READ,
w97,2025-12-19T14:43:05.755582Z,6.631,200,True,0x32a71350b8324e903BA5674B6456e07Bd472AA8f,GARAGE,444,IMAGE,2,READ,
w41,2025-12-19T14:43:05.755700Z,6.536,200,True,0x24a8D6d1D04D0d1D3e1c665a8Bd2f2B50Cb7097F,GARAGE,267,IMAGE,2,READ,
w1,2025-12-19T14:43:05.755817Z,6.453,200,True,0xc6fd3ebdCCe1922C2aAF225B6Ae37C875b175082,ADJUSTER,8,VIDEO,2,READ,
w42,2025-12-19T14:43:05.755923Z,6.372,200,True,0xe34b6a9Bc4D2c8Ee70eEd4111Ea531E97DDb4c4E,COURT,220,VIDEO,2,READ,
w98,2025-12-19T14:43:05.756028Z,6.289,200,True,0x40B970b53BFF9D4A11Fe90cD35998f21368a2830,POLICE,430,IMAGE,2,READ,
w99,2025-12-19T14:43:05.756130Z,6.209,403,False,0x4531E352d63619A871806b0f4b4509c5Ac923135,GARAGE,748,TELEMATICS,3,READ,
w43,2025-12-19T14:43:05.756237Z,6.126,200,True,0x3C54f0201259B5BB5Dd5dBCD0Ccf8A9522BB30FD,INSURER,155,VIDEO,2,READ,
w44,2025-12-19T14:43:05.756354Z,6.032,200,True,0xE6eF4f2c9De0532C38589a58Fbde2BBC1C31279B,ADJUSTER,761,TELEMATICS,3,READ,
w0,2025-12-19T14:43:05.756468Z,5.941,200,True,0x4D2e324068BA02Eb613f39F882B7ED435DaAe089,INSURER,796,TELEMATICS,3,READ,
w192,2025-12-19T14:43:05.615110Z,148.960,200,True,0xc3c51312907D83df323e05D7E254352175252368,COURT,708,TELEMATICS,3,READ,
w191,2025-12-19T14:43:05.615089Z,149.017,200,True,0x4DCDFfA1280ad4A435512Ee5dDaF8a9D4e9509E3,GARAGE,306,IMAGE,2,READ,
w190,2025-12-19T14:43:05.615066Z,149.069,403,False,0xD162EE2e18AC5c1AdC8152fd82CeDcE024c00f75,POLICE,502,FNOL,4,READ,
w189,2025-12-19T14:43:05.615042Z,149.121,200,True,0x766C26A7aD924449Bec43A8A34DEF94ddE4249e8,COURT,807,TELEMATICS,3,READ,
w188,2025-12-19T14:43:05.615016Z,149.167,403,False,0x7775fD4aD4669C7F6F26aCBf7CC07d9dA5f959C8,POLICE,509,FNOL,4,READ,
w187,2025-12-19T14:43:05.614992Z,149.210,200,True,0x3dc584940370d31418aBbfB6F809C055E9bBC98f,COURT,150,VIDEO,2,READ,
w186,2025-12-19T14:43:05.614968Z,149.252,200,True,0x1370507A4d90d4951D78E9186DFEbFFbD0102eb0,INSURER,483,IMAGE,2,READ,
w185,2025-12-19T14:43:05.614939Z,149.299,200,True,0xcbA3c1E62e024046934d519a26b637Dd0dfD1b3c,REGULATOR,925,OTHER,1,READ,
w184,2025-12-19T14:43:05.614913Z,149.350,200,True,0x33a629009de39E5811F7332ed385861ec1A77876,INSURER,608,FNOL,4,READ,
w183,2025-12-19T14:43:05.614889Z,149.392,200,True,0xa162d20e1Ea3efe0C78A65109e3411462afd3b28,INSURER,67,VIDEO,2,READ,
w182,2025-12-19T14:43:05.614861Z,149.438,200,True,0xb03C6C3a6e66a20729a4d4758D907D3A07cB0af5,INSURER,624,MEDICAL_REPORT,5,READ,
w181,2025-12-19T14:43:05.614833Z,149.483,200,True,0xE6eF4f2c9De0532C38589a58Fbde2BBC1C31279B,ADJUSTER,75,VIDEO,2,READ,
w180,2025-12-19T14:43:05.614806Z,149.526,403,False,0xe2a2B0b479b477f22BDd40fF8137AC17F6e34B2e,GARAGE,646,FNOL,4,READ,
w179,2025-12-19T14:43:05.614779Z,149.571,200,True,0xD574Ba4eCc12ca8b6BF7d7ed27E8896b66251f36,INSURER,539,MEDICAL_REPORT,5,READ,
w178,2025-12-19T14:43:05.614754Z,149.614,200,True,0xceebe3C41b74d2c472F28A01C7CC44d6aAcA498F,INSURER,874,OTHER,1,READ,
w177,2025-12-19T14:43:05.614728Z,149.655,200,True,0x07e862A62f1C2E59d2B46Cb02c0B6469F0F2Ce6C,ADJUSTER,255,IMAGE,2,READ,
w176,2025-12-19T14:43:05.614703Z,149.697,200,True,0x4a5907024898DA4eE2BA57e89D767C6406ebD232,INSURER,775,TELEMATICS,3,READ,
w175,2025-12-19T14:43:05.614676Z,149.741,200,True,0x66f104f30efDef6bbcf31F1d23B3c5a5Cf67C05A,INSURER,978,OTHER,1,READ,
w174,2025-12-19T14:43:05.614648Z,149.784,403,False,0x31A860cfF3A3D2B972B9EE41a34653e31b6143DD,ADJUSTER,572,MEDICAL_REPORT,5,READ,
w173,2025-12-19T14:43:05.614625Z,149.823,200,True,0x1D3a19aAC334311E82F8439171A040835c8049F7,REGULATOR,798,TELEMATICS,3,READ,
w172,2025-12-19T14:43:05.614599Z,149.866,200,True,0x5ACFAa5B3cF34961Fe72993cF32654Dff1eBc4ea,INSURER,825,TELEMATICS,3,READ,
w171,2025-12-19T14:43:05.614572Z,149.908,200,True,0xdbCa1F43d1B1fE30218A3870f8CE54eA068b9546,COURT,658,MEDICAL_REPORT,5,READ,
w170,2025-12-19T14:43:05.614547Z,149.949,200,True,0x342E14b11b9f83662a05FF03e2f43C71f9Bf4873,REGULATOR,540,MEDICAL_REPORT,5,READ,
w169,2025-12-19T14:43:05.614524Z,149.989,200,True,0x07e862A62f1C2E59d2B46Cb02c0B6469F0F2Ce6C,ADJUSTER,569,FNOL,4,READ,
w168,2025-12-19T14:43:05.614499Z,150.028,200,True,0xD81101A371257d1229a21CEAed60dD23BBb1a2B1,ADJUSTER,794,TELEMATICS,3,READ,
w167,2025-12-19T14:43:05.614475Z,150.069,200,True,0xB29E5C47C181524AB77DF0E7095d8d832f9Afe6C,ADJUSTER,803,TELEMATICS,3,READ,
w166,2025-12-19T14:43:05.614452Z,150.108,403,False,0xD162EE2e18AC5c1AdC8152fd82CeDcE024c00f75,POLICE,571,FNOL,4,READ,
w165,2025-12-19T14:43:05.614426Z,150.150,200,True,0xc3c51312907D83df323e05D7E254352175252368,COURT,520,FNOL,4,READ,
w164,2025-12-19T14:43:05.614399Z,150.193,403,False,0xe2a2B0b479b477f22BDd40fF8137AC17F6e34B2e,GARAGE,21,VIDEO,2,READ,
w163,2025-12-19T14:43:05.614372Z,150.237,200,True,0xaF805972401628544EBe993aC94305E19571431b,INSURER,984,OTHER,1,READ,
w162,2025-12-19T14:43:05.614344Z,150.282,200,True,0xD2e4187ae13875E61F4ADeB0bc309Fda9E672655,INSURER,263,IMAGE,2,READ,
w161,2025-12-19T14:43:05.614319Z,150.325,200,True,0x8CbB8dd324B837e6BD98E13e0c21fa636120Ca56,REGULATOR,14,VIDEO,2,READ,
w160,2025-12-19T14:43:05.614290Z,150.369,403,False,0xD162EE2e18AC5c1AdC8152fd82CeDcE024c00f75,POLICE,946,OTHER,1,READ,
w159,2025-12-19T14:43:05.614259Z,150.417,200,True,0x992Eaf53E29aF2be6bCDB7c2013cC167E3D529F8,GARAGE,365,IMAGE,2,READ,
w158,2025-12-19T14:43:05.614233Z,150.458,200,True,0xD81101A371257d1229a21CEAed60dD23BBb1a2B1,ADJUSTER,986,OTHER,1,READ,
w100,2025-12-19T14:43:05.612264Z,152.448,200,True,0xbDC02CAdBc892839484c2D2A7933028B4Cb9DBcE,INSURER,422,IMAGE,2,READ,
w101,2025-12-19T14:43:05.612303Z,152.429,200,True,0xf3f97A6811D6ad4d52078Dca9bAe96C8d8136764,ADJUSTER,190,VIDEO,2,READ,
w102,2025-12-19T14:43:05.612338Z,152.414,200,True,0x094A1Ff3795B2267aEA059A54C374B2CdB84D45e,COURT,914,OTHER,1,READ,
w103,2025-12-19T14:43:05.612401Z,152.370,403,False,0x12A0e24FbEa46bC85bd893CE5E21beFB44f88f15,POLICE,731,TELEMATICS,3,READ,
w104,2025-12-19T14:43:05.612547Z,152.243,200,True,0x50BbaB837D91CF9f3d77c66d83c40d4b389AB0B1,INSURER,500,IMAGE,2,READ,
w105,2025-12-19T14:43:05.612612Z,152.195,200,True,0x11aaC79A517D8afa3a7DB9b5B2E4a2592284C7AE,INSURER,852,OTHER,1,READ,
w106,2025-12-19T14:43:05.612659Z,152.165,200,True,0x7F58e30B33E800fAD1041651365A29CfB660aC57,INSURER,217,VIDEO,2,READ,
w107,2025-12-19T14:43:05.612703Z,152.136,200,True,0x4b325498d9Ec08b7e1eb3C52CE9a554ea24D3737,INSURER,351,IMAGE,2,READ,
w108,2025-12-19T14:43:05.612748Z,152.507,200,True,0x66f104f30efDef6bbcf31F1d23B3c5a5Cf67C05A,INSURER,624,MEDICAL_REPORT,5,READ,
w109,2025-12-19T14:43:05.612780Z,152.501,200,True,0x24a62efdAe4d80281BAc758e86a4E386905c720C,GARAGE,463,IMAGE,2,READ,
w110,2025-12-19T14:43:05.612808Z,152.492,200,True,0xe84288AfCCFcafd9a8AB74D8F555C5448a911Eb5,INSURER,23,VIDEO,2,READ,
w111,2025-12-19T14:43:05.612840Z,152.480,403,False,0x4531E352d63619A871806b0f4b4509c5Ac923135,GARAGE,55,VIDEO,2,READ,
w112,2025-12-19T14:43:05.612867Z,152.472,200,True,0xc6fd3ebdCCe1922C2aAF225B6Ae37C875b175082,ADJUSTER,424,IMAGE,2,READ,
w113,2025-12-19T14:43:05.612895Z,152.460,403,False,0x555115C078B14a18238D974E5351E87E050EbE47,ADJUSTER,587,MEDICAL_REPORT,5,READ,
w114,2025-12-19T14:43:05.612921Z,152.452,200,True,0x39f310D9c7221cAEF10d101bFB16Ecc0DF2654F9,INSURER,783,TELEMATICS,3,READ,
w115,2025-12-19T14:43:05.612952Z,152.442,200,True,0x67F4F8CE04FD59Bf243930A77adCf14537A0B5D2,ADJUSTER,41,VIDEO,2,READ,
w116,2025-12-19T14:43:05.612980Z,152.430,200,True,0x168EC3290512E1AcbB8201aeD946f3BA1Ed1effc,INSURER,793,TELEMATICS,3,READ,
w117,2025-12-19T14:43:05.613008Z,152.418,200,True,0xFbB08379ae5b6acFA48Fdee5E2Be6af84a90DcFb,COURT,570,FNOL,4,READ,
w118,2025-12-19T14:43:05.613034Z,152.408,200,True,0x9d26A04fcCe87Fd42687C4eCBA27F01DB5b333E9,REGULATOR,277,IMAGE,2,READ,
w119,2025-12-19T14:43:05.613062Z,152.396,200,True,0x94aC64f763ca7BcC8957cb2CBAfF108a9d91ADc1,POLICE,76,VIDEO,2,READ,
w120,2025-12-19T14:43:05.613091Z,152.383,200,True,0xA9da87e421E9bF79a8e80EaD31e737D98aa626eE,INSURER,867,OTHER,1,READ,
w121,2025-12-19T14:43:05.613126Z,152.364,403,False,0x92416914cF3F47944a8e5CCBA5d619b68b615D33,POLICE,508,FNOL,4,READ,
w122,2025-12-19T14:43:05.613157Z,152.350,200,True,0xf750FcD6205F9864ed98080D7e52Ec69D94CAf22,INSURER,461,IMAGE,2,READ,
w157,2025-12-19T14:43:05.614208Z,151.317,200,True,0x06D4bAEDddd3B73284654b61bec9CF7C3D667E84,ADJUSTER,820,TELEMATICS,3,READ,
w156,2025-12-19T14:43:05.614182Z,151.361,200,True,0x1D3a19aAC334311E82F8439171A040835c8049F7,REGULATOR,582,MEDICAL_REPORT,5,READ,
w155,2025-12-19T14:43:05.614159Z,151.400,403,False,0x28de4877801Eb83FF8f280a15cC0c360f89295ED,GARAGE,599,FNOL,4,READ,
w154,2025-12-19T14:43:05.614132Z,151.443,200,True,0x1cF317F4288CfC3FdA6295dC3Ee1f3e2F8B03592,ADJUSTER,554,FNOL,4,READ,
w153,2025-12-19T14:43:05.614107Z,151.486,200,True,0x2E2C6b303dF5Eb5E67C04610fDF33084A6d7408B,ADJUSTER,404,IMAGE,2,READ,
w152,2025-12-19T14:43:05.614082Z,151.525,200,True,0xB29E5C47C181524AB77DF0E7095d8d832f9Afe6C,ADJUSTER,851,OTHER,1,READ,
w151,2025-12-19T14:43:05.614057Z,151.566,403,False,0x2E2C6b303dF5Eb5E67C04610fDF33084A6d7408B,ADJUSTER,617,MEDICAL_REPORT,5,READ,
w150,2025-12-19T14:43:05.614031Z,152.014,200,True,0x0Dc1cFEE2758F0e2688803c8098E11241014f8BB,INSURER,882,OTHER,1,READ,
w149,2025-12-19T14:43:05.614004Z,152.064,200,True,0xf750FcD6205F9864ed98080D7e52Ec69D94CAf22,INSURER,657,FNOL,4,READ,
w148,2025-12-19T14:43:05.613882Z,152.207,403,False,0x71f923CB5F826712E139D152d18028dE817Bae65,GARAGE,922,OTHER,1,READ,
w147,2025-12-19T14:43:05.613850Z,152.258,200,True,0x8d04Ed80530786073721Ae9c38cD46D45dd71756,INSURER,676,FNOL,4,READ,
w146,2025-12-19T14:43:05.613824Z,152.302,200,True,0x31A860cfF3A3D2B972B9EE41a34653e31b6143DD,ADJUSTER,946,OTHER,1,READ,
w145,2025-12-19T14:43:05.613799Z,152.344,200,True,0x29Ab7D36C4d714Ab42079831182cFeA1dF363Eae,COURT,309,IMAGE,2,READ,
w144,2025-12-19T14:43:05.613773Z,152.388,200,True,0x8Dd8Ebe34924EFE25Fc2D7A18d687C6e9a775529,REGULATOR,930,OTHER,1,READ,
w143,2025-12-19T14:43:05.613747Z,152.431,200,True,0x07991919AA37C0FdbeD66174B280e6da9FE695d7,ADJUSTER,349,IMAGE,2,READ,
w142,2025-12-19T14:43:05.613719Z,152.479,200,True,0x816E9ccDC1bbbd5f73D84dF5652A4B63F92DE291,INSURER,305,IMAGE,2,READ,
w141,2025-12-19T14:43:05.613695Z,152.520,200,True,0xD91E6fbf8C6C9F06DA14fCEc6BB1f34719Cb6AfF,INSURER,574,FNOL,4,READ,
w140,2025-12-19T14:43:05.613669Z,152.564,403,False,0x24a8D6d1D04D0d1D3e1c665a8Bd2f2B50Cb7097F,GARAGE,229,VIDEO,2,READ,
w139,2025-12-19T14:43:05.613640Z,152.610,200,True,0xD89D70fF36c803e47f1df2Ffaab469107117214F,ADJUSTER,204,VIDEO,2,READ,
w138,2025-12-19T14:43:05.613613Z,152.653,403,False,0xf3f97A6811D6ad4d52078Dca9bAe96C8d8136764,ADJUSTER,664,MEDICAL_REPORT,5,READ,
w137,2025-12-19T14:43:05.613584Z,152.699,200,True,0x8a68D81A9d3c90fE303344fA200a40Ad65bB9234,ADJUSTER,497,IMAGE,2,READ,
w136,2025-12-19T14:43:05.613554Z,152.746,200,True,0x4a5907024898DA4eE2BA57e89D767C6406ebD232,INSURER,925,OTHER,1,READ,
w135,2025-12-19T14:43:05.613527Z,152.791,200,True,0xE4B15B33FdBE23647b0F6070414150D566e1F62f,INSURER,143,VIDEO,2,READ,
w134,2025-12-19T14:43:05.613501Z,152.832,200,True,0x6C9757f257381323C7E688e7935C2755df2DdaF3,INSURER,412,IMAGE,2,READ,
w133,2025-12-19T14:43:05.613475Z,152.874,200,True,0xe68d19e611fc7Cd8D9184Dbf3034203A5B0ba7E9,INSURER,547,MEDICAL_REPORT,5,READ,
w132,2025-12-19T14:43:05.613448Z,152.917,200,True,0x4a5907024898DA4eE2BA57e89D767C6406ebD232,INSURER,713,TELEMATICS,3,READ,
w131,2025-12-19T14:43:05.613421Z,152.961,200,True,0xD46554Edf6329a0a8caae2A79EB7098A7a24Ba81,INSURER,95,VIDEO,2,READ,
w130,2025-12-19T14:43:05.613396Z,153.002,200,True,0x50BbaB837D91CF9f3d77c66d83c40d4b389AB0B1,INSURER,888,OTHER,1,READ,
w129,2025-12-19T14:43:05.613368Z,153.047,200,True,0x8d04Ed80530786073721Ae9c38cD46D45dd71756,INSURER,118,VIDEO,2,READ,
w128,2025-12-19T14:43:05.613342Z,153.088,200,True,0x31A860cfF3A3D2B972B9EE41a34653e31b6143DD,ADJUSTER,543,FNOL,4,READ,
w127,2025-12-19T14:43:05.613315Z,153.132,200,True,0x9Cc1e0F54e3D09Bf83b9f43222Ef44e11F170ff5,INSURER,244,VIDEO,2,READ,
w126,2025-12-19T14:43:05.613278Z,153.188,200,True,0x9a076822Eb2A5Aff3AfdAC8DF2620AD153dC4035,POLICE,395,IMAGE,2,READ,
w125,2025-12-19T14:43:05.613249Z,153.232,200,True,0x7034d06498b2196468b6eD861eda7B5D1cb5594c,REGULATOR,44,VIDEO,2,READ,
w124,2025-12-19T14:43:05.613217Z,153.281,200,True,0xdbCa1F43d1B1fE30218A3870f8CE54eA068b9546,COURT,403,IMAGE,2,READ,
w123,2025-12-19T14:43:05.613188Z,153.326,200,True,0xB4107C66a46663F51503A8d8C779b7E663809462,GARAGE,472,IMAGE,2,READ,
w193,2025-12-19T14:43:05.615222Z,151.310,200,True,0x17a3649Ac7847fC2048db0ceD97945aA7dCEdC8a,INSURER,697,MEDICAL_REPORT,5,READ,
w194,2025-12-19T14:43:05.615251Z,151.299,403,False,0x71f923CB5F826712E139D152d18028dE817Bae65,GARAGE,202,VIDEO,2,READ,
w195,2025-12-19T14:43:05.615277Z,151.287,403,False,0x68c8c090a608c0B78636f50F6950137E9BBbEA97,GARAGE,856,OTHER,1,READ,
w196,2025-12-19T14:43:05.615302Z,151.277,403,False,0x24a8D6d1D04D0d1D3e1c665a8Bd2f2B50Cb7097F,GARAGE,618,FNOL,4,READ,
w197,2025-12-19T14:43:05.615328Z,151.268,200,True,0xdadC347Cbfd9bcB5e0E6bd20fA005df38d4fdFa0,ADJUSTER,83,VIDEO,2,READ,
w198,2025-12-19T14:43:05.615353Z,151.260,200,True,0xA07Ab60Dc6F87DcAbEA86aDb690fFf1e30BB14A6,COURT,358,IMAGE,2,READ,
w199,2025-12-19T14:43:05.615379Z,151.304,200,True,0xceebe3C41b74d2c472F28A01C7CC44d6aAcA498F,INSURER,437,IMAGE,2,READ,
