worker,start_time_iso,latency_ms,status,allowed,subject_address,subject_role,resource_id,resource_type,resource_sensitivity,action,error
w45,2025-12-19T14:43:05.164617Z,35.293,200,True,0xb4F3640241c9285C3384313c7E76CBB3eded034B,INSURER,153,VIDEO,2,READ,
w3,2025-12-19T14:43:05.163192Z,36.957,200,True,0x592bB49f1f64a954F181cc99489664AeC05bB383,COURT,302,IMAGE,2,READ,
w46,2025-12-19T14:43:05.164649Z,35.658,200,True,0xA07Ab60Dc6F87DcAbEA86aDb690fFf1e30BB14A6,COURT,215,VIDEO,2,READ,
w47,2025-12-19T14:43:05.164680Z,35.753,403,False,0x28de4877801Eb83FF8f280a15cC0c360f89295ED,GARAGE,761,TELEMATICS,3,READ,
w48,2025-12-19T14:43:05.164706Z,35.837,200,True,0xC9d315B25D2f58D8299fD726f1bd40D5b077C4a4,ADJUSTER,652,FNOL,4,READ,
w49,2025-12-19T14:43:05.164746Z,35.999,200,True,0xe68d19e611fc7Cd8D9184Dbf3034203A5B0ba7E9,INSURER,116,VIDEO,2,READ,
w50,2025-12-19T14:43:05.164776Z,36.229,403,False,0x852cB9f303D330bff5722A21d48c0c4303bda309,POLICE,989,OTHER,1,READ,
w51,2025-12-19T14:43:05.164806Z,36.421,200,True,0x7F58e30B33E800fAD1041651365A29CfB660aC57,INSURER,998,OTHER,1,READ,
w52,2025-12-19T14:43:05.164835Z,36.605,200,True,0x03E8540790383Dc711c7029C4a4727A3D6F85Ee6,INSURER,553,MEDICAL_REPORT,5,READ,
w53,2025-12-19T14:43:05.164865Z,36.779,403,False,0x5cB4D76a86dbEF4FF02fA640c90deeaf5b309acD,GARAGE,555,FNOL,4,READ,
w54,2025-12-19T14:43:05.164895Z,36.944,200,True,0x445B0132f3e4B43546EdbBb0604997A1c2605CDf,INSURER,927,OTHER,1,READ,
w55,2025-12-19T14:43:05.164922Z,37.116,200,True,0x3015CaAdD111E6bb308586Fb390005C8F75848A7,POLICE,209,VIDEO,2,READ,
w56,2025-12-19T14:43:05.164950Z,37.318,200,True,0x1f45920F4b49aD1E6d3d6542163Da1Fc12B8F399,POLICE,76,VIDEO,2,READ,
w57,2025-12-19T14:43:05.164980Z,37.526,200,True,0xe84288AfCCFcafd9a8AB74D8F555C5448a911Eb5,INSURER,914,OTHER,1,READ,
w58,2025-12-19T14:43:05.165013Z,37.693,200,True,0x445B0132f3e4B43546EdbBb0604997A1c2605CDf,INSURER,842,TELEMATICS,3,READ,
w4,2025-12-19T14:43:05.163237Z,39.667,200,True,0x547633aa452093F2f87ad6cF6Af95cf459e17be5,ADJUSTER,332,IMAGE,2,READ,
w59,2025-12-19T14:43:05.165044Z,38.052,200,True,0x499B440236db366c87f8267Bd804228e12Df64A4,ADJUSTER,899,OTHER,1,READ,
w5,2025-12-19T14:43:05.163280Z,40.031,200,True,0xf1E534De0C06d61147F8A18Fd769352969fDCF3B,INSURER,582,MEDICAL_REPORT,5,READ,
w60,2025-12-19T14:43:05.165070Z,38.554,200,True,0x99a806d3b557c0a8e626Cef888962d06713ad5f6,COURT,979,OTHER,1,READ,
w6,2025-12-19T14:43:05.163324Z,40.532,200,True,0xc227AdED69aA39F067e0190b0EA4BB94BE51cb90,INSURER,562,FNOL,4,READ,
w61,2025-12-19T14:43:05.165104Z,39.015,200,True,0xca4373A5412dd617d707A9D63Fab5c33bc55890a,POLICE,425,IMAGE,2,READ,
w7,2025-12-19T14:43:05.163361Z,40.977,403,False,0xdFCd3364f36CdB72072987Ba9e3a6197F2807c1A,GARAGE,219,VIDEO,2,READ,
w62,2025-12-19T14:43:05.165136Z,39.464,200,True,0x0b5E323fB184f11d5882ca0773Ff29b91c76b407,ADJUSTER,347,IMAGE,2,READ,
w8,2025-12-19T14:43:05.163390Z,41.410,200,True,0x24a62efdAe4d80281BAc758e86a4E386905c720C,GARAGE,415,IMAGE,2,READ,
w63,2025-12-19T14:43:05.165169Z,39.787,200,True,0xe68d19e611fc7Cd8D9184Dbf3034203A5B0ba7E9,INSURER,34,VIDEO,2,READ,
w9,2025-12-19T14:43:05.163423Z,41.668,200,True,0x065803C5af851Dda212c2b93EabB66A8eE0Adb34,INSURER,932,OTHER,1,READ,
w64,2025-12-19T14:43:05.165197Z,40.051,200,True,0xF173F4d5ADdf0E7a16e318fFd5937Dfb27583015,INSURER,688,FNOL,4,READ,
w10,2025-12-19T14:43:05.163455Z,41.944,200,True,0x6C9757f257381323C7E688e7935C2755df2DdaF3,INSURER,279,IMAGE,2,READ,
w65,2025-12-19T14:43:05.165224Z,40.308,200,True,0xbDC02CAdBc892839484c2D2A7933028B4Cb9DBcE,INSURER,190,VIDEO,2,READ,
w11,2025-12-19T14:43:05.163486Z,42.162,200,True,0xB4C59915aF17bAB024Db05F0230B8Ee1aF00388d,COURT,757,TELEMATICS,3,READ,
w66,2025-12-19T14:43:05.165250Z,40.511,200,True,0x536e3B0833a6eBb933f385c0b0De10423705f7a1,COURT,384,IMAGE,2,READ,
w12,2025-12-19T14:43:05.163518Z,42.390,200,True,0xD81101A371257d1229a21CEAed60dD23BBb1a2B1,ADJUSTER,361,IMAGE,2,READ,
w67,2025-12-19T14:43:05.165277Z,40.751,200,True,0xb03C6C3a6e66a20729a4d4758D907D3A07cB0af5,INSURER,640,MEDICAL_REPORT,5,READ,
w13,2025-12-19T14:43:05.163545Z,42.602,200,True,0x9faB46D850015a996dAa8c1858e4cA1262E31bE2,INSURER,364,IMAGE,2,READ,
w68,2025-12-19T14:43:05.165303Z,40.981,200,True,0x1D3a19aAC334311E82F8439171A040835c8049F7,REGULATOR,378,IMAGE,2,READ,
w14,2025-12-19T14:43:05.163574Z,42.823,200,True,0xD574Ba4eCc12ca8b6BF7d7ed27E8896b66251f36,INSURER,756,TELEMATICS,3,READ,
w69,2025-12-19T14:43:05.165330Z,41.193,403,False,0x28de4877801Eb83FF8f280a15cC0c360f89295ED,GARAGE,164,VIDEO,2,READ,
w15,2025-12-19T14:43:05.163602Z,43.054,200,True,0xb4F3640241c9285C3384313c7E76CBB3eded034B,INSURER,482,IMAGE,2,READ,
w70,2025-12-19T14:43:05.165357Z,41.424,200,True,0xaf157e8fD0B47Ee2C692436E45dB871E2c1F3e83,INSURER,330,IMAGE,2,READ,
w16,2025-12-19T14:43:05.163628Z,43.264,200,True,0xd222D38Ccd1502056A8264eaCB2fCfc6c96F6B61,ADJUSTER,419,IMAGE,2,READ,
w71,2025-12-19T14:43:05.165385Z,41.602,403,False,0xA88F90716eDCDc5BFa0993c4c7FA41f629e44d8c,GARAGE,98,VIDEO,2,READ,
w17,2025-12-19T14:43:05.163658Z,43.433,200,True,0x1370507A4d90d4951D78E9186DFEbFFbD0102eb0,INSURER,446,IMAGE,2,READ,
w72,2025-12-19T14:43:05.165417Z,41.784,403,False,0xd0eD43b7e3956873eD7AB8414636734c48656D80,ADJUSTER,537,MEDICAL_REPORT,5,READ,
w18,2025-12-19T14:43:05.163689Z,43.622,200,True,0x0b5E323fB184f11d5882ca0773Ff29b91c76b407,ADJUSTER,429,IMAGE,2,READ,
w73,2025-12-19T14:43:05.165444Z,41.970,200,True,0x1f45920F4b49aD1E6d3d6542163Da1Fc12B8F399,POLICE,366,IMAGE,2,READ,
w19,2025-12-19T14:43:05.163720Z,43.794,200,True,0x5Adf6dA1124Cb04f8e27b4b197b6521C42AD0641,INSURER,616,FNOL,4,READ,
w74,2025-12-19T14:43:05.165472Z,42.158,200,True,0x2E2C6b303dF5Eb5E67C04610fDF33084A6d7408B,ADJUSTER,374,IMAGE,2,READ,
w20,2025-12-19T14:43:05.163751Z,43.985,200,True,0x4b325498d9Ec08b7e1eb3C52CE9a554ea24D3737,INSURER,316,IMAGE,2,READ,
w75,2025-12-19T14:43:05.165497Z,42.880,200,True,0x90F928F43C9c4066afF2a1E64E1063ECE320A9E3,INSURER,401,IMAGE,2,READ,
w76,2025-12-19T14:43:05.165530Z,43.010,200,True,0x92416914cF3F47944a8e5CCBA5d619b68b615D33,POLICE,475,IMAGE,2,READ,
w77,2025-12-19T14:43:05.165559Z,43.110,200,True,0xA9da87e421E9bF79a8e80EaD31e737D98aa626eE,INSURER,317,IMAGE,2,READ,
w21,2025-12-19T14:43:05.163780Z,45.006,200,True,0x6f5CC3De03FD8Ff029C145d99B3A9D30D2c0A71D,INSURER,942,OTHER,1,READ,
w78,2025-12-19T14:43:05.165670Z,43.232,403,False,0x522720c7F4efE7A2D43976187610Dc8c55F17207,POLICE,845,TELEMATICS,3,READ,
w22,2025-12-19T14:43:05.163809Z,45.211,200,True,0x50BbaB837D91CF9f3d77c66d83c40d4b389AB0B1,INSURER,61,VIDEO,2,READ,
w79,2025-12-19T14:43:05.165701Z,43.422,200,True,0xf306C99564607882567c83a33f4e5EEEb8bF050e,ADJUSTER,987,OTHER,1,READ,
w23,2025-12-19T14:43:05.163840Z,45.391,200,True,0x91229246e94c04361C72A11629D800CfBaC95674,COURT,917,OTHER,1,READ,
w80,2025-12-19T14:43:05.165726Z,43.614,403,False,0x0Adc41557A616569Cd409d74aFe4C9FaD47a57ed,POLICE,839,TELEMATICS,3,READ,
w24,2025-12-19T14:43:05.163870Z,45.581,200,True,0x816E9ccDC1bbbd5f73D84dF5652A4B63F92DE291,INSURER,847,TELEMATICS,3,READ,
w81,2025-12-19T14:43:05.165755Z,43.809,200,True,0x3EBAE31cB2be64Fe5734160d81AF569256974D47,POLICE,158,VIDEO,2,READ,
w25,2025-12-19T14:43:05.163898Z,45.775,200,True,0x7F58e30B33E800fAD1041651365A29CfB660aC57,INSURER,259,IMAGE,2,READ,
w82,2025-12-19T14:43:05.165781Z,46.210,200,True,0xB681a7921F6B4dE01c32e0986627275Edcd5e568,INSURER,417,IMAGE,2,READ,
w26,2025-12-19T14:43:05.163929Z,48.321,200,True,0xd222D38Ccd1502056A8264eaCB2fCfc6c96F6B61,ADJUSTER,828,TELEMATICS,3,READ,
w83,2025-12-19T14:43:05.165814Z,46.618,403,False,0x24a8D6d1D04D0d1D3e1c665a8Bd2f2B50Cb7097F,GARAGE,15,VIDEO,2,READ,
w27,2025-12-19T14:43:05.163960Z,48.630,200,True,0x6C9757f257381323C7E688e7935C2755df2DdaF3,INSURER,211,VIDEO,2,READ,
w84,2025-12-19T14:43:05.165840Z,46.880,200,True,0x20f5B667b21b5fC5b82Fa52c25088446F4026127,POLICE,368,IMAGE,2,READ,
w28,2025-12-19T14:43:05.163989Z,48.848,200,True,0xB29E5C47C181524AB77DF0E7095d8d832f9Afe6C,ADJUSTER,425,IMAGE,2,READ,
w85,2025-12-19T14:43:05.165867Z,47.082,403,False,0xe2a2B0b479b477f22BDd40fF8137AC17F6e34B2e,GARAGE,174,VIDEO,2,READ,
w29,2025-12-19T14:43:05.164018Z,49.040,200,True,0x8EacD2DD8F1d188ca58Ce26655097d63c95b65BB,ADJUSTER,669,FNOL,4,READ,
w86,2025-12-19T14:43:05.165893Z,47.275,200,True,0x00a777ADb6935EdBdF8a8529125d1fbd93EdBA56,INSURER,637,MEDICAL_REPORT,5,READ,
w30,2025-12-19T14:43:05.164050Z,49.214,200,True,0x816E9ccDC1bbbd5f73D84dF5652A4B63F92DE291,INSURER,543,FNOL,4,READ,
w87,2025-12-19T14:43:05.165920Z,47.446,200,True,0x90F928F43C9c4066afF2a1E64E1063ECE320A9E3,INSURER,208,VIDEO,2,READ,
w31,2025-12-19T14:43:05.164081Z,49.393,200,True,0xe84288AfCCFcafd9a8AB74D8F555C5448a911Eb5,INSURER,354,IMAGE,2,READ,
w88,2025-12-19T14:43:05.165948Z,47.635,200,True,0xA07Ab60Dc6F87DcAbEA86aDb690fFf1e30BB14A6,COURT,959,OTHER,1,READ,
w32,2025-12-19T14:43:05.164109Z,49.576,200,True,0x592bB49f1f64a954F181cc99489664AeC05bB383,COURT,780,TELEMATICS,3,READ,
w89,2025-12-19T14:43:05.165975Z,47.812,200,True,0xF173F4d5ADdf0E7a16e318fFd5937Dfb27583015,INSURER,617,MEDICAL_REPORT,5,READ,
w33,2025-12-19T14:43:05.164135Z,49.750,200,True,0xf1E534De0C06d61147F8A18Fd769352969fDCF3B,INSURER,736,TELEMATICS,3,READ,
w90,2025-12-19T14:43:05.166002Z,47.980,403,False,0x0Adc41557A616569Cd409d74aFe4C9FaD47a57ed,POLICE,612,MEDICAL_REPORT,5,READ,
w34,2025-12-19T14:43:05.164163Z,49.928,200,True,0x7d050D9da028bFC0eFF937489B90834dEFC533f3,INSURER,60,VIDEO,2,READ,
w91,2025-12-19T14:43:05.166030Z,48.169,403,False,0x992Eaf53E29aF2be6bCDB7c2013cC167E3D529F8,GARAGE,628,MEDICAL_REPORT,5,READ,
w35,2025-12-19T14:43:05.164194Z,50.112,200,True,0x2bae1eb63108Ab352DaD7842Af98F4e1768425C1,ADJUSTER,350,IMAGE,2,READ,
w92,2025-12-19T14:43:05.166056Z,48.354,200,True,0xa1d85548f437eb81200cF05523C35E95aFB59c79,INSURER,755,TELEMATICS,3,READ,
w36,2025-12-19T14:43:05.164223Z,50.291,200,True,0x80eD6824a5F2334A090fCfbEB1450356BDc84d63,ADJUSTER,244,VIDEO,2,READ,
w2,2025-12-19T14:43:05.163139Z,51.475,200,True,0xdbCa1F43d1B1fE30218A3870f8CE54eA068b9546,COURT,323,IMAGE,2,READ,
w37,2025-12-19T14:43:05.164380Z,50.336,200,True,0x1dDd4F87D89500d1d92400BaE6cdb8373566adeE,INSURER,177,VIDEO,2,READ,
w93,2025-12-19T14:43:05.166083Z,48.728,200,True,0x8CbB8dd324B837e6BD98E13e0c21fa636120Ca56,REGULATOR,30,VIDEO,2,READ,
w94,2025-12-19T14:43:05.166112Z,48.803,200,True,0x342E14b11b9f83662a05FF03e2f43C71f9Bf4873,REGULATOR,258,IMAGE,2,READ,
w38,2025-12-19T14:43:05.164412Z,50.602,403,False,0x4daf1A3296865E86D251A8ACacd2A4d94afB79F4,POLICE,888,OTHER,1,READ,
w95,2025-12-19T14:43:05.166140Z,48.974,403,False,0x40B970b53BFF9D4A11Fe90cD35998f21368a2830,POLICE,925,OTHER,1,READ,
w39,2025-12-19T14:43:05.164442Z,50.778,200,True,0x834FebF68f8d4290AF73435F29e38943Dd993eca,POLICE,248,VIDEO,2,READ,
w96,2025-12-19T14:43:05.166169Z,49.153,200,True,0x094A1Ff3795B2267aEA059A54C374B2CdB84D45e,COURT,395,IMAGE,2,READ,
w40,2025-12-19T14:43:05.164473Z,50.953,200,True,0xc3c51312907D83df323e05D7E254352175252368,COURT,700,MEDICAL_REPORT,5,READ,
w97,2025-12-19T14:43:05.166194Z,49.343,200,True,0xD46554Edf6329a0a8caae2A79EB7098A7a24Ba81,INSURER,561,FNOL,4,READ,
w41,2025-12-19T14:43:05.164505Z,51.131,403,False,0x834FebF68f8d4290AF73435F29e38943Dd993eca,POLICE,893,OTHER,1,READ,
w1,2025-12-19T14:43:05.163018Z,52.724,200,True,0x96C5458aF74559b7eB9C1768f6F30BD40251e25e,INSURER,308,IMAGE,2,READ,
w42,2025-12-19T14:43:05.164533Z,51.311,200,True,0x7F58e30B33E800fAD1041651365A29CfB660aC57,INSURER,785,TELEMATICS,3,READ,
w98,2025-12-19T14:43:05.166222Z,49.720,403,False,0x24a8D6d1D04D0d1D3e1c665a8Bd2f2B50Cb7097F,GARAGE,617,MEDICAL_REPORT,5,READ,
w99,2025-12-19T14:43:05.166247Z,49.793,200,True,0x7F58e30B33E800fAD1041651365A29CfB660aC57,INSURER,218,VIDEO,2,READ,
w43,2025-12-19T14:43:05.164561Z,51.574,403,False,0xB29E5C47C181524AB77DF0E7095d8d832f9Afe6C,ADJUSTER,585,MEDICAL_REPORT,5,READ,
w44,2025-12-19T14:43:05.164588Z,51.650,200,True,0x6C9757f257381323C7E688e7935C2755df2DdaF3,INSURER,722,TELEMATICS,3,READ,
w0,2025-12-19T14:43:05.160915Z,55.429,200,True,0xaf157e8fD0B47Ee2C692436E45dB871E2c1F3e83,INSURER,407,IMAGE,2,READ,
w45,2025-12-19T14:43:05.199927Z,16.538,200,True,0xe84288AfCCFcafd9a8AB74D8F555C5448a911Eb5,INSURER,934,OTHER,1,READ,
w3,2025-12-19T14:43:05.200157Z,16.424,200,True,0xF173F4d5ADdf0E7a16e318fFd5937Dfb27583015,INSURER,716,TELEMATICS,3,READ,
w46,2025-12-19T14:43:05.200314Z,16.374,200,True,0xc227AdED69aA39F067e0190b0EA4BB94BE51cb90,INSURER,342,IMAGE,2,READ,
w47,2025-12-19T14:43:05.200437Z,16.356,200,True,0x547633aa452093F2f87ad6cF6Af95cf459e17be5,ADJUSTER,172,VIDEO,2,READ,
w48,2025-12-19T14:43:05.200548Z,16.353,200,True,0x6C9757f257381323C7E688e7935C2755df2DdaF3,INSURER,597,FNOL,4,READ,
w49,2025-12-19T14:43:05.200778Z,16.236,403,False,0xdC2E4E6D348448D3722b528D8c9272eD5C020F55,POLICE,697,MEDICAL_REPORT,5,READ,
w50,2025-12-19T14:43:05.201014Z,16.107,200,True,0x501d27511202E1C0343B6ee79241254B3C3d4378,INSURER,167,VIDEO,2,READ,
w51,2025-12-19T14:43:05.201236Z,15.987,200,True,0xdF8A225C5B1E14558757B029B89e2F233515a798,ADJUSTER,176,VIDEO,2,READ,
w52,2025-12-19T14:43:05.201448Z,15.888,200,True,0x7f9fe1a6ad85DEBFdFB998d4E7Ddb5cb2fD1bd63,INSURER,781,TELEMATICS,3,READ,
w53,2025-12-19T14:43:05.201652Z,15.793,200,True,0x1d1694bc32c0223F44b4aC0956BE792a5996Cb79,INSURER,313,IMAGE,2,READ,
w54,2025-12-19T14:43:05.201846Z,15.705,200,True,0xe84288AfCCFcafd9a8AB74D8F555C5448a911Eb5,INSURER,174,VIDEO,2,READ,
w55,2025-12-19T14:43:05.202046Z,15.608,200,True,0x094A1Ff3795B2267aEA059A54C374B2CdB84D45e,COURT,603,FNOL,4,READ,
w56,2025-12-19T14:43:05.202279Z,15.478,403,False,0x12A0e24FbEa46bC85bd893CE5E21beFB44f88f15,POLICE,718,TELEMATICS,3,READ,
w57,2025-12-19T14:43:05.202514Z,15.361,200,True,0xa162d20e1Ea3efe0C78A65109e3411462afd3b28,INSURER,534,FNOL,4,READ,
w58,2025-12-19T14:43:05.202714Z,15.269,200,True,0x0Dc1cFEE2758F0e2688803c8098E11241014f8BB,INSURER,100,VIDEO,2,READ,
w4,2025-12-19T14:43:05.202912Z,15.175,403,False,0x5cB4D76a86dbEF4FF02fA640c90deeaf5b309acD,GARAGE,672,MEDICAL_REPORT,5,READ,
w59,2025-12-19T14:43:05.203104Z,15.082,200,True,0xE5dd563f92431eDFA8d444f0f1999a2858b95A81,INSURER,398,IMAGE,2,READ,
w5,2025-12-19T14:43:05.203319Z,14.975,200,True,0x766C26A7aD924449Bec43A8A34DEF94ddE4249e8,COURT,753,TELEMATICS,3,READ,
w60,2025-12-19T14:43:05.203633Z,14.775,403,False,0x92416914cF3F47944a8e5CCBA5d619b68b615D33,POLICE,597,FNOL,4,READ,
w6,2025-12-19T14:43:05.203864Z,14.672,200,True,0x1c2b0E2F66517144Cf34cdF840b04E60E4FC213C,INSURER,478,IMAGE,2,READ,
w61,2025-12-19T14:43:05.204128Z,14.526,403,False,0x12A0e24FbEa46bC85bd893CE5E21beFB44f88f15,POLICE,752,TELEMATICS,3,READ,
w7,2025-12-19T14:43:05.204345Z,14.423,200,True,0x0Dc1cFEE2758F0e2688803c8098E11241014f8BB,INSURER,755,TELEMATICS,3,READ,
w62,2025-12-19T14:43:05.204607Z,14.269,200,True,0x986fDE3291033E80049183d4eAac7752F29166cC,INSURER,554,FNOL,4,READ,
w8,2025-12-19T14:43:05.204808Z,14.205,200,True,0xDB6a12DbE55181c3f880bD63570EA3f3AC91e63A,ADJUSTER,790,TELEMATICS,3,READ,
w63,2025-12-19T14:43:05.204961Z,14.167,200,True,0x3CeB0Aa9CCc9c0A29a814fBD5c1aD23dca52aeb6,ADJUSTER,899,OTHER,1,READ,
w9,2025-12-19T14:43:05.205097Z,14.129,200,True,0x07e862A62f1C2E59d2B46Cb02c0B6469F0F2Ce6C,ADJUSTER,838,TELEMATICS,3,READ,
w64,2025-12-19T14:43:05.205254Z,14.079,200,True,0xA51c3724Dd9F1e975A507c34B34acf9d14Ce6FEb,GARAGE,349,IMAGE,2,READ,
w10,2025-12-19T14:43:05.205405Z,14.035,403,False,0x9a076822Eb2A5Aff3AfdAC8DF2620AD153dC4035,POLICE,851,OTHER,1,READ,
w65,2025-12-19T14:43:05.205538Z,14.010,200,True,0x1D3a19aAC334311E82F8439171A040835c8049F7,REGULATOR,920,OTHER,1,READ,
w11,2025-12-19T14:43:05.205652Z,13.999,200,True,0x986fDE3291033E80049183d4eAac7752F29166cC,INSURER,215,VIDEO,2,READ,
w66,2025-12-19T14:43:05.205766Z,13.987,200,True,0x1370507A4d90d4951D78E9186DFEbFFbD0102eb0,INSURER,814,TELEMATICS,3,READ,
w12,2025-12-19T14:43:05.205916Z,13.942,200,True,0x07e862A62f1C2E59d2B46Cb02c0B6469F0F2Ce6C,ADJUSTER,815,TELEMATICS,3,READ,
w67,2025-12-19T14:43:05.206032Z,13.927,200,True,0x8d04Ed80530786073721Ae9c38cD46D45dd71756,INSURER,639,FNOL,4,READ,
w13,2025-12-19T14:43:05.206152Z,13.903,200,True,0x8C0A9562bA06c26cD697012F2C311Ab93431CB08,INSURER,263,IMAGE,2,READ,
w68,2025-12-19T14:43:05.206289Z,14.061,200,True,0xf1E534De0C06d61147F8A18Fd769352969fDCF3B,INSURER,965,OTHER,1,READ,
w14,2025-12-19T14:43:05.206403Z,14.213,200,True,0x16C605c8536B3AC44524Ebd88bF81CE652b1E990,POLICE,359,IMAGE,2,READ,
w69,2025-12-19T14:43:05.206528Z,14.331,200,True,0x445B0132f3e4B43546EdbBb0604997A1c2605CDf,INSURER,363,IMAGE,2,READ,
w15,2025-12-19T14:43:05.206660Z,14.458,200,True,0xc6fd3ebdCCe1922C2aAF225B6Ae37C875b175082,ADJUSTER,25,VIDEO,2,READ,
w70,2025-12-19T14:43:05.206787Z,14.560,200,True,0xA07Ab60Dc6F87DcAbEA86aDb690fFf1e30BB14A6,COURT,345,IMAGE,2,READ,
w16,2025-12-19T14:43:05.206896Z,14.627,200,True,0x66f104f30efDef6bbcf31F1d23B3c5a5Cf67C05A,INSURER,834,TELEMATICS,3,READ,
w71,2025-12-19T14:43:05.206991Z,14.678,200,True,0x1370507A4d90d4951D78E9186DFEbFFbD0102eb0,INSURER,449,IMAGE,2,READ,
w17,2025-12-19T14:43:05.207096Z,14.698,403,False,0x20f5B667b21b5fC5b82Fa52c25088446F4026127,POLICE,891,OTHER,1,READ,
w72,2025-12-19T14:43:05.207205Z,15.537,200,True,0xa162d20e1Ea3efe0C78A65109e3411462afd3b28,INSURER,160,VIDEO,2,READ,
w18,2025-12-19T14:43:05.207315Z,15.608,200,True,0x7034d06498b2196468b6eD861eda7B5D1cb5594c,REGULATOR,200,VIDEO,2,READ,
w73,2025-12-19T14:43:05.207418Z,15.643,200,True,0xB681a7921F6B4dE01c32e0986627275Edcd5e568,INSURER,485,IMAGE,2,READ,
w19,2025-12-19T14:43:05.207519Z,15.671,403,False,0x3015CaAdD111E6bb308586Fb390005C8F75848A7,POLICE,833,TELEMATICS,3,READ,
w74,2025-12-19T14:43:05.207634Z,15.681,200,True,0xe68d19e611fc7Cd8D9184Dbf3034203A5B0ba7E9,INSURER,888,OTHER,1,READ,
w20,2025-12-19T14:43:05.207740Z,15.687,200,True,0xaF805972401628544EBe993aC94305E19571431b,INSURER,405,IMAGE,2,READ,
w75,2025-12-19T14:43:05.208385Z,15.178,200,True,0xD2e4187ae13875E61F4ADeB0bc309Fda9E672655,INSURER,473,IMAGE,2,READ,
w76,2025-12-19T14:43:05.208546Z,15.135,200,True,0xD574Ba4eCc12ca8b6BF7d7ed27E8896b66251f36,INSURER,207,VIDEO,2,READ,
w77,2025-12-19T14:43:05.208675Z,15.115,403,False,0xdFCd3364f36CdB72072987Ba9e3a6197F2807c1A,GARAGE,656,MEDICAL_REPORT,5,READ,
w21,2025-12-19T14:43:05.208791Z,15.122,403,False,0x4531E352d63619A871806b0f4b4509c5Ac923135,GARAGE,852,OTHER,1,READ,
w78,2025-12-19T14:43:05.208908Z,15.111,403,False,0x94aC64f763ca7BcC8957cb2CBAfF108a9d91ADc1,POLICE,790,TELEMATICS,3,READ,
w22,2025-12-19T14:43:05.209024Z,15.094,200,True,0x6C083CdC9F152E5a82DB28241FBea8958a62a549,COURT,490,IMAGE,2,READ,
w79,2025-12-19T14:43:05.209126Z,15.103,200,True,0x8C0A9562bA06c26cD697012F2C311Ab93431CB08,INSURER,186,VIDEO,2,READ,
w23,2025-12-19T14:43:05.209234Z,15.120,200,True,0xe68d19e611fc7Cd8D9184Dbf3034203A5B0ba7E9,INSURER,817,TELEMATICS,3,READ,
w80,2025-12-19T14:43:05.209345Z,15.115,200,True,0xFbB08379ae5b6acFA48Fdee5E2Be6af84a90DcFb,COURT,991,OTHER,1,READ,
w24,2025-12-19T14:43:05.209456Z,15.116,200,True,0xdadC347Cbfd9bcB5e0E6bd20fA005df38d4fdFa0,ADJUSTER,125,VIDEO,2,READ,
w81,2025-12-19T14:43:05.209569Z,15.116,200,True,0x4a5907024898DA4eE2BA57e89D767C6406ebD232,INSURER,760,TELEMATICS,3,READ,
w25,2025-12-19T14:43:05.209677Z,15.109,200,True,0xE6eF4f2c9De0532C38589a58Fbde2BBC1C31279B,ADJUSTER,718,TELEMATICS,3,READ,
w82,2025-12-19T14:43:05.212001Z,14.542,200,True,0xF2c90E8ED7e59FCFb44ff6056Cf906449175c417,REGULATOR,962,OTHER,1,READ,
w26,2025-12-19T14:43:05.212258Z,14.451,403,False,0x40B970b53BFF9D4A11Fe90cD35998f21368a2830,POLICE,621,FNOL,4,READ,
w83,2025-12-19T14:43:05.212439Z,14.406,200,True,0x67f187dcbDE2Fbf24Ec1508f7AAdF943bcE1f668,INSURER,385,IMAGE,2,READ,
w27,2025-12-19T14:43:05.212595Z,14.369,200,True,0xFbB08379ae5b6acFA48Fdee5E2Be6af84a90DcFb,COURT,747,TELEMATICS,3,READ,
w84,2025-12-19T14:43:05.212725Z,14.356,200,True,0x8C0A9562bA06c26cD697012F2C311Ab93431CB08,INSURER,923,OTHER,1,READ,
w28,2025-12-19T14:43:05.212842Z,14.356,200,True,0x1d1694bc32c0223F44b4aC0956BE792a5996Cb79,INSURER,411,IMAGE,2,READ,
w85,2025-12-19T14:43:05.212954Z,14.354,200,True,0x8a68D81A9d3c90fE303344fA200a40Ad65bB9234,ADJUSTER,369,IMAGE,2,READ,
w29,2025-12-19T14:43:05.213063Z,14.353,200,True,0xeE7a8fa9C275631851e5D7dc28236a336206c473,COURT,935,OTHER,1,READ,
w86,2025-12-19T14:43:05.213171Z,14.348,200,True,0x7775fD4aD4669C7F6F26aCBf7CC07d9dA5f959C8,POLICE,376,IMAGE,2,READ,
w30,2025-12-19T14:43:05.213268Z,14.354,200,True,0x168EC3290512E1AcbB8201aeD946f3BA1Ed1effc,INSURER,908,OTHER,1,READ,
w87,2025-12-19T14:43:05.213370Z,14.354,200,True,0x34BBE78F5E8eF7F758481402618b9CA85b1a3CF7,ADJUSTER,448,IMAGE,2,READ,
w31,2025-12-19T14:43:05.213479Z,14.346,200,True,0xA9da87e421E9bF79a8e80EaD31e737D98aa626eE,INSURER,953,OTHER,1,READ,
w88,2025-12-19T14:43:05.213588Z,14.342,200,True,0x499B440236db366c87f8267Bd804228e12Df64A4,ADJUSTER,248,VIDEO,2,READ,
w32,2025-12-19T14:43:05.213689Z,14.342,200,True,0x11aaC79A517D8afa3a7DB9b5B2E4a2592284C7AE,INSURER,338,IMAGE,2,READ,
w89,2025-12-19T14:43:05.213791Z,14.342,200,True,0xB4107C66a46663F51503A8d8C779b7E663809462,GARAGE,366,IMAGE,2,READ,
w33,2025-12-19T14:43:05.213890Z,14.344,200,True,0xECB4fA8D986702c344aB4Aacfa51CfeD104110bA,ADJUSTER,62,VIDEO,2,READ,
w90,2025-12-19T14:43:05.213988Z,14.345,200,True,0x4DCDFfA1280ad4A435512Ee5dDaF8a9D4e9509E3,GARAGE,272,IMAGE,2,READ,
w34,2025-12-19T14:43:05.214095Z,14.339,403,False,0x16C605c8536B3AC44524Ebd88bF81CE652b1E990,POLICE,873,OTHER,1,READ,
w91,2025-12-19T14:43:05.214204Z,14.334,403,False,0x4531E352d63619A871806b0f4b4509c5Ac923135,GARAGE,134,VIDEO,2,READ,
w35,2025-12-19T14:43:05.214311Z,14.329,200,True,0xf3f97A6811D6ad4d52078Dca9bAe96C8d8136764,ADJUSTER,992,OTHER,1,READ,
w92,2025-12-19T14:43:05.214415Z,14.323,200,True,0xd3ad26904604cf4A6e4Ef026c902c9f70562F892,INSURER,442,IMAGE,2,READ,
w36,2025-12-19T14:43:05.214518Z,14.318,200,True,0x1c2b0E2F66517144Cf34cdF840b04E60E4FC213C,INSURER,104,VIDEO,2,READ,
w2,2025-12-19T14:43:05.214618Z,14.317,403,False,0xfc909f67c3BA8552cdb1B0bA216742E485d43BA1,ADJUSTER,689,MEDICAL_REPORT,5,READ,
w37,2025-12-19T14:43:05.214720Z,14.314,200,True,0x39f310D9c7221cAEF10d101bFB16Ecc0DF2654F9,INSURER,574,FNOL,4,READ,
w93,2025-12-19T14:43:05.214815Z,14.317,200,True,0x66f104f30efDef6bbcf31F1d23B3c5a5Cf67C05A,INSURER,100,VIDEO,2,READ,
w94,2025-12-19T14:43:05.214919Z,14.311,200,True,0xf306C99564607882567c83a33f4e5EEEb8bF050e,ADJUSTER,369,IMAGE,2,READ,
w38,2025-12-19T14:43:05.215018Z,14.311,200,True,0x1F118D13DD44a163CF0Cfe93a2339019D5089D5c,ADJUSTER,8,VIDEO,2,READ,
w95,2025-12-19T14:43:05.215118Z,14.318,200,True,0x8CbB8dd324B837e6BD98E13e0c21fa636120Ca56,REGULATOR,468,IMAGE,2,READ,
w39,2025-12-19T14:43:05.215224Z,14.317,200,True,0x17a3649Ac7847fC2048db0ceD97945aA7dCEdC8a,INSURER,46,VIDEO,2,READ,
w96,2025-12-19T14:43:05.215326Z,14.316,200,True,0x67f187dcbDE2Fbf24Ec1508f7AAdF943bcE1f668,INSURER,167,VIDEO,2,READ,
w40,2025-12-19T14:43:05.215432Z,14.309,200,True,0x7034d06498b2196468b6eD861eda7B5D1cb5594c,REGULATOR,816,TELEMATICS,3,READ,
w97,2025-12-19T14:43:05.215540Z,14.297,200,True,0x168EC3290512E1AcbB8201aeD946f3BA1Ed1effc,INSURER,572,MEDICAL_REPORT,5,READ,
w41,2025-12-19T14:43:05.215640Z,14.301,200,True,0xECB4fA8D986702c344aB4Aacfa51CfeD104110bA,ADJUSTER,828,TELEMATICS,3,READ,
w1,2025-12-19T14:43:05.215746Z,14.297,200,True,0x522720c7F4efE7A2D43976187610Dc8c55F17207,POLICE,70,VIDEO,2,READ,
w42,2025-12-19T14:43:05.215848Z,14.292,200,True,0xDB6a12DbE55181c3f880bD63570EA3f3AC91e63A,ADJUSTER,365,IMAGE,2,READ,
w98,2025-12-19T14:43:05.215945Z,14.293,200,True,0xe68d19e611fc7Cd8D9184Dbf3034203A5B0ba7E9,INSURER,836,TELEMATICS,3,READ,
w99,2025-12-19T14:43:05.216045Z,14.292,200,True,0x6C083CdC9F152E5a82DB28241FBea8958a62a549,COURT,342,IMAGE,2,READ,
w43,2025-12-19T14:43:05.216139Z,14.296,200,True,0x17a3649Ac7847fC2048db0ceD97945aA7dCEdC8a,INSURER,942,OTHER,1,READ,
w44,2025-12-19T14:43:05.216242Z,14.296,200,True,0xd3ad26904604cf4A6e4Ef026c902c9f70562F892,INSURER,302,IMAGE,2,READ,
w0,2025-12-19T14:43:05.216348Z,14.296,200,True,0xb03C6C3a6e66a20729a4d4758D907D3A07cB0af5,INSURER,841,TELEMATICS,3,READ,
w45,2025-12-19T14:43:05.216470Z,14.279,200,True,0x94aC64f763ca7BcC8957cb2CBAfF108a9d91ADc1,POLICE,275,IMAGE,2,READ,
w3,2025-12-19T14:43:05.216586Z,14.268,200,True,0x8C0A9562bA06c26cD697012F2C311Ab93431CB08,INSURER,119,VIDEO,2,READ,
w46,2025-12-19T14:43:05.216691Z,14.264,200,True,0xe84288AfCCFcafd9a8AB74D8F555C5448a911Eb5,INSURER,466,IMAGE,2,READ,
w47,2025-12-19T14:43:05.216798Z,14.255,200,True,0xfc909f67c3BA8552cdb1B0bA216742E485d43BA1,ADJUSTER,144,VIDEO,2,READ,
w48,2025-12-19T14:43:05.216905Z,14.246,200,True,0x7f9fe1a6ad85DEBFdFB998d4E7Ddb5cb2fD1bd63,INSURER,72,VIDEO,2,READ,
w49,2025-12-19T14:43:05.217019Z,14.226,403,False,0x9fFdEc67F092978A065F3956A4C0D0887253f6B4,GARAGE,198,VIDEO,2,READ,
w50,2025-12-19T14:43:05.217125Z,14.224,200,True,0x03E8540790383Dc711c7029C4a4727A3D6F85Ee6,INSURER,553,MEDICAL_REPORT,5,READ,
w51,2025-12-19T14:43:05.217227Z,14.225,200,True,0x1f45920F4b49aD1E6d3d6542163Da1Fc12B8F399,POLICE,127,VIDEO,2,READ,
w52,2025-12-19T14:43:05.217342Z,14.214,200,True,0x766C26A7aD924449Bec43A8A34DEF94ddE4249e8,COURT,971,OTHER,1,READ,
w53,2025-12-19T14:43:05.217449Z,14.213,200,True,0x1d1694bc32c0223F44b4aC0956BE792a5996Cb79,INSURER,422,IMAGE,2,READ,
w54,2025-12-19T14:43:05.217555Z,14.220,200,True,0xe68d19e611fc7Cd8D9184Dbf3034203A5B0ba7E9,INSURER,467,IMAGE,2,READ,
w55,2025-12-19T14:43:05.217658Z,14.216,200,True,0x7034d06498b2196468b6eD861eda7B5D1cb5594c,REGULATOR,552,MEDICAL_REPORT,5,READ,
w56,2025-12-19T14:43:05.217761Z,14.221,200,True,0xF2c90E8ED7e59FCFb44ff6056Cf906449175c417,REGULATOR,432,IMAGE,2,READ,
w57,2025-12-19T14:43:05.217879Z,14.199,200,True,0x2Fd075dD3CC039D228Ac107272729a1129782C59,GARAGE,441,IMAGE,2,READ,
w58,2025-12-19T14:43:05.217987Z,14.189,200,True,0xFbB08379ae5b6acFA48Fdee5E2Be6af84a90DcFb,COURT,641,FNOL,4,READ,
w4,2025-12-19T14:43:05.218091Z,14.194,403,False,0x9D65961198142f8eE2223b06687b0C16ED30B78E,POLICE,714,TELEMATICS,3,READ,
w59,2025-12-19T14:43:05.218190Z,14.196,200,True,0xaf157e8fD0B47Ee2C692436E45dB871E2c1F3e83,INSURER,875,OTHER,1,READ,
w5,2025-12-19T14:43:05.218298Z,14.192,200,True,0x417E040C3F0A2094fa86aE1A22D89f21ad5f2c91,INSURER,255,IMAGE,2,READ,
w60,2025-12-19T14:43:05.218418Z,14.175,403,False,0x4daf1A3296865E86D251A8ACacd2A4d94afB79F4,POLICE,724,TELEMATICS,3,READ,
w6,2025-12-19T14:43:05.218540Z,14.157,200,True,0xA9da87e421E9bF79a8e80EaD31e737D98aa626eE,INSURER,48,VIDEO,2,READ,
w61,2025-12-19T14:43:05.218657Z,14.140,200,True,0x8d0151c4F2bF27afD2201C7C4fE56A90B0DA58Fe,INSURER,285,IMAGE,2,READ,
w7,2025-12-19T14:43:05.218771Z,14.127,200,True,0x793235ebf79944f08742d0Cd92ca6D24B4327d8E,POLICE,81,VIDEO,2,READ,
w62,2025-12-19T14:43:05.218880Z,14.116,403,False,0xb0276419CD1DA3AF0406c1b6D9D2302B8CDAc670,POLICE,779,TELEMATICS,3,READ,
w8,2025-12-19T14:43:05.219018Z,14.086,200,True,0x06D4bAEDddd3B73284654b61bec9CF7C3D667E84,ADJUSTER,825,TELEMATICS,3,READ,
w63,2025-12-19T14:43:05.219131Z,14.080,200,True,0xFfF5E088c8b6a5a470a6D48f405892515c41FCa6,ADJUSTER,881,OTHER,1,READ,
w9,2025-12-19T14:43:05.219231Z,14.083,403,False,0x8e698D53B82C116210BD73e1cA88584086b03795,POLICE,884,OTHER,1,READ,
w64,2025-12-19T14:43:05.219337Z,14.076,200,True,0x8419AD6d02e583D482E66F544e7fCc8a4078cE52,INSURER,233,VIDEO,2,READ,
w10,2025-12-19T14:43:05.219445Z,14.068,200,True,0x0Dc1cFEE2758F0e2688803c8098E11241014f8BB,INSURER,707,TELEMATICS,3,READ,
w65,2025-12-19T14:43:05.219553Z,14.061,403,False,0x28de4877801Eb83FF8f280a15cC0c360f89295ED,GARAGE,969,OTHER,1,READ,
w11,2025-12-19T14:43:05.219656Z,14.061,200,True,0xf306C99564607882567c83a33f4e5EEEb8bF050e,ADJUSTER,256,IMAGE,2,READ,
w66,2025-12-19T14:43:05.219757Z,14.060,200,True,0xf7E1883f933104b142c40E92e6624179359b44C2,INSURER,825,TELEMATICS,3,READ,
w12,2025-12-19T14:43:05.219862Z,14.064,200,True,0x34BBE78F5E8eF7F758481402618b9CA85b1a3CF7,ADJUSTER,255,IMAGE,2,READ,
w67,2025-12-19T14:43:05.219965Z,14.068,200,True,0xdbCa1F43d1B1fE30218A3870f8CE54eA068b9546,COURT,619,MEDICAL_REPORT,5,READ,
w13,2025-12-19T14:43:05.220059Z,14.077,200,True,0x1e237843BDabB13CAAF8C9B59868118a067a706f,INSURER,917,OTHER,1,READ,
w68,2025-12-19T14:43:05.220360Z,13.875,200,True,0xF9EA48F4E0d76E96a3755d17b67fF2F7157C7911,POLICE,290,IMAGE,2,READ,
w14,2025-12-19T14:43:05.220624Z,13.709,403,False,0xD655a56fEE3b3b955dDD12746620A181f93F16e6,POLICE,550,MEDICAL_REPORT,5,READ,
w69,2025-12-19T14:43:05.220867Z,13.566,200,True,0x4706C804bB8f3Eb133529A02e3F3F48fc38Bd2F9,ADJUSTER,716,TELEMATICS,3,READ,
w15,2025-12-19T14:43:05.221127Z,13.408,200,True,0x065803C5af851Dda212c2b93EabB66A8eE0Adb34,INSURER,43,VIDEO,2,READ,
w70,2025-12-19T14:43:05.221354Z,13.283,200,True,0x39f310D9c7221cAEF10d101bFB16Ecc0DF2654F9,INSURER,833,TELEMATICS,3,READ,
w16,2025-12-19T14:43:05.221529Z,13.211,200,True,0x8a68D81A9d3c90fE303344fA200a40Ad65bB9234,ADJUSTER,595,FNOL,4,READ,
w71,2025-12-19T14:43:05.221675Z,13.164,200,True,0x34BBE78F5E8eF7F758481402618b9CA85b1a3CF7,ADJUSTER,135,VIDEO,2,READ,
w17,2025-12-19T14:43:05.221801Z,13.136,200,True,0x4a5907024898DA4eE2BA57e89D767C6406ebD232,INSURER,511,FNOL,4,READ,
w72,2025-12-19T14:43:05.222749Z,12.852,403,False,0x24a8D6d1D04D0d1D3e1c665a8Bd2f2B50Cb7097F,GARAGE,651,FNOL,4,READ,
w18,2025-12-19T14:43:05.222929Z,12.825,403,False,0x8e698D53B82C116210BD73e1cA88584086b03795,POLICE,665,MEDICAL_REPORT,5,READ,
w73,2025-12-19T14:43:05.223067Z,12.806,403,False,0x18D398FEffFf1114bdb4B9558a6905E521C001A3,ADJUSTER,513,MEDICAL_REPORT,5,READ,
w19,2025-12-19T14:43:05.223195Z,12.800,200,True,0x71f923CB5F826712E139D152d18028dE817Bae65,GARAGE,421,IMAGE,2,READ,
w74,2025-12-19T14:43:05.223320Z,12.782,200,True,0xeE7a8fa9C275631851e5D7dc28236a336206c473,COURT,733,TELEMATICS,3,READ,
w20,2025-12-19T14:43:05.223432Z,12.804,200,True,0x766C26A7aD924449Bec43A8A34DEF94ddE4249e8,COURT,289,IMAGE,2,READ,
w75,2025-12-19T14:43:05.223568Z,12.793,200,True,0x8e698D53B82C116210BD73e1cA88584086b03795,POLICE,496,IMAGE,2,READ,
w76,2025-12-19T14:43:05.223687Z,12.778,403,False,0x94aC64f763ca7BcC8957cb2CBAfF108a9d91ADc1,POLICE,942,OTHER,1,READ,
w77,2025-12-19T14:43:05.223794Z,12.768,200,True,0x50BbaB837D91CF9f3d77c66d83c40d4b389AB0B1,INSURER,377,IMAGE,2,READ,
w21,2025-12-19T14:43:05.223918Z,12.737,200,True,0x47200E7159B7646892C3cC84C60818bcD2B38A22,ADJUSTER,233,VIDEO,2,READ,
w78,2025-12-19T14:43:05.224024Z,12.727,403,False,0x1f45920F4b49aD1E6d3d6542163Da1Fc12B8F399,POLICE,600,MEDICAL_REPORT,5,READ,
w22,2025-12-19T14:43:05.224123Z,12.863,200,True,0x63799B99d43E4dB6Eb46BF3fEeBcb88c347351c0,COURT,728,TELEMATICS,3,READ,
w79,2025-12-19T14:43:05.224235Z,13.027,200,True,0x7034d06498b2196468b6eD861eda7B5D1cb5594c,REGULATOR,566,MEDICAL_REPORT,5,READ,
w23,2025-12-19T14:43:05.224360Z,13.204,200,True,0x8C0A9562bA06c26cD697012F2C311Ab93431CB08,INSURER,73,VIDEO,2,READ,
w80,2025-12-19T14:43:05.224466Z,13.302,200,True,0xa162d20e1Ea3efe0C78A65109e3411462afd3b28,INSURER,736,TELEMATICS,3,READ,
w24,2025-12-19T14:43:05.224576Z,13.340,200,True,0xAd5c25cf76e4C8A2ee7b38179b90ec0379Aee5d3,INSURER,598,FNOL,4,READ,
w81,2025-12-19T14:43:05.224690Z,13.355,200,True,0x6C9757f257381323C7E688e7935C2755df2DdaF3,INSURER,505,FNOL,4,READ,
w25,2025-12-19T14:43:05.224791Z,13.378,200,True,0x4b325498d9Ec08b7e1eb3C52CE9a554ea24D3737,INSURER,16,VIDEO,2,READ,
w82,2025-12-19T14:43:05.226549Z,12.862,403,False,0x32a71350b8324e903BA5674B6456e07Bd472AA8f,GARAGE,166,VIDEO,2,READ,
w26,2025-12-19T14:43:05.226715Z,12.842,200,True,0x0Dc1cFEE2758F0e2688803c8098E11241014f8BB,INSURER,107,VIDEO,2,READ,
w83,2025-12-19T14:43:05.226850Z,12.983,403,False,0xF9EA48F4E0d76E96a3755d17b67fF2F7157C7911,POLICE,827,TELEMATICS,3,READ,
w27,2025-12-19T14:43:05.226969Z,13.073,200,True,0x3015CaAdD111E6bb308586Fb390005C8F75848A7,POLICE,447,IMAGE,2,READ,
w84,2025-12-19T14:43:05.227086Z,13.281,200,True,0x94aC64f763ca7BcC8957cb2CBAfF108a9d91ADc1,POLICE,364,IMAGE,2,READ,
w28,2025-12-19T14:43:05.227203Z,13.310,403,False,0xD655a56fEE3b3b955dDD12746620A181f93F16e6,POLICE,787,TELEMATICS,3,READ,
w85,2025-12-19T14:43:05.227312Z,13.322,200,True,0x9D27B273CA2f10A2b874e5280Aa7A5081BdC694C,INSURER,135,VIDEO,2,READ,
w29,2025-12-19T14:43:05.227420Z,13.330,200,True,0xcbA3c1E62e024046934d519a26b637Dd0dfD1b3c,REGULATOR,168,VIDEO,2,READ,
w86,2025-12-19T14:43:05.227524Z,13.336,403,False,0xfc909f67c3BA8552cdb1B0bA216742E485d43BA1,ADJUSTER,581,MEDICAL_REPORT,5,READ,
w30,2025-12-19T14:43:05.227627Z,13.350,403,False,0x793235ebf79944f08742d0Cd92ca6D24B4327d8E,POLICE,546,FNOL,4,READ,
w87,2025-12-19T14:43:05.227728Z,13.442,200,True,0x6f5CC3De03FD8Ff029C145d99B3A9D30D2c0A71D,INSURER,798,TELEMATICS,3,READ,
w31,2025-12-19T14:43:05.227829Z,13.471,200,True,0xfc909f67c3BA8552cdb1B0bA216742E485d43BA1,ADJUSTER,37,VIDEO,2,READ,
w88,2025-12-19T14:43:05.227934Z,13.473,200,True,0xFbB08379ae5b6acFA48Fdee5E2Be6af84a90DcFb,COURT,895,OTHER,1,READ,
w32,2025-12-19T14:43:05.228035Z,13.477,200,True,0x7f9fe1a6ad85DEBFdFB998d4E7Ddb5cb2fD1bd63,INSURER,911,OTHER,1,READ,
w89,2025-12-19T14:43:05.228137Z,13.476,200,True,0xaF805972401628544EBe993aC94305E19571431b,INSURER,882,OTHER,1,READ,
w33,2025-12-19T14:43:05.228238Z,13.474,403,False,0x2Fd075dD3CC039D228Ac107272729a1129782C59,GARAGE,501,FNOL,4,READ,
w90,2025-12-19T14:43:05.228338Z,13.485,200,True,0x5cB4D76a86dbEF4FF02fA640c90deeaf5b309acD,GARAGE,339,IMAGE,2,READ,
w34,2025-12-19T14:43:05.228439Z,13.556,200,True,0x0b5E323fB184f11d5882ca0773Ff29b91c76b407,ADJUSTER,634,FNOL,4,READ,
w91,2025-12-19T14:43:05.228542Z,13.585,200,True,0x8419AD6d02e583D482E66F544e7fCc8a4078cE52,INSURER,30,VIDEO,2,READ,
w35,2025-12-19T14:43:05.228643Z,13.590,403,False,0x5cB4D76a86dbEF4FF02fA640c90deeaf5b309acD,GARAGE,976,OTHER,1,READ,
w92,2025-12-19T14:43:05.228741Z,13.594,200,True,0xa162d20e1Ea3efe0C78A65109e3411462afd3b28,INSURER,894,OTHER,1,READ,
w36,2025-12-19T14:43:05.228840Z,13.602,200,True,0xB681a7921F6B4dE01c32e0986627275Edcd5e568,INSURER,526,FNOL,4,READ,
w2,2025-12-19T14:43:05.228940Z,13.602,200,True,0xe84288AfCCFcafd9a8AB74D8F555C5448a911Eb5,INSURER,386,IMAGE,2,READ,
w37,2025-12-19T14:43:05.229037Z,13.604,200,True,0x17a3649Ac7847fC2048db0ceD97945aA7dCEdC8a,INSURER,872,OTHER,1,READ,
w93,2025-12-19T14:43:05.229136Z,13.603,403,False,0xD81101A371257d1229a21CEAed60dD23BBb1a2B1,ADJUSTER,564,MEDICAL_REPORT,5,READ,
w94,2025-12-19T14:43:05.229234Z,13.607,200,True,0xD162EE2e18AC5c1AdC8152fd82CeDcE024c00f75,POLICE,157,VIDEO,2,READ,
w38,2025-12-19T14:43:05.229334Z,13.625,200,True,0x9fFdEc67F092978A065F3956A4C0D0887253f6B4,GARAGE,380,IMAGE,2,READ,
w95,2025-12-19T14:43:05.229441Z,13.630,200,True,0xD89D70fF36c803e47f1df2Ffaab469107117214F,ADJUSTER,114,VIDEO,2,READ,
w39,2025-12-19T14:43:05.229545Z,13.629,200,True,0x9d26A04fcCe87Fd42687C4eCBA27F01DB5b333E9,REGULATOR,29,VIDEO,2,READ,
w96,2025-12-19T14:43:05.229647Z,13.621,200,True,0x63799B99d43E4dB6Eb46BF3fEeBcb88c347351c0,COURT,478,IMAGE,2,READ,
w40,2025-12-19T14:43:05.229745Z,13.644,403,False,0x7775fD4aD4669C7F6F26aCBf7CC07d9dA5f959C8,POLICE,638,FNOL,4,READ,
w97,2025-12-19T14:43:05.229842Z,13.664,200,True,0x9a076822Eb2A5Aff3AfdAC8DF2620AD153dC4035,POLICE,317,IMAGE,2,READ,
w41,2025-12-19T14:43:05.229945Z,13.663,200,True,0x1c2b0E2F66517144Cf34cdF840b04E60E4FC213C,INSURER,634,FNOL,4,READ,
w1,2025-12-19T14:43:05.230046Z,13.662,200,True,0x4a5907024898DA4eE2BA57e89D767C6406ebD232,INSURER,113,VIDEO,2,READ,
w42,2025-12-19T14:43:05.230144Z,13.658,200,True,0x74fB3137dFB3B6448931Fb8Da2496AaF6a238f78,COURT,702,TELEMATICS,3,READ,
w98,2025-12-19T14:43:05.230242Z,13.657,403,False,0x2Fd075dD3CC039D228Ac107272729a1129782C59,GARAGE,857,OTHER,1,READ,
w99,2025-12-19T14:43:05.230341Z,13.653,200,True,0x1734cC5117Ca09e57A599f0E72469FEad0d749F9,REGULATOR,12,VIDEO,2,READ,
w43,2025-12-19T14:43:05.230439Z,13.647,200,True,0xa162d20e1Ea3efe0C78A65109e3411462afd3b28,INSURER,20,VIDEO,2,READ,
w44,2025-12-19T14:43:05.230542Z,13.642,200,True,0x1dDd4F87D89500d1d92400BaE6cdb8373566adeE,INSURER,107,VIDEO,2,READ,
w0,2025-12-19T14:43:05.230648Z,13.636,200,True,0xc3c51312907D83df323e05D7E254352175252368,COURT,992,OTHER,1,READ,
w45,2025-12-19T14:43:05.230753Z,13.628,200,True,0x8Dd8Ebe34924EFE25Fc2D7A18d687C6e9a775529,REGULATOR,659,MEDICAL_REPORT,5,READ,
w3,2025-12-19T14:43:05.230858Z,13.648,403,False,0x992Eaf53E29aF2be6bCDB7c2013cC167E3D529F8,GARAGE,940,OTHER,1,READ,
w46,2025-12-19T14:43:05.230960Z,13.659,200,True,0xb8Cb388cDb00044EeC03d7b0D63f1FafF89B668F,INSURER,262,IMAGE,2,READ,
w47,2025-12-19T14:43:05.231057Z,13.661,200,True,0x1734cC5117Ca09e57A599f0E72469FEad0d749F9,REGULATOR,875,OTHER,1,READ,
w48,2025-12-19T14:43:05.231154Z,13.668,200,True,0xA9da87e421E9bF79a8e80EaD31e737D98aa626eE,INSURER,994,OTHER,1,READ,
w49,2025-12-19T14:43:05.231248Z,13.677,200,True,0x8Dd8Ebe34924EFE25Fc2D7A18d687C6e9a775529,REGULATOR,238,VIDEO,2,READ,
w50,2025-12-19T14:43:05.231354Z,13.685,200,True,0xE6eF4f2c9De0532C38589a58Fbde2BBC1C31279B,ADJUSTER,945,OTHER,1,READ,
w51,2025-12-19T14:43:05.231456Z,13.698,200,True,0x29Ab7D36C4d714Ab42079831182cFeA1dF363Eae,COURT,608,FNOL,4,READ,
w52,2025-12-19T14:43:05.231560Z,13.704,200,True,0x8d0151c4F2bF27afD2201C7C4fE56A90B0DA58Fe,INSURER,281,IMAGE,2,READ,
w53,2025-12-19T14:43:05.231667Z,13.697,200,True,0xc227AdED69aA39F067e0190b0EA4BB94BE51cb90,INSURER,137,VIDEO,2,READ,
w54,2025-12-19T14:43:05.231779Z,13.683,403,False,0x5cB4D76a86dbEF4FF02fA640c90deeaf5b309acD,GARAGE,751,TELEMATICS,3,READ,
w55,2025-12-19T14:43:05.231878Z,13.689,200,True,0x80eD6824a5F2334A090fCfbEB1450356BDc84d63,ADJUSTER,284,IMAGE,2,READ,
w56,2025-12-19T14:43:05.231987Z,13.678,200,True,0x536e3B0833a6eBb933f385c0b0De10423705f7a1,COURT,189,VIDEO,2,READ,
w57,2025-12-19T14:43:05.232081Z,13.683,200,True,0xaF805972401628544EBe993aC94305E19571431b,INSURER,703,TELEMATICS,3,READ,
w58,2025-12-19T14:43:05.232181Z,13.686,200,True,0xF9A0ebFF6934d204B4E2240E8c635586556a6bBf,POLICE,289,IMAGE,2,READ,
w4,2025-12-19T14:43:05.232290Z,13.682,200,True,0x8Dd8Ebe34924EFE25Fc2D7A18d687C6e9a775529,REGULATOR,643,FNOL,4,READ,
w59,2025-12-19T14:43:05.232391Z,13.685,200,True,0xc227AdED69aA39F067e0190b0EA4BB94BE51cb90,INSURER,521,MEDICAL_REPORT,5,READ,
w5,2025-12-19T14:43:05.232495Z,13.680,200,True,0x33a629009de39E5811F7332ed385861ec1A77876,INSURER,673,FNOL,4,READ,
w60,2025-12-19T14:43:05.232597Z,13.674,200,True,0xbDC02CAdBc892839484c2D2A7933028B4Cb9DBcE,INSURER,849,TELEMATICS,3,READ,
w6,2025-12-19T14:43:05.232701Z,13.669,200,True,0x4daf1A3296865E86D251A8ACacd2A4d94afB79F4,POLICE,321,IMAGE,2,READ,
w61,2025-12-19T14:43:05.232801Z,13.665,200,True,0xA51c3724Dd9F1e975A507c34B34acf9d14Ce6FEb,GARAGE,337,IMAGE,2,READ,
w7,2025-12-19T14:43:05.232902Z,13.661,200,True,0x7034d06498b2196468b6eD861eda7B5D1cb5594c,REGULATOR,37,VIDEO,2,READ,
w62,2025-12-19T14:43:05.233001Z,13.696,200,True,0xC9d315B25D2f58D8299fD726f1bd40D5b077C4a4,ADJUSTER,163,VIDEO,2,READ,
w8,2025-12-19T14:43:05.233109Z,13.716,403,False,0xA88F90716eDCDc5BFa0993c4c7FA41f629e44d8c,GARAGE,693,FNOL,4,READ,
w63,2025-12-19T14:43:05.233216Z,13.747,403,False,0xdFCd3364f36CdB72072987Ba9e3a6197F2807c1A,GARAGE,534,FNOL,4,READ,
w9,2025-12-19T14:43:05.233318Z,13.764,200,True,0x3C54f0201259B5BB5Dd5dBCD0Ccf8A9522BB30FD,INSURER,911,OTHER,1,READ,
w64,2025-12-19T14:43:05.233417Z,13.772,200,True,0xC9d315B25D2f58D8299fD726f1bd40D5b077C4a4,ADJUSTER,147,VIDEO,2,READ,
w10,2025-12-19T14:43:05.233516Z,13.772,200,True,0x536e3B0833a6eBb933f385c0b0De10423705f7a1,COURT,603,FNOL,4,READ,
w65,2025-12-19T14:43:05.233618Z,13.774,200,True,0xb03C6C3a6e66a20729a4d4758D907D3A07cB0af5,INSURER,967,OTHER,1,READ,
w11,2025-12-19T14:43:05.233721Z,13.771,200,True,0xDB6a12DbE55181c3f880bD63570EA3f3AC91e63A,ADJUSTER,733,TELEMATICS,3,READ,
w66,2025-12-19T14:43:05.233821Z,13.768,200,True,0x11aaC79A517D8afa3a7DB9b5B2E4a2592284C7AE,INSURER,551,MEDICAL_REPORT,5,READ,
w12,2025-12-19T14:43:05.233930Z,13.805,200,True,0xD2e4187ae13875E61F4ADeB0bc309Fda9E672655,INSURER,524,MEDICAL_REPORT,5,READ,
w67,2025-12-19T14:43:05.234038Z,13.840,200,True,0xB4C59915aF17bAB024Db05F0230B8Ee1aF00388d,COURT,847,TELEMATICS,3,READ,
w13,2025-12-19T14:43:05.234141Z,13.850,200,True,0x2bae1eb63108Ab352DaD7842Af98F4e1768425C1,ADJUSTER,579,FNOL,4,READ,
w68,2025-12-19T14:43:05.234239Z,13.860,200,True,0x03E8540790383Dc711c7029C4a4727A3D6F85Ee6,INSURER,527,FNOL,4,READ,
w14,2025-12-19T14:43:05.234337Z,13.864,200,True,0xaF805972401628544EBe993aC94305E19571431b,INSURER,113,VIDEO,2,READ,
w69,2025-12-19T14:43:05.234437Z,13.865,200,True,0x4b325498d9Ec08b7e1eb3C52CE9a554ea24D3737,INSURER,242,VIDEO,2,READ,
w15,2025-12-19T14:43:05.234540Z,13.862,200,True,0xe68d19e611fc7Cd8D9184Dbf3034203A5B0ba7E9,INSURER,611,FNOL,4,READ,
w70,2025-12-19T14:43:05.234641Z,13.861,200,True,0xcbA3c1E62e024046934d519a26b637Dd0dfD1b3c,REGULATOR,597,FNOL,4,READ,
w16,2025-12-19T14:43:05.234743Z,13.857,200,True,0x6f5CC3De03FD8Ff029C145d99B3A9D30D2c0A71D,INSURER,989,OTHER,1,READ,
w71,2025-12-19T14:43:05.234843Z,13.853,200,True,0x90F928F43C9c4066afF2a1E64E1063ECE320A9E3,INSURER,873,OTHER,1,READ,
w17,2025-12-19T14:43:05.234941Z,13.851,403,False,0x32a71350b8324e903BA5674B6456e07Bd472AA8f,GARAGE,635,MEDICAL_REPORT,5,READ,
w72,2025-12-19T14:43:05.235609Z,13.827,200,True,0x07e862A62f1C2E59d2B46Cb02c0B6469F0F2Ce6C,ADJUSTER,167,VIDEO,2,READ,
w18,2025-12-19T14:43:05.235759Z,13.825,200,True,0xdbCa1F43d1B1fE30218A3870f8CE54eA068b9546,COURT,891,OTHER,1,READ,
w73,2025-12-19T14:43:05.235878Z,13.832,200,True,0x1cF317F4288CfC3FdA6295dC3Ee1f3e2F8B03592,ADJUSTER,765,TELEMATICS,3,READ,
w19,2025-12-19T14:43:05.235999Z,13.825,200,True,0xe68d19e611fc7Cd8D9184Dbf3034203A5B0ba7E9,INSURER,158,VIDEO,2,READ,
w74,2025-12-19T14:43:05.236107Z,13.823,200,True,0xdF8A225C5B1E14558757B029B89e2F233515a798,ADJUSTER,739,TELEMATICS,3,READ,
w20,2025-12-19T14:43:05.236241Z,13.791,200,True,0xd222D38Ccd1502056A8264eaCB2fCfc6c96F6B61,ADJUSTER,486,IMAGE,2,READ,
w75,2025-12-19T14:43:05.236365Z,13.775,403,False,0x66dbB00795DC0d781dcA2e6219ab30FcaF5f1CAd,GARAGE,784,TELEMATICS,3,READ,
w76,2025-12-19T14:43:05.236469Z,13.782,200,True,0x168EC3290512E1AcbB8201aeD946f3BA1Ed1effc,INSURER,661,FNOL,4,READ,
w77,2025-12-19T14:43:05.236566Z,13.786,403,False,0xD162EE2e18AC5c1AdC8152fd82CeDcE024c00f75,POLICE,909,OTHER,1,READ,
w21,2025-12-19T14:43:05.236659Z,13.794,200,True,0x00a777ADb6935EdBdF8a8529125d1fbd93EdBA56,INSURER,346,IMAGE,2,READ,
w78,2025-12-19T14:43:05.236756Z,13.798,200,True,0x94aC64f763ca7BcC8957cb2CBAfF108a9d91ADc1,POLICE,126,VIDEO,2,READ,
w22,2025-12-19T14:43:05.236995Z,13.659,200,True,0x4b325498d9Ec08b7e1eb3C52CE9a554ea24D3737,INSURER,957,OTHER,1,READ,
w79,2025-12-19T14:43:05.237268Z,13.489,403,False,0x24a8D6d1D04D0d1D3e1c665a8Bd2f2B50Cb7097F,GARAGE,507,FNOL,4,READ,
w23,2025-12-19T14:43:05.237573Z,13.282,200,True,0x1D3a19aAC334311E82F8439171A040835c8049F7,REGULATOR,14,VIDEO,2,READ,
w80,2025-12-19T14:43:05.237774Z,13.183,200,True,0x168EC3290512E1AcbB8201aeD946f3BA1Ed1effc,INSURER,20,VIDEO,2,READ,
w24,2025-12-19T14:43:05.237921Z,13.134,200,True,0xB29E5C47C181524AB77DF0E7095d8d832f9Afe6C,ADJUSTER,457,IMAGE,2,READ,
w81,2025-12-19T14:43:05.238049Z,13.106,200,True,0x4706C804bB8f3Eb133529A02e3F3F48fc38Bd2F9,ADJUSTER,206,VIDEO,2,READ,
w25,2025-12-19T14:43:05.238173Z,13.083,200,True,0x9faB46D850015a996dAa8c1858e4cA1262E31bE2,INSURER,229,VIDEO,2,READ,
w82,2025-12-19T14:43:05.239418Z,12.880,200,True,0xc3c51312907D83df323e05D7E254352175252368,COURT,375,IMAGE,2,READ,
w26,2025-12-19T14:43:05.239563Z,12.882,200,True,0x00a777ADb6935EdBdF8a8529125d1fbd93EdBA56,INSURER,35,VIDEO,2,READ,
w83,2025-12-19T14:43:05.239841Z,12.725,200,True,0xdbCa1F43d1B1fE30218A3870f8CE54eA068b9546,COURT,278,IMAGE,2,READ,
w27,2025-12-19T14:43:05.240049Z,12.629,200,True,0x522720c7F4efE7A2D43976187610Dc8c55F17207,POLICE,111,VIDEO,2,READ,
w84,2025-12-19T14:43:05.240373Z,12.640,200,True,0x32a71350b8324e903BA5674B6456e07Bd472AA8f,GARAGE,335,IMAGE,2,READ,
w28,2025-12-19T14:43:05.240517Z,12.647,200,True,0x342E14b11b9f83662a05FF03e2f43C71f9Bf4873,REGULATOR,687,MEDICAL_REPORT,5,READ,
w85,2025-12-19T14:43:05.240638Z,12.657,403,False,0xF9A0ebFF6934d204B4E2240E8c635586556a6bBf,POLICE,970,OTHER,1,READ,
w29,2025-12-19T14:43:05.240754Z,12.782,200,True,0x555115C078B14a18238D974E5351E87E050EbE47,ADJUSTER,453,IMAGE,2,READ,
w86,2025-12-19T14:43:05.240865Z,12.945,200,True,0x8EacD2DD8F1d188ca58Ce26655097d63c95b65BB,ADJUSTER,795,TELEMATICS,3,READ,
w30,2025-12-19T14:43:05.240982Z,13.067,200,True,0xC9d315B25D2f58D8299fD726f1bd40D5b077C4a4,ADJUSTER,31,VIDEO,2,READ,
w87,2025-12-19T14:43:05.241174Z,13.179,403,False,0x4DCDFfA1280ad4A435512Ee5dDaF8a9D4e9509E3,GARAGE,248,VIDEO,2,READ,
w31,2025-12-19T14:43:05.241304Z,13.283,403,False,0x40B970b53BFF9D4A11Fe90cD35998f21368a2830,POLICE,928,OTHER,1,READ,
w88,2025-12-19T14:43:05.241412Z,13.324,200,True,0x536e3B0833a6eBb933f385c0b0De10423705f7a1,COURT,643,FNOL,4,READ,
w32,2025-12-19T14:43:05.241516Z,13.342,200,True,0x8419AD6d02e583D482E66F544e7fCc8a4078cE52,INSURER,908,OTHER,1,READ,
w89,2025-12-19T14:43:05.241616Z,13.374,200,True,0xe2B8d1C6c9c24880899f9658aB855CaA7c476FA1,POLICE,285,IMAGE,2,READ,
w33,2025-12-19T14:43:05.241716Z,13.391,403,False,0x5cB4D76a86dbEF4FF02fA640c90deeaf5b309acD,GARAGE,734,TELEMATICS,3,READ,
w90,2025-12-19T14:43:05.241827Z,13.390,200,True,0xb113F22B749C4efc290Eb311C18c72DF29481dAE,ADJUSTER,66,VIDEO,2,READ,
w34,2025-12-19T14:43:05.242002Z,13.321,200,True,0xaF805972401628544EBe993aC94305E19571431b,INSURER,667,MEDICAL_REPORT,5,READ,
w91,2025-12-19T14:43:05.242131Z,13.304,200,True,0xD91E6fbf8C6C9F06DA14fCEc6BB1f34719Cb6AfF,INSURER,537,MEDICAL_REPORT,5,READ,
w35,2025-12-19T14:43:05.242237Z,13.304,200,True,0x7034d06498b2196468b6eD861eda7B5D1cb5594c,REGULATOR,942,OTHER,1,READ,
w92,2025-12-19T14:43:05.242339Z,13.342,200,True,0xceebe3C41b74d2c472F28A01C7CC44d6aAcA498F,INSURER,913,OTHER,1,READ,
w36,2025-12-19T14:43:05.242446Z,13.366,200,True,0x766C26A7aD924449Bec43A8A34DEF94ddE4249e8,COURT,183,VIDEO,2,READ,
w2,2025-12-19T14:43:05.242546Z,13.382,200,True,0x18D398FEffFf1114bdb4B9558a6905E521C001A3,ADJUSTER,419,IMAGE,2,READ,
w37,2025-12-19T14:43:05.242645Z,13.391,403,False,0xF9EA48F4E0d76E96a3755d17b67fF2F7157C7911,POLICE,881,OTHER,1,READ,
w93,2025-12-19T14:43:05.242743Z,13.393,200,True,0x06D4bAEDddd3B73284654b61bec9CF7C3D667E84,ADJUSTER,947,OTHER,1,READ,
w94,2025-12-19T14:43:05.242846Z,13.402,200,True,0xf3f97A6811D6ad4d52078Dca9bAe96C8d8136764,ADJUSTER,884,OTHER,1,READ,
w38,2025-12-19T14:43:05.242964Z,13.396,200,True,0x0f3329Ff55b9471d57D644d34b6c7227aeD65b2D,ADJUSTER,385,IMAGE,2,READ,
w95,2025-12-19T14:43:05.243076Z,13.486,200,True,0x40B970b53BFF9D4A11Fe90cD35998f21368a2830,POLICE,94,VIDEO,2,READ,
w39,2025-12-19T14:43:05.243179Z,13.486,200,True,0x536e3B0833a6eBb933f385c0b0De10423705f7a1,COURT,770,TELEMATICS,3,READ,
w96,2025-12-19T14:43:05.243272Z,13.490,200,True,0x12A0e24FbEa46bC85bd893CE5E21beFB44f88f15,POLICE,260,IMAGE,2,READ,
w40,2025-12-19T14:43:05.243393Z,13.469,200,True,0x40B970b53BFF9D4A11Fe90cD35998f21368a2830,POLICE,444,IMAGE,2,READ,
w97,2025-12-19T14:43:05.243510Z,13.646,200,True,0x816E9ccDC1bbbd5f73D84dF5652A4B63F92DE291,INSURER,976,OTHER,1,READ,
w41,2025-12-19T14:43:05.243613Z,13.672,200,True,0xE4B15B33FdBE23647b0F6070414150D566e1F62f,INSURER,798,TELEMATICS,3,READ,
w1,2025-12-19T14:43:05.243712Z,13.729,403,False,0xA88F90716eDCDc5BFa0993c4c7FA41f629e44d8c,GARAGE,870,OTHER,1,READ,
w42,2025-12-19T14:43:05.243807Z,13.773,200,True,0x766C26A7aD924449Bec43A8A34DEF94ddE4249e8,COURT,533,FNOL,4,READ,
w98,2025-12-19T14:43:05.243903Z,13.792,200,True,0x065803C5af851Dda212c2b93EabB66A8eE0Adb34,INSURER,305,IMAGE,2,READ,
w99,2025-12-19T14:43:05.243998Z,13.880,200,True,0xD46554Edf6329a0a8caae2A79EB7098A7a24Ba81,INSURER,376,IMAGE,2,READ,
w43,2025-12-19T14:43:05.244091Z,13.919,200,True,0xE8bF57455EE3405331D286E17C7bC05cAD0bFB1C,POLICE,70,VIDEO,2,READ,
w44,2025-12-19T14:43:05.244187Z,13.942,200,True,0x3dc584940370d31418aBbfB6F809C055E9bBC98f,COURT,992,OTHER,1,READ,
w0,2025-12-19T14:43:05.244287Z,13.953,200,True,0x1F118D13DD44a163CF0Cfe93a2339019D5089D5c,ADJUSTER,169,VIDEO,2,READ,
w45,2025-12-19T14:43:05.244386Z,13.957,200,True,0x8d0151c4F2bF27afD2201C7C4fE56A90B0DA58Fe,INSURER,317,IMAGE,2,READ,
w3,2025-12-19T14:43:05.244512Z,13.937,403,False,0x7775fD4aD4669C7F6F26aCBf7CC07d9dA5f959C8,POLICE,543,FNOL,4,READ,
w46,2025-12-19T14:43:05.244624Z,13.939,200,True,0xDB6a12DbE55181c3f880bD63570EA3f3AC91e63A,ADJUSTER,184,VIDEO,2,READ,
w47,2025-12-19T14:43:05.244721Z,13.966,200,True,0x0Dc1cFEE2758F0e2688803c8098E11241014f8BB,INSURER,185,VIDEO,2,READ,
w48,2025-12-19T14:43:05.244827Z,13.987,200,True,0xaF805972401628544EBe993aC94305E19571431b,INSURER,64,VIDEO,2,READ,
w49,2025-12-19T14:43:05.244930Z,14.006,403,False,0xA88F90716eDCDc5BFa0993c4c7FA41f629e44d8c,GARAGE,593,MEDICAL_REPORT,5,READ,
w50,2025-12-19T14:43:05.245042Z,14.017,200,True,0x1dDd4F87D89500d1d92400BaE6cdb8373566adeE,INSURER,792,TELEMATICS,3,READ,
w51,2025-12-19T14:43:05.245159Z,14.011,200,True,0x6C9757f257381323C7E688e7935C2755df2DdaF3,INSURER,257,IMAGE,2,READ,
w52,2025-12-19T14:43:05.245268Z,14.011,200,True,0xE5dd563f92431eDFA8d444f0f1999a2858b95A81,INSURER,506,MEDICAL_REPORT,5,READ,
w53,2025-12-19T14:43:05.245368Z,14.012,200,True,0x23d961Bbd1C6082e8A752192D3D652cd833EFf20,COURT,434,IMAGE,2,READ,
w54,2025-12-19T14:43:05.245466Z,14.014,200,True,0xaF805972401628544EBe993aC94305E19571431b,INSURER,315,IMAGE,2,READ,
w55,2025-12-19T14:43:05.245571Z,14.023,200,True,0xAd5c25cf76e4C8A2ee7b38179b90ec0379Aee5d3,INSURER,308,IMAGE,2,READ,
w56,2025-12-19T14:43:05.245669Z,14.032,200,True,0x3EBAE31cB2be64Fe5734160d81AF569256974D47,POLICE,336,IMAGE,2,READ,
w57,2025-12-19T14:43:05.245768Z,14.036,200,True,0x5436Ade91ba3a6360A1246339D36223f463dF81a,INSURER,732,TELEMATICS,3,READ,
w58,2025-12-19T14:43:05.245871Z,14.032,200,True,0x8Dd8Ebe34924EFE25Fc2D7A18d687C6e9a775529,REGULATOR,793,TELEMATICS,3,READ,
w4,2025-12-19T14:43:05.245975Z,14.036,200,True,0x39f310D9c7221cAEF10d101bFB16Ecc0DF2654F9,INSURER,266,IMAGE,2,READ,
w59,2025-12-19T14:43:05.246079Z,14.034,200,True,0xAd5c25cf76e4C8A2ee7b38179b90ec0379Aee5d3,INSURER,987,OTHER,1,READ,
w5,2025-12-19T14:43:05.246180Z,14.039,200,True,0x8B87C429526Ce971509028A2d05b54c02704CDb3,INSURER,569,FNOL,4,READ,
w60,2025-12-19T14:43:05.246275Z,14.050,200,True,0xD162EE2e18AC5c1AdC8152fd82CeDcE024c00f75,POLICE,259,IMAGE,2,READ,
w6,2025-12-19T14:43:05.246374Z,14.057,200,True,0x0Adc41557A616569Cd409d74aFe4C9FaD47a57ed,POLICE,416,IMAGE,2,READ,
w61,2025-12-19T14:43:05.246470Z,14.060,403,False,0xA88F90716eDCDc5BFa0993c4c7FA41f629e44d8c,GARAGE,175,VIDEO,2,READ,
w7,2025-12-19T14:43:05.246568Z,14.061,200,True,0xE8bF57455EE3405331D286E17C7bC05cAD0bFB1C,POLICE,43,VIDEO,2,READ,
w62,2025-12-19T14:43:05.246702Z,14.025,200,True,0xb03C6C3a6e66a20729a4d4758D907D3A07cB0af5,INSURER,907,OTHER,1,READ,
w8,2025-12-19T14:43:05.246829Z,13.998,200,True,0x7034d06498b2196468b6eD861eda7B5D1cb5594c,REGULATOR,721,TELEMATICS,3,READ,
w63,2025-12-19T14:43:05.246967Z,14.008,200,True,0x9faB46D850015a996dAa8c1858e4cA1262E31bE2,INSURER,591,MEDICAL_REPORT,5,READ,
w9,2025-12-19T14:43:05.247087Z,14.043,200,True,0xb03C6C3a6e66a20729a4d4758D907D3A07cB0af5,INSURER,149,VIDEO,2,READ,
w64,2025-12-19T14:43:05.247192Z,14.051,403,False,0x68c8c090a608c0B78636f50F6950137E9BBbEA97,GARAGE,763,TELEMATICS,3,READ,
w10,2025-12-19T14:43:05.247292Z,14.057,200,True,0x96C5458aF74559b7eB9C1768f6F30BD40251e25e,INSURER,144,VIDEO,2,READ,
w65,2025-12-19T14:43:05.247396Z,14.054,403,False,0xe2B8d1C6c9c24880899f9658aB855CaA7c476FA1,POLICE,583,MEDICAL_REPORT,5,READ,
w11,2025-12-19T14:43:05.247496Z,14.050,200,True,0x63799B99d43E4dB6Eb46BF3fEeBcb88c347351c0,COURT,186,VIDEO,2,READ,
w66,2025-12-19T14:43:05.247592Z,14.053,200,True,0xf7E1883f933104b142c40E92e6624179359b44C2,INSURER,71,VIDEO,2,READ,
w12,2025-12-19T14:43:05.247741Z,14.011,200,True,0xf750FcD6205F9864ed98080D7e52Ec69D94CAf22,INSURER,750,TELEMATICS,3,READ,
w67,2025-12-19T14:43:05.247882Z,13.972,200,True,0x1e237843BDabB13CAAF8C9B59868118a067a706f,INSURER,945,OTHER,1,READ,
w13,2025-12-19T14:43:05.247995Z,13.962,200,True,0x0b5E323fB184f11d5882ca0773Ff29b91c76b407,ADJUSTER,732,TELEMATICS,3,READ,
w68,2025-12-19T14:43:05.248102Z,13.969,200,True,0x1F118D13DD44a163CF0Cfe93a2339019D5089D5c,ADJUSTER,953,OTHER,1,READ,
w14,2025-12-19T14:43:05.248206Z,13.970,403,False,0x4daf1A3296865E86D251A8ACacd2A4d94afB79F4,POLICE,599,FNOL,4,READ,
w69,2025-12-19T14:43:05.248305Z,13.972,200,True,0xCe0598bC3ba15cA3db71063563179eCf0D7c35A7,ADJUSTER,715,TELEMATICS,3,READ,
w15,2025-12-19T14:43:05.248406Z,13.975,200,True,0x9Cc1e0F54e3D09Bf83b9f43222Ef44e11F170ff5,INSURER,731,TELEMATICS,3,READ,
w70,2025-12-19T14:43:05.248505Z,13.982,200,True,0x66f104f30efDef6bbcf31F1d23B3c5a5Cf67C05A,INSURER,359,IMAGE,2,READ,
w16,2025-12-19T14:43:05.248604Z,13.981,200,True,0x39f6D3043406601E6c6B8f786B46298Be5738EC8,INSURER,816,TELEMATICS,3,READ,
w71,2025-12-19T14:43:05.248700Z,13.990,200,True,0x4daf1A3296865E86D251A8ACacd2A4d94afB79F4,POLICE,197,VIDEO,2,READ,
w17,2025-12-19T14:43:05.248795Z,14.003,403,False,0x24a62efdAe4d80281BAc758e86a4E386905c720C,GARAGE,774,TELEMATICS,3,READ,
w72,2025-12-19T14:43:05.249443Z,14.085,200,True,0x342E14b11b9f83662a05FF03e2f43C71f9Bf4873,REGULATOR,186,VIDEO,2,READ,
w18,2025-12-19T14:43:05.249588Z,14.137,403,False,0x9dC8E21f76Ed8e9828c40E7E03428bEF6aF69A84,GARAGE,235,VIDEO,2,READ,
w73,2025-12-19T14:43:05.249714Z,14.153,200,True,0x34BBE78F5E8eF7F758481402618b9CA85b1a3CF7,ADJUSTER,117,VIDEO,2,READ,
w19,2025-12-19T14:43:05.249828Z,14.164,200,True,0x80eD6824a5F2334A090fCfbEB1450356BDc84d63,ADJUSTER,912,OTHER,1,READ,
w74,2025-12-19T14:43:05.249934Z,14.166,200,True,0xb0276419CD1DA3AF0406c1b6D9D2302B8CDAc670,POLICE,280,IMAGE,2,READ,
w20,2025-12-19T14:43:05.250036Z,14.169,200,True,0x4daf1A3296865E86D251A8ACacd2A4d94afB79F4,POLICE,22,VIDEO,2,READ,
w75,2025-12-19T14:43:05.250145Z,14.163,200,True,0x5436Ade91ba3a6360A1246339D36223f463dF81a,INSURER,842,TELEMATICS,3,READ,
w76,2025-12-19T14:43:05.250255Z,14.177,200,True,0x4D2e324068BA02Eb613f39F882B7ED435DaAe089,INSURER,269,IMAGE,2,READ,
w77,2025-12-19T14:43:05.250355Z,14.185,403,False,0x16C605c8536B3AC44524Ebd88bF81CE652b1E990,POLICE,806,TELEMATICS,3,READ,
w21,2025-12-19T14:43:05.250457Z,14.188,200,True,0xCC454a974c35BAE19d6A6dE745A05E46885e2304,INSURER,964,OTHER,1,READ,
w78,2025-12-19T14:43:05.250558Z,14.187,200,True,0x522720c7F4efE7A2D43976187610Dc8c55F17207,POLICE,316,IMAGE,2,READ,
w22,2025-12-19T14:43:05.250658Z,14.192,200,True,0x4D2e324068BA02Eb613f39F882B7ED435DaAe089,INSURER,811,TELEMATICS,3,READ,
w79,2025-12-19T14:43:05.250761Z,14.199,403,False,0x7775fD4aD4669C7F6F26aCBf7CC07d9dA5f959C8,POLICE,537,MEDICAL_REPORT,5,READ,
w23,2025-12-19T14:43:05.250859Z,14.208,200,True,0xcbA3c1E62e024046934d519a26b637Dd0dfD1b3c,REGULATOR,266,IMAGE,2,READ,
w80,2025-12-19T14:43:05.250960Z,14.204,200,True,0x99a806d3b557c0a8e626Cef888962d06713ad5f6,COURT,288,IMAGE,2,READ,
w24,2025-12-19T14:43:05.251059Z,14.204,200,True,0xA07Ab60Dc6F87DcAbEA86aDb690fFf1e30BB14A6,COURT,797,TELEMATICS,3,READ,
w81,2025-12-19T14:43:05.251158Z,14.200,200,True,0xcbA3c1E62e024046934d519a26b637Dd0dfD1b3c,REGULATOR,946,OTHER,1,READ,
w25,2025-12-19T14:43:05.251261Z,14.198,200,True,0x47200E7159B7646892C3cC84C60818bcD2B38A22,ADJUSTER,400,IMAGE,2,READ,
w82,2025-12-19T14:43:05.252304Z,14.246,200,True,0x63799B99d43E4dB6Eb46BF3fEeBcb88c347351c0,COURT,102,VIDEO,2,READ,
w26,2025-12-19T14:43:05.252450Z,14.237,200,True,0x18D398FEffFf1114bdb4B9558a6905E521C001A3,ADJUSTER,75,VIDEO,2,READ,
w83,2025-12-19T14:43:05.252571Z,14.236,200,True,0x1734cC5117Ca09e57A599f0E72469FEad0d749F9,REGULATOR,36,VIDEO,2,READ,
w27,2025-12-19T14:43:05.252682Z,14.247,200,True,0x0b5E323fB184f11d5882ca0773Ff29b91c76b407,ADJUSTER,242,VIDEO,2,READ,
w84,2025-12-19T14:43:05.253019Z,14.017,200,True,0xD91E6fbf8C6C9F06DA14fCEc6BB1f34719Cb6AfF,INSURER,598,FNOL,4,READ,
w28,2025-12-19T14:43:05.253171Z,13.974,200,True,0xFfF5E088c8b6a5a470a6D48f405892515c41FCa6,ADJUSTER,717,TELEMATICS,3,READ,
w85,2025-12-19T14:43:05.253300Z,13.944,403,False,0x793235ebf79944f08742d0Cd92ca6D24B4327d8E,POLICE,815,TELEMATICS,3,READ,
w29,2025-12-19T14:43:05.253544Z,13.801,200,True,0xdC2E4E6D348448D3722b528D8c9272eD5C020F55,POLICE,108,VIDEO,2,READ,
w86,2025-12-19T14:43:05.253818Z,13.624,200,True,0x47200E7159B7646892C3cC84C60818bcD2B38A22,ADJUSTER,956,OTHER,1,READ,
w30,2025-12-19T14:43:05.254058Z,13.493,200,True,0x23d961Bbd1C6082e8A752192D3D652cd833EFf20,COURT,607,MEDICAL_REPORT,5,READ,
w87,2025-12-19T14:43:05.254373Z,13.285,200,True,0x45027EB686032B693Ea79a63545D177B238bc218,INSURER,468,IMAGE,2,READ,
w31,2025-12-19T14:43:05.254594Z,13.168,200,True,0x501d27511202E1C0343B6ee79241254B3C3d4378,INSURER,660,MEDICAL_REPORT,5,READ,
w88,2025-12-19T14:43:05.254741Z,13.118,200,True,0x8B87C429526Ce971509028A2d05b54c02704CDb3,INSURER,589,FNOL,4,READ,
w32,2025-12-19T14:43:05.254863Z,13.395,200,True,0x1c2b0E2F66517144Cf34cdF840b04E60E4FC213C,INSURER,22,VIDEO,2,READ,
w89,2025-12-19T14:43:05.254995Z,13.428,200,True,0xD89D70fF36c803e47f1df2Ffaab469107117214F,ADJUSTER,262,IMAGE,2,READ,
w33,2025-12-19T14:43:05.255111Z,13.445,200,True,0xD574Ba4eCc12ca8b6BF7d7ed27E8896b66251f36,INSURER,445,IMAGE,2,READ,
w90,2025-12-19T14:43:05.255221Z,13.454,403,False,0x40B970b53BFF9D4A11Fe90cD35998f21368a2830,POLICE,602,FNOL,4,READ,
w34,2025-12-19T14:43:05.255327Z,13.467,200,True,0x8CbB8dd324B837e6BD98E13e0c21fa636120Ca56,REGULATOR,460,IMAGE,2,READ,
w91,2025-12-19T14:43:05.255439Z,13.464,200,True,0xD89D70fF36c803e47f1df2Ffaab469107117214F,ADJUSTER,722,TELEMATICS,3,READ,
w35,2025-12-19T14:43:05.255546Z,13.460,403,False,0x1f45920F4b49aD1E6d3d6542163Da1Fc12B8F399,POLICE,522,FNOL,4,READ,
w92,2025-12-19T14:43:05.255694Z,13.415,200,True,0x45027EB686032B693Ea79a63545D177B238bc218,INSURER,623,FNOL,4,READ,
w36,2025-12-19T14:43:05.255817Z,13.394,200,True,0xD89D70fF36c803e47f1df2Ffaab469107117214F,ADJUSTER,165,VIDEO,2,READ,
w2,2025-12-19T14:43:05.255934Z,13.378,200,True,0x99a806d3b557c0a8e626Cef888962d06713ad5f6,COURT,25,VIDEO,2,READ,
w37,2025-12-19T14:43:05.256040Z,13.377,200,True,0x547633aa452093F2f87ad6cF6Af95cf459e17be5,ADJUSTER,972,OTHER,1,READ,
w93,2025-12-19T14:43:05.256140Z,13.380,403,False,0x1f45920F4b49aD1E6d3d6542163Da1Fc12B8F399,POLICE,561,FNOL,4,READ,
w94,2025-12-19T14:43:05.256253Z,13.370,200,True,0xe34b6a9Bc4D2c8Ee70eEd4111Ea531E97DDb4c4E,COURT,215,VIDEO,2,READ,
w38,2025-12-19T14:43:05.256364Z,13.371,200,True,0xD574Ba4eCc12ca8b6BF7d7ed27E8896b66251f36,INSURER,203,VIDEO,2,READ,
w95,2025-12-19T14:43:05.256567Z,13.271,200,True,0x40B970b53BFF9D4A11Fe90cD35998f21368a2830,POLICE,228,VIDEO,2,READ,
w39,2025-12-19T14:43:05.256670Z,13.280,200,True,0x50BbaB837D91CF9f3d77c66d83c40d4b389AB0B1,INSURER,288,IMAGE,2,READ,
w96,2025-12-19T14:43:05.256766Z,13.284,200,True,0x1734cC5117Ca09e57A599f0E72469FEad0d749F9,REGULATOR,947,OTHER,1,READ,
w40,2025-12-19T14:43:05.256978Z,13.176,200,True,0x6C9757f257381323C7E688e7935C2755df2DdaF3,INSURER,957,OTHER,1,READ,
w97,2025-12-19T14:43:05.257161Z,13.100,200,True,0xA9da87e421E9bF79a8e80EaD31e737D98aa626eE,INSURER,384,IMAGE,2,READ,
w41,2025-12-19T14:43:05.257289Z,13.087,200,True,0xc227AdED69aA39F067e0190b0EA4BB94BE51cb90,INSURER,996,OTHER,1,READ,
w1,2025-12-19T14:43:05.257446Z,13.037,403,False,0x9dC8E21f76Ed8e9828c40E7E03428bEF6aF69A84,GARAGE,107,VIDEO,2,READ,
w42,2025-12-19T14:43:05.257584Z,13.021,200,True,0xF9EA48F4E0d76E96a3755d17b67fF2F7157C7911,POLICE,170,VIDEO,2,READ,
w98,2025-12-19T14:43:05.257701Z,13.019,200,True,0xFE9CaBBAac086eBE0edE14f99E312c84Ed89B85b,GARAGE,355,IMAGE,2,READ,
w99,2025-12-19T14:43:05.257883Z,12.965,200,True,0x91229246e94c04361C72A11629D800CfBaC95674,COURT,822,TELEMATICS,3,READ,
w43,2025-12-19T14:43:05.258014Z,12.945,200,True,0x501d27511202E1C0343B6ee79241254B3C3d4378,INSURER,849,TELEMATICS,3,READ,
w44,2025-12-19T14:43:05.258133Z,12.939,200,True,0x5B9Fe195263932C148aB2997922dda28a64aD5A9,INSURER,800,TELEMATICS,3,READ,
w0,2025-12-19T14:43:05.258244Z,12.938,200,True,0x0f3329Ff55b9471d57D644d34b6c7227aeD65b2D,ADJUSTER,605,FNOL,4,READ,
w45,2025-12-19T14:43:05.258348Z,12.942,403,False,0x28de4877801Eb83FF8f280a15cC0c360f89295ED,GARAGE,58,VIDEO,2,READ,
w3,2025-12-19T14:43:05.258454Z,12.944,200,True,0x18D398FEffFf1114bdb4B9558a6905E521C001A3,ADJUSTER,353,IMAGE,2,READ,
w46,2025-12-19T14:43:05.258566Z,12.931,200,True,0x23d961Bbd1C6082e8A752192D3D652cd833EFf20,COURT,153,VIDEO,2,READ,
w47,2025-12-19T14:43:05.258692Z,12.902,200,True,0x34BBE78F5E8eF7F758481402618b9CA85b1a3CF7,ADJUSTER,771,TELEMATICS,3,READ,
w48,2025-12-19T14:43:05.258820Z,12.871,200,True,0x7f9fe1a6ad85DEBFdFB998d4E7Ddb5cb2fD1bd63,INSURER,961,OTHER,1,READ,
w49,2025-12-19T14:43:05.258940Z,12.859,200,True,0x2E2C6b303dF5Eb5E67C04610fDF33084A6d7408B,ADJUSTER,747,TELEMATICS,3,READ,
w50,2025-12-19T14:43:05.259063Z,12.844,200,True,0x2E2C6b303dF5Eb5E67C04610fDF33084A6d7408B,ADJUSTER,96,VIDEO,2,READ,
w51,2025-12-19T14:43:05.259175Z,12.855,200,True,0x1cF317F4288CfC3FdA6295dC3Ee1f3e2F8B03592,ADJUSTER,142,VIDEO,2,READ,
w52,2025-12-19T14:43:05.259283Z,12.860,200,True,0x5Adf6dA1124Cb04f8e27b4b197b6521C42AD0641,INSURER,976,OTHER,1,READ,
w53,2025-12-19T14:43:05.259384Z,12.865,200,True,0x0f3329Ff55b9471d57D644d34b6c7227aeD65b2D,ADJUSTER,915,OTHER,1,READ,
w54,2025-12-19T14:43:05.259485Z,12.867,200,True,0x28de4877801Eb83FF8f280a15cC0c360f89295ED,GARAGE,327,IMAGE,2,READ,
w55,2025-12-19T14:43:05.259598Z,12.862,200,True,0x8419AD6d02e583D482E66F544e7fCc8a4078cE52,INSURER,108,VIDEO,2,READ,
w56,2025-12-19T14:43:05.259706Z,12.857,403,False,0x31A860cfF3A3D2B972B9EE41a34653e31b6143DD,ADJUSTER,587,MEDICAL_REPORT,5,READ,
w57,2025-12-19T14:43:05.259808Z,12.855,403,False,0xD162EE2e18AC5c1AdC8152fd82CeDcE024c00f75,POLICE,825,TELEMATICS,3,READ,
w58,2025-12-19T14:43:05.259913Z,12.854,403,False,0x32a71350b8324e903BA5674B6456e07Bd472AA8f,GARAGE,10,VIDEO,2,READ,
w4,2025-12-19T14:43:05.260016Z,12.861,200,True,0xF9A0ebFF6934d204B4E2240E8c635586556a6bBf,POLICE,210,VIDEO,2,READ,
w59,2025-12-19T14:43:05.260117Z,12.867,200,True,0x4706C804bB8f3Eb133529A02e3F3F48fc38Bd2F9,ADJUSTER,824,TELEMATICS,3,READ,
w5,2025-12-19T14:43:05.260222Z,12.866,200,True,0x8d0151c4F2bF27afD2201C7C4fE56A90B0DA58Fe,INSURER,956,OTHER,1,READ,
w60,2025-12-19T14:43:05.260329Z,12.858,200,True,0x07e862A62f1C2E59d2B46Cb02c0B6469F0F2Ce6C,ADJUSTER,992,OTHER,1,READ,
w6,2025-12-19T14:43:05.260435Z,12.855,200,True,0x2E2C6b303dF5Eb5E67C04610fDF33084A6d7408B,ADJUSTER,266,IMAGE,2,READ,
w61,2025-12-19T14:43:05.260534Z,12.863,200,True,0xf1E534De0C06d61147F8A18Fd769352969fDCF3B,INSURER,371,IMAGE,2,READ,
w7,2025-12-19T14:43:05.260633Z,12.871,200,True,0xe34b6a9Bc4D2c8Ee70eEd4111Ea531E97DDb4c4E,COURT,412,IMAGE,2,READ,
w62,2025-12-19T14:43:05.260731Z,12.875,403,False,0x852cB9f303D330bff5722A21d48c0c4303bda309,POLICE,835,TELEMATICS,3,READ,
w8,2025-12-19T14:43:05.260830Z,12.878,200,True,0xceebe3C41b74d2c472F28A01C7CC44d6aAcA498F,INSURER,475,IMAGE,2,READ,
w63,2025-12-19T14:43:05.260980Z,12.831,403,False,0x793235ebf79944f08742d0Cd92ca6D24B4327d8E,POLICE,950,OTHER,1,READ,
w9,2025-12-19T14:43:05.261135Z,12.793,200,True,0x0157eAF28226F1508d622a947510555A7D0a565c,INSURER,693,FNOL,4,READ,
w64,2025-12-19T14:43:05.261249Z,12.797,200,True,0x3C54f0201259B5BB5Dd5dBCD0Ccf8A9522BB30FD,INSURER,698,FNOL,4,READ,
w10,2025-12-19T14:43:05.261353Z,12.802,200,True,0x17a3649Ac7847fC2048db0ceD97945aA7dCEdC8a,INSURER,33,VIDEO,2,READ,
w65,2025-12-19T14:43:05.261454Z,12.807,200,True,0xe68d19e611fc7Cd8D9184Dbf3034203A5B0ba7E9,INSURER,300,IMAGE,2,READ,
w11,2025-12-19T14:43:05.261550Z,12.815,200,True,0x87731f9AB64CbE25f915Bd81646C15853b0A47F6,POLICE,476,IMAGE,2,READ,
w66,2025-12-19T14:43:05.261649Z,12.822,403,False,0x20f5B667b21b5fC5b82Fa52c25088446F4026127,POLICE,930,OTHER,1,READ,
w12,2025-12-19T14:43:05.261756Z,12.823,200,True,0xb0276419CD1DA3AF0406c1b6D9D2302B8CDAc670,POLICE,336,IMAGE,2,READ,
w67,2025-12-19T14:43:05.261857Z,12.830,200,True,0xD91E6fbf8C6C9F06DA14fCEc6BB1f34719Cb6AfF,INSURER,650,MEDICAL_REPORT,5,READ,
w13,2025-12-19T14:43:05.261961Z,12.830,200,True,0x6C083CdC9F152E5a82DB28241FBea8958a62a549,COURT,971,OTHER,1,READ,
w68,2025-12-19T14:43:05.262076Z,12.816,403,False,0x24a62efdAe4d80281BAc758e86a4E386905c720C,GARAGE,562,FNOL,4,READ,
w14,2025-12-19T14:43:05.262181Z,12.815,200,True,0xdadC347Cbfd9bcB5e0E6bd20fA005df38d4fdFa0,ADJUSTER,471,IMAGE,2,READ,
w69,2025-12-19T14:43:05.262281Z,12.825,200,True,0x29Ab7D36C4d714Ab42079831182cFeA1dF363Eae,COURT,310,IMAGE,2,READ,
w15,2025-12-19T14:43:05.262387Z,12.823,200,True,0x1d1694bc32c0223F44b4aC0956BE792a5996Cb79,INSURER,367,IMAGE,2,READ,
w70,2025-12-19T14:43:05.262491Z,12.826,200,True,0xB4107C66a46663F51503A8d8C779b7E663809462,GARAGE,347,IMAGE,2,READ,
w16,2025-12-19T14:43:05.262590Z,12.828,200,True,0x065803C5af851Dda212c2b93EabB66A8eE0Adb34,INSURER,435,IMAGE,2,READ,
w71,2025-12-19T14:43:05.262694Z,12.822,200,True,0x67F4F8CE04FD59Bf243930A77adCf14537A0B5D2,ADJUSTER,896,OTHER,1,READ,
w17,2025-12-19T14:43:05.262802Z,12.814,403,False,0x793235ebf79944f08742d0Cd92ca6D24B4327d8E,POLICE,780,TELEMATICS,3,READ,
w72,2025-12-19T14:43:05.263534Z,12.793,200,True,0x536e3B0833a6eBb933f385c0b0De10423705f7a1,COURT,726,TELEMATICS,3,READ,
w18,2025-12-19T14:43:05.263731Z,12.758,200,True,0xB681a7921F6B4dE01c32e0986627275Edcd5e568,INSURER,4,VIDEO,2,READ,
w73,2025-12-19T14:43:05.263871Z,12.752,200,True,0xB681a7921F6B4dE01c32e0986627275Edcd5e568,INSURER,164,VIDEO,2,READ,
w19,2025-12-19T14:43:05.263997Z,12.747,200,True,0x8e18b3Dc00a5886aeb63bE8dFcd734BAda06Bf8a,REGULATOR,985,OTHER,1,READ,
w74,2025-12-19T14:43:05.264104Z,12.752,200,True,0x1c2b0E2F66517144Cf34cdF840b04E60E4FC213C,INSURER,234,VIDEO,2,READ,
w20,2025-12-19T14:43:05.264209Z,12.754,200,True,0x592bB49f1f64a954F181cc99489664AeC05bB383,COURT,74,VIDEO,2,READ,
w75,2025-12-19T14:43:05.264313Z,12.764,200,True,0xA18C8C6aE69cB5aabAA3EfDdF1c38c4dE58494CA,INSURER,260,IMAGE,2,READ,
w76,2025-12-19T14:43:05.264436Z,12.790,403,False,0x4531E352d63619A871806b0f4b4509c5Ac923135,GARAGE,912,OTHER,1,READ,
w77,2025-12-19T14:43:05.264545Z,12.800,200,True,0xdF8A225C5B1E14558757B029B89e2F233515a798,ADJUSTER,452,IMAGE,2,READ,
w21,2025-12-19T14:43:05.264649Z,12.805,200,True,0x74fB3137dFB3B6448931Fb8Da2496AaF6a238f78,COURT,705,TELEMATICS,3,READ,
w78,2025-12-19T14:43:05.264750Z,12.807,403,False,0x9a076822Eb2A5Aff3AfdAC8DF2620AD153dC4035,POLICE,632,FNOL,4,READ,
w22,2025-12-19T14:43:05.264853Z,12.805,200,True,0x67F4F8CE04FD59Bf243930A77adCf14537A0B5D2,ADJUSTER,301,IMAGE,2,READ,
w79,2025-12-19T14:43:05.264964Z,12.793,200,True,0x80eD6824a5F2334A090fCfbEB1450356BDc84d63,ADJUSTER,345,IMAGE,2,READ,
w23,2025-12-19T14:43:05.265070Z,12.787,403,False,0xca4373A5412dd617d707A9D63Fab5c33bc55890a,POLICE,659,MEDICAL_REPORT,5,READ,
w80,2025-12-19T14:43:05.265169Z,12.796,200,True,0x11aaC79A517D8afa3a7DB9b5B2E4a2592284C7AE,INSURER,815,TELEMATICS,3,READ,
w24,2025-12-19T14:43:05.265267Z,12.795,200,True,0x1cF317F4288CfC3FdA6295dC3Ee1f3e2F8B03592,ADJUSTER,15,VIDEO,2,READ,
w81,2025-12-19T14:43:05.265362Z,12.799,200,True,0xd3ad26904604cf4A6e4Ef026c902c9f70562F892,INSURER,300,IMAGE,2,READ,
w25,2025-12-19T14:43:05.265463Z,12.805,200,True,0x47200E7159B7646892C3cC84C60818bcD2B38A22,ADJUSTER,145,VIDEO,2,READ,
w82,2025-12-19T14:43:05.266557Z,12.820,200,True,0x8a68D81A9d3c90fE303344fA200a40Ad65bB9234,ADJUSTER,166,VIDEO,2,READ,
w26,2025-12-19T14:43:05.266692Z,12.816,200,True,0xe2B8d1C6c9c24880899f9658aB855CaA7c476FA1,POLICE,106,VIDEO,2,READ,
w83,2025-12-19T14:43:05.266812Z,12.810,200,True,0x9Cc1e0F54e3D09Bf83b9f43222Ef44e11F170ff5,INSURER,358,IMAGE,2,READ,
w27,2025-12-19T14:43:05.266933Z,12.797,200,True,0xaF805972401628544EBe993aC94305E19571431b,INSURER,478,IMAGE,2,READ,
w84,2025-12-19T14:43:05.267040Z,12.790,200,True,0xF9EA48F4E0d76E96a3755d17b67fF2F7157C7911,POLICE,243,VIDEO,2,READ,
w28,2025-12-19T14:43:05.267150Z,12.792,200,True,0xe68d19e611fc7Cd8D9184Dbf3034203A5B0ba7E9,INSURER,396,IMAGE,2,READ,
w85,2025-12-19T14:43:05.267248Z,12.798,200,True,0x6f5CC3De03FD8Ff029C145d99B3A9D30D2c0A71D,INSURER,98,VIDEO,2,READ,
w29,2025-12-19T14:43:05.267348Z,12.800,200,True,0xb03C6C3a6e66a20729a4d4758D907D3A07cB0af5,INSURER,287,IMAGE,2,READ,
w86,2025-12-19T14:43:05.267446Z,12.804,200,True,0x9D27B273CA2f10A2b874e5280Aa7A5081BdC694C,INSURER,45,VIDEO,2,READ,
w30,2025-12-19T14:43:05.267555Z,12.806,200,True,0xD91E6fbf8C6C9F06DA14fCEc6BB1f34719Cb6AfF,INSURER,13,VIDEO,2,READ,
w87,2025-12-19T14:43:05.267663Z,12.805,200,True,0xA07Ab60Dc6F87DcAbEA86aDb690fFf1e30BB14A6,COURT,868,OTHER,1,READ,
w31,2025-12-19T14:43:05.267766Z,12.804,403,False,0x1f45920F4b49aD1E6d3d6542163Da1Fc12B8F399,POLICE,962,OTHER,1,READ,
w88,2025-12-19T14:43:05.267862Z,12.803,200,True,0x9D27B273CA2f10A2b874e5280Aa7A5081BdC694C,INSURER,93,VIDEO,2,READ,
w32,2025-12-19T14:43:05.268265Z,12.492,200,True,0x1cF317F4288CfC3FdA6295dC3Ee1f3e2F8B03592,ADJUSTER,903,OTHER,1,READ,
w89,2025-12-19T14:43:05.268429Z,12.419,200,True,0xFfF5E088c8b6a5a470a6D48f405892515c41FCa6,ADJUSTER,789,TELEMATICS,3,READ,
w33,2025-12-19T14:43:05.268562Z,12.382,200,True,0x816E9ccDC1bbbd5f73D84dF5652A4B63F92DE291,INSURER,771,TELEMATICS,3,READ,
w90,2025-12-19T14:43:05.268680Z,12.374,200,True,0x00a777ADb6935EdBdF8a8529125d1fbd93EdBA56,INSURER,193,VIDEO,2,READ,
w34,2025-12-19T14:43:05.268798Z,12.367,200,True,0x8419AD6d02e583D482E66F544e7fCc8a4078cE52,INSURER,414,IMAGE,2,READ,
w91,2025-12-19T14:43:05.268907Z,12.367,200,True,0x20f5B667b21b5fC5b82Fa52c25088446F4026127,POLICE,225,VIDEO,2,READ,
w35,2025-12-19T14:43:05.269010Z,12.376,200,True,0x07e862A62f1C2E59d2B46Cb02c0B6469F0F2Ce6C,ADJUSTER,599,FNOL,4,READ,
w92,2025-12-19T14:43:05.269114Z,12.375,200,True,0x6C083CdC9F152E5a82DB28241FBea8958a62a549,COURT,588,FNOL,4,READ,
w36,2025-12-19T14:43:05.269215Z,12.375,403,False,0x4DCDFfA1280ad4A435512Ee5dDaF8a9D4e9509E3,GARAGE,955,OTHER,1,READ,
w2,2025-12-19T14:43:05.269315Z,12.376,200,True,0x16C605c8536B3AC44524Ebd88bF81CE652b1E990,POLICE,322,IMAGE,2,READ,
w37,2025-12-19T14:43:05.269422Z,12.363,403,False,0x68c8c090a608c0B78636f50F6950137E9BBbEA97,GARAGE,528,MEDICAL_REPORT,5,READ,
w93,2025-12-19T14:43:05.269525Z,12.366,200,True,0x0b5E323fB184f11d5882ca0773Ff29b91c76b407,ADJUSTER,717,TELEMATICS,3,READ,
w94,2025-12-19T14:43:05.269627Z,12.368,200,True,0x1e237843BDabB13CAAF8C9B59868118a067a706f,INSURER,869,OTHER,1,READ,
w38,2025-12-19T14:43:05.269738Z,12.350,200,True,0x2E2C6b303dF5Eb5E67C04610fDF33084A6d7408B,ADJUSTER,599,FNOL,4,READ,
w95,2025-12-19T14:43:05.269842Z,12.337,200,True,0xB29E5C47C181524AB77DF0E7095d8d832f9Afe6C,ADJUSTER,422,IMAGE,2,READ,
w39,2025-12-19T14:43:05.269954Z,12.320,200,True,0xb113F22B749C4efc290Eb311C18c72DF29481dAE,ADJUSTER,669,FNOL,4,READ,
w96,2025-12-19T14:43:05.270055Z,12.313,200,True,0xfc909f67c3BA8552cdb1B0bA216742E485d43BA1,ADJUSTER,202,VIDEO,2,READ,
w40,2025-12-19T14:43:05.270158Z,12.299,200,True,0xCe0598bC3ba15cA3db71063563179eCf0D7c35A7,ADJUSTER,669,FNOL,4,READ,
w97,2025-12-19T14:43:05.270265Z,12.290,200,True,0xC9d315B25D2f58D8299fD726f1bd40D5b077C4a4,ADJUSTER,784,TELEMATICS,3,READ,
w41,2025-12-19T14:43:05.270380Z,12.266,200,True,0x986fDE3291033E80049183d4eAac7752F29166cC,INSURER,758,TELEMATICS,3,READ,
w1,2025-12-19T14:43:05.270487Z,12.257,200,True,0x6f5CC3De03FD8Ff029C145d99B3A9D30D2c0A71D,INSURER,274,IMAGE,2,READ,
w42,2025-12-19T14:43:05.270609Z,12.230,403,False,0x4DCDFfA1280ad4A435512Ee5dDaF8a9D4e9509E3,GARAGE,50,VIDEO,2,READ,
w98,2025-12-19T14:43:05.270726Z,12.220,200,True,0x34BBE78F5E8eF7F758481402618b9CA85b1a3CF7,ADJUSTER,780,TELEMATICS,3,READ,
w99,2025-12-19T14:43:05.270853Z,12.191,200,True,0x7d050D9da028bFC0eFF937489B90834dEFC533f3,INSURER,246,VIDEO,2,READ,
w43,2025-12-19T14:43:05.270964Z,12.178,200,True,0x4b325498d9Ec08b7e1eb3C52CE9a554ea24D3737,INSURER,662,FNOL,4,READ,
w44,2025-12-19T14:43:05.271076Z,12.201,200,True,0xf7E1883f933104b142c40E92e6624179359b44C2,INSURER,943,OTHER,1,READ,
w0,2025-12-19T14:43:05.271187Z,12.195,200,True,0x13574B3384B73DcA7b44aa015680060B3561B666,POLICE,377,IMAGE,2,READ,
w45,2025-12-19T14:43:05.271296Z,12.190,200,True,0x07e862A62f1C2E59d2B46Cb02c0B6469F0F2Ce6C,ADJUSTER,462,IMAGE,2,READ,
w3,2025-12-19T14:43:05.271401Z,12.187,200,True,0x7d050D9da028bFC0eFF937489B90834dEFC533f3,INSURER,188,VIDEO,2,READ,
w46,2025-12-19T14:43:05.271502Z,12.180,200,True,0xaf157e8fD0B47Ee2C692436E45dB871E2c1F3e83,INSURER,848,TELEMATICS,3,READ,
w47,2025-12-19T14:43:05.271598Z,12.174,200,True,0xFbB08379ae5b6acFA48Fdee5E2Be6af84a90DcFb,COURT,876,OTHER,1,READ,
w48,2025-12-19T14:43:05.271695Z,12.166,200,True,0xceebe3C41b74d2c472F28A01C7CC44d6aAcA498F,INSURER,520,FNOL,4,READ,
w49,2025-12-19T14:43:05.271803Z,12.166,200,True,0x74fB3137dFB3B6448931Fb8Da2496AaF6a238f78,COURT,811,TELEMATICS,3,READ,
w50,2025-12-19T14:43:05.271912Z,12.157,200,True,0x417E040C3F0A2094fa86aE1A22D89f21ad5f2c91,INSURER,735,TELEMATICS,3,READ,
w51,2025-12-19T14:43:05.272034Z,12.129,200,True,0xF173F4d5ADdf0E7a16e318fFd5937Dfb27583015,INSURER,17,VIDEO,2,READ,
w52,2025-12-19T14:43:05.272147Z,12.114,403,False,0xdC2E4E6D348448D3722b528D8c9272eD5C020F55,POLICE,849,TELEMATICS,3,READ,
w53,2025-12-19T14:43:05.272253Z,12.106,403,False,0x9a076822Eb2A5Aff3AfdAC8DF2620AD153dC4035,POLICE,908,OTHER,1,READ,
w54,2025-12-19T14:43:05.272356Z,12.103,200,True,0x23d961Bbd1C6082e8A752192D3D652cd833EFf20,COURT,719,TELEMATICS,3,READ,
w55,2025-12-19T14:43:05.272464Z,12.097,200,True,0x5ACFAa5B3cF34961Fe72993cF32654Dff1eBc4ea,INSURER,430,IMAGE,2,READ,
w56,2025-12-19T14:43:05.272567Z,12.095,200,True,0x417E040C3F0A2094fa86aE1A22D89f21ad5f2c91,INSURER,22,VIDEO,2,READ,
w57,2025-12-19T14:43:05.272667Z,12.092,200,True,0x8e18b3Dc00a5886aeb63bE8dFcd734BAda06Bf8a,REGULATOR,741,TELEMATICS,3,READ,
w58,2025-12-19T14:43:05.272771Z,12.088,200,True,0xD574Ba4eCc12ca8b6BF7d7ed27E8896b66251f36,INSURER,810,TELEMATICS,3,READ,
w4,2025-12-19T14:43:05.272882Z,12.077,200,True,0xC9d315B25D2f58D8299fD726f1bd40D5b077C4a4,ADJUSTER,554,FNOL,4,READ,
w59,2025-12-19T14:43:05.272988Z,12.072,200,True,0x7d050D9da028bFC0eFF937489B90834dEFC533f3,INSURER,881,OTHER,1,READ,
w5,2025-12-19T14:43:05.273092Z,12.068,200,True,0xdF8A225C5B1E14558757B029B89e2F233515a798,ADJUSTER,131,VIDEO,2,READ,
w60,2025-12-19T14:43:05.273192Z,12.068,200,True,0x499B440236db366c87f8267Bd804228e12Df64A4,ADJUSTER,23,VIDEO,2,READ,
w6,2025-12-19T14:43:05.273294Z,12.073,200,True,0x47200E7159B7646892C3cC84C60818bcD2B38A22,ADJUSTER,484,IMAGE,2,READ,
w61,2025-12-19T14:43:05.273402Z,12.069,200,True,0x4b325498d9Ec08b7e1eb3C52CE9a554ea24D3737,INSURER,21,VIDEO,2,READ,
w7,2025-12-19T14:43:05.273508Z,12.064,200,True,0x63799B99d43E4dB6Eb46BF3fEeBcb88c347351c0,COURT,221,VIDEO,2,READ,
w62,2025-12-19T14:43:05.273610Z,12.063,200,True,0x68c8c090a608c0B78636f50F6950137E9BBbEA97,GARAGE,366,IMAGE,2,READ,
w8,2025-12-19T14:43:05.273712Z,12.061,200,True,0xE5dd563f92431eDFA8d444f0f1999a2858b95A81,INSURER,319,IMAGE,2,READ,
w63,2025-12-19T14:43:05.273816Z,12.062,200,True,0x766C26A7aD924449Bec43A8A34DEF94ddE4249e8,COURT,395,IMAGE,2,READ,
w9,2025-12-19T14:43:05.273932Z,12.055,200,True,0x8e18b3Dc00a5886aeb63bE8dFcd734BAda06Bf8a,REGULATOR,257,IMAGE,2,READ,
w64,2025-12-19T14:43:05.274051Z,12.035,200,True,0x5Adf6dA1124Cb04f8e27b4b197b6521C42AD0641,INSURER,848,TELEMATICS,3,READ,
w10,2025-12-19T14:43:05.274160Z,12.026,200,True,0x592bB49f1f64a954F181cc99489664AeC05bB383,COURT,863,OTHER,1,READ,
w65,2025-12-19T14:43:05.274266Z,12.021,200,True,0xc3c51312907D83df323e05D7E254352175252368,COURT,141,VIDEO,2,READ,
w11,2025-12-19T14:43:05.274369Z,12.021,200,True,0x31A860cfF3A3D2B972B9EE41a34653e31b6143DD,ADJUSTER,108,VIDEO,2,READ,
w66,2025-12-19T14:43:05.274476Z,12.020,403,False,0x7775fD4aD4669C7F6F26aCBf7CC07d9dA5f959C8,POLICE,688,FNOL,4,READ,
w12,2025-12-19T14:43:05.274583Z,12.020,200,True,0x1e237843BDabB13CAAF8C9B59868118a067a706f,INSURER,163,VIDEO,2,READ,
w67,2025-12-19T14:43:05.274692Z,12.011,200,True,0x816E9ccDC1bbbd5f73D84dF5652A4B63F92DE291,INSURER,817,TELEMATICS,3,READ,
w13,2025-12-19T14:43:05.274796Z,12.014,200,True,0x00a777ADb6935EdBdF8a8529125d1fbd93EdBA56,INSURER,824,TELEMATICS,3,READ,
w68,2025-12-19T14:43:05.274896Z,12.175,200,True,0x29Ab7D36C4d714Ab42079831182cFeA1dF363Eae,COURT,578,FNOL,4,READ,
w14,2025-12-19T14:43:05.275000Z,12.363,200,True,0xFbB08379ae5b6acFA48Fdee5E2Be6af84a90DcFb,COURT,477,IMAGE,2,READ,
w69,2025-12-19T14:43:05.275109Z,12.486,200,True,0x96C5458aF74559b7eB9C1768f6F30BD40251e25e,INSURER,120,VIDEO,2,READ,
w15,2025-12-19T14:43:05.275214Z,12.594,200,True,0xdF8A225C5B1E14558757B029B89e2F233515a798,ADJUSTER,946,OTHER,1,READ,
w70,2025-12-19T14:43:05.275320Z,12.654,403,False,0x68c8c090a608c0B78636f50F6950137E9BBbEA97,GARAGE,622,FNOL,4,READ,
w16,2025-12-19T14:43:05.275422Z,12.706,403,False,0xb0276419CD1DA3AF0406c1b6D9D2302B8CDAc670,POLICE,982,OTHER,1,READ,
w71,2025-12-19T14:43:05.275520Z,12.743,200,True,0x8d0151c4F2bF27afD2201C7C4fE56A90B0DA58Fe,INSURER,445,IMAGE,2,READ,
w17,2025-12-19T14:43:05.275620Z,12.771,200,True,0x4D2e324068BA02Eb613f39F882B7ED435DaAe089,INSURER,432,IMAGE,2,READ,
w72,2025-12-19T14:43:05.276334Z,12.833,200,True,0xD89D70fF36c803e47f1df2Ffaab469107117214F,ADJUSTER,112,VIDEO,2,READ,
w18,2025-12-19T14:43:05.276495Z,12.837,200,True,0xd3ad26904604cf4A6e4Ef026c902c9f70562F892,INSURER,523,MEDICAL_REPORT,5,READ,
w73,2025-12-19T14:43:05.276628Z,12.839,200,True,0x2bae1eb63108Ab352DaD7842Af98F4e1768425C1,ADJUSTER,357,IMAGE,2,READ,
w19,2025-12-19T14:43:05.276748Z,12.842,200,True,0x342E14b11b9f83662a05FF03e2f43C71f9Bf4873,REGULATOR,278,IMAGE,2,READ,
w74,2025-12-19T14:43:05.276860Z,12.841,200,True,0x0Dc1cFEE2758F0e2688803c8098E11241014f8BB,INSURER,136,VIDEO,2,READ,
w20,2025-12-19T14:43:05.276968Z,12.847,403,False,0x9fFdEc67F092978A065F3956A4C0D0887253f6B4,GARAGE,590,FNOL,4,READ,
w75,2025-12-19T14:43:05.277082Z,12.865,200,True,0xF9EA48F4E0d76E96a3755d17b67fF2F7157C7911,POLICE,35,VIDEO,2,READ,
w76,2025-12-19T14:43:05.277231Z,12.849,200,True,0x852cB9f303D330bff5722A21d48c0c4303bda309,POLICE,99,VIDEO,2,READ,
w77,2025-12-19T14:43:05.277350Z,12.845,200,True,0x06D4bAEDddd3B73284654b61bec9CF7C3D667E84,ADJUSTER,800,TELEMATICS,3,READ,
w21,2025-12-19T14:43:05.277458Z,12.851,200,True,0x59F93F27b669bD4e2a076c77c1134dc9Bd550AFA,INSURER,788,TELEMATICS,3,READ,
w78,2025-12-19T14:43:05.277561Z,12.857,403,False,0x9a076822Eb2A5Aff3AfdAC8DF2620AD153dC4035,POLICE,920,OTHER,1,READ,
w22,2025-12-19T14:43:05.277663Z,12.866,200,True,0xD2e4187ae13875E61F4ADeB0bc309Fda9E672655,INSURER,95,VIDEO,2,READ,
w79,2025-12-19T14:43:05.277762Z,12.870,200,True,0x8EacD2DD8F1d188ca58Ce26655097d63c95b65BB,ADJUSTER,167,VIDEO,2,READ,
w23,2025-12-19T14:43:05.277861Z,12.896,200,True,0x47200E7159B7646892C3cC84C60818bcD2B38A22,ADJUSTER,189,VIDEO,2,READ,
w80,2025-12-19T14:43:05.277969Z,12.897,200,True,0xd3ad26904604cf4A6e4Ef026c902c9f70562F892,INSURER,142,VIDEO,2,READ,
w24,2025-12-19T14:43:05.278065Z,12.921,200,True,0xA18C8C6aE69cB5aabAA3EfDdF1c38c4dE58494CA,INSURER,136,VIDEO,2,READ,
w81,2025-12-19T14:43:05.278167Z,12.932,200,True,0x8EacD2DD8F1d188ca58Ce26655097d63c95b65BB,ADJUSTER,772,TELEMATICS,3,READ,
w25,2025-12-19T14:43:05.278272Z,12.932,403,False,0x793235ebf79944f08742d0Cd92ca6D24B4327d8E,POLICE,967,OTHER,1,READ,
w82,2025-12-19T14:43:05.279383Z,13.003,200,True,0x168EC3290512E1AcbB8201aeD946f3BA1Ed1effc,INSURER,671,FNOL,4,READ,
w26,2025-12-19T14:43:05.279513Z,13.030,200,True,0x5cB8e3e86426cca28B81a1F506b0c918fa230526,INSURER,35,VIDEO,2,READ,
w83,2025-12-19T14:43:05.279627Z,13.046,200,True,0x7F58e30B33E800fAD1041651365A29CfB660aC57,INSURER,824,TELEMATICS,3,READ,
w27,2025-12-19T14:43:05.279735Z,13.055,200,True,0x4a5907024898DA4eE2BA57e89D767C6406ebD232,INSURER,473,IMAGE,2,READ,
w84,2025-12-19T14:43:05.279835Z,13.066,403,False,0xb0276419CD1DA3AF0406c1b6D9D2302B8CDAc670,POLICE,609,FNOL,4,READ,
w28,2025-12-19T14:43:05.279946Z,13.071,403,False,0x16C605c8536B3AC44524Ebd88bF81CE652b1E990,POLICE,880,OTHER,1,READ,
w85,2025-12-19T14:43:05.280049Z,13.085,200,True,0x499B440236db366c87f8267Bd804228e12Df64A4,ADJUSTER,761,TELEMATICS,3,READ,
w29,2025-12-19T14:43:05.280152Z,13.103,200,True,0x766C26A7aD924449Bec43A8A34DEF94ddE4249e8,COURT,681,MEDICAL_REPORT,5,READ,
w86,2025-12-19T14:43:05.280254Z,13.117,200,True,0xA07Ab60Dc6F87DcAbEA86aDb690fFf1e30BB14A6,COURT,874,OTHER,1,READ,
w30,2025-12-19T14:43:05.280365Z,13.111,200,True,0x986fDE3291033E80049183d4eAac7752F29166cC,INSURER,924,OTHER,1,READ,
w87,2025-12-19T14:43:05.280471Z,13.108,200,True,0xb8Cb388cDb00044EeC03d7b0D63f1FafF89B668F,INSURER,204,VIDEO,2,READ,
w31,2025-12-19T14:43:05.280574Z,13.113,200,True,0x9D27B273CA2f10A2b874e5280Aa7A5081BdC694C,INSURER,598,FNOL,4,READ,
w88,2025-12-19T14:43:05.280668Z,13.121,200,True,0xaf157e8fD0B47Ee2C692436E45dB871E2c1F3e83,INSURER,274,IMAGE,2,READ,
w32,2025-12-19T14:43:05.280761Z,13.132,200,True,0x90F928F43C9c4066afF2a1E64E1063ECE320A9E3,INSURER,364,IMAGE,2,READ,
w89,2025-12-19T14:43:05.280852Z,13.140,200,True,0xD91E6fbf8C6C9F06DA14fCEc6BB1f34719Cb6AfF,INSURER,751,TELEMATICS,3,READ,
w33,2025-12-19T14:43:05.280948Z,13.145,200,True,0x4a5907024898DA4eE2BA57e89D767C6406ebD232,INSURER,344,IMAGE,2,READ,
w90,2025-12-19T14:43:05.281059Z,13.143,403,False,0x4DCDFfA1280ad4A435512Ee5dDaF8a9D4e9509E3,GARAGE,809,TELEMATICS,3,READ,
w34,2025-12-19T14:43:05.281169Z,13.140,200,True,0xB4C59915aF17bAB024Db05F0230B8Ee1aF00388d,COURT,626,MEDICAL_REPORT,5,READ,
w91,2025-12-19T14:43:05.281278Z,13.136,200,True,0x3CeB0Aa9CCc9c0A29a814fBD5c1aD23dca52aeb6,ADJUSTER,411,IMAGE,2,READ,
w35,2025-12-19T14:43:05.281390Z,13.128,200,True,0xf1E534De0C06d61147F8A18Fd769352969fDCF3B,INSURER,555,FNOL,4,READ,
w92,2025-12-19T14:43:05.281493Z,13.126,200,True,0x5cB8e3e86426cca28B81a1F506b0c918fa230526,INSURER,123,VIDEO,2,READ,
w36,2025-12-19T14:43:05.281593Z,13.134,200,True,0xA51c3724Dd9F1e975A507c34B34acf9d14Ce6FEb,GARAGE,340,IMAGE,2,READ,
w2,2025-12-19T14:43:05.281695Z,13.153,200,True,0x31A860cfF3A3D2B972B9EE41a34653e31b6143DD,ADJUSTER,604,FNOL,4,READ,
w37,2025-12-19T14:43:05.281789Z,13.164,200,True,0x6C083CdC9F152E5a82DB28241FBea8958a62a549,COURT,626,MEDICAL_REPORT,5,READ,
w93,2025-12-19T14:43:05.281895Z,13.172,200,True,0x6d633edcb7CD9413cd0509faebAE113ec0EC2FBc,INSURER,673,FNOL,4,READ,
w94,2025-12-19T14:43:05.281999Z,13.177,200,True,0x90F928F43C9c4066afF2a1E64E1063ECE320A9E3,INSURER,41,VIDEO,2,READ,
w38,2025-12-19T14:43:05.282093Z,13.189,200,True,0x1d1694bc32c0223F44b4aC0956BE792a5996Cb79,INSURER,630,FNOL,4,READ,
w95,2025-12-19T14:43:05.282183Z,13.201,200,True,0x8d04Ed80530786073721Ae9c38cD46D45dd71756,INSURER,772,TELEMATICS,3,READ,
w39,2025-12-19T14:43:05.282277Z,13.205,200,True,0x1dDd4F87D89500d1d92400BaE6cdb8373566adeE,INSURER,971,OTHER,1,READ,
w96,2025-12-19T14:43:05.282371Z,13.210,200,True,0x8C0A9562bA06c26cD697012F2C311Ab93431CB08,INSURER,513,MEDICAL_REPORT,5,READ,
w40,2025-12-19T14:43:05.282461Z,13.219,200,True,0x24a62efdAe4d80281BAc758e86a4E386905c720C,GARAGE,450,IMAGE,2,READ,
w97,2025-12-19T14:43:05.282558Z,13.222,200,True,0xA18C8C6aE69cB5aabAA3EfDdF1c38c4dE58494CA,INSURER,386,IMAGE,2,READ,
w41,2025-12-19T14:43:05.282651Z,13.228,403,False,0x8e698D53B82C116210BD73e1cA88584086b03795,POLICE,560,FNOL,4,READ,
w1,2025-12-19T14:43:05.282749Z,13.256,200,True,0xE6eF4f2c9De0532C38589a58Fbde2BBC1C31279B,ADJUSTER,329,IMAGE,2,READ,
w42,2025-12-19T14:43:05.282843Z,13.267,200,True,0x87731f9AB64CbE25f915Bd81646C15853b0A47F6,POLICE,57,VIDEO,2,READ,
w98,2025-12-19T14:43:05.282950Z,13.260,200,True,0xD574Ba4eCc12ca8b6BF7d7ed27E8896b66251f36,INSURER,325,IMAGE,2,READ,
w99,2025-12-19T14:43:05.283047Z,13.258,200,True,0xD574Ba4eCc12ca8b6BF7d7ed27E8896b66251f36,INSURER,306,IMAGE,2,READ,
w43,2025-12-19T14:43:05.283148Z,13.249,403,False,0x992Eaf53E29aF2be6bCDB7c2013cC167E3D529F8,GARAGE,45,VIDEO,2,READ,
w44,2025-12-19T14:43:05.283282Z,13.207,403,False,0x92416914cF3F47944a8e5CCBA5d619b68b615D33,POLICE,889,OTHER,1,READ,
w0,2025-12-19T14:43:05.283386Z,13.200,200,True,0x90F928F43C9c4066afF2a1E64E1063ECE320A9E3,INSURER,146,VIDEO,2,READ,
w45,2025-12-19T14:43:05.283490Z,13.196,200,True,0xD81101A371257d1229a21CEAed60dD23BBb1a2B1,ADJUSTER,48,VIDEO,2,READ,
w3,2025-12-19T14:43:05.283593Z,13.193,200,True,0xb00fDdDb57D515d86B84D0A2E8E492d9b6082070,INSURER,868,OTHER,1,READ,
w46,2025-12-19T14:43:05.283686Z,13.203,403,False,0xF9EA48F4E0d76E96a3755d17b67fF2F7157C7911,POLICE,687,MEDICAL_REPORT,5,READ,
w47,2025-12-19T14:43:05.283776Z,13.227,200,True,0x11aaC79A517D8afa3a7DB9b5B2E4a2592284C7AE,INSURER,877,OTHER,1,READ,
w48,2025-12-19T14:43:05.283865Z,13.244,200,True,0xD2e4187ae13875E61F4ADeB0bc309Fda9E672655,INSURER,487,IMAGE,2,READ,
w49,2025-12-19T14:43:05.283973Z,13.237,403,False,0x9D65961198142f8eE2223b06687b0C16ED30B78E,POLICE,981,OTHER,1,READ,
w50,2025-12-19T14:43:05.284072Z,13.237,200,True,0x8a68D81A9d3c90fE303344fA200a40Ad65bB9234,ADJUSTER,341,IMAGE,2,READ,
w51,2025-12-19T14:43:05.284167Z,13.242,200,True,0x0f3329Ff55b9471d57D644d34b6c7227aeD65b2D,ADJUSTER,901,OTHER,1,READ,
w52,2025-12-19T14:43:05.284264Z,13.243,200,True,0xcbA3c1E62e024046934d519a26b637Dd0dfD1b3c,REGULATOR,828,TELEMATICS,3,READ,
w53,2025-12-19T14:43:05.284363Z,13.239,403,False,0x9fFdEc67F092978A065F3956A4C0D0887253f6B4,GARAGE,944,OTHER,1,READ,
w54,2025-12-19T14:43:05.284463Z,13.232,200,True,0xe68d19e611fc7Cd8D9184Dbf3034203A5B0ba7E9,INSURER,146,VIDEO,2,READ,
w55,2025-12-19T14:43:05.284566Z,13.244,200,True,0x501d27511202E1C0343B6ee79241254B3C3d4378,INSURER,398,IMAGE,2,READ,
w56,2025-12-19T14:43:05.284666Z,13.261,200,True,0x065803C5af851Dda212c2b93EabB66A8eE0Adb34,INSURER,935,OTHER,1,READ,
w57,2025-12-19T14:43:05.284763Z,13.273,200,True,0x23d961Bbd1C6082e8A752192D3D652cd833EFf20,COURT,500,IMAGE,2,READ,
w58,2025-12-19T14:43:05.284863Z,13.277,200,True,0xe34b6a9Bc4D2c8Ee70eEd4111Ea531E97DDb4c4E,COURT,728,TELEMATICS,3,READ,
w4,2025-12-19T14:43:05.284963Z,13.279,200,True,0xe84288AfCCFcafd9a8AB74D8F555C5448a911Eb5,INSURER,527,FNOL,4,READ,
w59,2025-12-19T14:43:05.285064Z,13.297,200,True,0x03E8540790383Dc711c7029C4a4727A3D6F85Ee6,INSURER,928,OTHER,1,READ,
w5,2025-12-19T14:43:05.285164Z,13.295,200,True,0xc3c51312907D83df323e05D7E254352175252368,COURT,64,VIDEO,2,READ,
w60,2025-12-19T14:43:05.285264Z,13.299,200,True,0x1e237843BDabB13CAAF8C9B59868118a067a706f,INSURER,741,TELEMATICS,3,READ,
w6,2025-12-19T14:43:05.285372Z,13.300,200,True,0xb03C6C3a6e66a20729a4d4758D907D3A07cB0af5,INSURER,69,VIDEO,2,READ,
w61,2025-12-19T14:43:05.285475Z,13.301,200,True,0xfc909f67c3BA8552cdb1B0bA216742E485d43BA1,ADJUSTER,45,VIDEO,2,READ,
w7,2025-12-19T14:43:05.285576Z,13.305,200,True,0xf306C99564607882567c83a33f4e5EEEb8bF050e,ADJUSTER,908,OTHER,1,READ,
w62,2025-12-19T14:43:05.285677Z,13.306,200,True,0x1D3a19aAC334311E82F8439171A040835c8049F7,REGULATOR,601,MEDICAL_REPORT,5,READ,
w8,2025-12-19T14:43:05.285778Z,13.322,200,True,0x9d26A04fcCe87Fd42687C4eCBA27F01DB5b333E9,REGULATOR,974,OTHER,1,READ,
w63,2025-12-19T14:43:05.285881Z,13.325,200,True,0x34BBE78F5E8eF7F758481402618b9CA85b1a3CF7,ADJUSTER,160,VIDEO,2,READ,
w9,2025-12-19T14:43:05.285991Z,13.317,200,True,0x547633aa452093F2f87ad6cF6Af95cf459e17be5,ADJUSTER,386,IMAGE,2,READ,
w64,2025-12-19T14:43:05.286091Z,13.322,200,True,0x4D2e324068BA02Eb613f39F882B7ED435DaAe089,INSURER,387,IMAGE,2,READ,
w10,2025-12-19T14:43:05.286191Z,13.326,200,True,0x74fB3137dFB3B6448931Fb8Da2496AaF6a238f78,COURT,144,VIDEO,2,READ,
w65,2025-12-19T14:43:05.286292Z,13.326,200,True,0xdC2E4E6D348448D3722b528D8c9272eD5C020F55,POLICE,310,IMAGE,2,READ,
w11,2025-12-19T14:43:05.286394Z,13.335,200,True,0xf7E1883f933104b142c40E92e6624179359b44C2,INSURER,40,VIDEO,2,READ,
w66,2025-12-19T14:43:05.286501Z,13.333,200,True,0x8d04Ed80530786073721Ae9c38cD46D45dd71756,INSURER,964,OTHER,1,READ,
w12,2025-12-19T14:43:05.286607Z,13.331,200,True,0xF2c90E8ED7e59FCFb44ff6056Cf906449175c417,REGULATOR,276,IMAGE,2,READ,
w67,2025-12-19T14:43:05.286707Z,13.337,200,True,0x3EBAE31cB2be64Fe5734160d81AF569256974D47,POLICE,247,VIDEO,2,READ,
w13,2025-12-19T14:43:05.286814Z,13.347,200,True,0x63799B99d43E4dB6Eb46BF3fEeBcb88c347351c0,COURT,1,VIDEO,2,READ,
w68,2025-12-19T14:43:05.287080Z,13.251,200,True,0xD81101A371257d1229a21CEAed60dD23BBb1a2B1,ADJUSTER,122,VIDEO,2,READ,
w14,2025-12-19T14:43:05.287374Z,13.085,200,True,0xe68d19e611fc7Cd8D9184Dbf3034203A5B0ba7E9,INSURER,751,TELEMATICS,3,READ,
w69,2025-12-19T14:43:05.287603Z,12.964,403,False,0xD162EE2e18AC5c1AdC8152fd82CeDcE024c00f75,POLICE,933,OTHER,1,READ,
w15,2025-12-19T14:43:05.287815Z,12.855,200,True,0x0f3329Ff55b9471d57D644d34b6c7227aeD65b2D,ADJUSTER,429,IMAGE,2,READ,
w70,2025-12-19T14:43:05.287981Z,12.784,200,True,0x8d04Ed80530786073721Ae9c38cD46D45dd71756,INSURER,576,FNOL,4,READ,
w16,2025-12-19T14:43:05.288133Z,12.722,200,True,0xb0276419CD1DA3AF0406c1b6D9D2302B8CDAc670,POLICE,288,IMAGE,2,READ,
w71,2025-12-19T14:43:05.288269Z,12.678,403,False,0x80eD6824a5F2334A090fCfbEB1450356BDc84d63,ADJUSTER,551,MEDICAL_REPORT,5,READ,
w17,2025-12-19T14:43:05.288396Z,12.665,403,False,0x24a8D6d1D04D0d1D3e1c665a8Bd2f2B50Cb7097F,GARAGE,858,OTHER,1,READ,
w72,2025-12-19T14:43:05.289173Z,12.609,200,True,0xcbA3c1E62e024046934d519a26b637Dd0dfD1b3c,REGULATOR,45,VIDEO,2,READ,
w18,2025-12-19T14:43:05.289337Z,12.597,200,True,0x20f5B667b21b5fC5b82Fa52c25088446F4026127,POLICE,328,IMAGE,2,READ,
w73,2025-12-19T14:43:05.289473Z,12.588,200,True,0xc227AdED69aA39F067e0190b0EA4BB94BE51cb90,INSURER,196,VIDEO,2,READ,
w19,2025-12-19T14:43:05.289595Z,12.584,200,True,0x342E14b11b9f83662a05FF03e2f43C71f9Bf4873,REGULATOR,221,VIDEO,2,READ,
w74,2025-12-19T14:43:05.289706Z,12.586,200,True,0x0Adc41557A616569Cd409d74aFe4C9FaD47a57ed,POLICE,458,IMAGE,2,READ,
w20,2025-12-19T14:43:05.289820Z,12.575,200,True,0x852cB9f303D330bff5722A21d48c0c4303bda309,POLICE,154,VIDEO,2,READ,
w75,2025-12-19T14:43:05.289953Z,12.541,200,True,0x6d633edcb7CD9413cd0509faebAE113ec0EC2FBc,INSURER,557,MEDICAL_REPORT,5,READ,
w76,2025-12-19T14:43:05.290085Z,12.513,200,True,0xdbCa1F43d1B1fE30218A3870f8CE54eA068b9546,COURT,51,VIDEO,2,READ,
w77,2025-12-19T14:43:05.290199Z,12.509,200,True,0xdF8A225C5B1E14558757B029B89e2F233515a798,ADJUSTER,58,VIDEO,2,READ,
w21,2025-12-19T14:43:05.290313Z,12.499,200,True,0xD81101A371257d1229a21CEAed60dD23BBb1a2B1,ADJUSTER,116,VIDEO,2,READ,
w78,2025-12-19T14:43:05.290423Z,12.489,403,False,0xA51c3724Dd9F1e975A507c34B34acf9d14Ce6FEb,GARAGE,847,TELEMATICS,3,READ,
w22,2025-12-19T14:43:05.290533Z,12.487,200,True,0xc6fd3ebdCCe1922C2aAF225B6Ae37C875b175082,ADJUSTER,298,IMAGE,2,READ,
w79,2025-12-19T14:43:05.290637Z,12.483,200,True,0x445B0132f3e4B43546EdbBb0604997A1c2605CDf,INSURER,70,VIDEO,2,READ,
w23,2025-12-19T14:43:05.290761Z,12.453,403,False,0xA51c3724Dd9F1e975A507c34B34acf9d14Ce6FEb,GARAGE,158,VIDEO,2,READ,
w80,2025-12-19T14:43:05.290872Z,12.438,200,True,0x1dDd4F87D89500d1d92400BaE6cdb8373566adeE,INSURER,258,IMAGE,2,READ,
w24,2025-12-19T14:43:05.290991Z,12.525,200,True,0x9Cc1e0F54e3D09Bf83b9f43222Ef44e11F170ff5,INSURER,43,VIDEO,2,READ,
w81,2025-12-19T14:43:05.291102Z,12.733,403,False,0x9dC8E21f76Ed8e9828c40E7E03428bEF6aF69A84,GARAGE,585,MEDICAL_REPORT,5,READ,
w25,2025-12-19T14:43:05.291209Z,12.870,200,True,0x07991919AA37C0FdbeD66174B280e6da9FE695d7,ADJUSTER,721,TELEMATICS,3,READ,
w82,2025-12-19T14:43:05.292393Z,13.158,200,True,0xd222D38Ccd1502056A8264eaCB2fCfc6c96F6B61,ADJUSTER,257,IMAGE,2,READ,
w26,2025-12-19T14:43:05.292548Z,13.198,200,True,0x711d7620b4C341A6A91E38D0c75783C80FfEdcED,COURT,419,IMAGE,2,READ,
w83,2025-12-19T14:43:05.292678Z,13.215,200,True,0x5cB8e3e86426cca28B81a1F506b0c918fa230526,INSURER,692,FNOL,4,READ,
w27,2025-12-19T14:43:05.292795Z,13.222,200,True,0x99a806d3b557c0a8e626Cef888962d06713ad5f6,COURT,303,IMAGE,2,READ,
w84,2025-12-19T14:43:05.292906Z,13.222,200,True,0x24a8D6d1D04D0d1D3e1c665a8Bd2f2B50Cb7097F,GARAGE,459,IMAGE,2,READ,
w28,2025-12-19T14:43:05.293021Z,13.224,200,True,0x0Dc1cFEE2758F0e2688803c8098E11241014f8BB,INSURER,461,IMAGE,2,READ,
w85,2025-12-19T14:43:05.293140Z,13.212,200,True,0xdbCa1F43d1B1fE30218A3870f8CE54eA068b9546,COURT,532,FNOL,4,READ,
w29,2025-12-19T14:43:05.293260Z,13.218,200,True,0x12A0e24FbEa46bC85bd893CE5E21beFB44f88f15,POLICE,222,VIDEO,2,READ,
w86,2025-12-19T14:43:05.293375Z,13.220,200,True,0x7d050D9da028bFC0eFF937489B90834dEFC533f3,INSURER,22,VIDEO,2,READ,
w30,2025-12-19T14:43:05.293481Z,13.228,200,True,0x11aaC79A517D8afa3a7DB9b5B2E4a2592284C7AE,INSURER,785,TELEMATICS,3,READ,
w87,2025-12-19T14:43:05.293584Z,13.237,200,True,0x816E9ccDC1bbbd5f73D84dF5652A4B63F92DE291,INSURER,641,FNOL,4,READ,
w31,2025-12-19T14:43:05.293691Z,13.241,200,True,0x4a5907024898DA4eE2BA57e89D767C6406ebD232,INSURER,915,OTHER,1,READ,
w88,2025-12-19T14:43:05.293795Z,13.245,200,True,0xb113F22B749C4efc290Eb311C18c72DF29481dAE,ADJUSTER,788,TELEMATICS,3,READ,
w32,2025-12-19T14:43:05.293897Z,13.251,200,True,0x2E2C6b303dF5Eb5E67C04610fDF33084A6d7408B,ADJUSTER,130,VIDEO,2,READ,
w89,2025-12-19T14:43:05.293995Z,13.274,200,True,0x6d633edcb7CD9413cd0509faebAE113ec0EC2FBc,INSURER,272,IMAGE,2,READ,
w33,2025-12-19T14:43:05.294098Z,13.273,403,False,0xE8bF57455EE3405331D286E17C7bC05cAD0bFB1C,POLICE,998,OTHER,1,READ,
w90,2025-12-19T14:43:05.294205Z,13.264,200,True,0xD91E6fbf8C6C9F06DA14fCEc6BB1f34719Cb6AfF,INSURER,373,IMAGE,2,READ,
w34,2025-12-19T14:43:05.294312Z,13.252,200,True,0x45027EB686032B693Ea79a63545D177B238bc218,INSURER,149,VIDEO,2,READ,
w91,2025-12-19T14:43:05.294418Z,13.256,403,False,0x4DCDFfA1280ad4A435512Ee5dDaF8a9D4e9509E3,GARAGE,607,MEDICAL_REPORT,5,READ,
w35,2025-12-19T14:43:05.294523Z,13.254,200,True,0x547633aa452093F2f87ad6cF6Af95cf459e17be5,ADJUSTER,594,FNOL,4,READ,
w92,2025-12-19T14:43:05.294623Z,13.275,200,True,0xc6fd3ebdCCe1922C2aAF225B6Ae37C875b175082,ADJUSTER,892,OTHER,1,READ,
w36,2025-12-19T14:43:05.294732Z,13.268,200,True,0xa162d20e1Ea3efe0C78A65109e3411462afd3b28,INSURER,505,FNOL,4,READ,
w2,2025-12-19T14:43:05.294852Z,13.243,200,True,0x4a5907024898DA4eE2BA57e89D767C6406ebD232,INSURER,644,FNOL,4,READ,
w37,2025-12-19T14:43:05.294956Z,13.234,200,True,0x94aC64f763ca7BcC8957cb2CBAfF108a9d91ADc1,POLICE,370,IMAGE,2,READ,
w93,2025-12-19T14:43:05.295071Z,13.212,200,True,0x9faB46D850015a996dAa8c1858e4cA1262E31bE2,INSURER,285,IMAGE,2,READ,
w94,2025-12-19T14:43:05.295180Z,13.196,200,True,0x3dc584940370d31418aBbfB6F809C055E9bBC98f,COURT,407,IMAGE,2,READ,
w38,2025-12-19T14:43:05.295285Z,13.188,200,True,0x06D4bAEDddd3B73284654b61bec9CF7C3D667E84,ADJUSTER,12,VIDEO,2,READ,
w95,2025-12-19T14:43:05.295387Z,13.233,200,True,0x834FebF68f8d4290AF73435F29e38943Dd993eca,POLICE,100,VIDEO,2,READ,
w39,2025-12-19T14:43:05.295486Z,13.247,403,False,0x68c8c090a608c0B78636f50F6950137E9BBbEA97,GARAGE,139,VIDEO,2,READ,
w96,2025-12-19T14:43:05.295585Z,13.254,200,True,0x29Ab7D36C4d714Ab42079831182cFeA1dF363Eae,COURT,160,VIDEO,2,READ,
w40,2025-12-19T14:43:05.295684Z,13.263,200,True,0xCC454a974c35BAE19d6A6dE745A05E46885e2304,INSURER,626,MEDICAL_REPORT,5,READ,
w97,2025-12-19T14:43:05.295784Z,13.270,200,True,0xe2a2B0b479b477f22BDd40fF8137AC17F6e34B2e,GARAGE,353,IMAGE,2,READ,
w41,2025-12-19T14:43:05.295886Z,13.273,200,True,0x1D3a19aAC334311E82F8439171A040835c8049F7,REGULATOR,2,VIDEO,2,READ,
w1,2025-12-19T14:43:05.296009Z,13.263,200,True,0xe84288AfCCFcafd9a8AB74D8F555C5448a911Eb5,INSURER,354,IMAGE,2,READ,
w42,2025-12-19T14:43:05.296115Z,13.268,200,True,0x07e862A62f1C2E59d2B46Cb02c0B6469F0F2Ce6C,ADJUSTER,926,OTHER,1,READ,
w98,2025-12-19T14:43:05.296215Z,13.278,200,True,0x39f6D3043406601E6c6B8f786B46298Be5738EC8,INSURER,123,VIDEO,2,READ,
w99,2025-12-19T14:43:05.296309Z,13.289,403,False,0x3015CaAdD111E6bb308586Fb390005C8F75848A7,POLICE,718,TELEMATICS,3,READ,
w43,2025-12-19T14:43:05.296401Z,13.301,200,True,0xb113F22B749C4efc290Eb311C18c72DF29481dAE,ADJUSTER,293,IMAGE,2,READ,
w44,2025-12-19T14:43:05.296493Z,13.316,200,True,0xAd5c25cf76e4C8A2ee7b38179b90ec0379Aee5d3,INSURER,599,FNOL,4,READ,
w0,2025-12-19T14:43:05.296590Z,13.324,403,False,0x28de4877801Eb83FF8f280a15cC0c360f89295ED,GARAGE,895,OTHER,1,READ,
w45,2025-12-19T14:43:05.296691Z,13.325,200,True,0x501d27511202E1C0343B6ee79241254B3C3d4378,INSURER,429,IMAGE,2,READ,
w3,2025-12-19T14:43:05.296791Z,13.328,403,False,0x852cB9f303D330bff5722A21d48c0c4303bda309,POLICE,649,FNOL,4,READ,
w46,2025-12-19T14:43:05.296894Z,13.325,403,False,0xFE9CaBBAac086eBE0edE14f99E312c84Ed89B85b,GARAGE,511,FNOL,4,READ,
w47,2025-12-19T14:43:05.297008Z,13.312,403,False,0x71f923CB5F826712E139D152d18028dE817Bae65,GARAGE,89,VIDEO,2,READ,
w48,2025-12-19T14:43:05.297113Z,13.314,200,True,0x31A860cfF3A3D2B972B9EE41a34653e31b6143DD,ADJUSTER,114,VIDEO,2,READ,
w49,2025-12-19T14:43:05.297215Z,13.325,200,True,0x5cB8e3e86426cca28B81a1F506b0c918fa230526,INSURER,983,OTHER,1,READ,
w50,2025-12-19T14:43:05.297313Z,13.340,200,True,0xE5dd563f92431eDFA8d444f0f1999a2858b95A81,INSURER,361,IMAGE,2,READ,
w51,2025-12-19T14:43:05.297412Z,13.347,200,True,0x0Dc1cFEE2758F0e2688803c8098E11241014f8BB,INSURER,667,MEDICAL_REPORT,5,READ,
w52,2025-12-19T14:43:05.297511Z,13.353,200,True,0x4b325498d9Ec08b7e1eb3C52CE9a554ea24D3737,INSURER,228,VIDEO,2,READ,
w53,2025-12-19T14:43:05.297605Z,13.366,403,False,0x24a8D6d1D04D0d1D3e1c665a8Bd2f2B50Cb7097F,GARAGE,39,VIDEO,2,READ,
w54,2025-12-19T14:43:05.297698Z,13.379,403,False,0x1f45920F4b49aD1E6d3d6542163Da1Fc12B8F399,POLICE,717,TELEMATICS,3,READ,
w55,2025-12-19T14:43:05.297816Z,13.368,403,False,0x1F118D13DD44a163CF0Cfe93a2339019D5089D5c,ADJUSTER,691,MEDICAL_REPORT,5,READ,
w56,2025-12-19T14:43:05.297931Z,13.355,200,True,0xE8bF57455EE3405331D286E17C7bC05cAD0bFB1C,POLICE,426,IMAGE,2,READ,
w57,2025-12-19T14:43:05.298040Z,13.347,200,True,0xf7E1883f933104b142c40E92e6624179359b44C2,INSURER,220,VIDEO,2,READ,
w58,2025-12-19T14:43:05.298144Z,13.345,403,False,0x1f45920F4b49aD1E6d3d6542163Da1Fc12B8F399,POLICE,588,FNOL,4,READ,
w4,2025-12-19T14:43:05.298246Z,13.348,200,True,0x7d050D9da028bFC0eFF937489B90834dEFC533f3,INSURER,304,IMAGE,2,READ,
w59,2025-12-19T14:43:05.298365Z,13.337,403,False,0x9dC8E21f76Ed8e9828c40E7E03428bEF6aF69A84,GARAGE,764,TELEMATICS,3,READ,
w5,2025-12-19T14:43:05.298462Z,13.352,200,True,0x522720c7F4efE7A2D43976187610Dc8c55F17207,POLICE,147,VIDEO,2,READ,
w60,2025-12-19T14:43:05.298567Z,13.355,200,True,0x67F4F8CE04FD59Bf243930A77adCf14537A0B5D2,ADJUSTER,402,IMAGE,2,READ,
w6,2025-12-19T14:43:05.298675Z,13.358,403,False,0xD655a56fEE3b3b955dDD12746620A181f93F16e6,POLICE,844,TELEMATICS,3,READ,
w61,2025-12-19T14:43:05.298780Z,13.360,200,True,0xCe0598bC3ba15cA3db71063563179eCf0D7c35A7,ADJUSTER,657,FNOL,4,READ,
w7,2025-12-19T14:43:05.298885Z,13.368,200,True,0x47200E7159B7646892C3cC84C60818bcD2B38A22,ADJUSTER,948,OTHER,1,READ,
w62,2025-12-19T14:43:05.298987Z,13.373,403,False,0x16C605c8536B3AC44524Ebd88bF81CE652b1E990,POLICE,906,OTHER,1,READ,
w8,2025-12-19T14:43:05.299104Z,13.362,200,True,0xc227AdED69aA39F067e0190b0EA4BB94BE51cb90,INSURER,830,TELEMATICS,3,READ,
w63,2025-12-19T14:43:05.299210Z,13.369,403,False,0x522720c7F4efE7A2D43976187610Dc8c55F17207,POLICE,876,OTHER,1,READ,
w9,2025-12-19T14:43:05.299312Z,13.404,200,True,0x71f923CB5F826712E139D152d18028dE817Bae65,GARAGE,355,IMAGE,2,READ,
w64,2025-12-19T14:43:05.299417Z,13.411,200,True,0xDB6a12DbE55181c3f880bD63570EA3f3AC91e63A,ADJUSTER,20,VIDEO,2,READ,
w10,2025-12-19T14:43:05.299520Z,13.410,200,True,0x3dc584940370d31418aBbfB6F809C055E9bBC98f,COURT,183,VIDEO,2,READ,
w65,2025-12-19T14:43:05.299622Z,13.411,200,True,0xf1E534De0C06d61147F8A18Fd769352969fDCF3B,INSURER,198,VIDEO,2,READ,
w11,2025-12-19T14:43:05.299733Z,13.396,200,True,0x71f923CB5F826712E139D152d18028dE817Bae65,GARAGE,353,IMAGE,2,READ,
w66,2025-12-19T14:43:05.299838Z,13.391,200,True,0x3dc584940370d31418aBbfB6F809C055E9bBC98f,COURT,156,VIDEO,2,READ,
w12,2025-12-19T14:43:05.299942Z,13.383,200,True,0x1370507A4d90d4951D78E9186DFEbFFbD0102eb0,INSURER,51,VIDEO,2,READ,
w67,2025-12-19T14:43:05.300048Z,13.370,403,False,0x24a62efdAe4d80281BAc758e86a4E386905c720C,GARAGE,47,VIDEO,2,READ,
w13,2025-12-19T14:43:05.300166Z,13.355,200,True,0x4a5907024898DA4eE2BA57e89D767C6406ebD232,INSURER,261,IMAGE,2,READ,
w68,2025-12-19T14:43:05.300336Z,13.290,200,True,0x4D2e324068BA02Eb613f39F882B7ED435DaAe089,INSURER,806,TELEMATICS,3,READ,
w14,2025-12-19T14:43:05.300465Z,13.269,200,True,0x9D27B273CA2f10A2b874e5280Aa7A5081BdC694C,INSURER,43,VIDEO,2,READ,
w69,2025-12-19T14:43:05.300571Z,13.263,200,True,0xf3f97A6811D6ad4d52078Dca9bAe96C8d8136764,ADJUSTER,386,IMAGE,2,READ,
w15,2025-12-19T14:43:05.300673Z,13.264,200,True,0x417E040C3F0A2094fa86aE1A22D89f21ad5f2c91,INSURER,52,VIDEO,2,READ,
w70,2025-12-19T14:43:05.300768Z,13.274,200,True,0x5B9Fe195263932C148aB2997922dda28a64aD5A9,INSURER,410,IMAGE,2,READ,
w16,2025-12-19T14:43:05.300859Z,13.281,200,True,0x0b5E323fB184f11d5882ca0773Ff29b91c76b407,ADJUSTER,376,IMAGE,2,READ,
w71,2025-12-19T14:43:05.300950Z,13.290,200,True,0xa162d20e1Ea3efe0C78A65109e3411462afd3b28,INSURER,354,IMAGE,2,READ,
w17,2025-12-19T14:43:05.301066Z,13.280,200,True,0x4706C804bB8f3Eb133529A02e3F3F48fc38Bd2F9,ADJUSTER,62,VIDEO,2,READ,
w72,2025-12-19T14:43:05.301788Z,13.259,200,True,0xf3f97A6811D6ad4d52078Dca9bAe96C8d8136764,ADJUSTER,143,VIDEO,2,READ,
w18,2025-12-19T14:43:05.301939Z,13.265,200,True,0x45027EB686032B693Ea79a63545D177B238bc218,INSURER,615,FNOL,4,READ,
w73,2025-12-19T14:43:05.302065Z,13.269,200,True,0x4daf1A3296865E86D251A8ACacd2A4d94afB79F4,POLICE,245,VIDEO,2,READ,
w19,2025-12-19T14:43:05.302183Z,13.270,200,True,0x6d633edcb7CD9413cd0509faebAE113ec0EC2FBc,INSURER,240,VIDEO,2,READ,
w74,2025-12-19T14:43:05.302297Z,13.267,200,True,0xD81101A371257d1229a21CEAed60dD23BBb1a2B1,ADJUSTER,759,TELEMATICS,3,READ,
w20,2025-12-19T14:43:05.302399Z,13.272,200,True,0x1F118D13DD44a163CF0Cfe93a2339019D5089D5c,ADJUSTER,520,FNOL,4,READ,
w75,2025-12-19T14:43:05.302499Z,13.283,200,True,0xdbCa1F43d1B1fE30218A3870f8CE54eA068b9546,COURT,442,IMAGE,2,READ,
w76,2025-12-19T14:43:05.302602Z,13.285,200,True,0x67F4F8CE04FD59Bf243930A77adCf14537A0B5D2,ADJUSTER,293,IMAGE,2,READ,
w77,2025-12-19T14:43:05.302711Z,13.281,200,True,0xbDC02CAdBc892839484c2D2A7933028B4Cb9DBcE,INSURER,806,TELEMATICS,3,READ,
w21,2025-12-19T14:43:05.302817Z,13.283,200,True,0x094A1Ff3795B2267aEA059A54C374B2CdB84D45e,COURT,287,IMAGE,2,READ,
w78,2025-12-19T14:43:05.302916Z,13.286,200,True,0x5ACFAa5B3cF34961Fe72993cF32654Dff1eBc4ea,INSURER,173,VIDEO,2,READ,
w22,2025-12-19T14:43:05.303024Z,13.279,200,True,0xA07Ab60Dc6F87DcAbEA86aDb690fFf1e30BB14A6,COURT,385,IMAGE,2,READ,
w79,2025-12-19T14:43:05.303124Z,13.279,200,True,0x94aC64f763ca7BcC8957cb2CBAfF108a9d91ADc1,POLICE,60,VIDEO,2,READ,
w23,2025-12-19T14:43:05.303218Z,13.286,403,False,0x9a076822Eb2A5Aff3AfdAC8DF2620AD153dC4035,POLICE,938,OTHER,1,READ,
w80,2025-12-19T14:43:05.303313Z,13.302,403,False,0x20f5B667b21b5fC5b82Fa52c25088446F4026127,POLICE,581,MEDICAL_REPORT,5,READ,
w24,2025-12-19T14:43:05.303525Z,13.191,200,True,0x2E2C6b303dF5Eb5E67C04610fDF33084A6d7408B,ADJUSTER,146,VIDEO,2,READ,
w81,2025-12-19T14:43:05.303843Z,12.977,200,True,0x96C5458aF74559b7eB9C1768f6F30BD40251e25e,INSURER,96,VIDEO,2,READ,
w25,2025-12-19T14:43:05.304088Z,12.837,200,True,0xECB4fA8D986702c344aB4Aacfa51CfeD104110bA,ADJUSTER,868,OTHER,1,READ,
w82,2025-12-19T14:43:05.305562Z,12.455,403,False,0x87731f9AB64CbE25f915Bd81646C15853b0A47F6,POLICE,805,TELEMATICS,3,READ,
w26,2025-12-19T14:43:05.305752Z,12.419,200,True,0x1e237843BDabB13CAAF8C9B59868118a067a706f,INSURER,503,FNOL,4,READ,
w83,2025-12-19T14:43:05.305898Z,12.402,200,True,0x67F4F8CE04FD59Bf243930A77adCf14537A0B5D2,ADJUSTER,214,VIDEO,2,READ,
w27,2025-12-19T14:43:05.306022Z,12.394,200,True,0x445B0132f3e4B43546EdbBb0604997A1c2605CDf,INSURER,114,VIDEO,2,READ,
w84,2025-12-19T14:43:05.306132Z,12.389,200,True,0x5Adf6dA1124Cb04f8e27b4b197b6521C42AD0641,INSURER,8,VIDEO,2,READ,
w28,2025-12-19T14:43:05.306250Z,12.383,200,True,0x3EBAE31cB2be64Fe5734160d81AF569256974D47,POLICE,459,IMAGE,2,READ,
w85,2025-12-19T14:43:05.306356Z,12.378,200,True,0x6C9757f257381323C7E688e7935C2755df2DdaF3,INSURER,336,IMAGE,2,READ,
w29,2025-12-19T14:43:05.306483Z,12.361,200,True,0xA9da87e421E9bF79a8e80EaD31e737D98aa626eE,INSURER,154,VIDEO,2,READ,
w86,2025-12-19T14:43:05.306599Z,12.349,200,True,0xf750FcD6205F9864ed98080D7e52Ec69D94CAf22,INSURER,134,VIDEO,2,READ,
w30,2025-12-19T14:43:05.306714Z,12.338,200,True,0xD2e4187ae13875E61F4ADeB0bc309Fda9E672655,INSURER,631,MEDICAL_REPORT,5,READ,
w87,2025-12-19T14:43:05.306825Z,12.327,200,True,0xFbB08379ae5b6acFA48Fdee5E2Be6af84a90DcFb,COURT,818,TELEMATICS,3,READ,
w31,2025-12-19T14:43:05.306937Z,12.313,200,True,0xc3c51312907D83df323e05D7E254352175252368,COURT,134,VIDEO,2,READ,
w88,2025-12-19T14:43:05.307044Z,12.371,200,True,0x8B87C429526Ce971509028A2d05b54c02704CDb3,INSURER,734,TELEMATICS,3,READ,
w32,2025-12-19T14:43:05.307152Z,12.426,200,True,0x547633aa452093F2f87ad6cF6Af95cf459e17be5,ADJUSTER,42,VIDEO,2,READ,
w89,2025-12-19T14:43:05.307275Z,12.456,200,True,0x32a71350b8324e903BA5674B6456e07Bd472AA8f,GARAGE,490,IMAGE,2,READ,
w33,2025-12-19T14:43:05.307375Z,12.477,200,True,0x50BbaB837D91CF9f3d77c66d83c40d4b389AB0B1,INSURER,42,VIDEO,2,READ,
w90,2025-12-19T14:43:05.307473Z,12.488,200,True,0x96C5458aF74559b7eB9C1768f6F30BD40251e25e,INSURER,776,TELEMATICS,3,READ,
w34,2025-12-19T14:43:05.307569Z,12.682,200,True,0x8d04Ed80530786073721Ae9c38cD46D45dd71756,INSURER,253,IMAGE,2,READ,
w91,2025-12-19T14:43:05.307678Z,12.805,200,True,0xD162EE2e18AC5c1AdC8152fd82CeDcE024c00f75,POLICE,392,IMAGE,2,READ,
w35,2025-12-19T14:43:05.307780Z,12.938,200,True,0x9D65961198142f8eE2223b06687b0C16ED30B78E,POLICE,342,IMAGE,2,READ,
w92,2025-12-19T14:43:05.307902Z,13.009,403,False,0xdadC347Cbfd9bcB5e0E6bd20fA005df38d4fdFa0,ADJUSTER,593,MEDICAL_REPORT,5,READ,
w36,2025-12-19T14:43:05.308004Z,13.061,403,False,0x852cB9f303D330bff5722A21d48c0c4303bda309,POLICE,724,TELEMATICS,3,READ,
w2,2025-12-19T14:43:05.308099Z,13.096,200,True,0xF173F4d5ADdf0E7a16e318fFd5937Dfb27583015,INSURER,864,OTHER,1,READ,
w37,2025-12-19T14:43:05.308194Z,13.121,200,True,0xdC2E4E6D348448D3722b528D8c9272eD5C020F55,POLICE,146,VIDEO,2,READ,
w93,2025-12-19T14:43:05.308287Z,13.137,200,True,0x9faB46D850015a996dAa8c1858e4cA1262E31bE2,INSURER,658,MEDICAL_REPORT,5,READ,
w94,2025-12-19T14:43:05.308380Z,13.158,200,True,0x4706C804bB8f3Eb133529A02e3F3F48fc38Bd2F9,ADJUSTER,71,VIDEO,2,READ,
w38,2025-12-19T14:43:05.308477Z,13.174,200,True,0xc3c51312907D83df323e05D7E254352175252368,COURT,535,FNOL,4,READ,
w95,2025-12-19T14:43:05.308624Z,13.256,200,True,0x5B9Fe195263932C148aB2997922dda28a64aD5A9,INSURER,553,MEDICAL_REPORT,5,READ,
w39,2025-12-19T14:43:05.308737Z,13.333,200,True,0xd0eD43b7e3956873eD7AB8414636734c48656D80,ADJUSTER,375,IMAGE,2,READ,
w96,2025-12-19T14:43:05.308843Z,13.569,200,True,0xfc909f67c3BA8552cdb1B0bA216742E485d43BA1,ADJUSTER,231,VIDEO,2,READ,
w40,2025-12-19T14:43:05.308951Z,13.616,200,True,0x8Dd8Ebe34924EFE25Fc2D7A18d687C6e9a775529,REGULATOR,709,TELEMATICS,3,READ,
w97,2025-12-19T14:43:05.309059Z,13.638,200,True,0x8419AD6d02e583D482E66F544e7fCc8a4078cE52,INSURER,757,TELEMATICS,3,READ,
w41,2025-12-19T14:43:05.309163Z,13.807,200,True,0xB4C59915aF17bAB024Db05F0230B8Ee1aF00388d,COURT,841,TELEMATICS,3,READ,
w1,2025-12-19T14:43:05.309277Z,13.829,200,True,0x7f9fe1a6ad85DEBFdFB998d4E7Ddb5cb2fD1bd63,INSURER,460,IMAGE,2,READ,
w42,2025-12-19T14:43:05.309387Z,13.844,200,True,0x7f9fe1a6ad85DEBFdFB998d4E7Ddb5cb2fD1bd63,INSURER,495,IMAGE,2,READ,
w98,2025-12-19T14:43:05.309496Z,13.857,200,True,0x6f5CC3De03FD8Ff029C145d99B3A9D30D2c0A71D,INSURER,792,TELEMATICS,3,READ,
w99,2025-12-19T14:43:05.309601Z,13.864,200,True,0xfc909f67c3BA8552cdb1B0bA216742E485d43BA1,ADJUSTER,99,VIDEO,2,READ,
w43,2025-12-19T14:43:05.309705Z,13.868,403,False,0x92416914cF3F47944a8e5CCBA5d619b68b615D33,POLICE,667,MEDICAL_REPORT,5,READ,
w44,2025-12-19T14:43:05.309812Z,13.882,200,True,0x8419AD6d02e583D482E66F544e7fCc8a4078cE52,INSURER,925,OTHER,1,READ,
w0,2025-12-19T14:43:05.309918Z,13.907,200,True,0x501d27511202E1C0343B6ee79241254B3C3d4378,INSURER,410,IMAGE,2,READ,
w45,2025-12-19T14:43:05.310020Z,13.921,200,True,0x47200E7159B7646892C3cC84C60818bcD2B38A22,ADJUSTER,433,IMAGE,2,READ,
w3,2025-12-19T14:43:05.310122Z,13.855,200,True,0x7034d06498b2196468b6eD861eda7B5D1cb5594c,REGULATOR,365,IMAGE,2,READ,
w46,2025-12-19T14:43:05.310224Z,13.782,403,False,0xF9A0ebFF6934d204B4E2240E8c635586556a6bBf,POLICE,799,TELEMATICS,3,READ,
w47,2025-12-19T14:43:05.310324Z,13.708,200,True,0x499B440236db366c87f8267Bd804228e12Df64A4,ADJUSTER,878,OTHER,1,READ,
w48,2025-12-19T14:43:05.310431Z,13.626,200,True,0xcbA3c1E62e024046934d519a26b637Dd0dfD1b3c,REGULATOR,374,IMAGE,2,READ,
w49,2025-12-19T14:43:05.310546Z,13.539,200,True,0x63799B99d43E4dB6Eb46BF3fEeBcb88c347351c0,COURT,872,OTHER,1,READ,
w50,2025-12-19T14:43:05.310657Z,13.453,200,True,0x766C26A7aD924449Bec43A8A34DEF94ddE4249e8,COURT,136,VIDEO,2,READ,
w51,2025-12-19T14:43:05.310762Z,13.373,200,True,0x6C9757f257381323C7E688e7935C2755df2DdaF3,INSURER,551,MEDICAL_REPORT,5,READ,
w52,2025-12-19T14:43:05.310869Z,13.290,200,True,0x4D2e324068BA02Eb613f39F882B7ED435DaAe089,INSURER,899,OTHER,1,READ,
w53,2025-12-19T14:43:05.310975Z,13.208,403,False,0x1f45920F4b49aD1E6d3d6542163Da1Fc12B8F399,POLICE,871,OTHER,1,READ,
w54,2025-12-19T14:43:05.311082Z,13.126,403,False,0x68c8c090a608c0B78636f50F6950137E9BBbEA97,GARAGE,636,FNOL,4,READ,
w55,2025-12-19T14:43:05.311188Z,13.043,200,True,0x17a3649Ac7847fC2048db0ceD97945aA7dCEdC8a,INSURER,760,TELEMATICS,3,READ,
w56,2025-12-19T14:43:05.311290Z,12.964,200,True,0x3C54f0201259B5BB5Dd5dBCD0Ccf8A9522BB30FD,INSURER,544,FNOL,4,READ,
w57,2025-12-19T14:43:05.311392Z,12.887,200,True,0x6C9757f257381323C7E688e7935C2755df2DdaF3,INSURER,717,TELEMATICS,3,READ,
w58,2025-12-19T14:43:05.311493Z,12.809,200,True,0x9fFdEc67F092978A065F3956A4C0D0887253f6B4,GARAGE,354,IMAGE,2,READ,
w4,2025-12-19T14:43:05.311599Z,12.727,200,True,0x1734cC5117Ca09e57A599f0E72469FEad0d749F9,REGULATOR,173,VIDEO,2,READ,
w59,2025-12-19T14:43:05.311707Z,12.644,200,True,0x07991919AA37C0FdbeD66174B280e6da9FE695d7,ADJUSTER,43,VIDEO,2,READ,
w5,2025-12-19T14:43:05.311819Z,12.563,200,True,0x0b5E323fB184f11d5882ca0773Ff29b91c76b407,ADJUSTER,74,VIDEO,2,READ,
w60,2025-12-19T14:43:05.311925Z,12.486,200,True,0xaF805972401628544EBe993aC94305E19571431b,INSURER,703,TELEMATICS,3,READ,
w6,2025-12-19T14:43:05.312037Z,12.399,200,True,0x8Dd8Ebe34924EFE25Fc2D7A18d687C6e9a775529,REGULATOR,407,IMAGE,2,READ,
w61,2025-12-19T14:43:05.312145Z,12.316,200,True,0xf750FcD6205F9864ed98080D7e52Ec69D94CAf22,INSURER,703,TELEMATICS,3,READ,
w7,2025-12-19T14:43:05.312257Z,12.226,200,True,0x6f5CC3De03FD8Ff029C145d99B3A9D30D2c0A71D,INSURER,198,VIDEO,2,READ,
w62,2025-12-19T14:43:05.312364Z,12.143,200,True,0xD91E6fbf8C6C9F06DA14fCEc6BB1f34719Cb6AfF,INSURER,317,IMAGE,2,READ,
w8,2025-12-19T14:43:05.312470Z,12.061,200,True,0xe2a2B0b479b477f22BDd40fF8137AC17F6e34B2e,GARAGE,275,IMAGE,2,READ,
w63,2025-12-19T14:43:05.312583Z,11.972,403,False,0xe2a2B0b479b477f22BDd40fF8137AC17F6e34B2e,GARAGE,239,VIDEO,2,READ,
w9,2025-12-19T14:43:05.312720Z,11.862,200,True,0xc6fd3ebdCCe1922C2aAF225B6Ae37C875b175082,ADJUSTER,411,IMAGE,2,READ,
w64,2025-12-19T14:43:05.312833Z,11.775,200,True,0x986fDE3291033E80049183d4eAac7752F29166cC,INSURER,785,TELEMATICS,3,READ,
w10,2025-12-19T14:43:05.312934Z,11.696,200,True,0xf7E1883f933104b142c40E92e6624179359b44C2,INSURER,732,TELEMATICS,3,READ,
w65,2025-12-19T14:43:05.313036Z,11.616,200,True,0x59F93F27b669bD4e2a076c77c1134dc9Bd550AFA,INSURER,919,OTHER,1,READ,
w11,2025-12-19T14:43:05.313132Z,11.547,200,True,0xb8Cb388cDb00044EeC03d7b0D63f1FafF89B668F,INSURER,229,VIDEO,2,READ,
w66,2025-12-19T14:43:05.313232Z,11.470,200,True,0xA9da87e421E9bF79a8e80EaD31e737D98aa626eE,INSURER,101,VIDEO,2,READ,
w12,2025-12-19T14:43:05.313328Z,11.396,403,False,0x793235ebf79944f08742d0Cd92ca6D24B4327d8E,POLICE,864,OTHER,1,READ,
w67,2025-12-19T14:43:05.313422Z,11.326,200,True,0xB681a7921F6B4dE01c32e0986627275Edcd5e568,INSURER,451,IMAGE,2,READ,
w13,2025-12-19T14:43:05.313525Z,11.244,403,False,0xFE9CaBBAac086eBE0edE14f99E312c84Ed89B85b,GARAGE,802,TELEMATICS,3,READ,
w68,2025-12-19T14:43:05.313629Z,11.162,200,True,0x4b325498d9Ec08b7e1eb3C52CE9a554ea24D3737,INSURER,369,IMAGE,2,READ,
w14,2025-12-19T14:43:05.313738Z,11.075,200,True,0x4DCDFfA1280ad4A435512Ee5dDaF8a9D4e9509E3,GARAGE,425,IMAGE,2,READ,
w69,2025-12-19T14:43:05.313838Z,10.997,200,True,0x711d7620b4C341A6A91E38D0c75783C80FfEdcED,COURT,739,TELEMATICS,3,READ,
w15,2025-12-19T14:43:05.313941Z,10.918,200,True,0xceebe3C41b74d2c472F28A01C7CC44d6aAcA498F,INSURER,35,VIDEO,2,READ,
w70,2025-12-19T14:43:05.314045Z,10.838,200,True,0x23d961Bbd1C6082e8A752192D3D652cd833EFf20,COURT,154,VIDEO,2,READ,
w16,2025-12-19T14:43:05.314143Z,10.762,200,True,0x6C083CdC9F152E5a82DB28241FBea8958a62a549,COURT,805,TELEMATICS,3,READ,
w71,2025-12-19T14:43:05.314243Z,10.684,200,True,0x9D65961198142f8eE2223b06687b0C16ED30B78E,POLICE,109,VIDEO,2,READ,
w17,2025-12-19T14:43:05.314350Z,10.599,200,True,0xcbA3c1E62e024046934d519a26b637Dd0dfD1b3c,REGULATOR,894,OTHER,1,READ,
w72,2025-12-19T14:43:05.315053Z,10.373,403,False,0x547633aa452093F2f87ad6cF6Af95cf459e17be5,ADJUSTER,689,MEDICAL_REPORT,5,READ,
w18,2025-12-19T14:43:05.315210Z,10.247,200,True,0xf750FcD6205F9864ed98080D7e52Ec69D94CAf22,INSURER,215,VIDEO,2,READ,
w73,2025-12-19T14:43:05.315340Z,10.141,200,True,0xA18C8C6aE69cB5aabAA3EfDdF1c38c4dE58494CA,INSURER,956,OTHER,1,READ,
w19,2025-12-19T14:43:05.315458Z,10.046,200,True,0x31A860cfF3A3D2B972B9EE41a34653e31b6143DD,ADJUSTER,54,VIDEO,2,READ,
w74,2025-12-19T14:43:05.315569Z,9.957,200,True,0x816E9ccDC1bbbd5f73D84dF5652A4B63F92DE291,INSURER,545,FNOL,4,READ,
w20,2025-12-19T14:43:05.315676Z,9.872,200,True,0x1e237843BDabB13CAAF8C9B59868118a067a706f,INSURER,405,IMAGE,2,READ,
w75,2025-12-19T14:43:05.315786Z,9.784,200,True,0x1734cC5117Ca09e57A599f0E72469FEad0d749F9,REGULATOR,278,IMAGE,2,READ,
w76,2025-12-19T14:43:05.315891Z,9.705,200,True,0xD46554Edf6329a0a8caae2A79EB7098A7a24Ba81,INSURER,379,IMAGE,2,READ,
w77,2025-12-19T14:43:05.315997Z,9.622,200,True,0xf750FcD6205F9864ed98080D7e52Ec69D94CAf22,INSURER,495,IMAGE,2,READ,
w21,2025-12-19T14:43:05.316104Z,9.537,200,True,0x4706C804bB8f3Eb133529A02e3F3F48fc38Bd2F9,ADJUSTER,899,OTHER,1,READ,
w78,2025-12-19T14:43:05.316205Z,9.455,200,True,0x4531E352d63619A871806b0f4b4509c5Ac923135,GARAGE,466,IMAGE,2,READ,
w22,2025-12-19T14:43:05.316306Z,9.375,200,True,0xc3c51312907D83df323e05D7E254352175252368,COURT,419,IMAGE,2,READ,
w79,2025-12-19T14:43:05.316407Z,9.295,200,True,0x1d1694bc32c0223F44b4aC0956BE792a5996Cb79,INSURER,984,OTHER,1,READ,
w23,2025-12-19T14:43:05.316508Z,9.213,200,True,0x6C083CdC9F152E5a82DB28241FBea8958a62a549,COURT,819,TELEMATICS,3,READ,
w80,2025-12-19T14:43:05.316619Z,9.124,403,False,0xdadC347Cbfd9bcB5e0E6bd20fA005df38d4fdFa0,ADJUSTER,568,MEDICAL_REPORT,5,READ,
w24,2025-12-19T14:43:05.316720Z,9.046,200,True,0x8B87C429526Ce971509028A2d05b54c02704CDb3,INSURER,984,OTHER,1,READ,
w81,2025-12-19T14:43:05.316825Z,8.963,200,True,0x6C9757f257381323C7E688e7935C2755df2DdaF3,INSURER,143,VIDEO,2,READ,
w25,2025-12-19T14:43:05.316929Z,8.884,200,True,0xD2e4187ae13875E61F4ADeB0bc309Fda9E672655,INSURER,78,VIDEO,2,READ,
w82,2025-12-19T14:43:05.318026Z,8.279,200,True,0x11aaC79A517D8afa3a7DB9b5B2E4a2592284C7AE,INSURER,416,IMAGE,2,READ,
w26,2025-12-19T14:43:05.318177Z,8.156,200,True,0x522720c7F4efE7A2D43976187610Dc8c55F17207,POLICE,81,VIDEO,2,READ,
w83,2025-12-19T14:43:05.318305Z,8.052,200,True,0x7775fD4aD4669C7F6F26aCBf7CC07d9dA5f959C8,POLICE,191,VIDEO,2,READ,
w27,2025-12-19T14:43:05.318420Z,7.967,200,True,0x39f6D3043406601E6c6B8f786B46298Be5738EC8,INSURER,927,OTHER,1,READ,
w84,2025-12-19T14:43:05.318525Z,7.888,200,True,0xc6fd3ebdCCe1922C2aAF225B6Ae37C875b175082,ADJUSTER,374,IMAGE,2,READ,
w28,2025-12-19T14:43:05.318637Z,7.798,200,True,0x8d04Ed80530786073721Ae9c38cD46D45dd71756,INSURER,72,VIDEO,2,READ,
w85,2025-12-19T14:43:05.318738Z,7.718,200,True,0x8C0A9562bA06c26cD697012F2C311Ab93431CB08,INSURER,874,OTHER,1,READ,
w29,2025-12-19T14:43:05.318848Z,7.630,200,True,0x8419AD6d02e583D482E66F544e7fCc8a4078cE52,INSURER,402,IMAGE,2,READ,
w86,2025-12-19T14:43:05.318952Z,7.548,200,True,0x59F93F27b669bD4e2a076c77c1134dc9Bd550AFA,INSURER,789,TELEMATICS,3,READ,
w30,2025-12-19T14:43:05.319056Z,7.467,403,False,0xe2a2B0b479b477f22BDd40fF8137AC17F6e34B2e,GARAGE,824,TELEMATICS,3,READ,
w87,2025-12-19T14:43:05.319155Z,7.389,200,True,0xaf157e8fD0B47Ee2C692436E45dB871E2c1F3e83,INSURER,354,IMAGE,2,READ,
w31,2025-12-19T14:43:05.319253Z,7.312,200,True,0x94aC64f763ca7BcC8957cb2CBAfF108a9d91ADc1,POLICE,260,IMAGE,2,READ,
w88,2025-12-19T14:43:05.319422Z,7.165,200,True,0xF2c90E8ED7e59FCFb44ff6056Cf906449175c417,REGULATOR,106,VIDEO,2,READ,
w32,2025-12-19T14:43:05.319583Z,7.026,403,False,0x834FebF68f8d4290AF73435F29e38943Dd993eca,POLICE,907,OTHER,1,READ,
w89,2025-12-19T14:43:05.319735Z,6.894,200,True,0x0b5E323fB184f11d5882ca0773Ff29b91c76b407,ADJUSTER,262,IMAGE,2,READ,
w33,2025-12-19T14:43:05.319856Z,6.794,200,True,0x8B87C429526Ce971509028A2d05b54c02704CDb3,INSURER,474,IMAGE,2,READ,
w90,2025-12-19T14:43:05.319965Z,6.706,200,True,0xE8bF57455EE3405331D286E17C7bC05cAD0bFB1C,POLICE,279,IMAGE,2,READ,
w34,2025-12-19T14:43:05.320260Z,6.432,403,False,0x9dC8E21f76Ed8e9828c40E7E03428bEF6aF69A84,GARAGE,587,MEDICAL_REPORT,5,READ,
w91,2025-12-19T14:43:05.320490Z,6.222,200,True,0xf3f97A6811D6ad4d52078Dca9bAe96C8d8136764,ADJUSTER,748,TELEMATICS,3,READ,
w35,2025-12-19T14:43:05.320726Z,6.006,403,False,0x3015CaAdD111E6bb308586Fb390005C8F75848A7,POLICE,671,FNOL,4,READ,
w92,2025-12-19T14:43:05.320917Z,5.836,200,True,0x66f104f30efDef6bbcf31F1d23B3c5a5Cf67C05A,INSURER,973,OTHER,1,READ,
w36,2025-12-19T14:43:05.321070Z,5.702,200,True,0x5Adf6dA1124Cb04f8e27b4b197b6521C42AD0641,INSURER,855,OTHER,1,READ,
w2,2025-12-19T14:43:05.321200Z,5.592,403,False,0xF9A0ebFF6934d204B4E2240E8c635586556a6bBf,POLICE,816,TELEMATICS,3,READ,
w37,2025-12-19T14:43:05.321319Z,5.495,200,True,0x7775fD4aD4669C7F6F26aCBf7CC07d9dA5f959C8,POLICE,335,IMAGE,2,READ,
w93,2025-12-19T14:43:05.321428Z,5.406,403,False,0x992Eaf53E29aF2be6bCDB7c2013cC167E3D529F8,GARAGE,578,FNOL,4,READ,
w94,2025-12-19T14:43:05.321543Z,5.314,200,True,0x168EC3290512E1AcbB8201aeD946f3BA1Ed1effc,INSURER,663,MEDICAL_REPORT,5,READ,
w38,2025-12-19T14:43:05.321655Z,5.221,200,True,0x17a3649Ac7847fC2048db0ceD97945aA7dCEdC8a,INSURER,770,TELEMATICS,3,READ,
w95,2025-12-19T14:43:05.321887Z,5.009,200,True,0xD91E6fbf8C6C9F06DA14fCEc6BB1f34719Cb6AfF,INSURER,773,TELEMATICS,3,READ,
w39,2025-12-19T14:43:05.322078Z,4.837,200,True,0xf750FcD6205F9864ed98080D7e52Ec69D94CAf22,INSURER,813,TELEMATICS,3,READ,
w96,2025-12-19T14:43:05.322418Z,4.520,200,True,0x4706C804bB8f3Eb133529A02e3F3F48fc38Bd2F9,ADJUSTER,344,IMAGE,2,READ,
w40,2025-12-19T14:43:05.322572Z,4.386,200,True,0x50BbaB837D91CF9f3d77c66d83c40d4b389AB0B1,INSURER,549,FNOL,4,READ,
w97,2025-12-19T14:43:05.322703Z,4.274,403,False,0xA88F90716eDCDc5BFa0993c4c7FA41f629e44d8c,GARAGE,868,OTHER,1,READ,
w41,2025-12-19T14:43:05.322975Z,4.022,200,True,0x9d26A04fcCe87Fd42687C4eCBA27F01DB5b333E9,REGULATOR,451,IMAGE,2,READ,
w1,2025-12-19T14:43:05.323112Z,3.905,403,False,0xD162EE2e18AC5c1AdC8152fd82CeDcE024c00f75,POLICE,800,TELEMATICS,3,READ,
w42,2025-12-19T14:43:05.323235Z,3.801,200,True,0x986fDE3291033E80049183d4eAac7752F29166cC,INSURER,355,IMAGE,2,READ,
w98,2025-12-19T14:43:05.323359Z,3.697,200,True,0x29Ab7D36C4d714Ab42079831182cFeA1dF363Eae,COURT,448,IMAGE,2,READ,
w99,2025-12-19T14:43:05.323470Z,3.607,200,True,0xcbA3c1E62e024046934d519a26b637Dd0dfD1b3c,REGULATOR,536,FNOL,4,READ,
w43,2025-12-19T14:43:05.323578Z,3.518,200,True,0xe2B8d1C6c9c24880899f9658aB855CaA7c476FA1,POLICE,389,IMAGE,2,READ,
w44,2025-12-19T14:43:05.323700Z,3.419,200,True,0x7f9fe1a6ad85DEBFdFB998d4E7Ddb5cb2fD1bd63,INSURER,592,MEDICAL_REPORT,5,READ,
w0,2025-12-19T14:43:05.323830Z,3.313,200,True,0xdbCa1F43d1B1fE30218A3870f8CE54eA068b9546,COURT,532,FNOL,4,READ,
