worker,start_time_iso,latency_ms,status,allowed,subject_address,subject_role,resource_id,resource_type,resource_sensitivity,action,error
w1,2025-12-19T14:43:04.334291Z,8.042,200,True,0xA18C8C6aE69cB5aabAA3EfDdF1c38c4dE58494CA,INSURER,140,VIDEO,2,READ,
w5,2025-12-19T14:43:04.334537Z,8.083,200,True,0xf1E534De0C06d61147F8A18Fd769352969fDCF3B,INSURER,792,TELEMATICS,3,READ,
w3,2025-12-19T14:43:04.334458Z,8.492,200,True,0xa162d20e1Ea3efe0C78A65109e3411462afd3b28,INSURER,273,IMAGE,2,READ,
w9,2025-12-19T14:43:04.334838Z,8.327,200,True,0xa162d20e1Ea3efe0C78A65109e3411462afd3b28,INSURER,359,IMAGE,2,READ,
w6,2025-12-19T14:43:04.334571Z,8.926,200,True,0xe68d19e611fc7Cd8D9184Dbf3034203A5B0ba7E9,INSURER,775,TELEMATICS,3,READ,
w2,2025-12-19T14:43:04.334404Z,9.351,200,True,0x8Dd8Ebe34924EFE25Fc2D7A18d687C6e9a775529,REGULATOR,182,VIDEO,2,READ,
w7,2025-12-19T14:43:04.334752Z,9.207,200,True,0xdadC347Cbfd9bcB5e0E6bd20fA005df38d4fdFa0,ADJUSTER,279,IMAGE,2,READ,
w4,2025-12-19T14:43:04.334498Z,9.663,200,True,0x9D27B273CA2f10A2b874e5280Aa7A5081BdC694C,INSURER,309,IMAGE,2,READ,
w8,2025-12-19T14:43:04.334800Z,9.643,200,True,0x2E2C6b303dF5Eb5E67C04610fDF33084A6d7408B,ADJUSTER,703,TELEMATICS,3,READ,
w0,2025-12-19T14:43:04.332247Z,12.351,403,False,0x8e698D53B82C116210BD73e1cA88584086b03795,POLICE,998,OTHER,1,READ,
w1,2025-12-19T14:43:04.342353Z,2.374,403,False,0x9a076822Eb2A5Aff3AfdAC8DF2620AD153dC4035,POLICE,554,FNOL,4,READ,
w5,2025-12-19T14:43:04.342631Z,2.217,200,True,0x5B9Fe195263932C148aB2997922dda28a64aD5A9,INSURER,5,VIDEO,2,READ,
w3,2025-12-19T14:43:04.342959Z,2.109,200,True,0xb0276419CD1DA3AF0406c1b6D9D2302B8CDAc670,POLICE,133,VIDEO,2,READ,
w9,2025-12-19T14:43:04.343172Z,2.017,200,True,0xf750FcD6205F9864ed98080D7e52Ec69D94CAf22,INSURER,433,IMAGE,2,READ,
w6,2025-12-19T14:43:04.343506Z,1.791,200,True,0x7F58e30B33E800fAD1041651365A29CfB660aC57,INSURER,993,OTHER,1,READ,
w2,2025-12-19T14:43:04.343763Z,1.633,200,True,0x4a5907024898DA4eE2BA57e89D767C6406ebD232,INSURER,982,OTHER,1,READ,
w7,2025-12-19T14:43:04.343967Z,1.525,200,True,0x547633aa452093F2f87ad6cF6Af95cf459e17be5,ADJUSTER,205,VIDEO,2,READ,
w4,2025-12-19T14:43:04.344169Z,1.532,403,False,0x68c8c090a608c0B78636f50F6950137E9BBbEA97,GARAGE,666,FNOL,4,READ,
w8,2025-12-19T14:43:04.344450Z,1.368,200,True,0xD574Ba4eCc12ca8b6BF7d7ed27E8896b66251f36,INSURER,76,VIDEO,2,READ,
w0,2025-12-19T14:43:04.344603Z,1.322,200,True,0xE4B15B33FdBE23647b0F6070414150D566e1F62f,INSURER,360,IMAGE,2,READ,
w1,2025-12-19T14:43:04.344732Z,1.296,403,False,0x793235ebf79944f08742d0Cd92ca6D24B4327d8E,POLICE,850,TELEMATICS,3,READ,
w5,2025-12-19T14:43:04.344852Z,1.286,200,True,0x8d0151c4F2bF27afD2201C7C4fE56A90B0DA58Fe,INSURER,666,FNOL,4,READ,
w3,2025-12-19T14:43:04.345072Z,1.302,200,True,0xD574Ba4eCc12ca8b6BF7d7ed27E8896b66251f36,INSURER,419,IMAGE,2,READ,
w9,2025-12-19T14:43:04.345194Z,1.308,200,True,0x4706C804bB8f3Eb133529A02e3F3F48fc38Bd2F9,ADJUSTER,751,TELEMATICS,3,READ,
w6,2025-12-19T14:43:04.345301Z,1.306,200,True,0xF9A0ebFF6934d204B4E2240E8c635586556a6bBf,POLICE,164,VIDEO,2,READ,
w2,2025-12-19T14:43:04.345400Z,1.304,200,True,0x6C9757f257381323C7E688e7935C2755df2DdaF3,INSURER,610,FNOL,4,READ,
w7,2025-12-19T14:43:04.345497Z,1.301,200,True,0xD89D70fF36c803e47f1df2Ffaab469107117214F,ADJUSTER,451,IMAGE,2,READ,
w4,2025-12-19T14:43:04.345706Z,1.253,200,True,0xaf157e8fD0B47Ee2C692436E45dB871E2c1F3e83,INSURER,758,TELEMATICS,3,READ,
w8,2025-12-19T14:43:04.345822Z,1.291,200,True,0x1c2b0E2F66517144Cf34cdF840b04E60E4FC213C,INSURER,470,IMAGE,2,READ,
w0,2025-12-19T14:43:04.345929Z,1.317,200,True,0x03E8540790383Dc711c7029C4a4727A3D6F85Ee6,INSURER,392,IMAGE,2,READ,
w1,2025-12-19T14:43:04.346033Z,1.441,403,False,0x0f3329Ff55b9471d57D644d34b6c7227aeD65b2D,ADJUSTER,691,MEDICAL_REPORT,5,READ,
w5,2025-12-19T14:43:04.346143Z,1.449,200,True,0x9Cc1e0F54e3D09Bf83b9f43222Ef44e11F170ff5,INSURER,384,IMAGE,2,READ,
w3,2025-12-19T14:43:04.346379Z,1.317,200,True,0x9D65961198142f8eE2223b06687b0C16ED30B78E,POLICE,158,VIDEO,2,READ,
w9,2025-12-19T14:43:04.346507Z,1.290,200,True,0x711d7620b4C341A6A91E38D0c75783C80FfEdcED,COURT,36,VIDEO,2,READ,
w6,2025-12-19T14:43:04.346612Z,1.288,200,True,0x90F928F43C9c4066afF2a1E64E1063ECE320A9E3,INSURER,664,MEDICAL_REPORT,5,READ,
w2,2025-12-19T14:43:04.346709Z,1.291,200,True,0x4706C804bB8f3Eb133529A02e3F3F48fc38Bd2F9,ADJUSTER,651,FNOL,4,READ,
w7,2025-12-19T14:43:04.346802Z,1.300,403,False,0x9D65961198142f8eE2223b06687b0C16ED30B78E,POLICE,797,TELEMATICS,3,READ,
w4,2025-12-19T14:43:04.346964Z,1.330,200,True,0x29Ab7D36C4d714Ab42079831182cFeA1dF363Eae,COURT,114,VIDEO,2,READ,
w8,2025-12-19T14:43:04.347120Z,1.297,200,True,0x18D398FEffFf1114bdb4B9558a6905E521C001A3,ADJUSTER,293,IMAGE,2,READ,
w0,2025-12-19T14:43:04.347250Z,1.274,200,True,0x9Cc1e0F54e3D09Bf83b9f43222Ef44e11F170ff5,INSURER,480,IMAGE,2,READ,
w1,2025-12-19T14:43:04.347479Z,1.255,200,True,0xCC454a974c35BAE19d6A6dE745A05E46885e2304,INSURER,9,VIDEO,2,READ,
w5,2025-12-19T14:43:04.347596Z,1.246,200,True,0xd3ad26904604cf4A6e4Ef026c902c9f70562F892,INSURER,885,OTHER,1,READ,
w3,2025-12-19T14:43:04.347701Z,1.238,200,True,0xe2B8d1C6c9c24880899f9658aB855CaA7c476FA1,POLICE,422,IMAGE,2,READ,
w9,2025-12-19T14:43:04.347800Z,1.234,200,True,0xdF8A225C5B1E14558757B029B89e2F233515a798,ADJUSTER,396,IMAGE,2,READ,
w6,2025-12-19T14:43:04.347904Z,1.229,403,False,0x992Eaf53E29aF2be6bCDB7c2013cC167E3D529F8,GARAGE,729,TELEMATICS,3,READ,
w2,2025-12-19T14:43:04.348003Z,1.230,200,True,0x2E2C6b303dF5Eb5E67C04610fDF33084A6d7408B,ADJUSTER,744,TELEMATICS,3,READ,
w7,2025-12-19T14:43:04.348105Z,1.222,200,True,0xf3f97A6811D6ad4d52078Dca9bAe96C8d8136764,ADJUSTER,890,OTHER,1,READ,
w4,2025-12-19T14:43:04.348298Z,1.206,200,True,0x3dc584940370d31418aBbfB6F809C055E9bBC98f,COURT,666,FNOL,4,READ,
w8,2025-12-19T14:43:04.348421Z,1.202,200,True,0x8CbB8dd324B837e6BD98E13e0c21fa636120Ca56,REGULATOR,545,FNOL,4,READ,
w0,2025-12-19T14:43:04.348528Z,1.208,200,True,0xCC454a974c35BAE19d6A6dE745A05E46885e2304,INSURER,116,VIDEO,2,READ,
w1,2025-12-19T14:43:04.348739Z,1.200,200,True,0x8e698D53B82C116210BD73e1cA88584086b03795,POLICE,444,IMAGE,2,READ,
w5,2025-12-19T14:43:04.348846Z,1.203,200,True,0xc6fd3ebdCCe1922C2aAF225B6Ae37C875b175082,ADJUSTER,495,IMAGE,2,READ,
w3,2025-12-19T14:43:04.348943Z,1.210,200,True,0x0Dc1cFEE2758F0e2688803c8098E11241014f8BB,INSURER,313,IMAGE,2,READ,
w9,2025-12-19T14:43:04.349039Z,1.217,403,False,0x4daf1A3296865E86D251A8ACacd2A4d94afB79F4,POLICE,826,TELEMATICS,3,READ,
w6,2025-12-19T14:43:04.349137Z,1.212,403,False,0xdFCd3364f36CdB72072987Ba9e3a6197F2807c1A,GARAGE,709,TELEMATICS,3,READ,
w2,2025-12-19T14:43:04.349237Z,1.204,200,True,0x00a777ADb6935EdBdF8a8529125d1fbd93EdBA56,INSURER,379,IMAGE,2,READ,
w7,2025-12-19T14:43:04.349331Z,1.291,200,True,0xFE9CaBBAac086eBE0edE14f99E312c84Ed89B85b,GARAGE,305,IMAGE,2,READ,
w4,2025-12-19T14:43:04.349509Z,1.230,200,True,0x59F93F27b669bD4e2a076c77c1134dc9Bd550AFA,INSURER,487,IMAGE,2,READ,
w8,2025-12-19T14:43:04.349628Z,1.216,200,True,0xf7E1883f933104b142c40E92e6624179359b44C2,INSURER,601,MEDICAL_REPORT,5,READ,
w0,2025-12-19T14:43:04.349740Z,1.201,200,True,0x5ACFAa5B3cF34961Fe72993cF32654Dff1eBc4ea,INSURER,654,MEDICAL_REPORT,5,READ,
w1,2025-12-19T14:43:04.349943Z,1.184,200,True,0x3dc584940370d31418aBbfB6F809C055E9bBC98f,COURT,375,IMAGE,2,READ,
w5,2025-12-19T14:43:04.350052Z,1.177,200,True,0xE4B15B33FdBE23647b0F6070414150D566e1F62f,INSURER,324,IMAGE,2,READ,
w3,2025-12-19T14:43:04.350159Z,1.165,200,True,0xD46554Edf6329a0a8caae2A79EB7098A7a24Ba81,INSURER,224,VIDEO,2,READ,
w9,2025-12-19T14:43:04.350260Z,1.160,403,False,0x32a71350b8324e903BA5674B6456e07Bd472AA8f,GARAGE,502,FNOL,4,READ,
w6,2025-12-19T14:43:04.350353Z,1.159,200,True,0xf306C99564607882567c83a33f4e5EEEb8bF050e,ADJUSTER,646,FNOL,4,READ,
w2,2025-12-19T14:43:04.350446Z,1.167,200,True,0x80eD6824a5F2334A090fCfbEB1450356BDc84d63,ADJUSTER,534,FNOL,4,READ,
w7,2025-12-19T14:43:04.350627Z,1.266,200,True,0x5cB8e3e86426cca28B81a1F506b0c918fa230526,INSURER,485,IMAGE,2,READ,
w4,2025-12-19T14:43:04.350742Z,1.313,200,True,0x9d26A04fcCe87Fd42687C4eCBA27F01DB5b333E9,REGULATOR,999,OTHER,1,READ,
w8,2025-12-19T14:43:04.350847Z,1.343,200,True,0xb0276419CD1DA3AF0406c1b6D9D2302B8CDAc670,POLICE,116,VIDEO,2,READ,
w0,2025-12-19T14:43:04.350944Z,1.354,200,True,0x39f310D9c7221cAEF10d101bFB16Ecc0DF2654F9,INSURER,662,FNOL,4,READ,
w1,2025-12-19T14:43:04.351131Z,1.371,200,True,0x11aaC79A517D8afa3a7DB9b5B2E4a2592284C7AE,INSURER,527,FNOL,4,READ,
w5,2025-12-19T14:43:04.351233Z,1.379,403,False,0x5cB4D76a86dbEF4FF02fA640c90deeaf5b309acD,GARAGE,771,TELEMATICS,3,READ,
w3,2025-12-19T14:43:04.351328Z,1.384,200,True,0x40B970b53BFF9D4A11Fe90cD35998f21368a2830,POLICE,247,VIDEO,2,READ,
w9,2025-12-19T14:43:04.351424Z,1.382,200,True,0x711d7620b4C341A6A91E38D0c75783C80FfEdcED,COURT,412,IMAGE,2,READ,
w6,2025-12-19T14:43:04.351516Z,1.391,200,True,0xf3f97A6811D6ad4d52078Dca9bAe96C8d8136764,ADJUSTER,730,TELEMATICS,3,READ,
w2,2025-12-19T14:43:04.351616Z,1.482,200,True,0x39f310D9c7221cAEF10d101bFB16Ecc0DF2654F9,INSURER,862,OTHER,1,READ,
w7,2025-12-19T14:43:04.351898Z,1.306,200,True,0x4a5907024898DA4eE2BA57e89D767C6406ebD232,INSURER,380,IMAGE,2,READ,
w4,2025-12-19T14:43:04.352062Z,1.531,200,True,0x4b325498d9Ec08b7e1eb3C52CE9a554ea24D3737,INSURER,260,IMAGE,2,READ,
w8,2025-12-19T14:43:04.352194Z,1.586,200,True,0x29Ab7D36C4d714Ab42079831182cFeA1dF363Eae,COURT,444,IMAGE,2,READ,
w0,2025-12-19T14:43:04.352302Z,1.683,200,True,0xf750FcD6205F9864ed98080D7e52Ec69D94CAf22,INSURER,417,IMAGE,2,READ,
w1,2025-12-19T14:43:04.352506Z,1.838,200,True,0xCe0598bC3ba15cA3db71063563179eCf0D7c35A7,ADJUSTER,341,IMAGE,2,READ,
w5,2025-12-19T14:43:04.352615Z,1.886,200,True,0x065803C5af851Dda212c2b93EabB66A8eE0Adb34,INSURER,784,TELEMATICS,3,READ,
w3,2025-12-19T14:43:04.352715Z,1.916,200,True,0x34BBE78F5E8eF7F758481402618b9CA85b1a3CF7,ADJUSTER,934,OTHER,1,READ,
w9,2025-12-19T14:43:04.352810Z,1.938,200,True,0xc227AdED69aA39F067e0190b0EA4BB94BE51cb90,INSURER,676,FNOL,4,READ,
w6,2025-12-19T14:43:04.352911Z,1.940,200,True,0x499B440236db366c87f8267Bd804228e12Df64A4,ADJUSTER,744,TELEMATICS,3,READ,
w2,2025-12-19T14:43:04.353101Z,1.944,200,True,0x536e3B0833a6eBb933f385c0b0De10423705f7a1,COURT,312,IMAGE,2,READ,
w7,2025-12-19T14:43:04.353209Z,1.956,200,True,0x417E040C3F0A2094fa86aE1A22D89f21ad5f2c91,INSURER,282,IMAGE,2,READ,
w4,2025-12-19T14:43:04.353599Z,1.666,200,True,0x4b325498d9Ec08b7e1eb3C52CE9a554ea24D3737,INSURER,756,TELEMATICS,3,READ,
w8,2025-12-19T14:43:04.353785Z,1.653,200,True,0x1D3a19aAC334311E82F8439171A040835c8049F7,REGULATOR,164,VIDEO,2,READ,
w0,2025-12-19T14:43:04.353992Z,1.581,200,True,0x499B440236db366c87f8267Bd804228e12Df64A4,ADJUSTER,479,IMAGE,2,READ,
w1,2025-12-19T14:43:04.354351Z,1.350,200,True,0x1f45920F4b49aD1E6d3d6542163Da1Fc12B8F399,POLICE,288,IMAGE,2,READ,
w5,2025-12-19T14:43:04.354506Z,1.298,200,True,0x3CeB0Aa9CCc9c0A29a814fBD5c1aD23dca52aeb6,ADJUSTER,429,IMAGE,2,READ,
w3,2025-12-19T14:43:04.354636Z,1.384,200,True,0xECB4fA8D986702c344aB4Aacfa51CfeD104110bA,ADJUSTER,549,FNOL,4,READ,
w9,2025-12-19T14:43:04.354752Z,1.422,200,True,0xAd5c25cf76e4C8A2ee7b38179b90ec0379Aee5d3,INSURER,937,OTHER,1,READ,
w6,2025-12-19T14:43:04.354856Z,1.426,200,True,0x0f3329Ff55b9471d57D644d34b6c7227aeD65b2D,ADJUSTER,854,OTHER,1,READ,
w2,2025-12-19T14:43:04.355052Z,1.327,403,False,0x1f45920F4b49aD1E6d3d6542163Da1Fc12B8F399,POLICE,611,FNOL,4,READ,
w7,2025-12-19T14:43:04.355169Z,1.308,200,True,0xf1E534De0C06d61147F8A18Fd769352969fDCF3B,INSURER,806,TELEMATICS,3,READ,
w4,2025-12-19T14:43:04.355270Z,1.386,403,False,0x9dC8E21f76Ed8e9828c40E7E03428bEF6aF69A84,GARAGE,228,VIDEO,2,READ,
w8,2025-12-19T14:43:04.355444Z,1.320,403,False,0x793235ebf79944f08742d0Cd92ca6D24B4327d8E,POLICE,711,TELEMATICS,3,READ,
w0,2025-12-19T14:43:04.355579Z,1.279,200,True,0xc227AdED69aA39F067e0190b0EA4BB94BE51cb90,INSURER,41,VIDEO,2,READ,
w1,2025-12-19T14:43:04.355705Z,1.240,200,True,0xE6eF4f2c9De0532C38589a58Fbde2BBC1C31279B,ADJUSTER,784,TELEMATICS,3,READ,
w5,2025-12-19T14:43:04.355808Z,1.321,403,False,0xca4373A5412dd617d707A9D63Fab5c33bc55890a,POLICE,866,OTHER,1,READ,
w3,2025-12-19T14:43:04.356026Z,1.227,200,True,0xdF8A225C5B1E14558757B029B89e2F233515a798,ADJUSTER,299,IMAGE,2,READ,
w9,2025-12-19T14:43:04.356179Z,1.183,200,True,0xC9d315B25D2f58D8299fD726f1bd40D5b077C4a4,ADJUSTER,334,IMAGE,2,READ,
w6,2025-12-19T14:43:04.356286Z,1.170,200,True,0x63799B99d43E4dB6Eb46BF3fEeBcb88c347351c0,COURT,113,VIDEO,2,READ,
w2,2025-12-19T14:43:04.356383Z,1.166,200,True,0xB4107C66a46663F51503A8d8C779b7E663809462,GARAGE,380,IMAGE,2,READ,
w7,2025-12-19T14:43:04.356480Z,1.169,200,True,0xCe0598bC3ba15cA3db71063563179eCf0D7c35A7,ADJUSTER,685,FNOL,4,READ,
w4,2025-12-19T14:43:04.356661Z,1.161,200,True,0xaF805972401628544EBe993aC94305E19571431b,INSURER,859,OTHER,1,READ,
w8,2025-12-19T14:43:04.356768Z,1.160,200,True,0xD2e4187ae13875E61F4ADeB0bc309Fda9E672655,INSURER,563,FNOL,4,READ,
w0,2025-12-19T14:43:04.356862Z,1.265,200,True,0xceebe3C41b74d2c472F28A01C7CC44d6aAcA498F,INSURER,857,OTHER,1,READ,
w1,2025-12-19T14:43:04.356949Z,1.297,200,True,0xf750FcD6205F9864ed98080D7e52Ec69D94CAf22,INSURER,21,VIDEO,2,READ,
w5,2025-12-19T14:43:04.357135Z,1.224,200,True,0x1cF317F4288CfC3FdA6295dC3Ee1f3e2F8B03592,ADJUSTER,193,VIDEO,2,READ,
w3,2025-12-19T14:43:04.357258Z,1.193,403,False,0x9fFdEc67F092978A065F3956A4C0D0887253f6B4,GARAGE,890,OTHER,1,READ,
w9,2025-12-19T14:43:04.357367Z,1.174,200,True,0x6C9757f257381323C7E688e7935C2755df2DdaF3,INSURER,752,TELEMATICS,3,READ,
w6,2025-12-19T14:43:04.357460Z,1.166,200,True,0x4D2e324068BA02Eb613f39F882B7ED435DaAe089,INSURER,991,OTHER,1,READ,
w2,2025-12-19T14:43:04.357552Z,1.248,200,True,0x67f187dcbDE2Fbf24Ec1508f7AAdF943bcE1f668,INSURER,627,FNOL,4,READ,
w7,2025-12-19T14:43:04.357654Z,1.258,200,True,0xf750FcD6205F9864ed98080D7e52Ec69D94CAf22,INSURER,443,IMAGE,2,READ,
w4,2025-12-19T14:43:04.357827Z,1.189,200,True,0x342E14b11b9f83662a05FF03e2f43C71f9Bf4873,REGULATOR,794,TELEMATICS,3,READ,
w8,2025-12-19T14:43:04.357933Z,1.177,200,True,0x39f6D3043406601E6c6B8f786B46298Be5738EC8,INSURER,545,FNOL,4,READ,
w0,2025-12-19T14:43:04.358131Z,1.163,200,True,0x986fDE3291033E80049183d4eAac7752F29166cC,INSURER,459,IMAGE,2,READ,
w1,2025-12-19T14:43:04.358251Z,1.151,200,True,0xD91E6fbf8C6C9F06DA14fCEc6BB1f34719Cb6AfF,INSURER,959,OTHER,1,READ,
w5,2025-12-19T14:43:04.358362Z,1.133,200,True,0x5Adf6dA1124Cb04f8e27b4b197b6521C42AD0641,INSURER,883,OTHER,1,READ,
w3,2025-12-19T14:43:04.358454Z,1.128,200,True,0x4b325498d9Ec08b7e1eb3C52CE9a554ea24D3737,INSURER,442,IMAGE,2,READ,
w9,2025-12-19T14:43:04.358544Z,1.137,200,True,0x9D65961198142f8eE2223b06687b0C16ED30B78E,POLICE,491,IMAGE,2,READ,
w6,2025-12-19T14:43:04.358630Z,1.239,200,True,0xf3f97A6811D6ad4d52078Dca9bAe96C8d8136764,ADJUSTER,237,VIDEO,2,READ,
w2,2025-12-19T14:43:04.358804Z,1.192,403,False,0x71f923CB5F826712E139D152d18028dE817Bae65,GARAGE,716,TELEMATICS,3,READ,
w7,2025-12-19T14:43:04.358917Z,1.189,200,True,0xD81101A371257d1229a21CEAed60dD23BBb1a2B1,ADJUSTER,164,VIDEO,2,READ,
w4,2025-12-19T14:43:04.359019Z,1.181,403,False,0xe2a2B0b479b477f22BDd40fF8137AC17F6e34B2e,GARAGE,855,OTHER,1,READ,
w8,2025-12-19T14:43:04.359113Z,1.254,200,True,0xe68d19e611fc7Cd8D9184Dbf3034203A5B0ba7E9,INSURER,86,VIDEO,2,READ,
w0,2025-12-19T14:43:04.359299Z,1.173,200,True,0xE5dd563f92431eDFA8d444f0f1999a2858b95A81,INSURER,456,IMAGE,2,READ,
w1,2025-12-19T14:43:04.359406Z,1.157,200,True,0xB681a7921F6B4dE01c32e0986627275Edcd5e568,INSURER,850,TELEMATICS,3,READ,
w5,2025-12-19T14:43:04.359499Z,1.158,200,True,0xe84288AfCCFcafd9a8AB74D8F555C5448a911Eb5,INSURER,310,IMAGE,2,READ,
w3,2025-12-19T14:43:04.359586Z,1.263,200,True,0x9D65961198142f8eE2223b06687b0C16ED30B78E,POLICE,437,IMAGE,2,READ,
w9,2025-12-19T14:43:04.359684Z,1.278,403,False,0x71f923CB5F826712E139D152d18028dE817Bae65,GARAGE,866,OTHER,1,READ,
w6,2025-12-19T14:43:04.359874Z,1.184,200,True,0x29Ab7D36C4d714Ab42079831182cFeA1dF363Eae,COURT,589,FNOL,4,READ,
w2,2025-12-19T14:43:04.360000Z,1.150,200,True,0x499B440236db366c87f8267Bd804228e12Df64A4,ADJUSTER,471,IMAGE,2,READ,
w7,2025-12-19T14:43:04.360110Z,1.216,200,True,0xfc909f67c3BA8552cdb1B0bA216742E485d43BA1,ADJUSTER,352,IMAGE,2,READ,
w4,2025-12-19T14:43:04.360205Z,1.224,200,True,0x4a5907024898DA4eE2BA57e89D767C6406ebD232,INSURER,78,VIDEO,2,READ,
w8,2025-12-19T14:43:04.360373Z,1.161,403,False,0x834FebF68f8d4290AF73435F29e38943Dd993eca,POLICE,672,MEDICAL_REPORT,5,READ,
w0,2025-12-19T14:43:04.360476Z,1.150,200,True,0x00a777ADb6935EdBdF8a8529125d1fbd93EdBA56,INSURER,942,OTHER,1,READ,
w1,2025-12-19T14:43:04.360566Z,1.188,403,False,0x852cB9f303D330bff5722A21d48c0c4303bda309,POLICE,982,OTHER,1,READ,
w5,2025-12-19T14:43:04.360661Z,1.205,200,True,0x0Dc1cFEE2758F0e2688803c8098E11241014f8BB,INSURER,179,VIDEO,2,READ,
w3,2025-12-19T14:43:04.360852Z,1.194,200,True,0xb4F3640241c9285C3384313c7E76CBB3eded034B,INSURER,971,OTHER,1,READ,
w9,2025-12-19T14:43:04.360966Z,1.188,200,True,0x1d1694bc32c0223F44b4aC0956BE792a5996Cb79,INSURER,241,VIDEO,2,READ,
w6,2025-12-19T14:43:04.361062Z,1.183,403,False,0xA88F90716eDCDc5BFa0993c4c7FA41f629e44d8c,GARAGE,718,TELEMATICS,3,READ,
w2,2025-12-19T14:43:04.361153Z,1.278,200,True,0x9D65961198142f8eE2223b06687b0C16ED30B78E,POLICE,164,VIDEO,2,READ,
w7,2025-12-19T14:43:04.361330Z,1.223,200,True,0xdadC347Cbfd9bcB5e0E6bd20fA005df38d4fdFa0,ADJUSTER,124,VIDEO,2,READ,
w4,2025-12-19T14:43:04.361433Z,1.232,200,True,0xE6eF4f2c9De0532C38589a58Fbde2BBC1C31279B,ADJUSTER,299,IMAGE,2,READ,
w8,2025-12-19T14:43:04.361537Z,1.227,403,False,0x852cB9f303D330bff5722A21d48c0c4303bda309,POLICE,896,OTHER,1,READ,
w0,2025-12-19T14:43:04.361630Z,1.274,200,True,0x91229246e94c04361C72A11629D800CfBaC95674,COURT,583,MEDICAL_REPORT,5,READ,
w1,2025-12-19T14:43:04.361759Z,1.294,200,True,0xaf157e8fD0B47Ee2C692436E45dB871E2c1F3e83,INSURER,166,VIDEO,2,READ,
w5,2025-12-19T14:43:04.361871Z,1.455,200,True,0xdadC347Cbfd9bcB5e0E6bd20fA005df38d4fdFa0,ADJUSTER,841,TELEMATICS,3,READ,
w3,2025-12-19T14:43:04.362051Z,1.450,200,True,0x065803C5af851Dda212c2b93EabB66A8eE0Adb34,INSURER,252,IMAGE,2,READ,
w9,2025-12-19T14:43:04.362158Z,1.670,200,True,0x96C5458aF74559b7eB9C1768f6F30BD40251e25e,INSURER,680,MEDICAL_REPORT,5,READ,
w6,2025-12-19T14:43:04.362249Z,1.769,200,True,0x8419AD6d02e583D482E66F544e7fCc8a4078cE52,INSURER,311,IMAGE,2,READ,
w2,2025-12-19T14:43:04.362436Z,1.766,200,True,0x1D3a19aAC334311E82F8439171A040835c8049F7,REGULATOR,45,VIDEO,2,READ,
w7,2025-12-19T14:43:04.362558Z,1.807,200,True,0x6d633edcb7CD9413cd0509faebAE113ec0EC2FBc,INSURER,375,IMAGE,2,READ,
w4,2025-12-19T14:43:04.362669Z,1.860,200,True,0xFbB08379ae5b6acFA48Fdee5E2Be6af84a90DcFb,COURT,399,IMAGE,2,READ,
w8,2025-12-19T14:43:04.362769Z,2.095,200,True,0x7d050D9da028bFC0eFF937489B90834dEFC533f3,INSURER,337,IMAGE,2,READ,
w0,2025-12-19T14:43:04.362909Z,2.124,200,True,0xe84288AfCCFcafd9a8AB74D8F555C5448a911Eb5,INSURER,113,VIDEO,2,READ,
w1,2025-12-19T14:43:04.363059Z,2.100,200,True,0xCe0598bC3ba15cA3db71063563179eCf0D7c35A7,ADJUSTER,799,TELEMATICS,3,READ,
w5,2025-12-19T14:43:04.363337Z,1.930,200,True,0x99a806d3b557c0a8e626Cef888962d06713ad5f6,COURT,625,FNOL,4,READ,
w3,2025-12-19T14:43:04.363506Z,1.860,200,True,0x417E040C3F0A2094fa86aE1A22D89f21ad5f2c91,INSURER,559,MEDICAL_REPORT,5,READ,
w9,2025-12-19T14:43:04.363835Z,1.716,200,True,0x8CbB8dd324B837e6BD98E13e0c21fa636120Ca56,REGULATOR,465,IMAGE,2,READ,
w6,2025-12-19T14:43:04.364024Z,1.659,200,True,0x17a3649Ac7847fC2048db0ceD97945aA7dCEdC8a,INSURER,19,VIDEO,2,READ,
w2,2025-12-19T14:43:04.364207Z,1.590,200,True,0x6d633edcb7CD9413cd0509faebAE113ec0EC2FBc,INSURER,178,VIDEO,2,READ,
w7,2025-12-19T14:43:04.364371Z,1.527,403,False,0x7775fD4aD4669C7F6F26aCBf7CC07d9dA5f959C8,POLICE,569,FNOL,4,READ,
w4,2025-12-19T14:43:04.364536Z,1.558,200,True,0x4a5907024898DA4eE2BA57e89D767C6406ebD232,INSURER,549,FNOL,4,READ,
w8,2025-12-19T14:43:04.364872Z,1.329,200,True,0xB681a7921F6B4dE01c32e0986627275Edcd5e568,INSURER,693,FNOL,4,READ,
w0,2025-12-19T14:43:04.365039Z,1.263,200,True,0x342E14b11b9f83662a05FF03e2f43C71f9Bf4873,REGULATOR,391,IMAGE,2,READ,
w1,2025-12-19T14:43:04.365163Z,1.243,403,False,0x71f923CB5F826712E139D152d18028dE817Bae65,GARAGE,786,TELEMATICS,3,READ,
w5,2025-12-19T14:43:04.365271Z,1.237,200,True,0x1c2b0E2F66517144Cf34cdF840b04E60E4FC213C,INSURER,593,MEDICAL_REPORT,5,READ,
w3,2025-12-19T14:43:04.365369Z,1.330,200,True,0x90F928F43C9c4066afF2a1E64E1063ECE320A9E3,INSURER,323,IMAGE,2,READ,
w9,2025-12-19T14:43:04.365556Z,1.253,200,True,0xA07Ab60Dc6F87DcAbEA86aDb690fFf1e30BB14A6,COURT,172,VIDEO,2,READ,
w6,2025-12-19T14:43:04.365688Z,1.217,403,False,0x24a62efdAe4d80281BAc758e86a4E386905c720C,GARAGE,670,MEDICAL_REPORT,5,READ,
w2,2025-12-19T14:43:04.365801Z,1.201,200,True,0x3C54f0201259B5BB5Dd5dBCD0Ccf8A9522BB30FD,INSURER,243,VIDEO,2,READ,
w7,2025-12-19T14:43:04.365902Z,1.192,200,True,0x0157eAF28226F1508d622a947510555A7D0a565c,INSURER,665,MEDICAL_REPORT,5,READ,
w4,2025-12-19T14:43:04.366098Z,1.188,200,True,0x7d050D9da028bFC0eFF937489B90834dEFC533f3,INSURER,853,OTHER,1,READ,
w8,2025-12-19T14:43:04.366205Z,1.206,200,True,0xA07Ab60Dc6F87DcAbEA86aDb690fFf1e30BB14A6,COURT,751,TELEMATICS,3,READ,
w0,2025-12-19T14:43:04.366306Z,1.213,403,False,0xFE9CaBBAac086eBE0edE14f99E312c84Ed89B85b,GARAGE,796,TELEMATICS,3,READ,
w1,2025-12-19T14:43:04.366410Z,1.209,200,True,0x07991919AA37C0FdbeD66174B280e6da9FE695d7,ADJUSTER,358,IMAGE,2,READ,
w5,2025-12-19T14:43:04.366511Z,1.231,200,True,0xdbCa1F43d1B1fE30218A3870f8CE54eA068b9546,COURT,231,VIDEO,2,READ,
w3,2025-12-19T14:43:04.366705Z,1.223,403,False,0x13574B3384B73DcA7b44aa015680060B3561B666,POLICE,870,OTHER,1,READ,
w9,2025-12-19T14:43:04.366812Z,1.220,403,False,0xFE9CaBBAac086eBE0edE14f99E312c84Ed89B85b,GARAGE,992,OTHER,1,READ,
w6,2025-12-19T14:43:04.366909Z,1.214,200,True,0x5436Ade91ba3a6360A1246339D36223f463dF81a,INSURER,992,OTHER,1,READ,
w2,2025-12-19T14:43:04.367005Z,1.210,200,True,0x24a62efdAe4d80281BAc758e86a4E386905c720C,GARAGE,318,IMAGE,2,READ,
w7,2025-12-19T14:43:04.367098Z,1.218,403,False,0x5cB4D76a86dbEF4FF02fA640c90deeaf5b309acD,GARAGE,975,OTHER,1,READ,
w4,2025-12-19T14:43:04.367290Z,1.221,200,True,0xD91E6fbf8C6C9F06DA14fCEc6BB1f34719Cb6AfF,INSURER,355,IMAGE,2,READ,
w8,2025-12-19T14:43:04.367415Z,1.207,200,True,0x445B0132f3e4B43546EdbBb0604997A1c2605CDf,INSURER,157,VIDEO,2,READ,
w0,2025-12-19T14:43:04.367523Z,1.197,200,True,0xb4F3640241c9285C3384313c7E76CBB3eded034B,INSURER,129,VIDEO,2,READ,
w1,2025-12-19T14:43:04.367623Z,1.192,200,True,0xDB6a12DbE55181c3f880bD63570EA3f3AC91e63A,ADJUSTER,746,TELEMATICS,3,READ,
w5,2025-12-19T14:43:04.367746Z,1.163,200,True,0x34BBE78F5E8eF7F758481402618b9CA85b1a3CF7,ADJUSTER,194,VIDEO,2,READ,
w3,2025-12-19T14:43:04.367933Z,1.159,200,True,0x9faB46D850015a996dAa8c1858e4cA1262E31bE2,INSURER,982,OTHER,1,READ,
w9,2025-12-19T14:43:04.368036Z,1.169,200,True,0x39f310D9c7221cAEF10d101bFB16Ecc0DF2654F9,INSURER,867,OTHER,1,READ,
w6,2025-12-19T14:43:04.368126Z,1.173,200,True,0x96C5458aF74559b7eB9C1768f6F30BD40251e25e,INSURER,497,IMAGE,2,READ,
w2,2025-12-19T14:43:04.368218Z,1.171,200,True,0xD89D70fF36c803e47f1df2Ffaab469107117214F,ADJUSTER,979,OTHER,1,READ,
w7,2025-12-19T14:43:04.368320Z,1.158,200,True,0x5cB4D76a86dbEF4FF02fA640c90deeaf5b309acD,GARAGE,315,IMAGE,2,READ,
w4,2025-12-19T14:43:04.368515Z,1.239,200,True,0x5Adf6dA1124Cb04f8e27b4b197b6521C42AD0641,INSURER,27,VIDEO,2,READ,
w8,2025-12-19T14:43:04.368626Z,1.271,200,True,0x1D3a19aAC334311E82F8439171A040835c8049F7,REGULATOR,360,IMAGE,2,READ,
w0,2025-12-19T14:43:04.368724Z,1.350,403,False,0x9dC8E21f76Ed8e9828c40E7E03428bEF6aF69A84,GARAGE,147,VIDEO,2,READ,
w1,2025-12-19T14:43:04.368819Z,1.605,200,True,0x63799B99d43E4dB6Eb46BF3fEeBcb88c347351c0,COURT,122,VIDEO,2,READ,
w5,2025-12-19T14:43:04.368913Z,1.723,403,False,0x71f923CB5F826712E139D152d18028dE817Bae65,GARAGE,863,OTHER,1,READ,
w3,2025-12-19T14:43:04.369097Z,1.872,200,True,0xE6eF4f2c9De0532C38589a58Fbde2BBC1C31279B,ADJUSTER,138,VIDEO,2,READ,
w9,2025-12-19T14:43:04.369209Z,2.026,403,False,0x852cB9f303D330bff5722A21d48c0c4303bda309,POLICE,829,TELEMATICS,3,READ,
w6,2025-12-19T14:43:04.369303Z,2.101,200,True,0x522720c7F4efE7A2D43976187610Dc8c55F17207,POLICE,86,VIDEO,2,READ,
w2,2025-12-19T14:43:04.369392Z,2.479,200,True,0xc3c51312907D83df323e05D7E254352175252368,COURT,123,VIDEO,2,READ,
w7,2025-12-19T14:43:04.369483Z,2.634,200,True,0x7d050D9da028bFC0eFF937489B90834dEFC533f3,INSURER,597,FNOL,4,READ,
w4,2025-12-19T14:43:04.369760Z,2.502,200,True,0x1d1694bc32c0223F44b4aC0956BE792a5996Cb79,INSURER,518,MEDICAL_REPORT,5,READ,
w8,2025-12-19T14:43:04.369903Z,2.480,200,True,0x592bB49f1f64a954F181cc99489664AeC05bB383,COURT,515,FNOL,4,READ,
w0,2025-12-19T14:43:04.370079Z,2.420,403,False,0x992Eaf53E29aF2be6bCDB7c2013cC167E3D529F8,GARAGE,215,VIDEO,2,READ,
w1,2025-12-19T14:43:04.370434Z,2.298,200,True,0x342E14b11b9f83662a05FF03e2f43C71f9Bf4873,REGULATOR,148,VIDEO,2,READ,
w5,2025-12-19T14:43:04.370642Z,2.220,403,False,0x3015CaAdD111E6bb308586Fb390005C8F75848A7,POLICE,910,OTHER,1,READ,
w3,2025-12-19T14:43:04.370976Z,2.104,200,True,0xD46554Edf6329a0a8caae2A79EB7098A7a24Ba81,INSURER,30,VIDEO,2,READ,
w9,2025-12-19T14:43:04.371243Z,2.110,200,True,0x3CeB0Aa9CCc9c0A29a814fBD5c1aD23dca52aeb6,ADJUSTER,881,OTHER,1,READ,
w6,2025-12-19T14:43:04.371409Z,2.138,200,True,0x9D65961198142f8eE2223b06687b0C16ED30B78E,POLICE,169,VIDEO,2,READ,
w2,2025-12-19T14:43:04.371879Z,1.976,200,True,0xaF805972401628544EBe993aC94305E19571431b,INSURER,208,VIDEO,2,READ,
w7,2025-12-19T14:43:04.372124Z,1.924,403,False,0xD162EE2e18AC5c1AdC8152fd82CeDcE024c00f75,POLICE,913,OTHER,1,READ,
w4,2025-12-19T14:43:04.372267Z,1.962,200,True,0xdadC347Cbfd9bcB5e0E6bd20fA005df38d4fdFa0,ADJUSTER,287,IMAGE,2,READ,
w8,2025-12-19T14:43:04.372388Z,2.164,403,False,0xB4107C66a46663F51503A8d8C779b7E663809462,GARAGE,615,FNOL,4,READ,
w0,2025-12-19T14:43:04.372505Z,2.250,200,True,0x39f6D3043406601E6c6B8f786B46298Be5738EC8,INSURER,290,IMAGE,2,READ,
w1,2025-12-19T14:43:04.372738Z,2.183,200,True,0x4D2e324068BA02Eb613f39F882B7ED435DaAe089,INSURER,265,IMAGE,2,READ,
w5,2025-12-19T14:43:04.372868Z,2.209,200,True,0xf1E534De0C06d61147F8A18Fd769352969fDCF3B,INSURER,874,OTHER,1,READ,
w3,2025-12-19T14:43:04.373089Z,2.137,200,True,0x33a629009de39E5811F7332ed385861ec1A77876,INSURER,894,OTHER,1,READ,
w9,2025-12-19T14:43:04.373360Z,2.025,200,True,0xb0276419CD1DA3AF0406c1b6D9D2302B8CDAc670,POLICE,2,VIDEO,2,READ,
w6,2025-12-19T14:43:04.373555Z,1.982,200,True,0x9d26A04fcCe87Fd42687C4eCBA27F01DB5b333E9,REGULATOR,677,MEDICAL_REPORT,5,READ,
w2,2025-12-19T14:43:04.373863Z,1.944,200,True,0xDB6a12DbE55181c3f880bD63570EA3f3AC91e63A,ADJUSTER,94,VIDEO,2,READ,
w7,2025-12-19T14:43:04.374055Z,1.914,200,True,0xD46554Edf6329a0a8caae2A79EB7098A7a24Ba81,INSURER,761,TELEMATICS,3,READ,
w4,2025-12-19T14:43:04.374237Z,1.886,200,True,0xE8bF57455EE3405331D286E17C7bC05cAD0bFB1C,POLICE,413,IMAGE,2,READ,
w8,2025-12-19T14:43:04.374560Z,1.855,200,True,0x1370507A4d90d4951D78E9186DFEbFFbD0102eb0,INSURER,713,TELEMATICS,3,READ,
w0,2025-12-19T14:43:04.374762Z,1.830,200,True,0x8CbB8dd324B837e6BD98E13e0c21fa636120Ca56,REGULATOR,427,IMAGE,2,READ,
w1,2025-12-19T14:43:04.374927Z,1.832,200,True,0x39f310D9c7221cAEF10d101bFB16Ecc0DF2654F9,INSURER,219,VIDEO,2,READ,
w5,2025-12-19T14:43:04.375083Z,1.827,200,True,0x592bB49f1f64a954F181cc99489664AeC05bB383,COURT,787,TELEMATICS,3,READ,
w3,2025-12-19T14:43:04.375232Z,1.820,200,True,0xE4B15B33FdBE23647b0F6070414150D566e1F62f,INSURER,357,IMAGE,2,READ,
w9,2025-12-19T14:43:04.375391Z,1.810,200,True,0xC9d315B25D2f58D8299fD726f1bd40D5b077C4a4,ADJUSTER,618,FNOL,4,READ,
w6,2025-12-19T14:43:04.375543Z,1.986,403,False,0x40B970b53BFF9D4A11Fe90cD35998f21368a2830,POLICE,903,OTHER,1,READ,
w2,2025-12-19T14:43:04.375813Z,1.890,200,True,0x12A0e24FbEa46bC85bd893CE5E21beFB44f88f15,POLICE,463,IMAGE,2,READ,
w7,2025-12-19T14:43:04.375975Z,1.887,200,True,0x5B9Fe195263932C148aB2997922dda28a64aD5A9,INSURER,356,IMAGE,2,READ,
w4,2025-12-19T14:43:04.376128Z,1.883,200,True,0x92416914cF3F47944a8e5CCBA5d619b68b615D33,POLICE,263,IMAGE,2,READ,
w8,2025-12-19T14:43:04.376422Z,1.894,403,False,0xA88F90716eDCDc5BFa0993c4c7FA41f629e44d8c,GARAGE,760,TELEMATICS,3,READ,
w0,2025-12-19T14:43:04.376599Z,1.901,200,True,0x45027EB686032B693Ea79a63545D177B238bc218,INSURER,752,TELEMATICS,3,READ,
w1,2025-12-19T14:43:04.376766Z,1.915,200,True,0xD89D70fF36c803e47f1df2Ffaab469107117214F,ADJUSTER,872,OTHER,1,READ,
w5,2025-12-19T14:43:04.376916Z,1.934,200,True,0xc227AdED69aA39F067e0190b0EA4BB94BE51cb90,INSURER,262,IMAGE,2,READ,
w3,2025-12-19T14:43:04.377058Z,1.962,200,True,0x92416914cF3F47944a8e5CCBA5d619b68b615D33,POLICE,474,IMAGE,2,READ,
w9,2025-12-19T14:43:04.377207Z,2.012,200,True,0xe68d19e611fc7Cd8D9184Dbf3034203A5B0ba7E9,INSURER,149,VIDEO,2,READ,
w6,2025-12-19T14:43:04.377536Z,2.001,200,True,0xF9EA48F4E0d76E96a3755d17b67fF2F7157C7911,POLICE,388,IMAGE,2,READ,
w2,2025-12-19T14:43:04.377710Z,2.039,200,True,0x71f923CB5F826712E139D152d18028dE817Bae65,GARAGE,283,IMAGE,2,READ,
w7,2025-12-19T14:43:04.377868Z,2.046,200,True,0xe84288AfCCFcafd9a8AB74D8F555C5448a911Eb5,INSURER,261,IMAGE,2,READ,
w4,2025-12-19T14:43:04.378017Z,2.070,200,True,0xB29E5C47C181524AB77DF0E7095d8d832f9Afe6C,ADJUSTER,331,IMAGE,2,READ,
w8,2025-12-19T14:43:04.378323Z,2.017,200,True,0xE4B15B33FdBE23647b0F6070414150D566e1F62f,INSURER,931,OTHER,1,READ,
w0,2025-12-19T14:43:04.378506Z,1.965,200,True,0x1e237843BDabB13CAAF8C9B59868118a067a706f,INSURER,284,IMAGE,2,READ,
w1,2025-12-19T14:43:04.378687Z,1.897,200,True,0x1D3a19aAC334311E82F8439171A040835c8049F7,REGULATOR,459,IMAGE,2,READ,
w5,2025-12-19T14:43:04.378855Z,1.838,200,True,0xceebe3C41b74d2c472F28A01C7CC44d6aAcA498F,INSURER,478,IMAGE,2,READ,
w3,2025-12-19T14:43:04.379027Z,1.769,200,True,0x20f5B667b21b5fC5b82Fa52c25088446F4026127,POLICE,276,IMAGE,2,READ,
w9,2025-12-19T14:43:04.379227Z,1.764,200,True,0x9d26A04fcCe87Fd42687C4eCBA27F01DB5b333E9,REGULATOR,695,FNOL,4,READ,
w6,2025-12-19T14:43:04.379544Z,1.566,200,True,0x094A1Ff3795B2267aEA059A54C374B2CdB84D45e,COURT,107,VIDEO,2,READ,
w2,2025-12-19T14:43:04.379756Z,1.462,200,True,0xb8Cb388cDb00044EeC03d7b0D63f1FafF89B668F,INSURER,558,FNOL,4,READ,
w7,2025-12-19T14:43:04.379922Z,1.396,200,True,0xD91E6fbf8C6C9F06DA14fCEc6BB1f34719Cb6AfF,INSURER,868,OTHER,1,READ,
w4,2025-12-19T14:43:04.380094Z,1.331,403,False,0x793235ebf79944f08742d0Cd92ca6D24B4327d8E,POLICE,929,OTHER,1,READ,
w8,2025-12-19T14:43:04.380346Z,1.286,200,True,0x536e3B0833a6eBb933f385c0b0De10423705f7a1,COURT,863,OTHER,1,READ,
w0,2025-12-19T14:43:04.380477Z,1.263,200,True,0x6d633edcb7CD9413cd0509faebAE113ec0EC2FBc,INSURER,655,MEDICAL_REPORT,5,READ,
w1,2025-12-19T14:43:04.380588Z,1.256,200,True,0x91229246e94c04361C72A11629D800CfBaC95674,COURT,906,OTHER,1,READ,
w5,2025-12-19T14:43:04.380697Z,1.243,200,True,0x8419AD6d02e583D482E66F544e7fCc8a4078cE52,INSURER,406,IMAGE,2,READ,
w3,2025-12-19T14:43:04.380800Z,1.231,200,True,0x592bB49f1f64a954F181cc99489664AeC05bB383,COURT,472,IMAGE,2,READ,
w9,2025-12-19T14:43:04.380995Z,1.213,200,True,0xb03C6C3a6e66a20729a4d4758D907D3A07cB0af5,INSURER,888,OTHER,1,READ,
w6,2025-12-19T14:43:04.381115Z,1.205,403,False,0x24a8D6d1D04D0d1D3e1c665a8Bd2f2B50Cb7097F,GARAGE,112,VIDEO,2,READ,
w2,2025-12-19T14:43:04.381223Z,1.202,200,True,0x9fFdEc67F092978A065F3956A4C0D0887253f6B4,GARAGE,288,IMAGE,2,READ,
w7,2025-12-19T14:43:04.381322Z,1.281,200,True,0xe34b6a9Bc4D2c8Ee70eEd4111Ea531E97DDb4c4E,COURT,666,FNOL,4,READ,
w4,2025-12-19T14:43:04.381430Z,1.288,200,True,0xb0276419CD1DA3AF0406c1b6D9D2302B8CDAc670,POLICE,249,VIDEO,2,READ,
w8,2025-12-19T14:43:04.381636Z,1.196,200,True,0x40B970b53BFF9D4A11Fe90cD35998f21368a2830,POLICE,121,VIDEO,2,READ,
w0,2025-12-19T14:43:04.381745Z,1.190,200,True,0xe68d19e611fc7Cd8D9184Dbf3034203A5B0ba7E9,INSURER,945,OTHER,1,READ,
w1,2025-12-19T14:43:04.381849Z,1.264,200,True,0x12A0e24FbEa46bC85bd893CE5E21beFB44f88f15,POLICE,425,IMAGE,2,READ,
w5,2025-12-19T14:43:04.381945Z,1.277,200,True,0x342E14b11b9f83662a05FF03e2f43C71f9Bf4873,REGULATOR,820,TELEMATICS,3,READ,
w3,2025-12-19T14:43:04.382035Z,1.281,200,True,0xFfF5E088c8b6a5a470a6D48f405892515c41FCa6,ADJUSTER,33,VIDEO,2,READ,
w9,2025-12-19T14:43:04.382213Z,1.204,200,True,0x9D65961198142f8eE2223b06687b0C16ED30B78E,POLICE,205,VIDEO,2,READ,
w6,2025-12-19T14:43:04.382325Z,1.270,200,True,0x5cB4D76a86dbEF4FF02fA640c90deeaf5b309acD,GARAGE,402,IMAGE,2,READ,
w2,2025-12-19T14:43:04.382429Z,1.269,200,True,0x16C605c8536B3AC44524Ebd88bF81CE652b1E990,POLICE,275,IMAGE,2,READ,
w7,2025-12-19T14:43:04.382608Z,1.186,200,True,0x5cB8e3e86426cca28B81a1F506b0c918fa230526,INSURER,428,IMAGE,2,READ,
w4,2025-12-19T14:43:04.382723Z,1.161,200,True,0x9d26A04fcCe87Fd42687C4eCBA27F01DB5b333E9,REGULATOR,959,OTHER,1,READ,
w8,2025-12-19T14:43:04.382840Z,1.214,200,True,0x8e18b3Dc00a5886aeb63bE8dFcd734BAda06Bf8a,REGULATOR,804,TELEMATICS,3,READ,
w0,2025-12-19T14:43:04.382940Z,1.241,200,True,0x065803C5af851Dda212c2b93EabB66A8eE0Adb34,INSURER,359,IMAGE,2,READ,
w1,2025-12-19T14:43:04.383116Z,1.169,200,True,0x06D4bAEDddd3B73284654b61bec9CF7C3D667E84,ADJUSTER,402,IMAGE,2,READ,
w5,2025-12-19T14:43:04.383226Z,1.153,200,True,0x8C0A9562bA06c26cD697012F2C311Ab93431CB08,INSURER,457,IMAGE,2,READ,
w3,2025-12-19T14:43:04.383319Z,1.250,200,True,0x7d050D9da028bFC0eFF937489B90834dEFC533f3,INSURER,116,VIDEO,2,READ,
w9,2025-12-19T14:43:04.383426Z,1.274,200,True,0x6f5CC3De03FD8Ff029C145d99B3A9D30D2c0A71D,INSURER,810,TELEMATICS,3,READ,
w6,2025-12-19T14:43:04.383600Z,1.196,200,True,0xa162d20e1Ea3efe0C78A65109e3411462afd3b28,INSURER,832,TELEMATICS,3,READ,
w2,2025-12-19T14:43:04.383702Z,1.191,200,True,0x0Dc1cFEE2758F0e2688803c8098E11241014f8BB,INSURER,942,OTHER,1,READ,
w7,2025-12-19T14:43:04.383798Z,1.187,200,True,0x501d27511202E1C0343B6ee79241254B3C3d4378,INSURER,746,TELEMATICS,3,READ,
w4,2025-12-19T14:43:04.383887Z,1.270,200,True,0x5436Ade91ba3a6360A1246339D36223f463dF81a,INSURER,435,IMAGE,2,READ,
w8,2025-12-19T14:43:04.384059Z,1.219,200,True,0x8e18b3Dc00a5886aeb63bE8dFcd734BAda06Bf8a,REGULATOR,256,IMAGE,2,READ,
w0,2025-12-19T14:43:04.384185Z,1.208,200,True,0xD81101A371257d1229a21CEAed60dD23BBb1a2B1,ADJUSTER,232,VIDEO,2,READ,
w1,2025-12-19T14:43:04.384290Z,1.204,200,True,0x0b5E323fB184f11d5882ca0773Ff29b91c76b407,ADJUSTER,215,VIDEO,2,READ,
w5,2025-12-19T14:43:04.384382Z,1.310,200,True,0x342E14b11b9f83662a05FF03e2f43C71f9Bf4873,REGULATOR,112,VIDEO,2,READ,
w3,2025-12-19T14:43:04.384574Z,1.234,200,True,0xB681a7921F6B4dE01c32e0986627275Edcd5e568,INSURER,935,OTHER,1,READ,
w9,2025-12-19T14:43:04.384703Z,1.204,200,True,0x8C0A9562bA06c26cD697012F2C311Ab93431CB08,INSURER,192,VIDEO,2,READ,
w6,2025-12-19T14:43:04.384799Z,1.211,200,True,0x1370507A4d90d4951D78E9186DFEbFFbD0102eb0,INSURER,45,VIDEO,2,READ,
w2,2025-12-19T14:43:04.384897Z,1.207,200,True,0x7f9fe1a6ad85DEBFdFB998d4E7Ddb5cb2fD1bd63,INSURER,389,IMAGE,2,READ,
w7,2025-12-19T14:43:04.384988Z,1.281,200,True,0xe84288AfCCFcafd9a8AB74D8F555C5448a911Eb5,INSURER,902,OTHER,1,READ,
w4,2025-12-19T14:43:04.385161Z,1.204,200,True,0x40B970b53BFF9D4A11Fe90cD35998f21368a2830,POLICE,30,VIDEO,2,READ,
w8,2025-12-19T14:43:04.385284Z,1.174,200,True,0xF173F4d5ADdf0E7a16e318fFd5937Dfb27583015,INSURER,697,MEDICAL_REPORT,5,READ,
w0,2025-12-19T14:43:04.385397Z,1.232,403,False,0x9fFdEc67F092978A065F3956A4C0D0887253f6B4,GARAGE,834,TELEMATICS,3,READ,
w1,2025-12-19T14:43:04.385498Z,1.274,200,True,0xF173F4d5ADdf0E7a16e318fFd5937Dfb27583015,INSURER,844,TELEMATICS,3,READ,
w5,2025-12-19T14:43:04.385698Z,1.368,200,True,0x852cB9f303D330bff5722A21d48c0c4303bda309,POLICE,142,VIDEO,2,READ,
w3,2025-12-19T14:43:04.385812Z,1.427,200,True,0x342E14b11b9f83662a05FF03e2f43C71f9Bf4873,REGULATOR,82,VIDEO,2,READ,
w9,2025-12-19T14:43:04.385912Z,1.458,200,True,0x2E2C6b303dF5Eb5E67C04610fDF33084A6d7408B,ADJUSTER,80,VIDEO,2,READ,
w6,2025-12-19T14:43:04.386015Z,1.583,200,True,0x501d27511202E1C0343B6ee79241254B3C3d4378,INSURER,841,TELEMATICS,3,READ,
w2,2025-12-19T14:43:04.386108Z,1.644,200,True,0xA9da87e421E9bF79a8e80EaD31e737D98aa626eE,INSURER,380,IMAGE,2,READ,
w7,2025-12-19T14:43:04.386273Z,1.626,200,True,0xF173F4d5ADdf0E7a16e318fFd5937Dfb27583015,INSURER,897,OTHER,1,READ,
w4,2025-12-19T14:43:04.386369Z,1.658,200,True,0x8d04Ed80530786073721Ae9c38cD46D45dd71756,INSURER,797,TELEMATICS,3,READ,
w8,2025-12-19T14:43:04.386461Z,1.826,200,True,0x0f3329Ff55b9471d57D644d34b6c7227aeD65b2D,ADJUSTER,951,OTHER,1,READ,
w0,2025-12-19T14:43:04.386634Z,1.816,200,True,0x5cB8e3e86426cca28B81a1F506b0c918fa230526,INSURER,767,TELEMATICS,3,READ,
w1,2025-12-19T14:43:04.386777Z,1.797,200,True,0x536e3B0833a6eBb933f385c0b0De10423705f7a1,COURT,136,VIDEO,2,READ,
w5,2025-12-19T14:43:04.387071Z,1.612,200,True,0x8e18b3Dc00a5886aeb63bE8dFcd734BAda06Bf8a,REGULATOR,323,IMAGE,2,READ,
w3,2025-12-19T14:43:04.387244Z,1.678,200,True,0x766C26A7aD924449Bec43A8A34DEF94ddE4249e8,COURT,561,FNOL,4,READ,
w9,2025-12-19T14:43:04.387376Z,1.681,403,False,0x9fFdEc67F092978A065F3956A4C0D0887253f6B4,GARAGE,737,TELEMATICS,3,READ,
w6,2025-12-19T14:43:04.387603Z,1.692,200,True,0x4daf1A3296865E86D251A8ACacd2A4d94afB79F4,POLICE,467,IMAGE,2,READ,
w2,2025-12-19T14:43:04.387758Z,1.675,200,True,0x1f45920F4b49aD1E6d3d6542163Da1Fc12B8F399,POLICE,378,IMAGE,2,READ,
w7,2025-12-19T14:43:04.387905Z,1.632,200,True,0xc6fd3ebdCCe1922C2aAF225B6Ae37C875b175082,ADJUSTER,347,IMAGE,2,READ,
w4,2025-12-19T14:43:04.388032Z,1.715,200,True,0x11aaC79A517D8afa3a7DB9b5B2E4a2592284C7AE,INSURER,447,IMAGE,2,READ,
w8,2025-12-19T14:43:04.388300Z,1.580,200,True,0x7d050D9da028bFC0eFF937489B90834dEFC533f3,INSURER,458,IMAGE,2,READ,
w0,2025-12-19T14:43:04.388455Z,1.534,403,False,0x9D65961198142f8eE2223b06687b0C16ED30B78E,POLICE,540,MEDICAL_REPORT,5,READ,
w1,2025-12-19T14:43:04.388579Z,1.508,200,True,0x4531E352d63619A871806b0f4b4509c5Ac923135,GARAGE,360,IMAGE,2,READ,
w5,2025-12-19T14:43:04.388688Z,1.580,403,False,0x68c8c090a608c0B78636f50F6950137E9BBbEA97,GARAGE,859,OTHER,1,READ,
w3,2025-12-19T14:43:04.388927Z,1.443,200,True,0x94aC64f763ca7BcC8957cb2CBAfF108a9d91ADc1,POLICE,358,IMAGE,2,READ,
w9,2025-12-19T14:43:04.389061Z,1.416,200,True,0x8d04Ed80530786073721Ae9c38cD46D45dd71756,INSURER,322,IMAGE,2,READ,
w6,2025-12-19T14:43:04.389301Z,1.277,200,True,0xD574Ba4eCc12ca8b6BF7d7ed27E8896b66251f36,INSURER,383,IMAGE,2,READ,
w2,2025-12-19T14:43:04.389438Z,1.318,200,True,0x4D2e324068BA02Eb613f39F882B7ED435DaAe089,INSURER,330,IMAGE,2,READ,
w7,2025-12-19T14:43:04.389541Z,1.312,200,True,0x501d27511202E1C0343B6ee79241254B3C3d4378,INSURER,99,VIDEO,2,READ,
w4,2025-12-19T14:43:04.389753Z,1.204,403,False,0x40B970b53BFF9D4A11Fe90cD35998f21368a2830,POLICE,613,FNOL,4,READ,
w8,2025-12-19T14:43:04.389884Z,1.173,200,True,0x1F118D13DD44a163CF0Cfe93a2339019D5089D5c,ADJUSTER,433,IMAGE,2,READ,
w0,2025-12-19T14:43:04.389993Z,1.208,200,True,0x0b5E323fB184f11d5882ca0773Ff29b91c76b407,ADJUSTER,863,OTHER,1,READ,
w1,2025-12-19T14:43:04.390091Z,1.269,403,False,0xca4373A5412dd617d707A9D63Fab5c33bc55890a,POLICE,955,OTHER,1,READ,
w5,2025-12-19T14:43:04.390273Z,1.188,200,True,0x9a076822Eb2A5Aff3AfdAC8DF2620AD153dC4035,POLICE,291,IMAGE,2,READ,
w3,2025-12-19T14:43:04.390374Z,1.178,200,True,0x8e18b3Dc00a5886aeb63bE8dFcd734BAda06Bf8a,REGULATOR,866,OTHER,1,READ,
w9,2025-12-19T14:43:04.390482Z,1.161,200,True,0x74fB3137dFB3B6448931Fb8Da2496AaF6a238f78,COURT,325,IMAGE,2,READ,
w6,2025-12-19T14:43:04.390582Z,1.191,200,True,0x23d961Bbd1C6082e8A752192D3D652cd833EFf20,COURT,438,IMAGE,2,READ,
w2,2025-12-19T14:43:04.390759Z,1.180,200,True,0xECB4fA8D986702c344aB4Aacfa51CfeD104110bA,ADJUSTER,211,VIDEO,2,READ,
w7,2025-12-19T14:43:04.390857Z,1.185,200,True,0xF2c90E8ED7e59FCFb44ff6056Cf906449175c417,REGULATOR,277,IMAGE,2,READ,
w4,2025-12-19T14:43:04.390962Z,1.174,200,True,0x00a777ADb6935EdBdF8a8529125d1fbd93EdBA56,INSURER,4,VIDEO,2,READ,
w8,2025-12-19T14:43:04.391061Z,1.167,200,True,0x9Cc1e0F54e3D09Bf83b9f43222Ef44e11F170ff5,INSURER,363,IMAGE,2,READ,
w0,2025-12-19T14:43:04.391205Z,1.164,403,False,0x71f923CB5F826712E139D152d18028dE817Bae65,GARAGE,177,VIDEO,2,READ,
w1,2025-12-19T14:43:04.391365Z,1.109,200,True,0xF173F4d5ADdf0E7a16e318fFd5937Dfb27583015,INSURER,279,IMAGE,2,READ,
w5,2025-12-19T14:43:04.391464Z,1.182,200,True,0x90F928F43C9c4066afF2a1E64E1063ECE320A9E3,INSURER,609,FNOL,4,READ,
w3,2025-12-19T14:43:04.391556Z,1.188,403,False,0x40B970b53BFF9D4A11Fe90cD35998f21368a2830,POLICE,901,OTHER,1,READ,
w9,2025-12-19T14:43:04.391647Z,1.188,403,False,0x67F4F8CE04FD59Bf243930A77adCf14537A0B5D2,ADJUSTER,593,MEDICAL_REPORT,5,READ,
w6,2025-12-19T14:43:04.391777Z,1.153,200,True,0xb8Cb388cDb00044EeC03d7b0D63f1FafF89B668F,INSURER,499,IMAGE,2,READ,
w2,2025-12-19T14:43:04.391946Z,1.149,200,True,0x8B87C429526Ce971509028A2d05b54c02704CDb3,INSURER,395,IMAGE,2,READ,
w7,2025-12-19T14:43:04.392047Z,1.140,200,True,0x0b5E323fB184f11d5882ca0773Ff29b91c76b407,ADJUSTER,326,IMAGE,2,READ,
w4,2025-12-19T14:43:04.392139Z,1.143,200,True,0xf1E534De0C06d61147F8A18Fd769352969fDCF3B,INSURER,150,VIDEO,2,READ,
w8,2025-12-19T14:43:04.392231Z,1.217,403,False,0x8e698D53B82C116210BD73e1cA88584086b03795,POLICE,862,OTHER,1,READ,
w0,2025-12-19T14:43:04.392374Z,1.173,200,True,0xdbCa1F43d1B1fE30218A3870f8CE54eA068b9546,COURT,834,TELEMATICS,3,READ,
w1,2025-12-19T14:43:04.392478Z,1.162,200,True,0x94aC64f763ca7BcC8957cb2CBAfF108a9d91ADc1,POLICE,346,IMAGE,2,READ,
w5,2025-12-19T14:43:04.392651Z,1.087,403,False,0x834FebF68f8d4290AF73435F29e38943Dd993eca,POLICE,933,OTHER,1,READ,
w3,2025-12-19T14:43:04.392748Z,1.152,200,True,0xcbA3c1E62e024046934d519a26b637Dd0dfD1b3c,REGULATOR,67,VIDEO,2,READ,
w9,2025-12-19T14:43:04.392839Z,1.162,200,True,0x06D4bAEDddd3B73284654b61bec9CF7C3D667E84,ADJUSTER,24,VIDEO,2,READ,
w6,2025-12-19T14:43:04.392934Z,1.156,200,True,0x711d7620b4C341A6A91E38D0c75783C80FfEdcED,COURT,656,MEDICAL_REPORT,5,READ,
w2,2025-12-19T14:43:04.393099Z,1.150,200,True,0x90F928F43C9c4066afF2a1E64E1063ECE320A9E3,INSURER,821,TELEMATICS,3,READ,
w7,2025-12-19T14:43:04.393191Z,1.153,200,True,0x80eD6824a5F2334A090fCfbEB1450356BDc84d63,ADJUSTER,449,IMAGE,2,READ,
w4,2025-12-19T14:43:04.393286Z,1.148,200,True,0xF2c90E8ED7e59FCFb44ff6056Cf906449175c417,REGULATOR,92,VIDEO,2,READ,
w8,2025-12-19T14:43:04.393453Z,1.075,200,True,0xa162d20e1Ea3efe0C78A65109e3411462afd3b28,INSURER,914,OTHER,1,READ,
w0,2025-12-19T14:43:04.393551Z,1.137,200,True,0x94aC64f763ca7BcC8957cb2CBAfF108a9d91ADc1,POLICE,14,VIDEO,2,READ,
w1,2025-12-19T14:43:04.393645Z,1.141,200,True,0xCe0598bC3ba15cA3db71063563179eCf0D7c35A7,ADJUSTER,356,IMAGE,2,READ,
w5,2025-12-19T14:43:04.393742Z,1.135,200,True,0x67F4F8CE04FD59Bf243930A77adCf14537A0B5D2,ADJUSTER,588,FNOL,4,READ,
w3,2025-12-19T14:43:04.393907Z,1.143,200,True,0x1734cC5117Ca09e57A599f0E72469FEad0d749F9,REGULATOR,409,IMAGE,2,READ,
w9,2025-12-19T14:43:04.394005Z,1.144,200,True,0x3015CaAdD111E6bb308586Fb390005C8F75848A7,POLICE,271,IMAGE,2,READ,
w6,2025-12-19T14:43:04.394094Z,1.151,200,True,0xe2B8d1C6c9c24880899f9658aB855CaA7c476FA1,POLICE,408,IMAGE,2,READ,
w2,2025-12-19T14:43:04.394253Z,1.090,200,True,0xFfF5E088c8b6a5a470a6D48f405892515c41FCa6,ADJUSTER,290,IMAGE,2,READ,
w7,2025-12-19T14:43:04.394348Z,1.163,200,True,0xa162d20e1Ea3efe0C78A65109e3411462afd3b28,INSURER,124,VIDEO,2,READ,
w4,2025-12-19T14:43:04.394438Z,1.179,200,True,0x3CeB0Aa9CCc9c0A29a814fBD5c1aD23dca52aeb6,ADJUSTER,940,OTHER,1,READ,
w8,2025-12-19T14:43:04.394531Z,1.179,200,True,0xB4C59915aF17bAB024Db05F0230B8Ee1aF00388d,COURT,94,VIDEO,2,READ,
w0,2025-12-19T14:43:04.394692Z,1.181,200,True,0xD574Ba4eCc12ca8b6BF7d7ed27E8896b66251f36,INSURER,667,MEDICAL_REPORT,5,READ,
w1,2025-12-19T14:43:04.394790Z,1.178,403,False,0x16C605c8536B3AC44524Ebd88bF81CE652b1E990,POLICE,717,TELEMATICS,3,READ,
w5,2025-12-19T14:43:04.394881Z,1.178,200,True,0x39f310D9c7221cAEF10d101bFB16Ecc0DF2654F9,INSURER,706,TELEMATICS,3,READ,
w3,2025-12-19T14:43:04.395055Z,1.181,200,True,0x342E14b11b9f83662a05FF03e2f43C71f9Bf4873,REGULATOR,641,FNOL,4,READ,
w9,2025-12-19T14:43:04.395152Z,1.451,200,True,0x547633aa452093F2f87ad6cF6Af95cf459e17be5,ADJUSTER,991,OTHER,1,READ,
w6,2025-12-19T14:43:04.395249Z,1.520,403,False,0xFE9CaBBAac086eBE0edE14f99E312c84Ed89B85b,GARAGE,860,OTHER,1,READ,
w2,2025-12-19T14:43:04.395347Z,1.555,200,True,0xCC454a974c35BAE19d6A6dE745A05E46885e2304,INSURER,298,IMAGE,2,READ,
w7,2025-12-19T14:43:04.395515Z,1.607,200,True,0x07991919AA37C0FdbeD66174B280e6da9FE695d7,ADJUSTER,378,IMAGE,2,READ,
w4,2025-12-19T14:43:04.395621Z,1.640,403,False,0x68c8c090a608c0B78636f50F6950137E9BBbEA97,GARAGE,670,MEDICAL_REPORT,5,READ,
w8,2025-12-19T14:43:04.395715Z,1.674,200,True,0x68c8c090a608c0B78636f50F6950137E9BBbEA97,GARAGE,476,IMAGE,2,READ,
w0,2025-12-19T14:43:04.395877Z,1.624,200,True,0x91229246e94c04361C72A11629D800CfBaC95674,COURT,602,FNOL,4,READ,
w1,2025-12-19T14:43:04.395972Z,1.630,200,True,0xeE7a8fa9C275631851e5D7dc28236a336206c473,COURT,699,MEDICAL_REPORT,5,READ,
w5,2025-12-19T14:43:04.396062Z,1.633,200,True,0x4D2e324068BA02Eb613f39F882B7ED435DaAe089,INSURER,701,TELEMATICS,3,READ,
w3,2025-12-19T14:43:04.396245Z,1.653,200,True,0xd3ad26904604cf4A6e4Ef026c902c9f70562F892,INSURER,87,VIDEO,2,READ,
w9,2025-12-19T14:43:04.396610Z,1.417,200,True,0x852cB9f303D330bff5722A21d48c0c4303bda309,POLICE,247,VIDEO,2,READ,
w6,2025-12-19T14:43:04.396774Z,1.357,403,False,0xF9EA48F4E0d76E96a3755d17b67fF2F7157C7911,POLICE,900,OTHER,1,READ,
w2,2025-12-19T14:43:04.396907Z,1.415,200,True,0x5ACFAa5B3cF34961Fe72993cF32654Dff1eBc4ea,INSURER,706,TELEMATICS,3,READ,
w7,2025-12-19T14:43:04.397128Z,1.307,200,True,0x445B0132f3e4B43546EdbBb0604997A1c2605CDf,INSURER,182,VIDEO,2,READ,
w4,2025-12-19T14:43:04.397266Z,1.264,200,True,0x23d961Bbd1C6082e8A752192D3D652cd833EFf20,COURT,237,VIDEO,2,READ,
w8,2025-12-19T14:43:04.397394Z,1.235,200,True,0x0f3329Ff55b9471d57D644d34b6c7227aeD65b2D,ADJUSTER,980,OTHER,1,READ,
w0,2025-12-19T14:43:04.397506Z,1.326,200,True,0xf750FcD6205F9864ed98080D7e52Ec69D94CAf22,INSURER,82,VIDEO,2,READ,
w1,2025-12-19T14:43:04.397606Z,1.350,403,False,0xdF8A225C5B1E14558757B029B89e2F233515a798,ADJUSTER,681,MEDICAL_REPORT,5,READ,
w5,2025-12-19T14:43:04.397699Z,1.372,200,True,0xc3c51312907D83df323e05D7E254352175252368,COURT,480,IMAGE,2,READ,
w3,2025-12-19T14:43:04.397902Z,1.270,200,True,0x45027EB686032B693Ea79a63545D177B238bc218,INSURER,262,IMAGE,2,READ,
w9,2025-12-19T14:43:04.398030Z,1.240,200,True,0xb0276419CD1DA3AF0406c1b6D9D2302B8CDAc670,POLICE,206,VIDEO,2,READ,
w6,2025-12-19T14:43:04.398134Z,1.231,200,True,0x67F4F8CE04FD59Bf243930A77adCf14537A0B5D2,ADJUSTER,791,TELEMATICS,3,READ,
w2,2025-12-19T14:43:04.398328Z,1.227,200,True,0x1D3a19aAC334311E82F8439171A040835c8049F7,REGULATOR,138,VIDEO,2,READ,
w7,2025-12-19T14:43:04.398438Z,1.239,200,True,0x065803C5af851Dda212c2b93EabB66A8eE0Adb34,INSURER,26,VIDEO,2,READ,
w4,2025-12-19T14:43:04.398534Z,1.259,200,True,0x32a71350b8324e903BA5674B6456e07Bd472AA8f,GARAGE,443,IMAGE,2,READ,
w8,2025-12-19T14:43:04.398633Z,1.278,200,True,0xA9da87e421E9bF79a8e80EaD31e737D98aa626eE,INSURER,69,VIDEO,2,READ,
w0,2025-12-19T14:43:04.398836Z,1.278,200,True,0x3EBAE31cB2be64Fe5734160d81AF569256974D47,POLICE,20,VIDEO,2,READ,
w1,2025-12-19T14:43:04.398961Z,1.260,200,True,0x03E8540790383Dc711c7029C4a4727A3D6F85Ee6,INSURER,788,TELEMATICS,3,READ,
w5,2025-12-19T14:43:04.399075Z,1.248,200,True,0x1d1694bc32c0223F44b4aC0956BE792a5996Cb79,INSURER,421,IMAGE,2,READ,
w3,2025-12-19T14:43:04.399176Z,1.251,200,True,0x6d633edcb7CD9413cd0509faebAE113ec0EC2FBc,INSURER,306,IMAGE,2,READ,
w9,2025-12-19T14:43:04.399274Z,1.254,200,True,0x5436Ade91ba3a6360A1246339D36223f463dF81a,INSURER,81,VIDEO,2,READ,
w6,2025-12-19T14:43:04.399370Z,1.254,200,True,0x4daf1A3296865E86D251A8ACacd2A4d94afB79F4,POLICE,210,VIDEO,2,READ,
w2,2025-12-19T14:43:04.399559Z,1.250,403,False,0xF9EA48F4E0d76E96a3755d17b67fF2F7157C7911,POLICE,834,TELEMATICS,3,READ,
w7,2025-12-19T14:43:04.399680Z,1.234,200,True,0x6d633edcb7CD9413cd0509faebAE113ec0EC2FBc,INSURER,20,VIDEO,2,READ,
w4,2025-12-19T14:43:04.399797Z,1.215,200,True,0x8CbB8dd324B837e6BD98E13e0c21fa636120Ca56,REGULATOR,713,TELEMATICS,3,READ,
w8,2025-12-19T14:43:04.399915Z,1.197,200,True,0xd222D38Ccd1502056A8264eaCB2fCfc6c96F6B61,ADJUSTER,880,OTHER,1,READ,
w0,2025-12-19T14:43:04.400118Z,1.202,200,True,0x6d633edcb7CD9413cd0509faebAE113ec0EC2FBc,INSURER,188,VIDEO,2,READ,
w1,2025-12-19T14:43:04.400227Z,1.211,200,True,0xb8Cb388cDb00044EeC03d7b0D63f1FafF89B668F,INSURER,307,IMAGE,2,READ,
w5,2025-12-19T14:43:04.400327Z,1.214,200,True,0xD89D70fF36c803e47f1df2Ffaab469107117214F,ADJUSTER,947,OTHER,1,READ,
w3,2025-12-19T14:43:04.400431Z,1.206,200,True,0x1D3a19aAC334311E82F8439171A040835c8049F7,REGULATOR,398,IMAGE,2,READ,
w9,2025-12-19T14:43:04.400533Z,1.199,200,True,0x50BbaB837D91CF9f3d77c66d83c40d4b389AB0B1,INSURER,556,FNOL,4,READ,
w6,2025-12-19T14:43:04.400627Z,1.193,200,True,0x168EC3290512E1AcbB8201aeD946f3BA1Ed1effc,INSURER,819,TELEMATICS,3,READ,
w2,2025-12-19T14:43:04.400814Z,1.197,200,True,0x536e3B0833a6eBb933f385c0b0De10423705f7a1,COURT,841,TELEMATICS,3,READ,
w7,2025-12-19T14:43:04.400918Z,1.219,403,False,0xA88F90716eDCDc5BFa0993c4c7FA41f629e44d8c,GARAGE,610,FNOL,4,READ,
w4,2025-12-19T14:43:04.401016Z,1.231,200,True,0x17a3649Ac7847fC2048db0ceD97945aA7dCEdC8a,INSURER,528,MEDICAL_REPORT,5,READ,
w8,2025-12-19T14:43:04.401116Z,1.234,200,True,0x0Adc41557A616569Cd409d74aFe4C9FaD47a57ed,POLICE,81,VIDEO,2,READ,
w0,2025-12-19T14:43:04.401324Z,1.223,200,True,0xF173F4d5ADdf0E7a16e318fFd5937Dfb27583015,INSURER,609,FNOL,4,READ,
w1,2025-12-19T14:43:04.401442Z,1.209,200,True,0x18D398FEffFf1114bdb4B9558a6905E521C001A3,ADJUSTER,21,VIDEO,2,READ,
w5,2025-12-19T14:43:04.401546Z,1.203,200,True,0x7f9fe1a6ad85DEBFdFB998d4E7Ddb5cb2fD1bd63,INSURER,483,IMAGE,2,READ,
w3,2025-12-19T14:43:04.401641Z,1.204,200,True,0x17a3649Ac7847fC2048db0ceD97945aA7dCEdC8a,INSURER,771,TELEMATICS,3,READ,
w9,2025-12-19T14:43:04.401735Z,1.210,200,True,0xB681a7921F6B4dE01c32e0986627275Edcd5e568,INSURER,456,IMAGE,2,READ,
w6,2025-12-19T14:43:04.401823Z,1.216,200,True,0x592bB49f1f64a954F181cc99489664AeC05bB383,COURT,701,TELEMATICS,3,READ,
w2,2025-12-19T14:43:04.402017Z,1.204,200,True,0xD89D70fF36c803e47f1df2Ffaab469107117214F,ADJUSTER,869,OTHER,1,READ,
w7,2025-12-19T14:43:04.402140Z,1.191,403,False,0x16C605c8536B3AC44524Ebd88bF81CE652b1E990,POLICE,536,FNOL,4,READ,
w4,2025-12-19T14:43:04.402250Z,1.203,200,True,0x11aaC79A517D8afa3a7DB9b5B2E4a2592284C7AE,INSURER,551,MEDICAL_REPORT,5,READ,
w8,2025-12-19T14:43:04.402354Z,1.340,200,True,0x0157eAF28226F1508d622a947510555A7D0a565c,INSURER,493,IMAGE,2,READ,
w0,2025-12-19T14:43:04.402551Z,1.585,200,True,0x33a629009de39E5811F7332ed385861ec1A77876,INSURER,450,IMAGE,2,READ,
w1,2025-12-19T14:43:04.402655Z,1.730,403,False,0xB4107C66a46663F51503A8d8C779b7E663809462,GARAGE,641,FNOL,4,READ,
w5,2025-12-19T14:43:04.402752Z,1.844,200,True,0x3CeB0Aa9CCc9c0A29a814fBD5c1aD23dca52aeb6,ADJUSTER,144,VIDEO,2,READ,
w3,2025-12-19T14:43:04.402848Z,1.933,200,True,0xe2a2B0b479b477f22BDd40fF8137AC17F6e34B2e,GARAGE,349,IMAGE,2,READ,
w9,2025-12-19T14:43:04.402949Z,1.984,403,False,0xFE9CaBBAac086eBE0edE14f99E312c84Ed89B85b,GARAGE,811,TELEMATICS,3,READ,
w6,2025-12-19T14:43:04.403043Z,2.062,200,True,0x39f6D3043406601E6c6B8f786B46298Be5738EC8,INSURER,45,VIDEO,2,READ,
w2,2025-12-19T14:43:04.403226Z,2.111,200,True,0x445B0132f3e4B43546EdbBb0604997A1c2605CDf,INSURER,988,OTHER,1,READ,
w7,2025-12-19T14:43:04.403336Z,2.161,200,True,0x32a71350b8324e903BA5674B6456e07Bd472AA8f,GARAGE,295,IMAGE,2,READ,
w4,2025-12-19T14:43:04.403458Z,2.160,200,True,0x23d961Bbd1C6082e8A752192D3D652cd833EFf20,COURT,884,OTHER,1,READ,
w8,2025-12-19T14:43:04.403702Z,2.069,200,True,0xf1E534De0C06d61147F8A18Fd769352969fDCF3B,INSURER,178,VIDEO,2,READ,
w0,2025-12-19T14:43:04.404145Z,1.862,200,True,0xF2c90E8ED7e59FCFb44ff6056Cf906449175c417,REGULATOR,310,IMAGE,2,READ,
w1,2025-12-19T14:43:04.404394Z,1.765,200,True,0x1D3a19aAC334311E82F8439171A040835c8049F7,REGULATOR,409,IMAGE,2,READ,
w5,2025-12-19T14:43:04.404603Z,1.657,200,True,0x4706C804bB8f3Eb133529A02e3F3F48fc38Bd2F9,ADJUSTER,486,IMAGE,2,READ,
w3,2025-12-19T14:43:04.404788Z,1.564,200,True,0xc3c51312907D83df323e05D7E254352175252368,COURT,111,VIDEO,2,READ,
w9,2025-12-19T14:43:04.404939Z,1.502,200,True,0x4D2e324068BA02Eb613f39F882B7ED435DaAe089,INSURER,109,VIDEO,2,READ,
w6,2025-12-19T14:43:04.405110Z,1.523,200,True,0x59F93F27b669bD4e2a076c77c1134dc9Bd550AFA,INSURER,946,OTHER,1,READ,
w2,2025-12-19T14:43:04.405344Z,1.435,200,True,0x18D398FEffFf1114bdb4B9558a6905E521C001A3,ADJUSTER,692,FNOL,4,READ,
w7,2025-12-19T14:43:04.405502Z,1.393,200,True,0x9a076822Eb2A5Aff3AfdAC8DF2620AD153dC4035,POLICE,318,IMAGE,2,READ,
w4,2025-12-19T14:43:04.405636Z,1.365,200,True,0xf1E534De0C06d61147F8A18Fd769352969fDCF3B,INSURER,355,IMAGE,2,READ,
w8,2025-12-19T14:43:04.405776Z,1.438,200,True,0xd0eD43b7e3956873eD7AB8414636734c48656D80,ADJUSTER,383,IMAGE,2,READ,
w0,2025-12-19T14:43:04.406013Z,1.320,200,True,0xaf157e8fD0B47Ee2C692436E45dB871E2c1F3e83,INSURER,310,IMAGE,2,READ,
w1,2025-12-19T14:43:04.406163Z,1.271,200,True,0xe68d19e611fc7Cd8D9184Dbf3034203A5B0ba7E9,INSURER,303,IMAGE,2,READ,
w5,2025-12-19T14:43:04.406264Z,1.277,200,True,0x094A1Ff3795B2267aEA059A54C374B2CdB84D45e,COURT,832,TELEMATICS,3,READ,
w3,2025-12-19T14:43:04.406355Z,1.283,403,False,0x71f923CB5F826712E139D152d18028dE817Bae65,GARAGE,757,TELEMATICS,3,READ,
w9,2025-12-19T14:43:04.406444Z,1.414,200,True,0x17a3649Ac7847fC2048db0ceD97945aA7dCEdC8a,INSURER,315,IMAGE,2,READ,
w6,2025-12-19T14:43:04.406639Z,1.350,200,True,0x11aaC79A517D8afa3a7DB9b5B2E4a2592284C7AE,INSURER,384,IMAGE,2,READ,
w2,2025-12-19T14:43:04.406784Z,1.317,200,True,0xaf157e8fD0B47Ee2C692436E45dB871E2c1F3e83,INSURER,553,MEDICAL_REPORT,5,READ,
w7,2025-12-19T14:43:04.406900Z,1.303,200,True,0xd0eD43b7e3956873eD7AB8414636734c48656D80,ADJUSTER,756,TELEMATICS,3,READ,
w4,2025-12-19T14:43:04.407005Z,1.426,200,True,0x7f9fe1a6ad85DEBFdFB998d4E7Ddb5cb2fD1bd63,INSURER,566,MEDICAL_REPORT,5,READ,
w8,2025-12-19T14:43:04.407219Z,1.326,200,True,0x5B9Fe195263932C148aB2997922dda28a64aD5A9,INSURER,251,IMAGE,2,READ,
w0,2025-12-19T14:43:04.407337Z,1.310,200,True,0x094A1Ff3795B2267aEA059A54C374B2CdB84D45e,COURT,331,IMAGE,2,READ,
w1,2025-12-19T14:43:04.407438Z,1.321,403,False,0xF9A0ebFF6934d204B4E2240E8c635586556a6bBf,POLICE,679,MEDICAL_REPORT,5,READ,
w5,2025-12-19T14:43:04.407545Z,1.329,200,True,0xCe0598bC3ba15cA3db71063563179eCf0D7c35A7,ADJUSTER,533,FNOL,4,READ,
w3,2025-12-19T14:43:04.407642Z,1.328,200,True,0x4b325498d9Ec08b7e1eb3C52CE9a554ea24D3737,INSURER,338,IMAGE,2,READ,
w9,2025-12-19T14:43:04.407862Z,1.322,403,False,0x16C605c8536B3AC44524Ebd88bF81CE652b1E990,POLICE,727,TELEMATICS,3,READ,
w6,2025-12-19T14:43:04.407993Z,1.318,200,True,0x834FebF68f8d4290AF73435F29e38943Dd993eca,POLICE,125,VIDEO,2,READ,
w2,2025-12-19T14:43:04.408105Z,1.317,403,False,0x4DCDFfA1280ad4A435512Ee5dDaF8a9D4e9509E3,GARAGE,594,FNOL,4,READ,
w7,2025-12-19T14:43:04.408208Z,1.317,200,True,0xD574Ba4eCc12ca8b6BF7d7ed27E8896b66251f36,INSURER,596,FNOL,4,READ,
w4,2025-12-19T14:43:04.408435Z,1.295,200,True,0x4b325498d9Ec08b7e1eb3C52CE9a554ea24D3737,INSURER,410,IMAGE,2,READ,
w8,2025-12-19T14:43:04.408549Z,1.315,403,False,0xe2a2B0b479b477f22BDd40fF8137AC17F6e34B2e,GARAGE,677,MEDICAL_REPORT,5,READ,
w0,2025-12-19T14:43:04.408651Z,1.427,200,True,0xB4C59915aF17bAB024Db05F0230B8Ee1aF00388d,COURT,70,VIDEO,2,READ,
w1,2025-12-19T14:43:04.408764Z,1.536,200,True,0x0f3329Ff55b9471d57D644d34b6c7227aeD65b2D,ADJUSTER,165,VIDEO,2,READ,
w5,2025-12-19T14:43:04.408878Z,1.621,200,True,0x8419AD6d02e583D482E66F544e7fCc8a4078cE52,INSURER,47,VIDEO,2,READ,
w3,2025-12-19T14:43:04.408975Z,1.706,200,True,0x67F4F8CE04FD59Bf243930A77adCf14537A0B5D2,ADJUSTER,881,OTHER,1,READ,
w9,2025-12-19T14:43:04.409189Z,1.831,403,False,0xA51c3724Dd9F1e975A507c34B34acf9d14Ce6FEb,GARAGE,736,TELEMATICS,3,READ,
w6,2025-12-19T14:43:04.409315Z,1.870,200,True,0x6d633edcb7CD9413cd0509faebAE113ec0EC2FBc,INSURER,405,IMAGE,2,READ,
w2,2025-12-19T14:43:04.409426Z,1.889,403,False,0xA51c3724Dd9F1e975A507c34B34acf9d14Ce6FEb,GARAGE,48,VIDEO,2,READ,
w7,2025-12-19T14:43:04.409528Z,1.905,200,True,0xD574Ba4eCc12ca8b6BF7d7ed27E8896b66251f36,INSURER,879,OTHER,1,READ,
w4,2025-12-19T14:43:04.409734Z,1.902,403,False,0x24a8D6d1D04D0d1D3e1c665a8Bd2f2B50Cb7097F,GARAGE,246,VIDEO,2,READ,
w8,2025-12-19T14:43:04.409869Z,1.890,200,True,0x80eD6824a5F2334A090fCfbEB1450356BDc84d63,ADJUSTER,765,TELEMATICS,3,READ,
w0,2025-12-19T14:43:04.410086Z,1.782,200,True,0x8CbB8dd324B837e6BD98E13e0c21fa636120Ca56,REGULATOR,972,OTHER,1,READ,
w1,2025-12-19T14:43:04.410309Z,1.659,200,True,0x1cF317F4288CfC3FdA6295dC3Ee1f3e2F8B03592,ADJUSTER,948,OTHER,1,READ,
w5,2025-12-19T14:43:04.410505Z,1.575,200,True,0xc3c51312907D83df323e05D7E254352175252368,COURT,297,IMAGE,2,READ,
w3,2025-12-19T14:43:04.410688Z,1.590,200,True,0x33a629009de39E5811F7332ed385861ec1A77876,INSURER,910,OTHER,1,READ,
w9,2025-12-19T14:43:04.411027Z,1.375,200,True,0x4706C804bB8f3Eb133529A02e3F3F48fc38Bd2F9,ADJUSTER,867,OTHER,1,READ,
w6,2025-12-19T14:43:04.411191Z,1.316,200,True,0xd0eD43b7e3956873eD7AB8414636734c48656D80,ADJUSTER,119,VIDEO,2,READ,
w2,2025-12-19T14:43:04.411321Z,1.287,200,True,0x33a629009de39E5811F7332ed385861ec1A77876,INSURER,705,TELEMATICS,3,READ,
w7,2025-12-19T14:43:04.411438Z,1.377,200,True,0xA9da87e421E9bF79a8e80EaD31e737D98aa626eE,INSURER,953,OTHER,1,READ,
w4,2025-12-19T14:43:04.411642Z,1.301,200,True,0x5Adf6dA1124Cb04f8e27b4b197b6521C42AD0641,INSURER,410,IMAGE,2,READ,
w8,2025-12-19T14:43:04.411764Z,1.289,200,True,0xc227AdED69aA39F067e0190b0EA4BB94BE51cb90,INSURER,267,IMAGE,2,READ,
w0,2025-12-19T14:43:04.411872Z,1.282,403,False,0xdFCd3364f36CdB72072987Ba9e3a6197F2807c1A,GARAGE,91,VIDEO,2,READ,
w1,2025-12-19T14:43:04.411972Z,1.282,403,False,0x992Eaf53E29aF2be6bCDB7c2013cC167E3D529F8,GARAGE,762,TELEMATICS,3,READ,
w5,2025-12-19T14:43:04.412084Z,1.269,200,True,0xFfF5E088c8b6a5a470a6D48f405892515c41FCa6,ADJUSTER,910,OTHER,1,READ,
w3,2025-12-19T14:43:04.412282Z,1.266,200,True,0xFfF5E088c8b6a5a470a6D48f405892515c41FCa6,ADJUSTER,3,VIDEO,2,READ,
w9,2025-12-19T14:43:04.412406Z,1.274,200,True,0x91229246e94c04361C72A11629D800CfBaC95674,COURT,138,VIDEO,2,READ,
w6,2025-12-19T14:43:04.412511Z,1.282,200,True,0x0Dc1cFEE2758F0e2688803c8098E11241014f8BB,INSURER,935,OTHER,1,READ,
w2,2025-12-19T14:43:04.412611Z,1.284,200,True,0x7F58e30B33E800fAD1041651365A29CfB660aC57,INSURER,226,VIDEO,2,READ,
w7,2025-12-19T14:43:04.412820Z,1.287,200,True,0xb0276419CD1DA3AF0406c1b6D9D2302B8CDAc670,POLICE,493,IMAGE,2,READ,
w4,2025-12-19T14:43:04.412947Z,1.272,200,True,0xfc909f67c3BA8552cdb1B0bA216742E485d43BA1,ADJUSTER,252,IMAGE,2,READ,
w8,2025-12-19T14:43:04.413057Z,1.262,200,True,0x0Dc1cFEE2758F0e2688803c8098E11241014f8BB,INSURER,410,IMAGE,2,READ,
w0,2025-12-19T14:43:04.413158Z,1.255,200,True,0x34BBE78F5E8eF7F758481402618b9CA85b1a3CF7,ADJUSTER,137,VIDEO,2,READ,
w1,2025-12-19T14:43:04.413258Z,1.262,200,True,0x99a806d3b557c0a8e626Cef888962d06713ad5f6,COURT,763,TELEMATICS,3,READ,
w5,2025-12-19T14:43:04.413357Z,1.260,403,False,0x7775fD4aD4669C7F6F26aCBf7CC07d9dA5f959C8,POLICE,983,OTHER,1,READ,
w3,2025-12-19T14:43:04.413553Z,1.252,200,True,0x8d04Ed80530786073721Ae9c38cD46D45dd71756,INSURER,363,IMAGE,2,READ,
w9,2025-12-19T14:43:04.413685Z,1.226,200,True,0xC9d315B25D2f58D8299fD726f1bd40D5b077C4a4,ADJUSTER,615,FNOL,4,READ,
w6,2025-12-19T14:43:04.413797Z,1.210,403,False,0x3015CaAdD111E6bb308586Fb390005C8F75848A7,POLICE,692,FNOL,4,READ,
w2,2025-12-19T14:43:04.413899Z,1.199,403,False,0x12A0e24FbEa46bC85bd893CE5E21beFB44f88f15,POLICE,543,FNOL,4,READ,
w7,2025-12-19T14:43:04.414112Z,1.156,200,True,0x39f310D9c7221cAEF10d101bFB16Ecc0DF2654F9,INSURER,422,IMAGE,2,READ,
w4,2025-12-19T14:43:04.414222Z,1.152,200,True,0x1734cC5117Ca09e57A599f0E72469FEad0d749F9,REGULATOR,359,IMAGE,2,READ,
w8,2025-12-19T14:43:04.414322Z,1.149,200,True,0x2E2C6b303dF5Eb5E67C04610fDF33084A6d7408B,ADJUSTER,866,OTHER,1,READ,
w0,2025-12-19T14:43:04.414417Z,1.237,200,True,0xd222D38Ccd1502056A8264eaCB2fCfc6c96F6B61,ADJUSTER,458,IMAGE,2,READ,
w1,2025-12-19T14:43:04.414524Z,1.239,403,False,0xFE9CaBBAac086eBE0edE14f99E312c84Ed89B85b,GARAGE,862,OTHER,1,READ,
w5,2025-12-19T14:43:04.414621Z,1.241,200,True,0xeE7a8fa9C275631851e5D7dc28236a336206c473,COURT,74,VIDEO,2,READ,
w3,2025-12-19T14:43:04.414809Z,1.145,200,True,0xdbCa1F43d1B1fE30218A3870f8CE54eA068b9546,COURT,951,OTHER,1,READ,
w9,2025-12-19T14:43:04.414915Z,1.142,200,True,0x5cB8e3e86426cca28B81a1F506b0c918fa230526,INSURER,623,FNOL,4,READ,
w6,2025-12-19T14:43:04.415012Z,1.142,200,True,0xc6fd3ebdCCe1922C2aAF225B6Ae37C875b175082,ADJUSTER,350,IMAGE,2,READ,
w2,2025-12-19T14:43:04.415101Z,1.229,403,False,0x992Eaf53E29aF2be6bCDB7c2013cC167E3D529F8,GARAGE,685,FNOL,4,READ,
w7,2025-12-19T14:43:04.415273Z,1.161,200,True,0xCC454a974c35BAE19d6A6dE745A05E46885e2304,INSURER,844,TELEMATICS,3,READ,
w4,2025-12-19T14:43:04.415378Z,1.154,200,True,0x8Dd8Ebe34924EFE25Fc2D7A18d687C6e9a775529,REGULATOR,11,VIDEO,2,READ,
w8,2025-12-19T14:43:04.415475Z,1.271,200,True,0xF9A0ebFF6934d204B4E2240E8c635586556a6bBf,POLICE,243,VIDEO,2,READ,
w0,2025-12-19T14:43:04.415658Z,1.215,403,False,0xe2B8d1C6c9c24880899f9658aB855CaA7c476FA1,POLICE,881,OTHER,1,READ,
w1,2025-12-19T14:43:04.415767Z,1.221,200,True,0x766C26A7aD924449Bec43A8A34DEF94ddE4249e8,COURT,241,VIDEO,2,READ,
w5,2025-12-19T14:43:04.415865Z,1.232,403,False,0x16C605c8536B3AC44524Ebd88bF81CE652b1E990,POLICE,579,FNOL,4,READ,
w3,2025-12-19T14:43:04.415957Z,1.241,200,True,0xf7E1883f933104b142c40E92e6624179359b44C2,INSURER,864,OTHER,1,READ,
w9,2025-12-19T14:43:04.416061Z,1.234,200,True,0x74fB3137dFB3B6448931Fb8Da2496AaF6a238f78,COURT,665,MEDICAL_REPORT,5,READ,
w6,2025-12-19T14:43:04.416157Z,1.233,200,True,0xe2B8d1C6c9c24880899f9658aB855CaA7c476FA1,POLICE,490,IMAGE,2,READ,
w2,2025-12-19T14:43:04.416334Z,1.240,200,True,0x18D398FEffFf1114bdb4B9558a6905E521C001A3,ADJUSTER,716,TELEMATICS,3,READ,
w7,2025-12-19T14:43:04.416437Z,1.260,200,True,0x39f6D3043406601E6c6B8f786B46298Be5738EC8,INSURER,810,TELEMATICS,3,READ,
w4,2025-12-19T14:43:04.416536Z,1.270,403,False,0xFE9CaBBAac086eBE0edE14f99E312c84Ed89B85b,GARAGE,156,VIDEO,2,READ,
w8,2025-12-19T14:43:04.416751Z,1.267,200,True,0x0f3329Ff55b9471d57D644d34b6c7227aeD65b2D,ADJUSTER,297,IMAGE,2,READ,
w0,2025-12-19T14:43:04.416879Z,1.258,200,True,0x5436Ade91ba3a6360A1246339D36223f463dF81a,INSURER,68,VIDEO,2,READ,
w1,2025-12-19T14:43:04.416994Z,1.244,200,True,0x417E040C3F0A2094fa86aE1A22D89f21ad5f2c91,INSURER,980,OTHER,1,READ,
w5,2025-12-19T14:43:04.417101Z,1.232,403,False,0x66dbB00795DC0d781dcA2e6219ab30FcaF5f1CAd,GARAGE,618,FNOL,4,READ,
w3,2025-12-19T14:43:04.417202Z,1.229,200,True,0xdadC347Cbfd9bcB5e0E6bd20fA005df38d4fdFa0,ADJUSTER,899,OTHER,1,READ,
w9,2025-12-19T14:43:04.417299Z,1.232,403,False,0x2Fd075dD3CC039D228Ac107272729a1129782C59,GARAGE,152,VIDEO,2,READ,
w6,2025-12-19T14:43:04.417395Z,1.234,200,True,0x834FebF68f8d4290AF73435F29e38943Dd993eca,POLICE,470,IMAGE,2,READ,
w2,2025-12-19T14:43:04.417579Z,1.231,200,True,0x6C083CdC9F152E5a82DB28241FBea8958a62a549,COURT,747,TELEMATICS,3,READ,
w7,2025-12-19T14:43:04.417701Z,1.213,200,True,0x47200E7159B7646892C3cC84C60818bcD2B38A22,ADJUSTER,27,VIDEO,2,READ,
w4,2025-12-19T14:43:04.417810Z,1.204,200,True,0xdadC347Cbfd9bcB5e0E6bd20fA005df38d4fdFa0,ADJUSTER,533,FNOL,4,READ,
w8,2025-12-19T14:43:04.418022Z,1.209,200,True,0xfc909f67c3BA8552cdb1B0bA216742E485d43BA1,ADJUSTER,889,OTHER,1,READ,
w0,2025-12-19T14:43:04.418141Z,1.204,403,False,0x4DCDFfA1280ad4A435512Ee5dDaF8a9D4e9509E3,GARAGE,781,TELEMATICS,3,READ,
w1,2025-12-19T14:43:04.418241Z,1.207,403,False,0x4531E352d63619A871806b0f4b4509c5Ac923135,GARAGE,131,VIDEO,2,READ,
w5,2025-12-19T14:43:04.418338Z,1.211,200,True,0x1cF317F4288CfC3FdA6295dC3Ee1f3e2F8B03592,ADJUSTER,773,TELEMATICS,3,READ,
w3,2025-12-19T14:43:04.418434Z,1.207,200,True,0x4706C804bB8f3Eb133529A02e3F3F48fc38Bd2F9,ADJUSTER,428,IMAGE,2,READ,
w9,2025-12-19T14:43:04.418535Z,1.201,200,True,0x1734cC5117Ca09e57A599f0E72469FEad0d749F9,REGULATOR,372,IMAGE,2,READ,
w6,2025-12-19T14:43:04.418632Z,1.199,200,True,0x17a3649Ac7847fC2048db0ceD97945aA7dCEdC8a,INSURER,72,VIDEO,2,READ,
w2,2025-12-19T14:43:04.418814Z,1.190,200,True,0xDB6a12DbE55181c3f880bD63570EA3f3AC91e63A,ADJUSTER,786,TELEMATICS,3,READ,
w7,2025-12-19T14:43:04.418918Z,1.294,200,True,0xD81101A371257d1229a21CEAed60dD23BBb1a2B1,ADJUSTER,857,OTHER,1,READ,
w4,2025-12-19T14:43:04.419018Z,1.593,403,False,0x20f5B667b21b5fC5b82Fa52c25088446F4026127,POLICE,816,TELEMATICS,3,READ,
w8,2025-12-19T14:43:04.419235Z,1.800,200,True,0x5cB4D76a86dbEF4FF02fA640c90deeaf5b309acD,GARAGE,342,IMAGE,2,READ,
w0,2025-12-19T14:43:04.419348Z,1.858,200,True,0x7034d06498b2196468b6eD861eda7B5D1cb5594c,REGULATOR,244,VIDEO,2,READ,
w1,2025-12-19T14:43:04.419453Z,1.891,200,True,0xdF8A225C5B1E14558757B029B89e2F233515a798,ADJUSTER,966,OTHER,1,READ,
w5,2025-12-19T14:43:04.419553Z,1.917,403,False,0x852cB9f303D330bff5722A21d48c0c4303bda309,POLICE,568,MEDICAL_REPORT,5,READ,
w3,2025-12-19T14:43:04.419645Z,1.945,200,True,0x66f104f30efDef6bbcf31F1d23B3c5a5Cf67C05A,INSURER,148,VIDEO,2,READ,
w9,2025-12-19T14:43:04.419740Z,1.965,403,False,0xD162EE2e18AC5c1AdC8152fd82CeDcE024c00f75,POLICE,859,OTHER,1,READ,
w6,2025-12-19T14:43:04.419835Z,2.125,403,False,0xe2a2B0b479b477f22BDd40fF8137AC17F6e34B2e,GARAGE,826,TELEMATICS,3,READ,
w2,2025-12-19T14:43:04.420008Z,2.097,403,False,0xca4373A5412dd617d707A9D63Fab5c33bc55890a,POLICE,921,OTHER,1,READ,
w7,2025-12-19T14:43:04.420231Z,2.005,200,True,0x536e3B0833a6eBb933f385c0b0De10423705f7a1,COURT,202,VIDEO,2,READ,
w4,2025-12-19T14:43:04.420620Z,1.737,403,False,0x9a076822Eb2A5Aff3AfdAC8DF2620AD153dC4035,POLICE,993,OTHER,1,READ,
w8,2025-12-19T14:43:04.421043Z,1.558,200,True,0x91229246e94c04361C72A11629D800CfBaC95674,COURT,806,TELEMATICS,3,READ,
w0,2025-12-19T14:43:04.421214Z,1.532,200,True,0x445B0132f3e4B43546EdbBb0604997A1c2605CDf,INSURER,761,TELEMATICS,3,READ,
w1,2025-12-19T14:43:04.421348Z,1.518,200,True,0xA07Ab60Dc6F87DcAbEA86aDb690fFf1e30BB14A6,COURT,716,TELEMATICS,3,READ,
w5,2025-12-19T14:43:04.421475Z,1.501,200,True,0x8e18b3Dc00a5886aeb63bE8dFcd734BAda06Bf8a,REGULATOR,799,TELEMATICS,3,READ,
w3,2025-12-19T14:43:04.421595Z,1.495,403,False,0xE8bF57455EE3405331D286E17C7bC05cAD0bFB1C,POLICE,705,TELEMATICS,3,READ,
w9,2025-12-19T14:43:04.421710Z,1.501,200,True,0x4706C804bB8f3Eb133529A02e3F3F48fc38Bd2F9,ADJUSTER,81,VIDEO,2,READ,
w6,2025-12-19T14:43:04.421965Z,1.448,200,True,0x536e3B0833a6eBb933f385c0b0De10423705f7a1,COURT,377,IMAGE,2,READ,
w2,2025-12-19T14:43:04.422111Z,1.411,403,False,0xdadC347Cbfd9bcB5e0E6bd20fA005df38d4fdFa0,ADJUSTER,620,MEDICAL_REPORT,5,READ,
w7,2025-12-19T14:43:04.422240Z,1.378,200,True,0x03E8540790383Dc711c7029C4a4727A3D6F85Ee6,INSURER,280,IMAGE,2,READ,
w4,2025-12-19T14:43:04.422362Z,1.348,200,True,0x9D27B273CA2f10A2b874e5280Aa7A5081BdC694C,INSURER,476,IMAGE,2,READ,
w8,2025-12-19T14:43:04.422608Z,1.281,403,False,0xca4373A5412dd617d707A9D63Fab5c33bc55890a,POLICE,828,TELEMATICS,3,READ,
w0,2025-12-19T14:43:04.422751Z,1.264,200,True,0xd3ad26904604cf4A6e4Ef026c902c9f70562F892,INSURER,573,FNOL,4,READ,
w1,2025-12-19T14:43:04.422872Z,1.259,200,True,0xE4B15B33FdBE23647b0F6070414150D566e1F62f,INSURER,952,OTHER,1,READ,
w5,2025-12-19T14:43:04.422981Z,1.359,200,True,0x8Dd8Ebe34924EFE25Fc2D7A18d687C6e9a775529,REGULATOR,440,IMAGE,2,READ,
w3,2025-12-19T14:43:04.423095Z,1.360,200,True,0x9D27B273CA2f10A2b874e5280Aa7A5081BdC694C,INSURER,651,FNOL,4,READ,
w9,2025-12-19T14:43:04.423216Z,1.348,403,False,0xdFCd3364f36CdB72072987Ba9e3a6197F2807c1A,GARAGE,574,FNOL,4,READ,
w6,2025-12-19T14:43:04.423418Z,1.256,200,True,0x536e3B0833a6eBb933f385c0b0De10423705f7a1,COURT,49,VIDEO,2,READ,
w2,2025-12-19T14:43:04.423527Z,1.254,200,True,0x8d04Ed80530786073721Ae9c38cD46D45dd71756,INSURER,627,FNOL,4,READ,
w7,2025-12-19T14:43:04.423622Z,1.354,200,True,0x12A0e24FbEa46bC85bd893CE5E21beFB44f88f15,POLICE,439,IMAGE,2,READ,
w4,2025-12-19T14:43:04.423713Z,1.374,200,True,0x5ACFAa5B3cF34961Fe72993cF32654Dff1eBc4ea,INSURER,601,MEDICAL_REPORT,5,READ,
w8,2025-12-19T14:43:04.423894Z,1.297,200,True,0x816E9ccDC1bbbd5f73D84dF5652A4B63F92DE291,INSURER,603,FNOL,4,READ,
w0,2025-12-19T14:43:04.424020Z,1.270,200,True,0x66f104f30efDef6bbcf31F1d23B3c5a5Cf67C05A,INSURER,941,OTHER,1,READ,
w1,2025-12-19T14:43:04.424135Z,1.379,403,False,0x9fFdEc67F092978A065F3956A4C0D0887253f6B4,GARAGE,954,OTHER,1,READ,
w5,2025-12-19T14:43:04.424345Z,1.303,403,False,0x793235ebf79944f08742d0Cd92ca6D24B4327d8E,POLICE,718,TELEMATICS,3,READ,
w3,2025-12-19T14:43:04.424460Z,1.302,200,True,0x8B87C429526Ce971509028A2d05b54c02704CDb3,INSURER,179,VIDEO,2,READ,
w9,2025-12-19T14:43:04.424567Z,1.296,200,True,0x816E9ccDC1bbbd5f73D84dF5652A4B63F92DE291,INSURER,868,OTHER,1,READ,
w6,2025-12-19T14:43:04.424679Z,1.279,200,True,0x7775fD4aD4669C7F6F26aCBf7CC07d9dA5f959C8,POLICE,450,IMAGE,2,READ,
w2,2025-12-19T14:43:04.424785Z,1.269,200,True,0xa162d20e1Ea3efe0C78A65109e3411462afd3b28,INSURER,68,VIDEO,2,READ,
w7,2025-12-19T14:43:04.424981Z,1.295,200,True,0x1f45920F4b49aD1E6d3d6542163Da1Fc12B8F399,POLICE,300,IMAGE,2,READ,
w4,2025-12-19T14:43:04.425092Z,1.295,200,True,0x7034d06498b2196468b6eD861eda7B5D1cb5594c,REGULATOR,967,OTHER,1,READ,
w8,2025-12-19T14:43:04.425195Z,1.311,200,True,0xE6eF4f2c9De0532C38589a58Fbde2BBC1C31279B,ADJUSTER,293,IMAGE,2,READ,
w0,2025-12-19T14:43:04.425294Z,1.317,200,True,0xB4C59915aF17bAB024Db05F0230B8Ee1aF00388d,COURT,971,OTHER,1,READ,
w1,2025-12-19T14:43:04.425519Z,1.296,200,True,0x03E8540790383Dc711c7029C4a4727A3D6F85Ee6,INSURER,321,IMAGE,2,READ,
w5,2025-12-19T14:43:04.425652Z,1.274,200,True,0x96C5458aF74559b7eB9C1768f6F30BD40251e25e,INSURER,46,VIDEO,2,READ,
w3,2025-12-19T14:43:04.425767Z,1.258,200,True,0x8CbB8dd324B837e6BD98E13e0c21fa636120Ca56,REGULATOR,800,TELEMATICS,3,READ,
w9,2025-12-19T14:43:04.425867Z,1.259,200,True,0x12A0e24FbEa46bC85bd893CE5E21beFB44f88f15,POLICE,325,IMAGE,2,READ,
w6,2025-12-19T14:43:04.425962Z,1.259,200,True,0x1d1694bc32c0223F44b4aC0956BE792a5996Cb79,INSURER,243,VIDEO,2,READ,
w2,2025-12-19T14:43:04.426058Z,1.253,200,True,0x8C0A9562bA06c26cD697012F2C311Ab93431CB08,INSURER,202,VIDEO,2,READ,
w7,2025-12-19T14:43:04.426280Z,1.204,200,True,0xe68d19e611fc7Cd8D9184Dbf3034203A5B0ba7E9,INSURER,474,IMAGE,2,READ,
w4,2025-12-19T14:43:04.426391Z,1.214,200,True,0x8d0151c4F2bF27afD2201C7C4fE56A90B0DA58Fe,INSURER,969,OTHER,1,READ,
w8,2025-12-19T14:43:04.426509Z,1.207,200,True,0x0Dc1cFEE2758F0e2688803c8098E11241014f8BB,INSURER,973,OTHER,1,READ,
w0,2025-12-19T14:43:04.426615Z,1.204,200,True,0x7d050D9da028bFC0eFF937489B90834dEFC533f3,INSURER,273,IMAGE,2,READ,
w1,2025-12-19T14:43:04.426819Z,1.185,200,True,0x8d04Ed80530786073721Ae9c38cD46D45dd71756,INSURER,959,OTHER,1,READ,
w5,2025-12-19T14:43:04.426930Z,1.186,403,False,0x4daf1A3296865E86D251A8ACacd2A4d94afB79F4,POLICE,591,MEDICAL_REPORT,5,READ,
w3,2025-12-19T14:43:04.427030Z,1.196,403,False,0x0f3329Ff55b9471d57D644d34b6c7227aeD65b2D,ADJUSTER,551,MEDICAL_REPORT,5,READ,
w9,2025-12-19T14:43:04.427130Z,1.199,403,False,0xFE9CaBBAac086eBE0edE14f99E312c84Ed89B85b,GARAGE,900,OTHER,1,READ,
w6,2025-12-19T14:43:04.427225Z,1.204,200,True,0xC9d315B25D2f58D8299fD726f1bd40D5b077C4a4,ADJUSTER,434,IMAGE,2,READ,
w2,2025-12-19T14:43:04.427315Z,1.312,200,True,0x1d1694bc32c0223F44b4aC0956BE792a5996Cb79,INSURER,786,TELEMATICS,3,READ,
w7,2025-12-19T14:43:04.427489Z,1.243,200,True,0x4706C804bB8f3Eb133529A02e3F3F48fc38Bd2F9,ADJUSTER,59,VIDEO,2,READ,
w4,2025-12-19T14:43:04.427609Z,1.223,200,True,0xf750FcD6205F9864ed98080D7e52Ec69D94CAf22,INSURER,3,VIDEO,2,READ,
w8,2025-12-19T14:43:04.427721Z,1.216,200,True,0x065803C5af851Dda212c2b93EabB66A8eE0Adb34,INSURER,88,VIDEO,2,READ,
w0,2025-12-19T14:43:04.427822Z,1.218,200,True,0x0f3329Ff55b9471d57D644d34b6c7227aeD65b2D,ADJUSTER,956,OTHER,1,READ,
w1,2025-12-19T14:43:04.428009Z,1.227,200,True,0x7d050D9da028bFC0eFF937489B90834dEFC533f3,INSURER,507,FNOL,4,READ,
w5,2025-12-19T14:43:04.428120Z,1.225,200,True,0x0Dc1cFEE2758F0e2688803c8098E11241014f8BB,INSURER,888,OTHER,1,READ,
w3,2025-12-19T14:43:04.428230Z,1.213,200,True,0x67F4F8CE04FD59Bf243930A77adCf14537A0B5D2,ADJUSTER,588,FNOL,4,READ,
w9,2025-12-19T14:43:04.428333Z,1.204,200,True,0x9Cc1e0F54e3D09Bf83b9f43222Ef44e11F170ff5,INSURER,948,OTHER,1,READ,
w6,2025-12-19T14:43:04.428433Z,1.198,200,True,0x547633aa452093F2f87ad6cF6Af95cf459e17be5,ADJUSTER,596,FNOL,4,READ,
w2,2025-12-19T14:43:04.428632Z,1.195,200,True,0x816E9ccDC1bbbd5f73D84dF5652A4B63F92DE291,INSURER,626,MEDICAL_REPORT,5,READ,
w7,2025-12-19T14:43:04.428736Z,1.207,200,True,0x33a629009de39E5811F7332ed385861ec1A77876,INSURER,107,VIDEO,2,READ,
w4,2025-12-19T14:43:04.428836Z,1.209,200,True,0xDB6a12DbE55181c3f880bD63570EA3f3AC91e63A,ADJUSTER,133,VIDEO,2,READ,
w8,2025-12-19T14:43:04.428941Z,1.213,200,True,0x7d050D9da028bFC0eFF937489B90834dEFC533f3,INSURER,150,VIDEO,2,READ,
w0,2025-12-19T14:43:04.429044Z,1.209,200,True,0xa1d85548f437eb81200cF05523C35E95aFB59c79,INSURER,247,VIDEO,2,READ,
w1,2025-12-19T14:43:04.429240Z,1.209,200,True,0xF173F4d5ADdf0E7a16e318fFd5937Dfb27583015,INSURER,566,MEDICAL_REPORT,5,READ,
w5,2025-12-19T14:43:04.429348Z,1.212,200,True,0x8d0151c4F2bF27afD2201C7C4fE56A90B0DA58Fe,INSURER,1000,OTHER,1,READ,
w3,2025-12-19T14:43:04.429446Z,1.215,403,False,0x13574B3384B73DcA7b44aa015680060B3561B666,POLICE,539,MEDICAL_REPORT,5,READ,
w9,2025-12-19T14:43:04.429542Z,1.215,200,True,0xA18C8C6aE69cB5aabAA3EfDdF1c38c4dE58494CA,INSURER,23,VIDEO,2,READ,
w6,2025-12-19T14:43:04.429635Z,1.212,200,True,0x5Adf6dA1124Cb04f8e27b4b197b6521C42AD0641,INSURER,91,VIDEO,2,READ,
w2,2025-12-19T14:43:04.429832Z,1.193,200,True,0xD81101A371257d1229a21CEAed60dD23BBb1a2B1,ADJUSTER,421,IMAGE,2,READ,
w7,2025-12-19T14:43:04.429947Z,1.180,403,False,0x522720c7F4efE7A2D43976187610Dc8c55F17207,POLICE,665,MEDICAL_REPORT,5,READ,
w4,2025-12-19T14:43:04.430050Z,1.170,200,True,0xaF805972401628544EBe993aC94305E19571431b,INSURER,540,MEDICAL_REPORT,5,READ,
w8,2025-12-19T14:43:04.430159Z,1.157,200,True,0x06D4bAEDddd3B73284654b61bec9CF7C3D667E84,ADJUSTER,970,OTHER,1,READ,
w0,2025-12-19T14:43:04.430257Z,1.235,200,True,0xb113F22B749C4efc290Eb311C18c72DF29481dAE,ADJUSTER,115,VIDEO,2,READ,
w1,2025-12-19T14:43:04.430454Z,1.142,200,True,0x3015CaAdD111E6bb308586Fb390005C8F75848A7,POLICE,90,VIDEO,2,READ,
w5,2025-12-19T14:43:04.430564Z,1.127,403,False,0x07e862A62f1C2E59d2B46Cb02c0B6469F0F2Ce6C,ADJUSTER,566,MEDICAL_REPORT,5,READ,
w3,2025-12-19T14:43:04.430665Z,1.113,200,True,0x17a3649Ac7847fC2048db0ceD97945aA7dCEdC8a,INSURER,761,TELEMATICS,3,READ,
w9,2025-12-19T14:43:04.430760Z,1.104,403,False,0x9fFdEc67F092978A065F3956A4C0D0887253f6B4,GARAGE,179,VIDEO,2,READ,
w6,2025-12-19T14:43:04.430851Z,1.190,200,True,0xe34b6a9Bc4D2c8Ee70eEd4111Ea531E97DDb4c4E,COURT,309,IMAGE,2,READ,
w2,2025-12-19T14:43:04.431029Z,1.122,200,True,0x33a629009de39E5811F7332ed385861ec1A77876,INSURER,46,VIDEO,2,READ,
w7,2025-12-19T14:43:04.431132Z,1.116,200,True,0xE5dd563f92431eDFA8d444f0f1999a2858b95A81,INSURER,849,TELEMATICS,3,READ,
w4,2025-12-19T14:43:04.431224Z,1.118,200,True,0xA18C8C6aE69cB5aabAA3EfDdF1c38c4dE58494CA,INSURER,334,IMAGE,2,READ,
w8,2025-12-19T14:43:04.431319Z,1.216,200,True,0x39f310D9c7221cAEF10d101bFB16Ecc0DF2654F9,INSURER,58,VIDEO,2,READ,
w0,2025-12-19T14:43:04.431496Z,1.152,200,True,0x5B9Fe195263932C148aB2997922dda28a64aD5A9,INSURER,357,IMAGE,2,READ,
w1,2025-12-19T14:43:04.431599Z,1.151,200,True,0x342E14b11b9f83662a05FF03e2f43C71f9Bf4873,REGULATOR,201,VIDEO,2,READ,
w5,2025-12-19T14:43:04.431695Z,1.152,200,True,0x0157eAF28226F1508d622a947510555A7D0a565c,INSURER,197,VIDEO,2,READ,
w3,2025-12-19T14:43:04.431782Z,1.162,200,True,0x8a68D81A9d3c90fE303344fA200a40Ad65bB9234,ADJUSTER,106,VIDEO,2,READ,
w9,2025-12-19T14:43:04.431868Z,1.167,200,True,0x45027EB686032B693Ea79a63545D177B238bc218,INSURER,692,FNOL,4,READ,
w6,2025-12-19T14:43:04.432045Z,1.169,200,True,0xD81101A371257d1229a21CEAed60dD23BBb1a2B1,ADJUSTER,661,FNOL,4,READ,
w2,2025-12-19T14:43:04.432154Z,1.162,200,True,0x711d7620b4C341A6A91E38D0c75783C80FfEdcED,COURT,322,IMAGE,2,READ,
w7,2025-12-19T14:43:04.432251Z,1.159,403,False,0xFE9CaBBAac086eBE0edE14f99E312c84Ed89B85b,GARAGE,841,TELEMATICS,3,READ,
w4,2025-12-19T14:43:04.432345Z,1.161,200,True,0xceebe3C41b74d2c472F28A01C7CC44d6aAcA498F,INSURER,119,VIDEO,2,READ,
w8,2025-12-19T14:43:04.432539Z,1.170,200,True,0xbDC02CAdBc892839484c2D2A7933028B4Cb9DBcE,INSURER,882,OTHER,1,READ,
w0,2025-12-19T14:43:04.432652Z,1.165,200,True,0xB29E5C47C181524AB77DF0E7095d8d832f9Afe6C,ADJUSTER,63,VIDEO,2,READ,
w1,2025-12-19T14:43:04.432755Z,1.160,200,True,0x3EBAE31cB2be64Fe5734160d81AF569256974D47,POLICE,291,IMAGE,2,READ,
w5,2025-12-19T14:43:04.432851Z,1.159,200,True,0x1F118D13DD44a163CF0Cfe93a2339019D5089D5c,ADJUSTER,32,VIDEO,2,READ,
w3,2025-12-19T14:43:04.432947Z,1.154,200,True,0xB4C59915aF17bAB024Db05F0230B8Ee1aF00388d,COURT,972,OTHER,1,READ,
w9,2025-12-19T14:43:04.433038Z,1.168,200,True,0x5B9Fe195263932C148aB2997922dda28a64aD5A9,INSURER,956,OTHER,1,READ,
w6,2025-12-19T14:43:04.433218Z,1.170,403,False,0x9dC8E21f76Ed8e9828c40E7E03428bEF6aF69A84,GARAGE,8,VIDEO,2,READ,
w2,2025-12-19T14:43:04.433320Z,1.194,200,True,0xf750FcD6205F9864ed98080D7e52Ec69D94CAf22,INSURER,364,IMAGE,2,READ,
w7,2025-12-19T14:43:04.433414Z,1.207,200,True,0xeE7a8fa9C275631851e5D7dc28236a336206c473,COURT,481,IMAGE,2,READ,
w4,2025-12-19T14:43:04.433511Z,1.211,200,True,0xe84288AfCCFcafd9a8AB74D8F555C5448a911Eb5,INSURER,304,IMAGE,2,READ,
w8,2025-12-19T14:43:04.433714Z,1.196,200,True,0x47200E7159B7646892C3cC84C60818bcD2B38A22,ADJUSTER,907,OTHER,1,READ,
w0,2025-12-19T14:43:04.433821Z,1.193,200,True,0x33a629009de39E5811F7332ed385861ec1A77876,INSURER,712,TELEMATICS,3,READ,
w1,2025-12-19T14:43:04.433918Z,1.188,403,False,0x852cB9f303D330bff5722A21d48c0c4303bda309,POLICE,567,FNOL,4,READ,
w5,2025-12-19T14:43:04.434013Z,1.186,403,False,0x9fFdEc67F092978A065F3956A4C0D0887253f6B4,GARAGE,102,VIDEO,2,READ,
w3,2025-12-19T14:43:04.434104Z,1.183,403,False,0xD162EE2e18AC5c1AdC8152fd82CeDcE024c00f75,POLICE,639,FNOL,4,READ,
w9,2025-12-19T14:43:04.434209Z,1.261,200,True,0x90F928F43C9c4066afF2a1E64E1063ECE320A9E3,INSURER,463,IMAGE,2,READ,
w6,2025-12-19T14:43:04.434394Z,1.176,200,True,0x5B9Fe195263932C148aB2997922dda28a64aD5A9,INSURER,17,VIDEO,2,READ,
w2,2025-12-19T14:43:04.434519Z,1.142,403,False,0x71f923CB5F826712E139D152d18028dE817Bae65,GARAGE,569,FNOL,4,READ,
w7,2025-12-19T14:43:04.434625Z,1.129,200,True,0x96C5458aF74559b7eB9C1768f6F30BD40251e25e,INSURER,202,VIDEO,2,READ,
w4,2025-12-19T14:43:04.434725Z,1.118,200,True,0xb00fDdDb57D515d86B84D0A2E8E492d9b6082070,INSURER,68,VIDEO,2,READ,
w8,2025-12-19T14:43:04.434914Z,1.096,200,True,0x1D3a19aAC334311E82F8439171A040835c8049F7,REGULATOR,97,VIDEO,2,READ,
w0,2025-12-19T14:43:04.435017Z,1.101,403,False,0xE8bF57455EE3405331D286E17C7bC05cAD0bFB1C,POLICE,986,OTHER,1,READ,
w1,2025-12-19T14:43:04.435110Z,1.108,200,True,0x8a68D81A9d3c90fE303344fA200a40Ad65bB9234,ADJUSTER,465,IMAGE,2,READ,
w5,2025-12-19T14:43:04.435203Z,1.277,200,True,0x90F928F43C9c4066afF2a1E64E1063ECE320A9E3,INSURER,914,OTHER,1,READ,
w3,2025-12-19T14:43:04.435291Z,1.388,200,True,0x32a71350b8324e903BA5674B6456e07Bd472AA8f,GARAGE,408,IMAGE,2,READ,
w9,2025-12-19T14:43:04.435475Z,1.391,200,True,0x6C083CdC9F152E5a82DB28241FBea8958a62a549,COURT,389,IMAGE,2,READ,
w6,2025-12-19T14:43:04.435574Z,1.500,403,False,0xFE9CaBBAac086eBE0edE14f99E312c84Ed89B85b,GARAGE,947,OTHER,1,READ,
w2,2025-12-19T14:43:04.435665Z,1.591,200,True,0x8d04Ed80530786073721Ae9c38cD46D45dd71756,INSURER,240,VIDEO,2,READ,
w7,2025-12-19T14:43:04.435758Z,1.707,403,False,0x1f45920F4b49aD1E6d3d6542163Da1Fc12B8F399,POLICE,672,MEDICAL_REPORT,5,READ,
w4,2025-12-19T14:43:04.435846Z,1.817,200,True,0x793235ebf79944f08742d0Cd92ca6D24B4327d8E,POLICE,9,VIDEO,2,READ,
w8,2025-12-19T14:43:04.436015Z,2.008,403,False,0x9dC8E21f76Ed8e9828c40E7E03428bEF6aF69A84,GARAGE,524,MEDICAL_REPORT,5,READ,
w0,2025-12-19T14:43:04.436122Z,2.125,200,True,0xc227AdED69aA39F067e0190b0EA4BB94BE51cb90,INSURER,70,VIDEO,2,READ,
w1,2025-12-19T14:43:04.436221Z,2.444,403,False,0xD162EE2e18AC5c1AdC8152fd82CeDcE024c00f75,POLICE,614,MEDICAL_REPORT,5,READ,
w5,2025-12-19T14:43:04.436487Z,2.425,200,True,0xf7E1883f933104b142c40E92e6624179359b44C2,INSURER,7,VIDEO,2,READ,
w3,2025-12-19T14:43:04.436688Z,2.594,200,True,0x0f3329Ff55b9471d57D644d34b6c7227aeD65b2D,ADJUSTER,221,VIDEO,2,READ,
w9,2025-12-19T14:43:04.436874Z,2.714,200,True,0x8419AD6d02e583D482E66F544e7fCc8a4078cE52,INSURER,801,TELEMATICS,3,READ,
w6,2025-12-19T14:43:04.437081Z,2.789,200,True,0x8a68D81A9d3c90fE303344fA200a40Ad65bB9234,ADJUSTER,64,VIDEO,2,READ,
w2,2025-12-19T14:43:04.437265Z,2.872,403,False,0x66dbB00795DC0d781dcA2e6219ab30FcaF5f1CAd,GARAGE,974,OTHER,1,READ,
w7,2025-12-19T14:43:04.437474Z,2.978,200,True,0x5B9Fe195263932C148aB2997922dda28a64aD5A9,INSURER,282,IMAGE,2,READ,
w4,2025-12-19T14:43:04.437670Z,3.196,200,True,0x33a629009de39E5811F7332ed385861ec1A77876,INSURER,592,MEDICAL_REPORT,5,READ,
w8,2025-12-19T14:43:04.438032Z,3.121,200,True,0xc6fd3ebdCCe1922C2aAF225B6Ae37C875b175082,ADJUSTER,109,VIDEO,2,READ,
w0,2025-12-19T14:43:04.438255Z,3.377,200,True,0x5cB8e3e86426cca28B81a1F506b0c918fa230526,INSURER,540,MEDICAL_REPORT,5,READ,
w1,2025-12-19T14:43:04.438673Z,3.305,200,True,0x065803C5af851Dda212c2b93EabB66A8eE0Adb34,INSURER,869,OTHER,1,READ,
w5,2025-12-19T14:43:04.438920Z,3.357,200,True,0xe68d19e611fc7Cd8D9184Dbf3034203A5B0ba7E9,INSURER,601,MEDICAL_REPORT,5,READ,
w3,2025-12-19T14:43:04.439309Z,3.189,200,True,0x852cB9f303D330bff5722A21d48c0c4303bda309,POLICE,308,IMAGE,2,READ,
w9,2025-12-19T14:43:04.439595Z,3.120,200,True,0x0157eAF28226F1508d622a947510555A7D0a565c,INSURER,581,MEDICAL_REPORT,5,READ,
w6,2025-12-19T14:43:04.439880Z,3.025,403,False,0x9dC8E21f76Ed8e9828c40E7E03428bEF6aF69A84,GARAGE,777,TELEMATICS,3,READ,
w2,2025-12-19T14:43:04.440146Z,2.959,200,True,0xF173F4d5ADdf0E7a16e318fFd5937Dfb27583015,INSURER,652,FNOL,4,READ,
w7,2025-12-19T14:43:04.440460Z,2.963,200,True,0x2E2C6b303dF5Eb5E67C04610fDF33084A6d7408B,ADJUSTER,22,VIDEO,2,READ,
w4,2025-12-19T14:43:04.440877Z,2.741,200,True,0xf1E534De0C06d61147F8A18Fd769352969fDCF3B,INSURER,608,FNOL,4,READ,
w8,2025-12-19T14:43:04.441163Z,2.847,200,True,0xAd5c25cf76e4C8A2ee7b38179b90ec0379Aee5d3,INSURER,655,MEDICAL_REPORT,5,READ,
w0,2025-12-19T14:43:04.441642Z,2.565,200,True,0x1734cC5117Ca09e57A599f0E72469FEad0d749F9,REGULATOR,447,IMAGE,2,READ,
w1,2025-12-19T14:43:04.441988Z,2.427,200,True,0xf750FcD6205F9864ed98080D7e52Ec69D94CAf22,INSURER,722,TELEMATICS,3,READ,
w5,2025-12-19T14:43:04.442286Z,2.366,200,True,0x18D398FEffFf1114bdb4B9558a6905E521C001A3,ADJUSTER,34,VIDEO,2,READ,
w3,2025-12-19T14:43:04.442508Z,2.427,200,True,0x33a629009de39E5811F7332ed385861ec1A77876,INSURER,502,FNOL,4,READ,
w9,2025-12-19T14:43:04.442723Z,2.555,200,True,0x4D2e324068BA02Eb613f39F882B7ED435DaAe089,INSURER,923,OTHER,1,READ,
w6,2025-12-19T14:43:04.442912Z,2.549,200,True,0x1e237843BDabB13CAAF8C9B59868118a067a706f,INSURER,586,MEDICAL_REPORT,5,READ,
w2,2025-12-19T14:43:04.443112Z,2.662,200,True,0x6d633edcb7CD9413cd0509faebAE113ec0EC2FBc,INSURER,226,VIDEO,2,READ,
w7,2025-12-19T14:43:04.443430Z,2.506,403,False,0xB4107C66a46663F51503A8d8C779b7E663809462,GARAGE,911,OTHER,1,READ,
w4,2025-12-19T14:43:04.443625Z,2.445,403,False,0x2Fd075dD3CC039D228Ac107272729a1129782C59,GARAGE,851,OTHER,1,READ,
w8,2025-12-19T14:43:04.444017Z,2.330,403,False,0x9dC8E21f76Ed8e9828c40E7E03428bEF6aF69A84,GARAGE,611,FNOL,4,READ,
w0,2025-12-19T14:43:04.444214Z,2.307,403,False,0x66dbB00795DC0d781dcA2e6219ab30FcaF5f1CAd,GARAGE,520,FNOL,4,READ,
w1,2025-12-19T14:43:04.444423Z,2.242,200,True,0x499B440236db366c87f8267Bd804228e12Df64A4,ADJUSTER,226,VIDEO,2,READ,
w5,2025-12-19T14:43:04.444660Z,2.144,403,False,0xdadC347Cbfd9bcB5e0E6bd20fA005df38d4fdFa0,ADJUSTER,645,MEDICAL_REPORT,5,READ,
w3,2025-12-19T14:43:04.444958Z,1.977,200,True,0xaf157e8fD0B47Ee2C692436E45dB871E2c1F3e83,INSURER,221,VIDEO,2,READ,
w9,2025-12-19T14:43:04.445285Z,1.770,200,True,0x2E2C6b303dF5Eb5E67C04610fDF33084A6d7408B,ADJUSTER,157,VIDEO,2,READ,
w6,2025-12-19T14:43:04.445467Z,1.812,200,True,0x1dDd4F87D89500d1d92400BaE6cdb8373566adeE,INSURER,77,VIDEO,2,READ,
w2,2025-12-19T14:43:04.445780Z,1.636,200,True,0x499B440236db366c87f8267Bd804228e12Df64A4,ADJUSTER,428,IMAGE,2,READ,
w7,2025-12-19T14:43:04.445942Z,1.606,200,True,0xd3ad26904604cf4A6e4Ef026c902c9f70562F892,INSURER,763,TELEMATICS,3,READ,
w4,2025-12-19T14:43:04.446075Z,1.718,200,True,0xD2e4187ae13875E61F4ADeB0bc309Fda9E672655,INSURER,268,IMAGE,2,READ,
w8,2025-12-19T14:43:04.446355Z,1.595,200,True,0x87731f9AB64CbE25f915Bd81646C15853b0A47F6,POLICE,62,VIDEO,2,READ,
w0,2025-12-19T14:43:04.446527Z,1.555,200,True,0x24a62efdAe4d80281BAc758e86a4E386905c720C,GARAGE,306,IMAGE,2,READ,
w1,2025-12-19T14:43:04.446671Z,1.523,200,True,0x1cF317F4288CfC3FdA6295dC3Ee1f3e2F8B03592,ADJUSTER,162,VIDEO,2,READ,
w5,2025-12-19T14:43:04.446809Z,1.504,200,True,0x1e237843BDabB13CAAF8C9B59868118a067a706f,INSURER,740,TELEMATICS,3,READ,
w3,2025-12-19T14:43:04.446941Z,1.584,200,True,0x2Fd075dD3CC039D228Ac107272729a1129782C59,GARAGE,469,IMAGE,2,READ,
w9,2025-12-19T14:43:04.447059Z,1.603,200,True,0xa162d20e1Ea3efe0C78A65109e3411462afd3b28,INSURER,175,VIDEO,2,READ,
w6,2025-12-19T14:43:04.447284Z,1.487,200,True,0x445B0132f3e4B43546EdbBb0604997A1c2605CDf,INSURER,918,OTHER,1,READ,
w2,2025-12-19T14:43:04.447422Z,1.584,200,True,0x8CbB8dd324B837e6BD98E13e0c21fa636120Ca56,REGULATOR,546,FNOL,4,READ,
w7,2025-12-19T14:43:04.447552Z,1.590,200,True,0x4DCDFfA1280ad4A435512Ee5dDaF8a9D4e9509E3,GARAGE,371,IMAGE,2,READ,
w4,2025-12-19T14:43:04.447798Z,1.472,200,True,0x342E14b11b9f83662a05FF03e2f43C71f9Bf4873,REGULATOR,392,IMAGE,2,READ,
w8,2025-12-19T14:43:04.447957Z,1.426,200,True,0xcbA3c1E62e024046934d519a26b637Dd0dfD1b3c,REGULATOR,298,IMAGE,2,READ,
w0,2025-12-19T14:43:04.448088Z,1.396,403,False,0x28de4877801Eb83FF8f280a15cC0c360f89295ED,GARAGE,773,TELEMATICS,3,READ,
w1,2025-12-19T14:43:04.448200Z,1.383,403,False,0x24a62efdAe4d80281BAc758e86a4E386905c720C,GARAGE,774,TELEMATICS,3,READ,
w5,2025-12-19T14:43:04.448318Z,1.464,403,False,0xb0276419CD1DA3AF0406c1b6D9D2302B8CDAc670,POLICE,912,OTHER,1,READ,
w3,2025-12-19T14:43:04.448532Z,1.373,200,True,0x1d1694bc32c0223F44b4aC0956BE792a5996Cb79,INSURER,968,OTHER,1,READ,
w9,2025-12-19T14:43:04.448668Z,1.350,200,True,0xbDC02CAdBc892839484c2D2A7933028B4Cb9DBcE,INSURER,368,IMAGE,2,READ,
w6,2025-12-19T14:43:04.448776Z,1.342,200,True,0x8C0A9562bA06c26cD697012F2C311Ab93431CB08,INSURER,545,FNOL,4,READ,
w2,2025-12-19T14:43:04.449011Z,1.283,200,True,0x39f310D9c7221cAEF10d101bFB16Ecc0DF2654F9,INSURER,655,MEDICAL_REPORT,5,READ,
w7,2025-12-19T14:43:04.449147Z,1.250,200,True,0xc227AdED69aA39F067e0190b0EA4BB94BE51cb90,INSURER,243,VIDEO,2,READ,
w4,2025-12-19T14:43:04.449275Z,1.217,200,True,0x9D27B273CA2f10A2b874e5280Aa7A5081BdC694C,INSURER,106,VIDEO,2,READ,
w8,2025-12-19T14:43:04.449388Z,1.306,200,True,0xd3ad26904604cf4A6e4Ef026c902c9f70562F892,INSURER,671,FNOL,4,READ,
w0,2025-12-19T14:43:04.449489Z,1.342,403,False,0xB4107C66a46663F51503A8d8C779b7E663809462,GARAGE,522,FNOL,4,READ,
w1,2025-12-19T14:43:04.449587Z,1.359,200,True,0xB4C59915aF17bAB024Db05F0230B8Ee1aF00388d,COURT,17,VIDEO,2,READ,
w5,2025-12-19T14:43:04.449786Z,1.395,403,False,0x4daf1A3296865E86D251A8ACacd2A4d94afB79F4,POLICE,617,MEDICAL_REPORT,5,READ,
w3,2025-12-19T14:43:04.449910Z,1.505,200,True,0x1dDd4F87D89500d1d92400BaE6cdb8373566adeE,INSURER,166,VIDEO,2,READ,
w9,2025-12-19T14:43:04.450023Z,1.605,200,True,0x0b5E323fB184f11d5882ca0773Ff29b91c76b407,ADJUSTER,939,OTHER,1,READ,
w6,2025-12-19T14:43:04.450122Z,1.844,200,True,0x8a68D81A9d3c90fE303344fA200a40Ad65bB9234,ADJUSTER,219,VIDEO,2,READ,
w2,2025-12-19T14:43:04.450299Z,1.878,200,True,0x9d26A04fcCe87Fd42687C4eCBA27F01DB5b333E9,REGULATOR,350,IMAGE,2,READ,
w7,2025-12-19T14:43:04.450401Z,2.125,200,True,0x4D2e324068BA02Eb613f39F882B7ED435DaAe089,INSURER,903,OTHER,1,READ,
w4,2025-12-19T14:43:04.450496Z,2.222,200,True,0x1D3a19aAC334311E82F8439171A040835c8049F7,REGULATOR,701,TELEMATICS,3,READ,
w8,2025-12-19T14:43:04.450699Z,2.193,200,True,0x168EC3290512E1AcbB8201aeD946f3BA1Ed1effc,INSURER,264,IMAGE,2,READ,
w0,2025-12-19T14:43:04.450836Z,2.203,403,False,0xA88F90716eDCDc5BFa0993c4c7FA41f629e44d8c,GARAGE,665,MEDICAL_REPORT,5,READ,
w1,2025-12-19T14:43:04.450952Z,2.220,403,False,0x7775fD4aD4669C7F6F26aCBf7CC07d9dA5f959C8,POLICE,689,MEDICAL_REPORT,5,READ,
w5,2025-12-19T14:43:04.451191Z,2.114,200,True,0x12A0e24FbEa46bC85bd893CE5E21beFB44f88f15,POLICE,187,VIDEO,2,READ,
w3,2025-12-19T14:43:04.451423Z,2.003,200,True,0x39f310D9c7221cAEF10d101bFB16Ecc0DF2654F9,INSURER,114,VIDEO,2,READ,
w9,2025-12-19T14:43:04.451636Z,2.111,403,False,0x4daf1A3296865E86D251A8ACacd2A4d94afB79F4,POLICE,505,FNOL,4,READ,
w6,2025-12-19T14:43:04.451974Z,1.971,200,True,0x23d961Bbd1C6082e8A752192D3D652cd833EFf20,COURT,774,TELEMATICS,3,READ,
w2,2025-12-19T14:43:04.452195Z,2.160,200,True,0x094A1Ff3795B2267aEA059A54C374B2CdB84D45e,COURT,913,OTHER,1,READ,
w7,2025-12-19T14:43:04.452533Z,2.226,200,True,0x6C9757f257381323C7E688e7935C2755df2DdaF3,INSURER,628,MEDICAL_REPORT,5,READ,
w4,2025-12-19T14:43:04.452724Z,2.256,403,False,0x28de4877801Eb83FF8f280a15cC0c360f89295ED,GARAGE,246,VIDEO,2,READ,
w8,2025-12-19T14:43:04.452898Z,2.315,200,True,0xA88F90716eDCDc5BFa0993c4c7FA41f629e44d8c,GARAGE,445,IMAGE,2,READ,
w0,2025-12-19T14:43:04.453044Z,2.405,200,True,0x4a5907024898DA4eE2BA57e89D767C6406ebD232,INSURER,539,MEDICAL_REPORT,5,READ,
w1,2025-12-19T14:43:04.453178Z,2.517,200,True,0x63799B99d43E4dB6Eb46BF3fEeBcb88c347351c0,COURT,283,IMAGE,2,READ,
w5,2025-12-19T14:43:04.453310Z,2.598,200,True,0x065803C5af851Dda212c2b93EabB66A8eE0Adb34,INSURER,547,MEDICAL_REPORT,5,READ,
w3,2025-12-19T14:43:04.453430Z,2.843,200,True,0x4b325498d9Ec08b7e1eb3C52CE9a554ea24D3737,INSURER,159,VIDEO,2,READ,
w9,2025-12-19T14:43:04.453755Z,2.731,200,True,0xf1E534De0C06d61147F8A18Fd769352969fDCF3B,INSURER,702,TELEMATICS,3,READ,
w6,2025-12-19T14:43:04.453955Z,2.733,200,True,0x417E040C3F0A2094fa86aE1A22D89f21ad5f2c91,INSURER,194,VIDEO,2,READ,
w2,2025-12-19T14:43:04.454363Z,2.700,200,True,0xA07Ab60Dc6F87DcAbEA86aDb690fFf1e30BB14A6,COURT,775,TELEMATICS,3,READ,
w7,2025-12-19T14:43:04.454767Z,2.515,200,True,0x7d050D9da028bFC0eFF937489B90834dEFC533f3,INSURER,659,MEDICAL_REPORT,5,READ,
w4,2025-12-19T14:43:04.454991Z,2.500,200,True,0xCC454a974c35BAE19d6A6dE745A05E46885e2304,INSURER,370,IMAGE,2,READ,
w8,2025-12-19T14:43:04.455222Z,2.522,200,True,0x8C0A9562bA06c26cD697012F2C311Ab93431CB08,INSURER,691,MEDICAL_REPORT,5,READ,
w0,2025-12-19T14:43:04.455459Z,2.480,200,True,0x03E8540790383Dc711c7029C4a4727A3D6F85Ee6,INSURER,425,IMAGE,2,READ,
w1,2025-12-19T14:43:04.455713Z,2.423,200,True,0x499B440236db366c87f8267Bd804228e12Df64A4,ADJUSTER,99,VIDEO,2,READ,
w5,2025-12-19T14:43:04.455917Z,2.505,200,True,0xD89D70fF36c803e47f1df2Ffaab469107117214F,ADJUSTER,135,VIDEO,2,READ,
w3,2025-12-19T14:43:04.456282Z,2.299,200,True,0x29Ab7D36C4d714Ab42079831182cFeA1dF363Eae,COURT,49,VIDEO,2,READ,
w9,2025-12-19T14:43:04.456493Z,2.371,200,True,0x5436Ade91ba3a6360A1246339D36223f463dF81a,INSURER,168,VIDEO,2,READ,
w6,2025-12-19T14:43:04.456696Z,2.311,200,True,0x852cB9f303D330bff5722A21d48c0c4303bda309,POLICE,129,VIDEO,2,READ,
w2,2025-12-19T14:43:04.457072Z,2.052,200,True,0x6C9757f257381323C7E688e7935C2755df2DdaF3,INSURER,279,IMAGE,2,READ,
w7,2025-12-19T14:43:04.457290Z,1.945,403,False,0xB4107C66a46663F51503A8d8C779b7E663809462,GARAGE,1,VIDEO,2,READ,
w4,2025-12-19T14:43:04.457500Z,1.848,200,True,0xbDC02CAdBc892839484c2D2A7933028B4Cb9DBcE,INSURER,585,MEDICAL_REPORT,5,READ,
w8,2025-12-19T14:43:04.457752Z,1.710,403,False,0x68c8c090a608c0B78636f50F6950137E9BBbEA97,GARAGE,684,FNOL,4,READ,
w0,2025-12-19T14:43:04.457947Z,1.632,200,True,0x5436Ade91ba3a6360A1246339D36223f463dF81a,INSURER,758,TELEMATICS,3,READ,
w1,2025-12-19T14:43:04.458144Z,1.629,200,True,0xD574Ba4eCc12ca8b6BF7d7ed27E8896b66251f36,INSURER,27,VIDEO,2,READ,
w5,2025-12-19T14:43:04.458429Z,1.462,200,True,0xE5dd563f92431eDFA8d444f0f1999a2858b95A81,INSURER,443,IMAGE,2,READ,
w3,2025-12-19T14:43:04.458588Z,1.532,403,False,0x20f5B667b21b5fC5b82Fa52c25088446F4026127,POLICE,855,OTHER,1,READ,
w9,2025-12-19T14:43:04.458872Z,1.381,403,False,0x24a8D6d1D04D0d1D3e1c665a8Bd2f2B50Cb7097F,GARAGE,83,VIDEO,2,READ,
w6,2025-12-19T14:43:04.459012Z,1.358,200,True,0x547633aa452093F2f87ad6cF6Af95cf459e17be5,ADJUSTER,996,OTHER,1,READ,
w2,2025-12-19T14:43:04.459129Z,1.349,200,True,0xdadC347Cbfd9bcB5e0E6bd20fA005df38d4fdFa0,ADJUSTER,909,OTHER,1,READ,
w7,2025-12-19T14:43:04.459239Z,1.350,200,True,0x417E040C3F0A2094fa86aE1A22D89f21ad5f2c91,INSURER,183,VIDEO,2,READ,
w4,2025-12-19T14:43:04.459353Z,1.337,200,True,0x8e18b3Dc00a5886aeb63bE8dFcd734BAda06Bf8a,REGULATOR,296,IMAGE,2,READ,
w8,2025-12-19T14:43:04.459466Z,1.334,200,True,0xf306C99564607882567c83a33f4e5EEEb8bF050e,ADJUSTER,265,IMAGE,2,READ,
w0,2025-12-19T14:43:04.459583Z,1.360,200,True,0x03E8540790383Dc711c7029C4a4727A3D6F85Ee6,INSURER,546,FNOL,4,READ,
w1,2025-12-19T14:43:04.459778Z,1.575,200,True,0x2bae1eb63108Ab352DaD7842Af98F4e1768425C1,ADJUSTER,376,IMAGE,2,READ,
w5,2025-12-19T14:43:04.459896Z,1.650,403,False,0xF9A0ebFF6934d204B4E2240E8c635586556a6bBf,POLICE,711,TELEMATICS,3,READ,
w3,2025-12-19T14:43:04.460126Z,1.805,200,True,0xa1d85548f437eb81200cF05523C35E95aFB59c79,INSURER,290,IMAGE,2,READ,
w9,2025-12-19T14:43:04.460258Z,1.870,200,True,0x13574B3384B73DcA7b44aa015680060B3561B666,POLICE,223,VIDEO,2,READ,
w6,2025-12-19T14:43:04.460375Z,1.948,200,True,0x9faB46D850015a996dAa8c1858e4cA1262E31bE2,INSURER,691,MEDICAL_REPORT,5,READ,
w2,2025-12-19T14:43:04.460482Z,2.049,200,True,0x20f5B667b21b5fC5b82Fa52c25088446F4026127,POLICE,227,VIDEO,2,READ,
w7,2025-12-19T14:43:04.460594Z,2.092,403,False,0x8e698D53B82C116210BD73e1cA88584086b03795,POLICE,588,FNOL,4,READ,
w4,2025-12-19T14:43:04.460694Z,2.139,403,False,0xFfF5E088c8b6a5a470a6D48f405892515c41FCa6,ADJUSTER,548,MEDICAL_REPORT,5,READ,
w8,2025-12-19T14:43:04.460804Z,2.166,403,False,0x1f45920F4b49aD1E6d3d6542163Da1Fc12B8F399,POLICE,939,OTHER,1,READ,
w0,2025-12-19T14:43:04.460948Z,2.181,200,True,0xe84288AfCCFcafd9a8AB74D8F555C5448a911Eb5,INSURER,522,FNOL,4,READ,
w1,2025-12-19T14:43:04.461359Z,2.007,200,True,0x92416914cF3F47944a8e5CCBA5d619b68b615D33,POLICE,353,IMAGE,2,READ,
w5,2025-12-19T14:43:04.461553Z,2.139,403,False,0x40B970b53BFF9D4A11Fe90cD35998f21368a2830,POLICE,834,TELEMATICS,3,READ,
w3,2025-12-19T14:43:04.461941Z,1.906,200,True,0x6f5CC3De03FD8Ff029C145d99B3A9D30D2c0A71D,INSURER,212,VIDEO,2,READ,
w9,2025-12-19T14:43:04.462137Z,1.835,200,True,0xe68d19e611fc7Cd8D9184Dbf3034203A5B0ba7E9,INSURER,561,FNOL,4,READ,
w6,2025-12-19T14:43:04.462330Z,1.755,200,True,0x20f5B667b21b5fC5b82Fa52c25088446F4026127,POLICE,258,IMAGE,2,READ,
w2,2025-12-19T14:43:04.462538Z,1.648,403,False,0xD655a56fEE3b3b955dDD12746620A181f93F16e6,POLICE,570,FNOL,4,READ,
w7,2025-12-19T14:43:04.462694Z,1.609,200,True,0x8CbB8dd324B837e6BD98E13e0c21fa636120Ca56,REGULATOR,372,IMAGE,2,READ,
w4,2025-12-19T14:43:04.462837Z,1.573,200,True,0xf1E534De0C06d61147F8A18Fd769352969fDCF3B,INSURER,728,TELEMATICS,3,READ,
w8,2025-12-19T14:43:04.462977Z,1.553,200,True,0x1d1694bc32c0223F44b4aC0956BE792a5996Cb79,INSURER,865,OTHER,1,READ,
w0,2025-12-19T14:43:04.463136Z,1.578,200,True,0x17a3649Ac7847fC2048db0ceD97945aA7dCEdC8a,INSURER,638,FNOL,4,READ,
w1,2025-12-19T14:43:04.463374Z,1.468,200,True,0x11aaC79A517D8afa3a7DB9b5B2E4a2592284C7AE,INSURER,636,FNOL,4,READ,
w5,2025-12-19T14:43:04.463699Z,1.373,200,True,0x59F93F27b669bD4e2a076c77c1134dc9Bd550AFA,INSURER,997,OTHER,1,READ,
w3,2025-12-19T14:43:04.463852Z,1.338,200,True,0x3dc584940370d31418aBbfB6F809C055E9bBC98f,COURT,14,VIDEO,2,READ,
w9,2025-12-19T14:43:04.463977Z,1.320,200,True,0x1D3a19aAC334311E82F8439171A040835c8049F7,REGULATOR,178,VIDEO,2,READ,
w6,2025-12-19T14:43:04.464090Z,1.306,200,True,0x5ACFAa5B3cF34961Fe72993cF32654Dff1eBc4ea,INSURER,714,TELEMATICS,3,READ,
w2,2025-12-19T14:43:04.464190Z,1.313,200,True,0xFfF5E088c8b6a5a470a6D48f405892515c41FCa6,ADJUSTER,519,FNOL,4,READ,
w7,2025-12-19T14:43:04.464309Z,1.420,403,False,0x522720c7F4efE7A2D43976187610Dc8c55F17207,POLICE,694,FNOL,4,READ,
w4,2025-12-19T14:43:04.464414Z,1.463,403,False,0x32a71350b8324e903BA5674B6456e07Bd472AA8f,GARAGE,760,TELEMATICS,3,READ,
w8,2025-12-19T14:43:04.464535Z,1.461,200,True,0x92416914cF3F47944a8e5CCBA5d619b68b615D33,POLICE,28,VIDEO,2,READ,
w0,2025-12-19T14:43:04.464719Z,1.381,200,True,0x4706C804bB8f3Eb133529A02e3F3F48fc38Bd2F9,ADJUSTER,197,VIDEO,2,READ,
w1,2025-12-19T14:43:04.464848Z,1.363,200,True,0x2bae1eb63108Ab352DaD7842Af98F4e1768425C1,ADJUSTER,41,VIDEO,2,READ,
w5,2025-12-19T14:43:04.465077Z,1.345,200,True,0xF9A0ebFF6934d204B4E2240E8c635586556a6bBf,POLICE,393,IMAGE,2,READ,
w3,2025-12-19T14:43:04.465194Z,1.333,200,True,0x536e3B0833a6eBb933f385c0b0De10423705f7a1,COURT,665,MEDICAL_REPORT,5,READ,
w9,2025-12-19T14:43:04.465302Z,1.329,403,False,0x4531E352d63619A871806b0f4b4509c5Ac923135,GARAGE,873,OTHER,1,READ,
w6,2025-12-19T14:43:04.465400Z,1.328,200,True,0x92416914cF3F47944a8e5CCBA5d619b68b615D33,POLICE,389,IMAGE,2,READ,
w2,2025-12-19T14:43:04.465507Z,1.316,403,False,0x94aC64f763ca7BcC8957cb2CBAfF108a9d91ADc1,POLICE,646,FNOL,4,READ,
w7,2025-12-19T14:43:04.465737Z,1.273,200,True,0x9a076822Eb2A5Aff3AfdAC8DF2620AD153dC4035,POLICE,86,VIDEO,2,READ,
w4,2025-12-19T14:43:04.465882Z,1.245,403,False,0x47200E7159B7646892C3cC84C60818bcD2B38A22,ADJUSTER,655,MEDICAL_REPORT,5,READ,
w8,2025-12-19T14:43:04.466001Z,1.231,200,True,0x8EacD2DD8F1d188ca58Ce26655097d63c95b65BB,ADJUSTER,898,OTHER,1,READ,
w0,2025-12-19T14:43:04.466104Z,1.225,403,False,0x4DCDFfA1280ad4A435512Ee5dDaF8a9D4e9509E3,GARAGE,944,OTHER,1,READ,
w1,2025-12-19T14:43:04.466216Z,1.295,200,True,0x168EC3290512E1AcbB8201aeD946f3BA1Ed1effc,INSURER,117,VIDEO,2,READ,
w5,2025-12-19T14:43:04.466427Z,1.261,200,True,0x33a629009de39E5811F7332ed385861ec1A77876,INSURER,8,VIDEO,2,READ,
w3,2025-12-19T14:43:04.466532Z,1.287,200,True,0xf750FcD6205F9864ed98080D7e52Ec69D94CAf22,INSURER,48,VIDEO,2,READ,
w9,2025-12-19T14:43:04.466635Z,1.288,200,True,0x986fDE3291033E80049183d4eAac7752F29166cC,INSURER,500,IMAGE,2,READ,
w6,2025-12-19T14:43:04.466733Z,1.291,200,True,0x5cB8e3e86426cca28B81a1F506b0c918fa230526,INSURER,187,VIDEO,2,READ,
w2,2025-12-19T14:43:04.466827Z,1.419,403,False,0x92416914cF3F47944a8e5CCBA5d619b68b615D33,POLICE,690,MEDICAL_REPORT,5,READ,
w7,2025-12-19T14:43:04.467015Z,1.349,403,False,0x12A0e24FbEa46bC85bd893CE5E21beFB44f88f15,POLICE,677,MEDICAL_REPORT,5,READ,
w4,2025-12-19T14:43:04.467132Z,1.345,200,True,0xB4C59915aF17bAB024Db05F0230B8Ee1aF00388d,COURT,907,OTHER,1,READ,
w8,2025-12-19T14:43:04.467236Z,1.345,200,True,0x986fDE3291033E80049183d4eAac7752F29166cC,INSURER,157,VIDEO,2,READ,
w0,2025-12-19T14:43:04.467334Z,1.348,403,False,0xE8bF57455EE3405331D286E17C7bC05cAD0bFB1C,POLICE,974,OTHER,1,READ,
w1,2025-12-19T14:43:04.467515Z,1.382,200,True,0x1dDd4F87D89500d1d92400BaE6cdb8373566adeE,INSURER,482,IMAGE,2,READ,
w5,2025-12-19T14:43:04.467693Z,1.338,200,True,0x168EC3290512E1AcbB8201aeD946f3BA1Ed1effc,INSURER,434,IMAGE,2,READ,
w3,2025-12-19T14:43:04.467823Z,1.353,200,True,0xD91E6fbf8C6C9F06DA14fCEc6BB1f34719Cb6AfF,INSURER,771,TELEMATICS,3,READ,
w9,2025-12-19T14:43:04.467928Z,1.364,200,True,0x2E2C6b303dF5Eb5E67C04610fDF33084A6d7408B,ADJUSTER,976,OTHER,1,READ,
w6,2025-12-19T14:43:04.468028Z,1.393,200,True,0x065803C5af851Dda212c2b93EabB66A8eE0Adb34,INSURER,143,VIDEO,2,READ,
w2,2025-12-19T14:43:04.468251Z,1.409,403,False,0x20f5B667b21b5fC5b82Fa52c25088446F4026127,POLICE,844,TELEMATICS,3,READ,
w7,2025-12-19T14:43:04.468368Z,1.439,200,True,0xD2e4187ae13875E61F4ADeB0bc309Fda9E672655,INSURER,359,IMAGE,2,READ,
w4,2025-12-19T14:43:04.468482Z,1.440,200,True,0xE5dd563f92431eDFA8d444f0f1999a2858b95A81,INSURER,96,VIDEO,2,READ,
w8,2025-12-19T14:43:04.468585Z,1.483,200,True,0xe68d19e611fc7Cd8D9184Dbf3034203A5B0ba7E9,INSURER,199,VIDEO,2,READ,
w0,2025-12-19T14:43:04.468686Z,1.762,200,True,0x1cF317F4288CfC3FdA6295dC3Ee1f3e2F8B03592,ADJUSTER,515,FNOL,4,READ,
w1,2025-12-19T14:43:04.468902Z,1.753,200,True,0xa162d20e1Ea3efe0C78A65109e3411462afd3b28,INSURER,945,OTHER,1,READ,
w5,2025-12-19T14:43:04.469037Z,1.810,200,True,0xd3ad26904604cf4A6e4Ef026c902c9f70562F892,INSURER,697,MEDICAL_REPORT,5,READ,
w3,2025-12-19T14:43:04.469182Z,1.837,200,True,0xCe0598bC3ba15cA3db71063563179eCf0D7c35A7,ADJUSTER,953,OTHER,1,READ,
w9,2025-12-19T14:43:04.469297Z,1.991,403,False,0x3CeB0Aa9CCc9c0A29a814fBD5c1aD23dca52aeb6,ADJUSTER,668,MEDICAL_REPORT,5,READ,
w6,2025-12-19T14:43:04.469430Z,2.030,403,False,0x4531E352d63619A871806b0f4b4509c5Ac923135,GARAGE,734,TELEMATICS,3,READ,
w2,2025-12-19T14:43:04.469666Z,1.938,200,True,0xD162EE2e18AC5c1AdC8152fd82CeDcE024c00f75,POLICE,433,IMAGE,2,READ,
w7,2025-12-19T14:43:04.469813Z,1.919,200,True,0xcbA3c1E62e024046934d519a26b637Dd0dfD1b3c,REGULATOR,385,IMAGE,2,READ,
w4,2025-12-19T14:43:04.469926Z,2.084,200,True,0xfc909f67c3BA8552cdb1B0bA216742E485d43BA1,ADJUSTER,319,IMAGE,2,READ,
w8,2025-12-19T14:43:04.470074Z,2.082,403,False,0x8e698D53B82C116210BD73e1cA88584086b03795,POLICE,827,TELEMATICS,3,READ,
w0,2025-12-19T14:43:04.470458Z,1.822,200,True,0x96C5458aF74559b7eB9C1768f6F30BD40251e25e,INSURER,647,FNOL,4,READ,
w1,2025-12-19T14:43:04.470661Z,1.729,200,True,0x8d04Ed80530786073721Ae9c38cD46D45dd71756,INSURER,342,IMAGE,2,READ,
w5,2025-12-19T14:43:04.470855Z,1.686,403,False,0x9D65961198142f8eE2223b06687b0C16ED30B78E,POLICE,966,OTHER,1,READ,
w3,2025-12-19T14:43:04.471024Z,1.710,200,True,0x6C083CdC9F152E5a82DB28241FBea8958a62a549,COURT,734,TELEMATICS,3,READ,
w9,2025-12-19T14:43:04.471295Z,1.776,200,True,0x17a3649Ac7847fC2048db0ceD97945aA7dCEdC8a,INSURER,445,IMAGE,2,READ,
w6,2025-12-19T14:43:04.471467Z,1.808,200,True,0x4daf1A3296865E86D251A8ACacd2A4d94afB79F4,POLICE,28,VIDEO,2,READ,
w2,2025-12-19T14:43:04.471610Z,1.814,200,True,0x99a806d3b557c0a8e626Cef888962d06713ad5f6,COURT,709,TELEMATICS,3,READ,
w7,2025-12-19T14:43:04.471738Z,1.940,200,True,0xdF8A225C5B1E14558757B029B89e2F233515a798,ADJUSTER,835,TELEMATICS,3,READ,
w4,2025-12-19T14:43:04.472018Z,1.817,200,True,0x547633aa452093F2f87ad6cF6Af95cf459e17be5,ADJUSTER,5,VIDEO,2,READ,
w8,2025-12-19T14:43:04.472161Z,1.830,200,True,0x03E8540790383Dc711c7029C4a4727A3D6F85Ee6,INSURER,358,IMAGE,2,READ,
w0,2025-12-19T14:43:04.472284Z,1.856,200,True,0x7f9fe1a6ad85DEBFdFB998d4E7Ddb5cb2fD1bd63,INSURER,705,TELEMATICS,3,READ,
w1,2025-12-19T14:43:04.472397Z,1.870,200,True,0xDB6a12DbE55181c3f880bD63570EA3f3AC91e63A,ADJUSTER,791,TELEMATICS,3,READ,
w5,2025-12-19T14:43:04.472550Z,1.823,200,True,0x24a8D6d1D04D0d1D3e1c665a8Bd2f2B50Cb7097F,GARAGE,327,IMAGE,2,READ,
w3,2025-12-19T14:43:04.472741Z,1.983,200,True,0x547633aa452093F2f87ad6cF6Af95cf459e17be5,ADJUSTER,160,VIDEO,2,READ,
w9,2025-12-19T14:43:04.473080Z,1.805,200,True,0x40B970b53BFF9D4A11Fe90cD35998f21368a2830,POLICE,30,VIDEO,2,READ,
w6,2025-12-19T14:43:04.473281Z,1.736,200,True,0x3EBAE31cB2be64Fe5734160d81AF569256974D47,POLICE,187,VIDEO,2,READ,
w2,2025-12-19T14:43:04.473429Z,1.707,200,True,0x8Dd8Ebe34924EFE25Fc2D7A18d687C6e9a775529,REGULATOR,731,TELEMATICS,3,READ,
w7,2025-12-19T14:43:04.473684Z,1.653,200,True,0x4706C804bB8f3Eb133529A02e3F3F48fc38Bd2F9,ADJUSTER,317,IMAGE,2,READ,
w4,2025-12-19T14:43:04.473841Z,1.612,200,True,0x8Dd8Ebe34924EFE25Fc2D7A18d687C6e9a775529,REGULATOR,823,TELEMATICS,3,READ,
w8,2025-12-19T14:43:04.473996Z,1.566,200,True,0x5436Ade91ba3a6360A1246339D36223f463dF81a,INSURER,802,TELEMATICS,3,READ,
w0,2025-12-19T14:43:04.474146Z,1.534,200,True,0xe34b6a9Bc4D2c8Ee70eEd4111Ea531E97DDb4c4E,COURT,711,TELEMATICS,3,READ,
w1,2025-12-19T14:43:04.474272Z,1.626,200,True,0x8419AD6d02e583D482E66F544e7fCc8a4078cE52,INSURER,599,FNOL,4,READ,
w5,2025-12-19T14:43:04.474379Z,1.654,403,False,0x3015CaAdD111E6bb308586Fb390005C8F75848A7,POLICE,822,TELEMATICS,3,READ,
w3,2025-12-19T14:43:04.474731Z,1.416,200,True,0xf306C99564607882567c83a33f4e5EEEb8bF050e,ADJUSTER,508,FNOL,4,READ,
w9,2025-12-19T14:43:04.474891Z,1.360,200,True,0x8CbB8dd324B837e6BD98E13e0c21fa636120Ca56,REGULATOR,89,VIDEO,2,READ,
w6,2025-12-19T14:43:04.475022Z,1.415,200,True,0x39f310D9c7221cAEF10d101bFB16Ecc0DF2654F9,INSURER,197,VIDEO,2,READ,
w2,2025-12-19T14:43:04.475140Z,1.423,200,True,0x00a777ADb6935EdBdF8a8529125d1fbd93EdBA56,INSURER,722,TELEMATICS,3,READ,
w7,2025-12-19T14:43:04.475343Z,1.327,403,False,0xECB4fA8D986702c344aB4Aacfa51CfeD104110bA,ADJUSTER,687,MEDICAL_REPORT,5,READ,
w4,2025-12-19T14:43:04.475457Z,1.312,403,False,0x3015CaAdD111E6bb308586Fb390005C8F75848A7,POLICE,691,MEDICAL_REPORT,5,READ,
w8,2025-12-19T14:43:04.475567Z,1.378,200,True,0x5ACFAa5B3cF34961Fe72993cF32654Dff1eBc4ea,INSURER,987,OTHER,1,READ,
w0,2025-12-19T14:43:04.475685Z,1.381,200,True,0x1d1694bc32c0223F44b4aC0956BE792a5996Cb79,INSURER,665,MEDICAL_REPORT,5,READ,
w1,2025-12-19T14:43:04.475904Z,1.265,200,True,0xc227AdED69aA39F067e0190b0EA4BB94BE51cb90,INSURER,559,MEDICAL_REPORT,5,READ,
w5,2025-12-19T14:43:04.476038Z,1.327,403,False,0xA88F90716eDCDc5BFa0993c4c7FA41f629e44d8c,GARAGE,509,FNOL,4,READ,
w3,2025-12-19T14:43:04.476152Z,1.338,200,True,0x522720c7F4efE7A2D43976187610Dc8c55F17207,POLICE,11,VIDEO,2,READ,
w9,2025-12-19T14:43:04.476255Z,1.352,200,True,0x1370507A4d90d4951D78E9186DFEbFFbD0102eb0,INSURER,367,IMAGE,2,READ,
w6,2025-12-19T14:43:04.476443Z,1.269,200,True,0x1F118D13DD44a163CF0Cfe93a2339019D5089D5c,ADJUSTER,671,FNOL,4,READ,
w2,2025-12-19T14:43:04.476569Z,1.247,200,True,0x11aaC79A517D8afa3a7DB9b5B2E4a2592284C7AE,INSURER,249,VIDEO,2,READ,
w7,2025-12-19T14:43:04.476675Z,1.242,200,True,0x31A860cfF3A3D2B972B9EE41a34653e31b6143DD,ADJUSTER,54,VIDEO,2,READ,
w4,2025-12-19T14:43:04.476773Z,1.342,200,True,0xF173F4d5ADdf0E7a16e318fFd5937Dfb27583015,INSURER,303,IMAGE,2,READ,
w8,2025-12-19T14:43:04.476954Z,1.278,200,True,0x1F118D13DD44a163CF0Cfe93a2339019D5089D5c,ADJUSTER,911,OTHER,1,READ,
w0,2025-12-19T14:43:04.477071Z,1.267,200,True,0x39f310D9c7221cAEF10d101bFB16Ecc0DF2654F9,INSURER,613,FNOL,4,READ,
w1,2025-12-19T14:43:04.477172Z,1.388,200,True,0x1d1694bc32c0223F44b4aC0956BE792a5996Cb79,INSURER,898,OTHER,1,READ,
w5,2025-12-19T14:43:04.477370Z,1.308,403,False,0x499B440236db366c87f8267Bd804228e12Df64A4,ADJUSTER,696,MEDICAL_REPORT,5,READ,
w3,2025-12-19T14:43:04.477495Z,1.290,200,True,0x9faB46D850015a996dAa8c1858e4cA1262E31bE2,INSURER,581,MEDICAL_REPORT,5,READ,
w9,2025-12-19T14:43:04.477611Z,1.278,200,True,0xE8bF57455EE3405331D286E17C7bC05cAD0bFB1C,POLICE,20,VIDEO,2,READ,
w6,2025-12-19T14:43:04.477716Z,1.269,403,False,0x66dbB00795DC0d781dcA2e6219ab30FcaF5f1CAd,GARAGE,44,VIDEO,2,READ,
w2,2025-12-19T14:43:04.477821Z,1.274,200,True,0x39f6D3043406601E6c6B8f786B46298Be5738EC8,INSURER,768,TELEMATICS,3,READ,
w7,2025-12-19T14:43:04.477922Z,1.272,200,True,0xf750FcD6205F9864ed98080D7e52Ec69D94CAf22,INSURER,357,IMAGE,2,READ,
w4,2025-12-19T14:43:04.478120Z,1.254,200,True,0xAd5c25cf76e4C8A2ee7b38179b90ec0379Aee5d3,INSURER,122,VIDEO,2,READ,
w8,2025-12-19T14:43:04.478236Z,1.267,200,True,0x4D2e324068BA02Eb613f39F882B7ED435DaAe089,INSURER,779,TELEMATICS,3,READ,
w0,2025-12-19T14:43:04.478341Z,1.271,200,True,0x31A860cfF3A3D2B972B9EE41a34653e31b6143DD,ADJUSTER,603,FNOL,4,READ,
w1,2025-12-19T14:43:04.478565Z,1.249,200,True,0x29Ab7D36C4d714Ab42079831182cFeA1dF363Eae,COURT,762,TELEMATICS,3,READ,
w5,2025-12-19T14:43:04.478682Z,1.251,200,True,0x1d1694bc32c0223F44b4aC0956BE792a5996Cb79,INSURER,13,VIDEO,2,READ,
w3,2025-12-19T14:43:04.478790Z,1.318,200,True,0x5cB8e3e86426cca28B81a1F506b0c918fa230526,INSURER,318,IMAGE,2,READ,
w9,2025-12-19T14:43:04.478893Z,1.385,200,True,0xb4F3640241c9285C3384313c7E76CBB3eded034B,INSURER,228,VIDEO,2,READ,
w6,2025-12-19T14:43:04.478990Z,1.445,200,True,0xb0276419CD1DA3AF0406c1b6D9D2302B8CDAc670,POLICE,131,VIDEO,2,READ,
w2,2025-12-19T14:43:04.479099Z,1.479,200,True,0x1370507A4d90d4951D78E9186DFEbFFbD0102eb0,INSURER,922,OTHER,1,READ,
w7,2025-12-19T14:43:04.479198Z,1.586,200,True,0x74fB3137dFB3B6448931Fb8Da2496AaF6a238f78,COURT,905,OTHER,1,READ,
w4,2025-12-19T14:43:04.479379Z,1.520,200,True,0x94aC64f763ca7BcC8957cb2CBAfF108a9d91ADc1,POLICE,2,VIDEO,2,READ,
w8,2025-12-19T14:43:04.479508Z,1.510,200,True,0x66f104f30efDef6bbcf31F1d23B3c5a5Cf67C05A,INSURER,358,IMAGE,2,READ,
w0,2025-12-19T14:43:04.479616Z,1.625,200,True,0x33a629009de39E5811F7332ed385861ec1A77876,INSURER,668,MEDICAL_REPORT,5,READ,
w1,2025-12-19T14:43:04.479818Z,1.540,200,True,0x50BbaB837D91CF9f3d77c66d83c40d4b389AB0B1,INSURER,828,TELEMATICS,3,READ,
w5,2025-12-19T14:43:04.479946Z,1.513,200,True,0x47200E7159B7646892C3cC84C60818bcD2B38A22,ADJUSTER,987,OTHER,1,READ,
w3,2025-12-19T14:43:04.480114Z,1.440,200,True,0xc6fd3ebdCCe1922C2aAF225B6Ae37C875b175082,ADJUSTER,1000,OTHER,1,READ,
w9,2025-12-19T14:43:04.480285Z,1.361,200,True,0x766C26A7aD924449Bec43A8A34DEF94ddE4249e8,COURT,472,IMAGE,2,READ,
w6,2025-12-19T14:43:04.480443Z,1.298,200,True,0xa1d85548f437eb81200cF05523C35E95aFB59c79,INSURER,524,MEDICAL_REPORT,5,READ,
w2,2025-12-19T14:43:04.480585Z,1.256,200,True,0x0f3329Ff55b9471d57D644d34b6c7227aeD65b2D,ADJUSTER,265,IMAGE,2,READ,
w7,2025-12-19T14:43:04.480789Z,1.253,200,True,0xaF805972401628544EBe993aC94305E19571431b,INSURER,368,IMAGE,2,READ,
w4,2025-12-19T14:43:04.480904Z,1.254,200,True,0xD574Ba4eCc12ca8b6BF7d7ed27E8896b66251f36,INSURER,912,OTHER,1,READ,
w8,2025-12-19T14:43:04.481022Z,1.240,200,True,0x67F4F8CE04FD59Bf243930A77adCf14537A0B5D2,ADJUSTER,706,TELEMATICS,3,READ,
w0,2025-12-19T14:43:04.481246Z,1.219,200,True,0xa1d85548f437eb81200cF05523C35E95aFB59c79,INSURER,516,FNOL,4,READ,
w1,2025-12-19T14:43:04.481363Z,1.206,200,True,0xF2c90E8ED7e59FCFb44ff6056Cf906449175c417,REGULATOR,825,TELEMATICS,3,READ,
w5,2025-12-19T14:43:04.481464Z,1.200,200,True,0x547633aa452093F2f87ad6cF6Af95cf459e17be5,ADJUSTER,412,IMAGE,2,READ,
w3,2025-12-19T14:43:04.481558Z,1.200,200,True,0xb4F3640241c9285C3384313c7E76CBB3eded034B,INSURER,747,TELEMATICS,3,READ,
w9,2025-12-19T14:43:04.481650Z,1.203,200,True,0x18D398FEffFf1114bdb4B9558a6905E521C001A3,ADJUSTER,300,IMAGE,2,READ,
w6,2025-12-19T14:43:04.481745Z,1.196,200,True,0x8Dd8Ebe34924EFE25Fc2D7A18d687C6e9a775529,REGULATOR,798,TELEMATICS,3,READ,
w2,2025-12-19T14:43:04.481845Z,1.185,200,True,0x342E14b11b9f83662a05FF03e2f43C71f9Bf4873,REGULATOR,468,IMAGE,2,READ,
w7,2025-12-19T14:43:04.482048Z,1.130,200,True,0xB681a7921F6B4dE01c32e0986627275Edcd5e568,INSURER,28,VIDEO,2,READ,
w4,2025-12-19T14:43:04.482162Z,1.231,200,True,0xECB4fA8D986702c344aB4Aacfa51CfeD104110bA,ADJUSTER,306,IMAGE,2,READ,
w8,2025-12-19T14:43:04.482266Z,1.251,200,True,0x6C083CdC9F152E5a82DB28241FBea8958a62a549,COURT,133,VIDEO,2,READ,
w0,2025-12-19T14:43:04.482470Z,1.158,403,False,0x4531E352d63619A871806b0f4b4509c5Ac923135,GARAGE,226,VIDEO,2,READ,
w1,2025-12-19T14:43:04.482574Z,1.153,200,True,0xdadC347Cbfd9bcB5e0E6bd20fA005df38d4fdFa0,ADJUSTER,804,TELEMATICS,3,READ,
w5,2025-12-19T14:43:04.482669Z,1.155,200,True,0x7F58e30B33E800fAD1041651365A29CfB660aC57,INSURER,931,OTHER,1,READ,
w3,2025-12-19T14:43:04.482763Z,1.156,200,True,0x50BbaB837D91CF9f3d77c66d83c40d4b389AB0B1,INSURER,902,OTHER,1,READ,
w9,2025-12-19T14:43:04.482857Z,1.165,403,False,0xdF8A225C5B1E14558757B029B89e2F233515a798,ADJUSTER,557,MEDICAL_REPORT,5,READ,
w6,2025-12-19T14:43:04.482945Z,1.264,200,True,0x39f310D9c7221cAEF10d101bFB16Ecc0DF2654F9,INSURER,980,OTHER,1,READ,
w2,2025-12-19T14:43:04.483034Z,1.290,403,False,0xca4373A5412dd617d707A9D63Fab5c33bc55890a,POLICE,885,OTHER,1,READ,
w7,2025-12-19T14:43:04.483183Z,1.245,403,False,0x31A860cfF3A3D2B972B9EE41a34653e31b6143DD,ADJUSTER,690,MEDICAL_REPORT,5,READ,
w4,2025-12-19T14:43:04.483398Z,1.250,200,True,0x67f187dcbDE2Fbf24Ec1508f7AAdF943bcE1f668,INSURER,495,IMAGE,2,READ,
w8,2025-12-19T14:43:04.483521Z,1.240,200,True,0x00a777ADb6935EdBdF8a8529125d1fbd93EdBA56,INSURER,768,TELEMATICS,3,READ,
w0,2025-12-19T14:43:04.483632Z,1.232,403,False,0xF9A0ebFF6934d204B4E2240E8c635586556a6bBf,POLICE,943,OTHER,1,READ,
w1,2025-12-19T14:43:04.483731Z,1.240,200,True,0x29Ab7D36C4d714Ab42079831182cFeA1dF363Eae,COURT,266,IMAGE,2,READ,
w5,2025-12-19T14:43:04.483828Z,1.245,200,True,0x7f9fe1a6ad85DEBFdFB998d4E7Ddb5cb2fD1bd63,INSURER,145,VIDEO,2,READ,
w3,2025-12-19T14:43:04.483923Z,1.247,200,True,0x6C083CdC9F152E5a82DB28241FBea8958a62a549,COURT,720,TELEMATICS,3,READ,
w9,2025-12-19T14:43:04.484026Z,1.242,403,False,0xC9d315B25D2f58D8299fD726f1bd40D5b077C4a4,ADJUSTER,528,MEDICAL_REPORT,5,READ,
w6,2025-12-19T14:43:04.484213Z,1.240,200,True,0x66f104f30efDef6bbcf31F1d23B3c5a5Cf67C05A,INSURER,637,MEDICAL_REPORT,5,READ,
w2,2025-12-19T14:43:04.484328Z,1.241,200,True,0xe84288AfCCFcafd9a8AB74D8F555C5448a911Eb5,INSURER,842,TELEMATICS,3,READ,
w7,2025-12-19T14:43:04.484431Z,1.242,200,True,0x9D27B273CA2f10A2b874e5280Aa7A5081BdC694C,INSURER,65,VIDEO,2,READ,
w4,2025-12-19T14:43:04.484653Z,1.234,200,True,0x3C54f0201259B5BB5Dd5dBCD0Ccf8A9522BB30FD,INSURER,343,IMAGE,2,READ,
w8,2025-12-19T14:43:04.484766Z,1.241,200,True,0x91229246e94c04361C72A11629D800CfBaC95674,COURT,343,IMAGE,2,READ,
w0,2025-12-19T14:43:04.484868Z,1.242,200,True,0x2bae1eb63108Ab352DaD7842Af98F4e1768425C1,ADJUSTER,852,OTHER,1,READ,
w1,2025-12-19T14:43:04.484974Z,1.236,200,True,0x9a076822Eb2A5Aff3AfdAC8DF2620AD153dC4035,POLICE,362,IMAGE,2,READ,
w5,2025-12-19T14:43:04.485078Z,1.231,200,True,0xFE9CaBBAac086eBE0edE14f99E312c84Ed89B85b,GARAGE,260,IMAGE,2,READ,
w3,2025-12-19T14:43:04.485174Z,1.233,200,True,0xB4107C66a46663F51503A8d8C779b7E663809462,GARAGE,386,IMAGE,2,READ,
w9,2025-12-19T14:43:04.485272Z,1.238,200,True,0xa162d20e1Ea3efe0C78A65109e3411462afd3b28,INSURER,869,OTHER,1,READ,
w6,2025-12-19T14:43:04.485457Z,1.233,200,True,0x4706C804bB8f3Eb133529A02e3F3F48fc38Bd2F9,ADJUSTER,174,VIDEO,2,READ,
w2,2025-12-19T14:43:04.485574Z,1.226,200,True,0x555115C078B14a18238D974E5351E87E050EbE47,ADJUSTER,184,VIDEO,2,READ,
w7,2025-12-19T14:43:04.485677Z,1.242,200,True,0x1dDd4F87D89500d1d92400BaE6cdb8373566adeE,INSURER,947,OTHER,1,READ,
w4,2025-12-19T14:43:04.485892Z,1.426,200,True,0xe34b6a9Bc4D2c8Ee70eEd4111Ea531E97DDb4c4E,COURT,556,FNOL,4,READ,
w8,2025-12-19T14:43:04.486011Z,1.482,200,True,0x2Fd075dD3CC039D228Ac107272729a1129782C59,GARAGE,393,IMAGE,2,READ,
w0,2025-12-19T14:43:04.486114Z,1.506,200,True,0xCC454a974c35BAE19d6A6dE745A05E46885e2304,INSURER,262,IMAGE,2,READ,
w1,2025-12-19T14:43:04.486214Z,1.513,403,False,0x9a076822Eb2A5Aff3AfdAC8DF2620AD153dC4035,POLICE,654,MEDICAL_REPORT,5,READ,
w5,2025-12-19T14:43:04.486313Z,1.518,403,False,0x8e698D53B82C116210BD73e1cA88584086b03795,POLICE,512,FNOL,4,READ,
w3,2025-12-19T14:43:04.486411Z,1.523,200,True,0xc6fd3ebdCCe1922C2aAF225B6Ae37C875b175082,ADJUSTER,424,IMAGE,2,READ,
w9,2025-12-19T14:43:04.486515Z,1.561,200,True,0x94aC64f763ca7BcC8957cb2CBAfF108a9d91ADc1,POLICE,487,IMAGE,2,READ,
w6,2025-12-19T14:43:04.486695Z,1.576,200,True,0x8B87C429526Ce971509028A2d05b54c02704CDb3,INSURER,326,IMAGE,2,READ,
w2,2025-12-19T14:43:04.486804Z,1.593,200,True,0xf750FcD6205F9864ed98080D7e52Ec69D94CAf22,INSURER,771,TELEMATICS,3,READ,
w7,2025-12-19T14:43:04.486925Z,1.688,200,True,0xF2c90E8ED7e59FCFb44ff6056Cf906449175c417,REGULATOR,923,OTHER,1,READ,
w4,2025-12-19T14:43:04.487327Z,1.402,200,True,0x9d26A04fcCe87Fd42687C4eCBA27F01DB5b333E9,REGULATOR,112,VIDEO,2,READ,
w8,2025-12-19T14:43:04.487499Z,1.350,200,True,0xe34b6a9Bc4D2c8Ee70eEd4111Ea531E97DDb4c4E,COURT,907,OTHER,1,READ,
w0,2025-12-19T14:43:04.487625Z,1.336,200,True,0xb00fDdDb57D515d86B84D0A2E8E492d9b6082070,INSURER,399,IMAGE,2,READ,
w1,2025-12-19T14:43:04.487731Z,1.336,200,True,0x7034d06498b2196468b6eD861eda7B5D1cb5594c,REGULATOR,984,OTHER,1,READ,
w5,2025-12-19T14:43:04.487835Z,1.329,403,False,0xf306C99564607882567c83a33f4e5EEEb8bF050e,ADJUSTER,504,MEDICAL_REPORT,5,READ,
w3,2025-12-19T14:43:04.487941Z,1.321,200,True,0x2E2C6b303dF5Eb5E67C04610fDF33084A6d7408B,ADJUSTER,52,VIDEO,2,READ,
w9,2025-12-19T14:43:04.488081Z,1.362,200,True,0xca4373A5412dd617d707A9D63Fab5c33bc55890a,POLICE,16,VIDEO,2,READ,
w6,2025-12-19T14:43:04.488277Z,1.280,200,True,0x1D3a19aAC334311E82F8439171A040835c8049F7,REGULATOR,504,MEDICAL_REPORT,5,READ,
w2,2025-12-19T14:43:04.488402Z,1.386,200,True,0xc3c51312907D83df323e05D7E254352175252368,COURT,738,TELEMATICS,3,READ,
w7,2025-12-19T14:43:04.488617Z,1.305,200,True,0x986fDE3291033E80049183d4eAac7752F29166cC,INSURER,608,FNOL,4,READ,
w4,2025-12-19T14:43:04.488734Z,1.313,200,True,0xB681a7921F6B4dE01c32e0986627275Edcd5e568,INSURER,892,OTHER,1,READ,
w8,2025-12-19T14:43:04.488853Z,1.302,403,False,0x3EBAE31cB2be64Fe5734160d81AF569256974D47,POLICE,717,TELEMATICS,3,READ,
w0,2025-12-19T14:43:04.488966Z,1.296,200,True,0x4D2e324068BA02Eb613f39F882B7ED435DaAe089,INSURER,115,VIDEO,2,READ,
w1,2025-12-19T14:43:04.489071Z,1.294,200,True,0x1dDd4F87D89500d1d92400BaE6cdb8373566adeE,INSURER,781,TELEMATICS,3,READ,
w5,2025-12-19T14:43:04.489169Z,1.227,200,True,0x5B9Fe195263932C148aB2997922dda28a64aD5A9,INSURER,841,TELEMATICS,3,READ,
w3,2025-12-19T14:43:04.489266Z,1.155,200,True,0xc227AdED69aA39F067e0190b0EA4BB94BE51cb90,INSURER,685,FNOL,4,READ,
w9,2025-12-19T14:43:04.489448Z,1.076,200,True,0x501d27511202E1C0343B6ee79241254B3C3d4378,INSURER,89,VIDEO,2,READ,
w6,2025-12-19T14:43:04.489561Z,0.992,200,True,0xD91E6fbf8C6C9F06DA14fCEc6BB1f34719Cb6AfF,INSURER,386,IMAGE,2,READ,
w2,2025-12-19T14:43:04.489794Z,0.854,200,True,0x766C26A7aD924449Bec43A8A34DEF94ddE4249e8,COURT,846,TELEMATICS,3,READ,
w7,2025-12-19T14:43:04.489926Z,0.747,200,True,0x90F928F43C9c4066afF2a1E64E1063ECE320A9E3,INSURER,222,VIDEO,2,READ,
w4,2025-12-19T14:43:04.490051Z,0.644,200,True,0xAd5c25cf76e4C8A2ee7b38179b90ec0379Aee5d3,INSURER,372,IMAGE,2,READ,
w8,2025-12-19T14:43:04.490160Z,0.557,200,True,0xb00fDdDb57D515d86B84D0A2E8E492d9b6082070,INSURER,566,MEDICAL_REPORT,5,READ,
w0,2025-12-19T14:43:04.490266Z,0.475,200,True,0xAd5c25cf76e4C8A2ee7b38179b90ec0379Aee5d3,INSURER,15,VIDEO,2,READ,
