worker,start_time_iso,latency_ms,status,allowed,subject_address,subject_role,resource_id,resource_type,resource_sensitivity,action,error
w20,2025-12-19T15:01:23.316114Z,144.607,403,False,0x23aA93bc659A3e3D0da5434a4088578341D43278,GARAGE,860,OTHER,1,READ,
w81,2025-12-19T15:01:23.318085Z,143.020,403,False,0x84FDd0E1F145C20f9451b1eB751c26e76B3232d4,POLICE,900,OTHER,1,READ,
w82,2025-12-19T15:01:23.318112Z,143.328,403,False,0xE3De53E77787ac96c6f78B3eD0A6Acea23953342,POLICE,974,OTHER,1,READ,
w35,2025-12-19T15:01:23.316553Z,145.046,403,False,0xa96C0E04f38F8dC8842789660AA8C570bfCCFF50,GARAGE,889,OTHER,1,READ,
w92,2025-12-19T15:01:23.318392Z,143.336,403,False,0x01891323537Ca8c745Cd76182c9eB81519eaC821,GARAGE,150,VIDEO,2,READ,
w96,2025-12-19T15:01:23.318503Z,143.341,403,False,0x3116De7d4519B71BA014e7EF3e874D3a98B64A91,POLICE,803,TELEMATICS,3,READ,
w40,2025-12-19T15:01:23.316825Z,145.130,403,False,0xC5f6e3512D3B1133da1f88159fDf63dC9f2d43FB,ADJUSTER,529,MEDICAL_REPORT,5,READ,
w46,2025-12-19T15:01:23.316992Z,145.069,403,False,0xD3b3bd4ce4B597519FCE080Ce05805A99cC8C772,GARAGE,707,TELEMATICS,3,READ,
w51,2025-12-19T15:01:23.317147Z,145.136,403,False,0xD261b62ccB398d8100234C5fD641c6D67B10C62B,GARAGE,919,OTHER,1,READ,
w3,2025-12-19T15:01:23.315564Z,146.883,403,False,0x59760590b1fCF3C846635ae6432DE56ef26298B8,GARAGE,131,VIDEO,2,READ,
w58,2025-12-19T15:01:23.317348Z,145.222,403,False,0xafA5Afd00Ec5464DAf96FCe2b09f4e4e157F4A67,POLICE,510,MEDICAL_REPORT,5,READ,
w5,2025-12-19T15:01:23.315651Z,147.031,403,False,0x69254de41949D1A246C5c1A168e5e8473D2d50f0,ADJUSTER,629,MEDICAL_REPORT,5,READ,
w60,2025-12-19T15:01:23.317410Z,248.792,200,True,0x8216a92a44877D72a31FA6453e4583a6DCe25752,INSURER,860,OTHER,1,READ,
w6,2025-12-19T15:01:23.315686Z,250.857,200,True,0x78b99D5D04232b9650d619DBa5F5600a9242A472,INSURER,154,VIDEO,2,READ,
w61,2025-12-19T15:01:23.317440Z,249.459,200,True,0x811FdDFb3340F34AB2b91C97AcB5FAeB6405847E,REGULATOR,339,IMAGE,2,READ,
w7,2025-12-19T15:01:23.315721Z,251.326,200,True,0x6032b722b48DC8717A2C437485f2D3d264BD803B,ADJUSTER,109,VIDEO,2,READ,
w62,2025-12-19T15:01:23.317471Z,249.701,200,True,0x5ee06906aF52aEd2c884D505d3a0A7CA7513188D,INSURER,921,OTHER,1,READ,
w8,2025-12-19T15:01:23.315752Z,251.533,200,True,0x1cf47318cada656180563507BDd94262cAA29a4a,INSURER,367,IMAGE,2,READ,
w63,2025-12-19T15:01:23.317503Z,249.888,200,True,0x7fBAcb835330c3A23597A355A26Cf6E0ee69A0B5,COURT,990,OTHER,1,READ,
w9,2025-12-19T15:01:23.315788Z,251.706,200,True,0x0AbFb230511189A840157bF7FcA43b1b69338dC6,POLICE,389,IMAGE,2,READ,
w64,2025-12-19T15:01:23.317528Z,250.064,200,True,0xACaaedBfb07404f2aAf0ccd6503B1529C1A48764,ADJUSTER,808,TELEMATICS,3,READ,
w10,2025-12-19T15:01:23.315817Z,251.903,200,True,0x28365792Da71bc8AcAD11a4393049d006EF2E972,GARAGE,287,IMAGE,2,READ,
w65,2025-12-19T15:01:23.317556Z,250.287,200,True,0xC23BB727D3Ae6bD9cd90AC52ee26359F19176de3,INSURER,5,VIDEO,2,READ,
w11,2025-12-19T15:01:23.315846Z,252.103,200,True,0xA75Af013B9CBdf4322e0c459A2fB8B708fbB8Ddc,POLICE,492,IMAGE,2,READ,
w66,2025-12-19T15:01:23.317582Z,250.777,200,True,0x3a74Fec63a615BC94b9A47bEa6340935Ab155117,ADJUSTER,410,IMAGE,2,READ,
w12,2025-12-19T15:01:23.315878Z,252.601,200,True,0x469Bf06C8a44e5E2Bb2752C29B92d88DCA076B8a,POLICE,408,IMAGE,2,READ,
w67,2025-12-19T15:01:23.317610Z,250.977,200,True,0x7C8B230898f07628a4f24e2D0ffe62373593dCce,POLICE,356,IMAGE,2,READ,
w13,2025-12-19T15:01:23.315908Z,252.779,200,True,0x892Bc4E7F6D9a6aD507664d8A8EEB33b2544f3Ea,COURT,152,VIDEO,2,READ,
w68,2025-12-19T15:01:23.317636Z,251.154,200,True,0xafA5Afd00Ec5464DAf96FCe2b09f4e4e157F4A67,POLICE,374,IMAGE,2,READ,
w14,2025-12-19T15:01:23.315937Z,252.957,200,True,0xFf85d9d86E5E1a3792266E2a5BB970C470C1e0c5,COURT,173,VIDEO,2,READ,
w69,2025-12-19T15:01:23.317662Z,251.330,200,True,0x50Ed54bf40D96Fda59d7F83abE5551535d7938ac,COURT,652,MEDICAL_REPORT,5,READ,
w15,2025-12-19T15:01:23.315964Z,253.126,200,True,0xcA28195b12c3c8cB960d8423584ee9a8677BD158,POLICE,430,IMAGE,2,READ,
w70,2025-12-19T15:01:23.317688Z,251.494,200,True,0x98eAB44F56Ae1f00C301517F1B6fCDb7a452D64b,ADJUSTER,469,IMAGE,2,READ,
w16,2025-12-19T15:01:23.315993Z,253.283,200,True,0x469Bf06C8a44e5E2Bb2752C29B92d88DCA076B8a,POLICE,362,IMAGE,2,READ,
w71,2025-12-19T15:01:23.317717Z,251.652,200,True,0x685A29EE8A06E458E58A29d721dFB677cdF8a600,INSURER,63,VIDEO,2,READ,
w17,2025-12-19T15:01:23.316021Z,253.441,200,True,0x4395153bc7Ac8ebD080b3C98FE634fcA40E5609F,COURT,682,MEDICAL_REPORT,5,READ,
w72,2025-12-19T15:01:23.317746Z,252.545,200,True,0x05d1ef5b43268c6a5BD456A953029092795045d9,INSURER,40,VIDEO,2,READ,
w18,2025-12-19T15:01:23.316050Z,254.405,200,True,0x85C720Ae65eF1706A0cf41695a93A34E189D5Ea0,INSURER,384,IMAGE,2,READ,
w73,2025-12-19T15:01:23.317774Z,252.808,200,True,0x044bef4Ff250cBBFE36FEfE3b859D78bA04c1223,INSURER,825,TELEMATICS,3,READ,
w19,2025-12-19T15:01:23.316084Z,254.618,200,True,0x0479AcE8E12E22b9751dF7542dd8f225c221EC34,ADJUSTER,94,VIDEO,2,READ,
w74,2025-12-19T15:01:23.317803Z,253.006,200,True,0x68cBdE77b98e3AF3281dBC229ee66540Eac3f007,ADJUSTER,75,VIDEO,2,READ,
w75,2025-12-19T15:01:23.317830Z,253.086,200,True,0xc0F601980c6FD898E06229024740eec17abbF5C2,INSURER,608,FNOL,4,READ,
w76,2025-12-19T15:01:23.317860Z,253.159,200,True,0x67A9BC3Fb3B4a392C223A8C644B48346b9Ca5128,COURT,795,TELEMATICS,3,READ,
w77,2025-12-19T15:01:23.317887Z,253.227,200,True,0xBC78986794f1658340222E011F7e1Cf375177F95,ADJUSTER,972,OTHER,1,READ,
w21,2025-12-19T15:01:23.316142Z,255.074,200,True,0x12DF904699208278b4355b568d47De4F2c9646fe,INSURER,713,TELEMATICS,3,READ,
w78,2025-12-19T15:01:23.317998Z,253.354,200,True,0x2B5dEec5325fd9befC139A2071d830B25FAd52Ef,GARAGE,471,IMAGE,2,READ,
w22,2025-12-19T15:01:23.316170Z,255.299,200,True,0xACaaedBfb07404f2aAf0ccd6503B1529C1A48764,ADJUSTER,471,IMAGE,2,READ,
w79,2025-12-19T15:01:23.318028Z,253.546,200,True,0xD6e58dE85e171C0D6BB42Cf4a85fBa7C55ce5618,INSURER,638,MEDICAL_REPORT,5,READ,
w23,2025-12-19T15:01:23.316202Z,256.389,200,True,0x50Ed54bf40D96Fda59d7F83abE5551535d7938ac,COURT,985,OTHER,1,READ,
w80,2025-12-19T15:01:23.318056Z,254.804,200,True,0x892Bc4E7F6D9a6aD507664d8A8EEB33b2544f3Ea,COURT,51,VIDEO,2,READ,
w24,2025-12-19T15:01:23.316232Z,256.826,200,True,0xE385ea618340FfE0d7c7e9EB25048F1c1E437F33,INSURER,810,TELEMATICS,3,READ,
w25,2025-12-19T15:01:23.316261Z,256.981,200,True,0x4828419eA02B1D4399E039f8E5F346f37f19fA13,INSURER,193,VIDEO,2,READ,
w26,2025-12-19T15:01:23.316290Z,257.154,200,True,0xeD60C4758Fab078c38685EeEF9692D8Fa4F3dDB9,INSURER,991,OTHER,1,READ,
w83,2025-12-19T15:01:23.318141Z,255.492,200,True,0xB8954C40b419Ae7332fF39Ce3d458ba1fed03941,REGULATOR,298,IMAGE,2,READ,
w27,2025-12-19T15:01:23.316322Z,257.488,200,True,0xB3e698A67fD5AEeB61b8bE389e7E917Bc2Ea032a,POLICE,151,VIDEO,2,READ,
w84,2025-12-19T15:01:23.318166Z,255.766,200,True,0x48f8656e15a2FC22Ccd6cDe7c56db39C1B62E770,POLICE,308,IMAGE,2,READ,
w28,2025-12-19T15:01:23.316353Z,257.688,200,True,0x02BD9B3b464b98EB353C8f83Eb3b4cB0627A52Ed,COURT,171,VIDEO,2,READ,
w85,2025-12-19T15:01:23.318194Z,255.953,200,True,0x02BD9B3b464b98EB353C8f83Eb3b4cB0627A52Ed,COURT,276,IMAGE,2,READ,
w29,2025-12-19T15:01:23.316382Z,257.893,200,True,0x476ad4Ce50BbD6624855e3d1e12E6cC23654359A,INSURER,790,TELEMATICS,3,READ,
w86,2025-12-19T15:01:23.318223Z,256.161,200,True,0xFeC4882fEAf263ac0fD1b9B4271dD1852B413584,INSURER,213,VIDEO,2,READ,
w30,2025-12-19T15:01:23.316411Z,258.079,200,True,0x290FAd62Cb657cBfDA616da814529a670cdad059,POLICE,310,IMAGE,2,READ,
w87,2025-12-19T15:01:23.318249Z,256.336,200,True,0x1cf47318cada656180563507BDd94262cAA29a4a,INSURER,839,TELEMATICS,3,READ,
w31,2025-12-19T15:01:23.316438Z,258.242,200,True,0x42dC03c90d7652B937d26628a86f9317bbf521dc,INSURER,619,FNOL,4,READ,
w88,2025-12-19T15:01:23.318277Z,256.494,200,True,0x14d0cb07D407E25F725b7f9854B98fEEEBb4942F,INSURER,322,IMAGE,2,READ,
w32,2025-12-19T15:01:23.316467Z,258.396,200,True,0x81daFDe6F70ee2Fb93671DC220cC29F8205ACB57,INSURER,354,IMAGE,2,READ,
w89,2025-12-19T15:01:23.318306Z,256.648,200,True,0x9F6d6682cb1957F9585F9b8AC3469E4D767600D6,INSURER,805,TELEMATICS,3,READ,
w33,2025-12-19T15:01:23.316496Z,258.554,200,True,0x3D8B37E283940B186f3d817371AE9834E2836f7f,GARAGE,262,IMAGE,2,READ,
w90,2025-12-19T15:01:23.318335Z,256.811,200,True,0x51a1E6D900E3e04c169Be84b2D5e5ccB2420B0EB,INSURER,530,FNOL,4,READ,
w34,2025-12-19T15:01:23.316525Z,258.716,200,True,0xc0F601980c6FD898E06229024740eec17abbF5C2,INSURER,680,MEDICAL_REPORT,5,READ,
w91,2025-12-19T15:01:23.318361Z,256.973,200,True,0x57e02f30Dd15545B3A9eC4841D0D58Ee1D829414,GARAGE,255,IMAGE,2,READ,
w36,2025-12-19T15:01:23.316580Z,258.849,200,True,0x290FAd62Cb657cBfDA616da814529a670cdad059,POLICE,235,VIDEO,2,READ,
w93,2025-12-19T15:01:23.318420Z,257.106,200,True,0x11652BF4c5D394F3a46E96f2bE659939a0f6a6ed,INSURER,248,VIDEO,2,READ,
w37,2025-12-19T15:01:23.316734Z,258.893,200,True,0x4f464925226709cf94C01633A1f468E106AD6413,INSURER,840,TELEMATICS,3,READ,
w94,2025-12-19T15:01:23.318448Z,257.282,200,True,0x8Dd96368f7a8216813107Fe89688AcaafE8Cb76D,INSURER,303,IMAGE,2,READ,
w38,2025-12-19T15:01:23.316764Z,259.068,200,True,0x81daFDe6F70ee2Fb93671DC220cC29F8205ACB57,INSURER,101,VIDEO,2,READ,
w95,2025-12-19T15:01:23.318475Z,257.451,200,True,0x567dccd668D18B4ACd8A2795151edB162Bc34767,ADJUSTER,35,VIDEO,2,READ,
w39,2025-12-19T15:01:23.316796Z,259.222,200,True,0xCdb11D137710f0a5234b9D3c040668B6D48e59d4,COURT,403,IMAGE,2,READ,
w97,2025-12-19T15:01:23.318530Z,257.585,200,True,0x8FA3c986B63dEd44ce62D4aC5b3b0F49FF447700,COURT,632,MEDICAL_REPORT,5,READ,
w41,2025-12-19T15:01:23.316854Z,259.355,200,True,0x3116De7d4519B71BA014e7EF3e874D3a98B64A91,POLICE,480,IMAGE,2,READ,
w98,2025-12-19T15:01:23.318556Z,257.751,200,True,0x7B46635cB6cA958f34ae933b93884a5f19b258D7,INSURER,834,TELEMATICS,3,READ,
w42,2025-12-19T15:01:23.316880Z,259.524,200,True,0x456F6DbE8aF9e05a1918B64f0Bd0690809b23E6B,INSURER,481,IMAGE,2,READ,
w99,2025-12-19T15:01:23.318584Z,257.916,200,True,0x3d9c5458418bD082b010C0F93c3b8FBF9826E0Bf,INSURER,941,OTHER,1,READ,
w43,2025-12-19T15:01:23.316905Z,259.692,200,True,0x6B97e16D77504562cB9392834019252f4057F4D5,POLICE,219,VIDEO,2,READ,
w1,2025-12-19T15:01:23.315382Z,261.742,200,True,0x598405697b464FEbA8C76367b7C75C59D8BE2eCF,COURT,186,VIDEO,2,READ,
w44,2025-12-19T15:01:23.316936Z,260.313,200,True,0xBCb233Ef85EC11C88E20Ea53Bb47f454d116FBe3,ADJUSTER,148,VIDEO,2,READ,
w45,2025-12-19T15:01:23.316964Z,260.388,200,True,0x8D21394c336D57f89564705Aa61307561b63E310,POLICE,409,IMAGE,2,READ,
w47,2025-12-19T15:01:23.317019Z,260.442,200,True,0x1F98dd762361D7256a816f8086AE6FfB657fa5bC,POLICE,392,IMAGE,2,READ,
w48,2025-12-19T15:01:23.317048Z,260.529,200,True,0x8Dd96368f7a8216813107Fe89688AcaafE8Cb76D,INSURER,174,VIDEO,2,READ,
w49,2025-12-19T15:01:23.317084Z,260.594,200,True,0x933be1Be0aF68b62934fE96ADB1AB2Ee1C47B4F0,INSURER,425,IMAGE,2,READ,
w50,2025-12-19T15:01:23.317117Z,260.672,200,True,0xC23BB727D3Ae6bD9cd90AC52ee26359F19176de3,INSURER,148,VIDEO,2,READ,
w52,2025-12-19T15:01:23.317174Z,260.710,200,True,0xD46492141A5F13412fa59e5F47Ce969c7954E752,INSURER,170,VIDEO,2,READ,
w53,2025-12-19T15:01:23.317205Z,260.769,200,True,0x090F26617cAab81C15934159343Ff688fAf23820,POLICE,41,VIDEO,2,READ,
w54,2025-12-19T15:01:23.317235Z,260.832,200,True,0xB81c8729A121819695CEEDA9b389f559D6398B3C,REGULATOR,90,VIDEO,2,READ,
w55,2025-12-19T15:01:23.317261Z,260.901,200,True,0x7B46635cB6cA958f34ae933b93884a5f19b258D7,INSURER,686,MEDICAL_REPORT,5,READ,
w56,2025-12-19T15:01:23.317291Z,260.965,200,True,0x3d4Bd094c1894ed38F3EcF0799bE66f83a4199ca,ADJUSTER,312,IMAGE,2,READ,
w2,2025-12-19T15:01:23.315507Z,262.843,200,True,0xCC05C551476CDbEfAd79Ed75427937b892aaFE9C,ADJUSTER,740,TELEMATICS,3,READ,
w57,2025-12-19T15:01:23.317317Z,261.125,200,True,0xD0Ce1d9D5A9c7E4F03d499A265d3014Ae5da7644,ADJUSTER,276,IMAGE,2,READ,
w4,2025-12-19T15:01:23.315608Z,262.933,200,True,0x685A29EE8A06E458E58A29d721dFB677cdF8a600,INSURER,356,IMAGE,2,READ,
w59,2025-12-19T15:01:23.317382Z,261.268,200,True,0x59760590b1fCF3C846635ae6432DE56ef26298B8,GARAGE,437,IMAGE,2,READ,
w0,2025-12-19T15:01:23.313234Z,265.514,200,True,0x182C98818C6b29Ff23d7d1d9766e1B1dEB1aBAeB,INSURER,209,VIDEO,2,READ,
w81,2025-12-19T15:01:23.461114Z,117.735,403,False,0x01891323537Ca8c745Cd76182c9eB81519eaC821,GARAGE,528,MEDICAL_REPORT,5,READ,
w35,2025-12-19T15:01:23.461604Z,117.351,403,False,0x955f7F1386d8d5FB12bc50876B418e4D206D9530,GARAGE,31,VIDEO,2,READ,
w46,2025-12-19T15:01:23.462065Z,116.992,403,False,0x48f8656e15a2FC22Ccd6cDe7c56db39C1B62E770,POLICE,795,TELEMATICS,3,READ,
w58,2025-12-19T15:01:23.462574Z,116.581,403,False,0x090F26617cAab81C15934159343Ff688fAf23820,POLICE,573,MEDICAL_REPORT,5,READ,
w20,2025-12-19T15:01:23.460742Z,173.602,200,True,0x33F5a90B9400A21046089Aaf44319BA889B0B9ed,INSURER,194,VIDEO,2,READ,
w82,2025-12-19T15:01:23.461448Z,173.268,200,True,0x93787a823E3D4Ae295F5a91C0e87325E40B3aa3F,REGULATOR,256,IMAGE,2,READ,
w92,2025-12-19T15:01:23.461732Z,173.345,200,True,0x476ad4Ce50BbD6624855e3d1e12E6cC23654359A,INSURER,207,VIDEO,2,READ,
w96,2025-12-19T15:01:23.461848Z,173.397,200,True,0xBC78986794f1658340222E011F7e1Cf375177F95,ADJUSTER,75,VIDEO,2,READ,
w40,2025-12-19T15:01:23.461960Z,173.420,200,True,0x476ad4Ce50BbD6624855e3d1e12E6cC23654359A,INSURER,635,MEDICAL_REPORT,5,READ,
w51,2025-12-19T15:01:23.462292Z,173.214,200,True,0xAB814b041AB343702D64556Fdb3a3C104daa0445,ADJUSTER,284,IMAGE,2,READ,
w3,2025-12-19T15:01:23.462453Z,173.186,200,True,0xd86Fa5B280bf58C28aaE39fB535e0e965F0E285B,INSURER,528,MEDICAL_REPORT,5,READ,
w5,2025-12-19T15:01:23.462687Z,173.131,200,True,0x044bef4Ff250cBBFE36FEfE3b859D78bA04c1223,INSURER,956,OTHER,1,READ,
w18,2025-12-19T15:01:23.570461Z,65.630,403,False,0x01891323537Ca8c745Cd76182c9eB81519eaC821,GARAGE,584,FNOL,4,READ,
w19,2025-12-19T15:01:23.570706Z,65.521,403,False,0x3116De7d4519B71BA014e7EF3e874D3a98B64A91,POLICE,657,MEDICAL_REPORT,5,READ,
w23,2025-12-19T15:01:23.572608Z,63.736,403,False,0xA75Af013B9CBdf4322e0c459A2fB8B708fbB8Ddc,POLICE,507,FNOL,4,READ,
w80,2025-12-19T15:01:23.572868Z,63.585,403,False,0x7B678e542Dec17ab096b423D15262dcD9B8c11D8,POLICE,695,MEDICAL_REPORT,5,READ,
w85,2025-12-19T15:01:23.574152Z,62.419,403,False,0xAB814b041AB343702D64556Fdb3a3C104daa0445,ADJUSTER,518,MEDICAL_REPORT,5,READ,
w41,2025-12-19T15:01:23.576213Z,88.176,403,False,0x23aA93bc659A3e3D0da5434a4088578341D43278,GARAGE,793,TELEMATICS,3,READ,
w98,2025-12-19T15:01:23.576312Z,88.407,403,False,0x6B97e16D77504562cB9392834019252f4057F4D5,POLICE,669,FNOL,4,READ,
w47,2025-12-19T15:01:23.577465Z,87.552,403,False,0xAA49CCe569366189355225212a2EA06B8172Fa22,ADJUSTER,632,MEDICAL_REPORT,5,READ,
w48,2025-12-19T15:01:23.577582Z,87.582,403,False,0xcA28195b12c3c8cB960d8423584ee9a8677BD158,POLICE,930,OTHER,1,READ,
w55,2025-12-19T15:01:23.578166Z,87.124,403,False,0x59760590b1fCF3C846635ae6432DE56ef26298B8,GARAGE,193,VIDEO,2,READ,
w56,2025-12-19T15:01:23.578259Z,87.143,403,False,0xBC78986794f1658340222E011F7e1Cf375177F95,ADJUSTER,635,MEDICAL_REPORT,5,READ,
w0,2025-12-19T15:01:23.578753Z,86.759,403,False,0x6c2d9F1aEdB2C485CABAF82412f88d5303Fd7B73,GARAGE,758,TELEMATICS,3,READ,
w35,2025-12-19T15:01:23.578960Z,86.662,403,False,0xDd45386232533D2C209976e678A91A2263676ECB,GARAGE,834,TELEMATICS,3,READ,
w58,2025-12-19T15:01:23.579160Z,86.578,403,False,0xBC78986794f1658340222E011F7e1Cf375177F95,ADJUSTER,504,MEDICAL_REPORT,5,READ,
w60,2025-12-19T15:01:23.566216Z,144.031,200,True,0x933be1Be0aF68b62934fE96ADB1AB2Ee1C47B4F0,INSURER,234,VIDEO,2,READ,
w6,2025-12-19T15:01:23.566551Z,144.088,200,True,0x436f253A31aB81e4427747050f42C4907a6C388D,ADJUSTER,998,OTHER,1,READ,
w61,2025-12-19T15:01:23.566905Z,144.132,200,True,0x0479AcE8E12E22b9751dF7542dd8f225c221EC34,ADJUSTER,387,IMAGE,2,READ,
w7,2025-12-19T15:01:23.567052Z,144.180,200,True,0x567dccd668D18B4ACd8A2795151edB162Bc34767,ADJUSTER,926,OTHER,1,READ,
w62,2025-12-19T15:01:23.567177Z,144.251,200,True,0x077f45EB3eB6027C0D05Ab77CAC4D29c46cb3a6E,INSURER,259,IMAGE,2,READ,
w8,2025-12-19T15:01:23.567290Z,144.351,200,True,0xcA28195b12c3c8cB960d8423584ee9a8677BD158,POLICE,327,IMAGE,2,READ,
w63,2025-12-19T15:01:23.567396Z,144.428,200,True,0x1F022FfD0700E02E8f01B8f05f539f8C7a0339bb,POLICE,109,VIDEO,2,READ,
w9,2025-12-19T15:01:23.567497Z,144.487,200,True,0xB8954C40b419Ae7332fF39Ce3d458ba1fed03941,REGULATOR,504,MEDICAL_REPORT,5,READ,
w64,2025-12-19T15:01:23.567596Z,144.549,200,True,0x27158a264fdA9698B85485706B47BBC87Fa6Db4b,ADJUSTER,927,OTHER,1,READ,
w10,2025-12-19T15:01:23.567726Z,144.582,200,True,0xD6e58dE85e171C0D6BB42Cf4a85fBa7C55ce5618,INSURER,981,OTHER,1,READ,
w65,2025-12-19T15:01:23.567847Z,144.617,200,True,0xeaD317253F31780B00e0Ef360b1ade2Fb83c2b3E,INSURER,170,VIDEO,2,READ,
w11,2025-12-19T15:01:23.567953Z,144.943,200,True,0x4395153bc7Ac8ebD080b3C98FE634fcA40E5609F,COURT,910,OTHER,1,READ,
w66,2025-12-19T15:01:23.568364Z,144.727,200,True,0xF80B0672A4f16BDe21fA2DF31482dA0fC606A43f,ADJUSTER,749,TELEMATICS,3,READ,
w12,2025-12-19T15:01:23.568483Z,144.775,200,True,0xb8Fe0E775705824a50658ef111434567024d4310,REGULATOR,491,IMAGE,2,READ,
w67,2025-12-19T15:01:23.568591Z,144.831,200,True,0x29Da547ffD477d0d4628d547368EcFDF73054469,ADJUSTER,24,VIDEO,2,READ,
w13,2025-12-19T15:01:23.568691Z,144.902,200,True,0x27158a264fdA9698B85485706B47BBC87Fa6Db4b,ADJUSTER,947,OTHER,1,READ,
w68,2025-12-19T15:01:23.568794Z,144.924,200,True,0xDA941366d7481DffDAd4458a22913423f40dA1eA,ADJUSTER,615,FNOL,4,READ,
w14,2025-12-19T15:01:23.568898Z,144.972,200,True,0xD46492141A5F13412fa59e5F47Ce969c7954E752,INSURER,7,VIDEO,2,READ,
w69,2025-12-19T15:01:23.568995Z,145.022,200,True,0xAF3C604AE7a9E247C368331a22270415269Ef10d,INSURER,517,FNOL,4,READ,
w15,2025-12-19T15:01:23.569094Z,145.098,200,True,0x808936f08CCC0a9C3953Cd3716006fB99825CBa4,COURT,326,IMAGE,2,READ,
w70,2025-12-19T15:01:23.569187Z,145.155,200,True,0xB8954C40b419Ae7332fF39Ce3d458ba1fed03941,REGULATOR,447,IMAGE,2,READ,
w16,2025-12-19T15:01:23.569279Z,145.205,200,True,0x97910F1306b5414B4C61D9A719B6871f5c77662f,INSURER,463,IMAGE,2,READ,
w71,2025-12-19T15:01:23.569373Z,145.747,200,True,0xF96D07BDd0404b21a6B987cF6C21b9A5E3045f5F,INSURER,257,IMAGE,2,READ,
w17,2025-12-19T15:01:23.569467Z,145.823,200,True,0x685A29EE8A06E458E58A29d721dFB677cdF8a600,INSURER,722,TELEMATICS,3,READ,
w72,2025-12-19T15:01:23.570298Z,145.127,200,True,0xC66fE61Fe01B90e3C051c0ED40Dd41fC9347D018,REGULATOR,7,VIDEO,2,READ,
w73,2025-12-19T15:01:23.570587Z,144.963,200,True,0x6c2d9F1aEdB2C485CABAF82412f88d5303Fd7B73,GARAGE,329,IMAGE,2,READ,
w74,2025-12-19T15:01:23.570813Z,144.853,200,True,0x044bef4Ff250cBBFE36FEfE3b859D78bA04c1223,INSURER,636,FNOL,4,READ,
w75,2025-12-19T15:01:23.570921Z,144.887,200,True,0x67A9BC3Fb3B4a392C223A8C644B48346b9Ca5128,COURT,96,VIDEO,2,READ,
w76,2025-12-19T15:01:23.571023Z,144.911,200,True,0xDA941366d7481DffDAd4458a22913423f40dA1eA,ADJUSTER,928,OTHER,1,READ,
w77,2025-12-19T15:01:23.571119Z,144.924,200,True,0x7fBAcb835330c3A23597A355A26Cf6E0ee69A0B5,COURT,922,OTHER,1,READ,
w21,2025-12-19T15:01:23.571222Z,144.930,200,True,0x78273aa663aa16C08590efF5582bb4C9DD30Bb95,INSURER,147,VIDEO,2,READ,
w78,2025-12-19T15:01:23.571357Z,144.903,200,True,0x51A2465dc26f17e37524f93494A8409715ACc9c2,INSURER,754,TELEMATICS,3,READ,
w22,2025-12-19T15:01:23.571474Z,144.901,200,True,0xD21eB53384cE472F3DE7527DC9A5820dA80bBB01,INSURER,298,IMAGE,2,READ,
w79,2025-12-19T15:01:23.571579Z,144.906,200,True,0x27158a264fdA9698B85485706B47BBC87Fa6Db4b,ADJUSTER,265,IMAGE,2,READ,
w24,2025-12-19T15:01:23.573067Z,143.522,200,True,0x1F022FfD0700E02E8f01B8f05f539f8C7a0339bb,POLICE,112,VIDEO,2,READ,
w25,2025-12-19T15:01:23.573251Z,143.442,200,True,0x42dC03c90d7652B937d26628a86f9317bbf521dc,INSURER,907,OTHER,1,READ,
w26,2025-12-19T15:01:23.573452Z,143.347,200,True,0x1cf47318cada656180563507BDd94262cAA29a4a,INSURER,574,MEDICAL_REPORT,5,READ,
w83,2025-12-19T15:01:23.573641Z,143.261,200,True,0x5173D7F8755FdF3d2f05C01D029A3Dc55EaC0476,POLICE,186,VIDEO,2,READ,
w27,2025-12-19T15:01:23.573816Z,143.190,200,True,0xD32B24Ff4D28e42239EcCd5cbdb456a1565DC083,ADJUSTER,914,OTHER,1,READ,
w84,2025-12-19T15:01:23.573937Z,143.172,200,True,0x3a74Fec63a615BC94b9A47bEa6340935Ab155117,ADJUSTER,571,FNOL,4,READ,
w28,2025-12-19T15:01:23.574046Z,143.165,200,True,0xb8Fe0E775705824a50658ef111434567024d4310,REGULATOR,228,VIDEO,2,READ,
w29,2025-12-19T15:01:23.574279Z,143.032,200,True,0x6032b722b48DC8717A2C437485f2D3d264BD803B,ADJUSTER,894,OTHER,1,READ,
w86,2025-12-19T15:01:23.574389Z,143.026,200,True,0xFf85d9d86E5E1a3792266E2a5BB970C470C1e0c5,COURT,809,TELEMATICS,3,READ,
w30,2025-12-19T15:01:23.574494Z,143.037,200,True,0x808936f08CCC0a9C3953Cd3716006fB99825CBa4,COURT,394,IMAGE,2,READ,
w87,2025-12-19T15:01:23.574589Z,143.057,200,True,0x29Da547ffD477d0d4628d547368EcFDF73054469,ADJUSTER,87,VIDEO,2,READ,
w31,2025-12-19T15:01:23.574684Z,143.074,200,True,0x598405697b464FEbA8C76367b7C75C59D8BE2eCF,COURT,778,TELEMATICS,3,READ,
w88,2025-12-19T15:01:23.574774Z,143.092,200,True,0x436f253A31aB81e4427747050f42C4907a6C388D,ADJUSTER,60,VIDEO,2,READ,
w18,2025-12-19T15:01:23.636098Z,81.875,403,False,0x23aA93bc659A3e3D0da5434a4088578341D43278,GARAGE,809,TELEMATICS,3,READ,
w19,2025-12-19T15:01:23.636232Z,81.845,403,False,0xD3b3bd4ce4B597519FCE080Ce05805A99cC8C772,GARAGE,512,FNOL,4,READ,
w32,2025-12-19T15:01:23.574867Z,153.460,200,True,0xAF3C604AE7a9E247C368331a22270415269Ef10d,INSURER,894,OTHER,1,READ,
w89,2025-12-19T15:01:23.574958Z,153.707,200,True,0x51A2465dc26f17e37524f93494A8409715ACc9c2,INSURER,524,FNOL,4,READ,
w33,2025-12-19T15:01:23.575055Z,154.015,200,True,0x3308795A526382DB26cF04047fE2bBd4F56E6CE7,COURT,959,OTHER,1,READ,
w90,2025-12-19T15:01:23.575150Z,154.076,200,True,0x18BFB9A0Bf9293D0D3bf9F42bD6e7e7b300Dc391,COURT,615,FNOL,4,READ,
w34,2025-12-19T15:01:23.575245Z,154.111,200,True,0xE4A8571e1F142Bd99866AA9464c49517B2ac0E01,ADJUSTER,610,FNOL,4,READ,
w91,2025-12-19T15:01:23.575338Z,154.134,200,True,0xC29Fbef10EC6e6A787036cEA0C9024ce9F435d97,INSURER,91,VIDEO,2,READ,
w36,2025-12-19T15:01:23.575433Z,154.148,200,True,0xE056D0a60EfEE3e1642D5B2129E2bbBdAf22444c,INSURER,80,VIDEO,2,READ,
w93,2025-12-19T15:01:23.575531Z,154.155,200,True,0x07DA3024980d3B92Bcf6B8850A7C08F758B5F781,INSURER,967,OTHER,1,READ,
w37,2025-12-19T15:01:23.575631Z,154.160,200,True,0xcE078954f123a07010672Fff05b36f5E43642106,INSURER,407,IMAGE,2,READ,
w94,2025-12-19T15:01:23.575735Z,154.185,200,True,0x685A29EE8A06E458E58A29d721dFB677cdF8a600,INSURER,401,IMAGE,2,READ,
w38,2025-12-19T15:01:23.575836Z,154.197,200,True,0x630ba53C12B20a6EBd04Eb0819a24b1f8C554A01,INSURER,265,IMAGE,2,READ,
w95,2025-12-19T15:01:23.575930Z,154.205,200,True,0xE385ea618340FfE0d7c7e9EB25048F1c1E437F33,INSURER,335,IMAGE,2,READ,
w39,2025-12-19T15:01:23.576023Z,154.212,200,True,0x598405697b464FEbA8C76367b7C75C59D8BE2eCF,COURT,525,MEDICAL_REPORT,5,READ,
w97,2025-12-19T15:01:23.576119Z,154.219,200,True,0x5e3B546a11dc657CdFa106cd26E2211ee451c0d7,INSURER,15,VIDEO,2,READ,
w42,2025-12-19T15:01:23.576408Z,154.266,200,True,0xDA941366d7481DffDAd4458a22913423f40dA1eA,ADJUSTER,500,IMAGE,2,READ,
w99,2025-12-19T15:01:23.576504Z,154.306,200,True,0x73c07A746181c5256aC8EB8006fFbCF2239bEcC5,COURT,79,VIDEO,2,READ,
w43,2025-12-19T15:01:23.576602Z,154.325,200,True,0xDA941366d7481DffDAd4458a22913423f40dA1eA,ADJUSTER,990,OTHER,1,READ,
w1,2025-12-19T15:01:23.577130Z,153.909,200,True,0x98eAB44F56Ae1f00C301517F1B6fCDb7a452D64b,ADJUSTER,374,IMAGE,2,READ,
w44,2025-12-19T15:01:23.577253Z,153.893,200,True,0x8216a92a44877D72a31FA6453e4583a6DCe25752,INSURER,206,VIDEO,2,READ,
w45,2025-12-19T15:01:23.577357Z,153.898,200,True,0x12DF904699208278b4355b568d47De4F2c9646fe,INSURER,647,MEDICAL_REPORT,5,READ,
w49,2025-12-19T15:01:23.577682Z,153.678,200,True,0xDA941366d7481DffDAd4458a22913423f40dA1eA,ADJUSTER,704,TELEMATICS,3,READ,
w50,2025-12-19T15:01:23.577794Z,153.676,200,True,0xC66fE61Fe01B90e3C051c0ED40Dd41fC9347D018,REGULATOR,964,OTHER,1,READ,
w52,2025-12-19T15:01:23.577888Z,153.684,200,True,0x7B46635cB6cA958f34ae933b93884a5f19b258D7,INSURER,630,MEDICAL_REPORT,5,READ,
w53,2025-12-19T15:01:23.577978Z,153.696,200,True,0x8216a92a44877D72a31FA6453e4583a6DCe25752,INSURER,161,VIDEO,2,READ,
w54,2025-12-19T15:01:23.578072Z,153.705,200,True,0xC66fE61Fe01B90e3C051c0ED40Dd41fC9347D018,REGULATOR,949,OTHER,1,READ,
w2,2025-12-19T15:01:23.578353Z,153.534,200,True,0x11F50254a88A6e26E6Bb5aAE8d74E52372B4270E,COURT,111,VIDEO,2,READ,
w57,2025-12-19T15:01:23.578445Z,153.550,200,True,0x5ee06906aF52aEd2c884D505d3a0A7CA7513188D,INSURER,354,IMAGE,2,READ,
w4,2025-12-19T15:01:23.578544Z,153.665,200,True,0x29950abd635aF427d5E2fF0DB9f6920fC915bC55,INSURER,54,VIDEO,2,READ,
w59,2025-12-19T15:01:23.578654Z,153.687,200,True,0x685A29EE8A06E458E58A29d721dFB677cdF8a600,INSURER,232,VIDEO,2,READ,
w81,2025-12-19T15:01:23.578854Z,153.604,200,True,0x5ee06906aF52aEd2c884D505d3a0A7CA7513188D,INSURER,628,FNOL,4,READ,
w46,2025-12-19T15:01:23.579062Z,153.504,200,True,0x630ba53C12B20a6EBd04Eb0819a24b1f8C554A01,INSURER,670,FNOL,4,READ,
w20,2025-12-19T15:01:23.634358Z,149.128,200,True,0xCe3b338346378767324b87Cb888eC3F1d6d34940,POLICE,156,VIDEO,2,READ,
w82,2025-12-19T15:01:23.634726Z,149.142,200,True,0xC66fE61Fe01B90e3C051c0ED40Dd41fC9347D018,REGULATOR,6,VIDEO,2,READ,
w92,2025-12-19T15:01:23.635084Z,149.200,200,True,0xACaaedBfb07404f2aAf0ccd6503B1529C1A48764,ADJUSTER,478,IMAGE,2,READ,
w96,2025-12-19T15:01:23.635252Z,149.237,200,True,0x8Dd96368f7a8216813107Fe89688AcaafE8Cb76D,INSURER,820,TELEMATICS,3,READ,
w40,2025-12-19T15:01:23.635387Z,149.253,200,True,0x090F26617cAab81C15934159343Ff688fAf23820,POLICE,176,VIDEO,2,READ,
w51,2025-12-19T15:01:23.635512Z,149.259,200,True,0x077f45EB3eB6027C0D05Ab77CAC4D29c46cb3a6E,INSURER,296,IMAGE,2,READ,
w3,2025-12-19T15:01:23.635646Z,149.248,200,True,0xC66fE61Fe01B90e3C051c0ED40Dd41fC9347D018,REGULATOR,580,MEDICAL_REPORT,5,READ,
w5,2025-12-19T15:01:23.635824Z,149.195,200,True,0x077f45EB3eB6027C0D05Ab77CAC4D29c46cb3a6E,INSURER,899,OTHER,1,READ,
w23,2025-12-19T15:01:23.636349Z,148.788,200,True,0x73E42dF14ff21e7994A37802a292F71830CDA5aF,INSURER,117,VIDEO,2,READ,
w80,2025-12-19T15:01:23.636458Z,148.810,200,True,0x4395153bc7Ac8ebD080b3C98FE634fcA40E5609F,COURT,40,VIDEO,2,READ,
w85,2025-12-19T15:01:23.636577Z,149.017,200,True,0x3d4Bd094c1894ed38F3EcF0799bE66f83a4199ca,ADJUSTER,706,TELEMATICS,3,READ,
w63,2025-12-19T15:01:23.711832Z,73.919,403,False,0x3D8B37E283940B186f3d817371AE9834E2836f7f,GARAGE,36,VIDEO,2,READ,
w10,2025-12-19T15:01:23.712315Z,73.559,403,False,0x0Bc81E8481993A5F61D3011a142E1510de00ECae,GARAGE,694,MEDICAL_REPORT,5,READ,
w12,2025-12-19T15:01:23.713264Z,72.722,403,False,0x090F26617cAab81C15934159343Ff688fAf23820,POLICE,653,FNOL,4,READ,
w70,2025-12-19T15:01:23.714348Z,71.747,403,False,0x090F26617cAab81C15934159343Ff688fAf23820,POLICE,764,TELEMATICS,3,READ,
w22,2025-12-19T15:01:23.716379Z,69.824,403,False,0xB3e698A67fD5AEeB61b8bE389e7E917Bc2Ea032a,POLICE,783,TELEMATICS,3,READ,
w25,2025-12-19T15:01:23.716698Z,69.648,403,False,0xDd45386232533D2C209976e678A91A2263676ECB,GARAGE,71,VIDEO,2,READ,
w87,2025-12-19T15:01:23.717651Z,68.906,403,False,0x48f8656e15a2FC22Ccd6cDe7c56db39C1B62E770,POLICE,549,FNOL,4,READ,
w41,2025-12-19T15:01:23.664402Z,146.563,200,True,0xBdfeA99CC2B9e09E4A7e6C7B14808189488E3985,COURT,276,IMAGE,2,READ,
w98,2025-12-19T15:01:23.664727Z,146.553,200,True,0x73c07A746181c5256aC8EB8006fFbCF2239bEcC5,COURT,806,TELEMATICS,3,READ,
w47,2025-12-19T15:01:23.665024Z,146.524,200,True,0x7C8B230898f07628a4f24e2D0ffe62373593dCce,POLICE,197,VIDEO,2,READ,
w48,2025-12-19T15:01:23.665169Z,146.527,200,True,0xdBf006c9b4fEA25fFA98161abc660B4643109625,ADJUSTER,669,FNOL,4,READ,
w55,2025-12-19T15:01:23.665295Z,146.529,200,True,0xBdfeA99CC2B9e09E4A7e6C7B14808189488E3985,COURT,581,MEDICAL_REPORT,5,READ,
w56,2025-12-19T15:01:23.665407Z,146.545,200,True,0x12DF904699208278b4355b568d47De4F2c9646fe,INSURER,426,IMAGE,2,READ,
w0,2025-12-19T15:01:23.665516Z,146.634,200,True,0x93787a823E3D4Ae295F5a91C0e87325E40B3aa3F,REGULATOR,29,VIDEO,2,READ,
w35,2025-12-19T15:01:23.665627Z,146.645,200,True,0xFeC4882fEAf263ac0fD1b9B4271dD1852B413584,INSURER,570,FNOL,4,READ,
w58,2025-12-19T15:01:23.665742Z,146.656,200,True,0x567dccd668D18B4ACd8A2795151edB162Bc34767,ADJUSTER,14,VIDEO,2,READ,
w90,2025-12-19T15:01:23.729232Z,83.387,403,False,0xC586D6C2dc89b791ae2AA6ae054c2629891275e1,POLICE,812,TELEMATICS,3,READ,
w42,2025-12-19T15:01:23.730681Z,82.067,403,False,0x57e02f30Dd15545B3A9eC4841D0D58Ee1D829414,GARAGE,818,TELEMATICS,3,READ,
w53,2025-12-19T15:01:23.731679Z,81.179,403,False,0x996644d2075D6c96FEB649879534dFAb933903f6,GARAGE,637,FNOL,4,READ,
w4,2025-12-19T15:01:23.732215Z,80.752,403,False,0x6c2d9F1aEdB2C485CABAF82412f88d5303Fd7B73,GARAGE,895,OTHER,1,READ,
w60,2025-12-19T15:01:23.710260Z,146.464,200,True,0xc0F601980c6FD898E06229024740eec17abbF5C2,INSURER,175,VIDEO,2,READ,
w6,2025-12-19T15:01:23.710649Z,146.584,200,True,0x5cA86E3342DEA0C1a26C49f1a4fA40DeEeAFf8a8,INSURER,305,IMAGE,2,READ,
w61,2025-12-19T15:01:23.711050Z,146.586,200,True,0x50Ed54bf40D96Fda59d7F83abE5551535d7938ac,COURT,165,VIDEO,2,READ,
w7,2025-12-19T15:01:23.711240Z,146.595,200,True,0x69254de41949D1A246C5c1A168e5e8473D2d50f0,ADJUSTER,842,TELEMATICS,3,READ,
w62,2025-12-19T15:01:23.711437Z,146.597,200,True,0xcE078954f123a07010672Fff05b36f5E43642106,INSURER,60,VIDEO,2,READ,
w8,2025-12-19T15:01:23.711648Z,146.554,200,True,0xE056D0a60EfEE3e1642D5B2129E2bbBdAf22444c,INSURER,587,FNOL,4,READ,
w9,2025-12-19T15:01:23.711992Z,146.430,200,True,0xD756c57480Ea623123AB3a5ad4445875E3309Ac6,INSURER,906,OTHER,1,READ,
w64,2025-12-19T15:01:23.712152Z,146.495,200,True,0x2ee7F051BB940423f554ea44742f7c4c8C20Ea59,INSURER,636,FNOL,4,READ,
w65,2025-12-19T15:01:23.712469Z,146.343,200,True,0xCaa6A1a26D28f97DEDD4f555dEd43bC607f78384,INSURER,663,MEDICAL_REPORT,5,READ,
w11,2025-12-19T15:01:23.712902Z,146.381,200,True,0x811FdDFb3340F34AB2b91C97AcB5FAeB6405847E,REGULATOR,689,FNOL,4,READ,
w66,2025-12-19T15:01:23.713099Z,146.378,200,True,0xC29Fbef10EC6e6A787036cEA0C9024ce9F435d97,INSURER,707,TELEMATICS,3,READ,
w67,2025-12-19T15:01:23.713431Z,146.257,200,True,0x42dC03c90d7652B937d26628a86f9317bbf521dc,INSURER,570,FNOL,4,READ,
w13,2025-12-19T15:01:23.713598Z,146.297,200,True,0xE1C502975CC15E22bC10c8a6e352061ef61bBc2A,COURT,830,TELEMATICS,3,READ,
w68,2025-12-19T15:01:23.713723Z,146.375,200,True,0x78273aa663aa16C08590efF5582bb4C9DD30Bb95,INSURER,373,IMAGE,2,READ,
w14,2025-12-19T15:01:23.713876Z,146.474,200,True,0xAB814b041AB343702D64556Fdb3a3C104daa0445,ADJUSTER,937,OTHER,1,READ,
w69,2025-12-19T15:01:23.714025Z,146.510,200,True,0x456F6DbE8aF9e05a1918B64f0Bd0690809b23E6B,INSURER,815,TELEMATICS,3,READ,
w15,2025-12-19T15:01:23.714202Z,146.478,200,True,0x48c487f18ce4aAFcf592B2eC3611eAa7B1C85918,ADJUSTER,200,VIDEO,2,READ,
w16,2025-12-19T15:01:23.714491Z,146.313,200,True,0x685A29EE8A06E458E58A29d721dFB677cdF8a600,INSURER,185,VIDEO,2,READ,
w71,2025-12-19T15:01:23.715130Z,145.791,200,True,0xd6f5696C80b8cb2D4AAaFdaf8E7C266cf4af4538,COURT,98,VIDEO,2,READ,
w17,2025-12-19T15:01:23.715296Z,146.281,200,True,0xa96C0E04f38F8dC8842789660AA8C570bfCCFF50,GARAGE,464,IMAGE,2,READ,
w72,2025-12-19T15:01:23.715431Z,146.352,200,True,0x40fca3Fa04d657c9879B638C57A2a70683E3efED,REGULATOR,729,TELEMATICS,3,READ,
w73,2025-12-19T15:01:23.715556Z,146.432,200,True,0xeaD317253F31780B00e0Ef360b1ade2Fb83c2b3E,INSURER,891,OTHER,1,READ,
w74,2025-12-19T15:01:23.715672Z,146.498,200,True,0xd86Fa5B280bf58C28aaE39fB535e0e965F0E285B,INSURER,268,IMAGE,2,READ,
w75,2025-12-19T15:01:23.715813Z,146.509,200,True,0xf5d0314845FCf19022a28FeD6650e58CFc01f243,INSURER,484,IMAGE,2,READ,
w76,2025-12-19T15:01:23.715939Z,146.514,200,True,0x808936f08CCC0a9C3953Cd3716006fB99825CBa4,COURT,576,MEDICAL_REPORT,5,READ,
w77,2025-12-19T15:01:23.716047Z,146.551,200,True,0x7fBAcb835330c3A23597A355A26Cf6E0ee69A0B5,COURT,689,FNOL,4,READ,
w21,2025-12-19T15:01:23.716157Z,146.624,200,True,0xE385ea618340FfE0d7c7e9EB25048F1c1E437F33,INSURER,421,IMAGE,2,READ,
w78,2025-12-19T15:01:23.716265Z,146.653,200,True,0x5e3B546a11dc657CdFa106cd26E2211ee451c0d7,INSURER,270,IMAGE,2,READ,
w79,2025-12-19T15:01:23.716490Z,146.562,200,True,0xC586D6C2dc89b791ae2AA6ae054c2629891275e1,POLICE,261,IMAGE,2,READ,
w24,2025-12-19T15:01:23.716595Z,146.574,200,True,0x01891323537Ca8c745Cd76182c9eB81519eaC821,GARAGE,470,IMAGE,2,READ,
w26,2025-12-19T15:01:23.716803Z,146.476,200,True,0x58e8E907e02C35e581Ed3a4e98906344861E7265,INSURER,80,VIDEO,2,READ,
w83,2025-12-19T15:01:23.716907Z,146.501,200,True,0x933be1Be0aF68b62934fE96ADB1AB2Ee1C47B4F0,INSURER,161,VIDEO,2,READ,
w27,2025-12-19T15:01:23.717011Z,146.516,200,True,0x3B4ab93e0901742BFfc8A18D301F36f820AD3bB9,ADJUSTER,789,TELEMATICS,3,READ,
w84,2025-12-19T15:01:23.717113Z,146.522,200,True,0x567dccd668D18B4ACd8A2795151edB162Bc34767,ADJUSTER,388,IMAGE,2,READ,
w28,2025-12-19T15:01:23.717216Z,146.581,200,True,0xD46492141A5F13412fa59e5F47Ce969c7954E752,INSURER,606,MEDICAL_REPORT,5,READ,
w29,2025-12-19T15:01:23.717315Z,146.616,200,True,0xD756c57480Ea623123AB3a5ad4445875E3309Ac6,INSURER,371,IMAGE,2,READ,
w86,2025-12-19T15:01:23.717421Z,146.622,200,True,0x466ec685AE894BAc153c11350FC488cAAa2C062E,INSURER,221,VIDEO,2,READ,
w30,2025-12-19T15:01:23.717536Z,146.615,200,True,0x014E540c98B93f6ce2a6F2D7FE66BeD9a19f7bEC,ADJUSTER,413,IMAGE,2,READ,
w31,2025-12-19T15:01:23.717764Z,146.488,200,True,0xe9b50040eeAA45F16fd24222f4a97482737f6C8A,ADJUSTER,885,OTHER,1,READ,
w88,2025-12-19T15:01:23.717872Z,146.504,200,True,0x48f8656e15a2FC22Ccd6cDe7c56db39C1B62E770,POLICE,344,IMAGE,2,READ,
w18,2025-12-19T15:01:23.717978Z,146.534,200,True,0xF80B0672A4f16BDe21fA2DF31482dA0fC606A43f,ADJUSTER,325,IMAGE,2,READ,
w19,2025-12-19T15:01:23.718082Z,146.550,200,True,0xF09aBd729B48E734Ad684B93585E8D043D55c967,INSURER,619,FNOL,4,READ,
w92,2025-12-19T15:01:23.784295Z,80.447,403,False,0xcA28195b12c3c8cB960d8423584ee9a8677BD158,POLICE,676,FNOL,4,READ,
w96,2025-12-19T15:01:23.784495Z,80.374,403,False,0x26b179d013C696c433c0f316E594f7a7AcE77C79,GARAGE,905,OTHER,1,READ,
w40,2025-12-19T15:01:23.784647Z,80.402,403,False,0x0Bc81E8481993A5F61D3011a142E1510de00ECae,GARAGE,654,FNOL,4,READ,
w87,2025-12-19T15:01:23.786564Z,78.617,403,False,0x7C8B230898f07628a4f24e2D0ffe62373593dCce,POLICE,970,OTHER,1,READ,
w32,2025-12-19T15:01:23.728340Z,146.047,200,True,0x84FDd0E1F145C20f9451b1eB751c26e76B3232d4,POLICE,2,VIDEO,2,READ,
w89,2025-12-19T15:01:23.728674Z,146.058,200,True,0x0520cA4f9c2359a2d1cc1B072e4dA8A3587C2088,INSURER,610,FNOL,4,READ,
w33,2025-12-19T15:01:23.729077Z,146.070,200,True,0x50Ed54bf40D96Fda59d7F83abE5551535d7938ac,COURT,154,VIDEO,2,READ,
w34,2025-12-19T15:01:23.729362Z,145.950,200,True,0x3d68C58ebB81123d1Ac10655857193A1cDee90CE,INSURER,63,VIDEO,2,READ,
w91,2025-12-19T15:01:23.729477Z,145.970,200,True,0xD0Ce1d9D5A9c7E4F03d499A265d3014Ae5da7644,ADJUSTER,14,VIDEO,2,READ,
w36,2025-12-19T15:01:23.729586Z,145.988,200,True,0xD0Ce1d9D5A9c7E4F03d499A265d3014Ae5da7644,ADJUSTER,886,OTHER,1,READ,
w93,2025-12-19T15:01:23.729691Z,145.999,200,True,0xE3De53E77787ac96c6f78B3eD0A6Acea23953342,POLICE,403,IMAGE,2,READ,
w37,2025-12-19T15:01:23.729796Z,145.999,200,True,0x98eAB44F56Ae1f00C301517F1B6fCDb7a452D64b,ADJUSTER,291,IMAGE,2,READ,
w94,2025-12-19T15:01:23.729926Z,145.981,200,True,0x436f253A31aB81e4427747050f42C4907a6C388D,ADJUSTER,224,VIDEO,2,READ,
w38,2025-12-19T15:01:23.730037Z,145.979,200,True,0x73c07A746181c5256aC8EB8006fFbCF2239bEcC5,COURT,598,FNOL,4,READ,
w95,2025-12-19T15:01:23.730140Z,145.977,200,True,0x567dccd668D18B4ACd8A2795151edB162Bc34767,ADJUSTER,207,VIDEO,2,READ,
w39,2025-12-19T15:01:23.730240Z,145.979,200,True,0xC23BB727D3Ae6bD9cd90AC52ee26359F19176de3,INSURER,33,VIDEO,2,READ,
w97,2025-12-19T15:01:23.730343Z,145.983,200,True,0x3E93709810FB754ab4D6A2487344dF504087996D,INSURER,168,VIDEO,2,READ,
w99,2025-12-19T15:01:23.730815Z,145.615,200,True,0xC6Ffd174B730f05f52aF93e216103D6C7464cc96,INSURER,607,FNOL,4,READ,
w43,2025-12-19T15:01:23.730932Z,145.821,200,True,0xE1c2102345d7379f4bb3F114e908e9cC9154A335,POLICE,210,VIDEO,2,READ,
w1,2025-12-19T15:01:23.731044Z,145.858,200,True,0x05d1ef5b43268c6a5BD456A953029092795045d9,INSURER,704,TELEMATICS,3,READ,
w44,2025-12-19T15:01:23.731152Z,145.875,200,True,0x3E93709810FB754ab4D6A2487344dF504087996D,INSURER,399,IMAGE,2,READ,
w45,2025-12-19T15:01:23.731260Z,145.876,200,True,0xdBf006c9b4fEA25fFA98161abc660B4643109625,ADJUSTER,977,OTHER,1,READ,
w49,2025-12-19T15:01:23.731365Z,145.879,200,True,0x044bef4Ff250cBBFE36FEfE3b859D78bA04c1223,INSURER,299,IMAGE,2,READ,
w50,2025-12-19T15:01:23.731475Z,145.875,200,True,0xc0F601980c6FD898E06229024740eec17abbF5C2,INSURER,121,VIDEO,2,READ,
w52,2025-12-19T15:01:23.731576Z,145.873,200,True,0x6032b722b48DC8717A2C437485f2D3d264BD803B,ADJUSTER,65,VIDEO,2,READ,
w54,2025-12-19T15:01:23.731781Z,145.766,200,True,0x8Dd96368f7a8216813107Fe89688AcaafE8Cb76D,INSURER,838,TELEMATICS,3,READ,
w2,2025-12-19T15:01:23.731893Z,145.756,200,True,0x67A9BC3Fb3B4a392C223A8C644B48346b9Ca5128,COURT,570,FNOL,4,READ,
w57,2025-12-19T15:01:23.732000Z,145.760,200,True,0x40fca3Fa04d657c9879B638C57A2a70683E3efED,REGULATOR,729,TELEMATICS,3,READ,
w59,2025-12-19T15:01:23.732347Z,145.518,200,True,0x811FdDFb3340F34AB2b91C97AcB5FAeB6405847E,REGULATOR,21,VIDEO,2,READ,
w81,2025-12-19T15:01:23.732463Z,145.528,200,True,0x014E540c98B93f6ce2a6F2D7FE66BeD9a19f7bEC,ADJUSTER,277,IMAGE,2,READ,
w46,2025-12-19T15:01:23.732570Z,145.634,200,True,0xD1ce8183cCf94d1494c99DFC523Af7Bd51494E8d,INSURER,654,FNOL,4,READ,
w48,2025-12-19T15:01:23.811702Z,66.620,403,False,0x1F98dd762361D7256a816f8086AE6FfB657fa5bC,POLICE,775,TELEMATICS,3,READ,
w42,2025-12-19T15:01:23.812753Z,65.679,403,False,0xF80B0672A4f16BDe21fA2DF31482dA0fC606A43f,ADJUSTER,647,MEDICAL_REPORT,5,READ,
w20,2025-12-19T15:01:23.783499Z,157.027,200,True,0x1F022FfD0700E02E8f01B8f05f539f8C7a0339bb,POLICE,292,IMAGE,2,READ,
w82,2025-12-19T15:01:23.783878Z,157.012,200,True,0xF09aBd729B48E734Ad684B93585E8D043D55c967,INSURER,534,FNOL,4,READ,
w51,2025-12-19T15:01:23.784777Z,156.533,200,True,0x4f464925226709cf94C01633A1f468E106AD6413,INSURER,360,IMAGE,2,READ,
w3,2025-12-19T15:01:23.784898Z,156.588,200,True,0xCaa6A1a26D28f97DEDD4f555dEd43bC607f78384,INSURER,803,TELEMATICS,3,READ,
w5,2025-12-19T15:01:23.785024Z,156.618,200,True,0xC586D6C2dc89b791ae2AA6ae054c2629891275e1,POLICE,33,VIDEO,2,READ,
w23,2025-12-19T15:01:23.785143Z,156.632,200,True,0x0172115667882E73749128243A943873087c09D3,INSURER,332,IMAGE,2,READ,
w80,2025-12-19T15:01:23.785276Z,156.631,200,True,0x40fca3Fa04d657c9879B638C57A2a70683E3efED,REGULATOR,408,IMAGE,2,READ,
w85,2025-12-19T15:01:23.785601Z,156.435,200,True,0x82B01EfD510Bee8680730EEf777526b020e2398B,INSURER,903,OTHER,1,READ,
w63,2025-12-19T15:01:23.785757Z,156.406,200,True,0x262C7B7B136C441fA055dA7F585a2Ab956c1123C,INSURER,523,FNOL,4,READ,
w10,2025-12-19T15:01:23.785879Z,156.413,200,True,0xb8Fe0E775705824a50658ef111434567024d4310,REGULATOR,719,TELEMATICS,3,READ,
w12,2025-12-19T15:01:23.785991Z,156.420,200,True,0x14d0cb07D407E25F725b7f9854B98fEEEBb4942F,INSURER,771,TELEMATICS,3,READ,
w70,2025-12-19T15:01:23.786100Z,156.444,200,True,0xC66fE61Fe01B90e3C051c0ED40Dd41fC9347D018,REGULATOR,78,VIDEO,2,READ,
w22,2025-12-19T15:01:23.786207Z,156.495,200,True,0xAA49CCe569366189355225212a2EA06B8172Fa22,ADJUSTER,662,FNOL,4,READ,
w25,2025-12-19T15:01:23.786353Z,156.757,200,True,0x46Adf75988C45FBD67a07651b6f684943428c17C,INSURER,195,VIDEO,2,READ,
w8,2025-12-19T15:01:23.858211Z,85.057,403,False,0xD3b3bd4ce4B597519FCE080Ce05805A99cC8C772,GARAGE,559,FNOL,4,READ,
w16,2025-12-19T15:01:23.860809Z,82.591,403,False,0x57e02f30Dd15545B3A9eC4841D0D58Ee1D829414,GARAGE,978,OTHER,1,READ,
w75,2025-12-19T15:01:23.862328Z,81.201,403,False,0xC586D6C2dc89b791ae2AA6ae054c2629891275e1,POLICE,875,OTHER,1,READ,
w77,2025-12-19T15:01:23.862606Z,81.052,403,False,0x2B5dEec5325fd9befC139A2071d830B25FAd52Ef,GARAGE,976,OTHER,1,READ,
w78,2025-12-19T15:01:23.862923Z,80.866,403,False,0x5173D7F8755FdF3d2f05C01D029A3Dc55EaC0476,POLICE,617,FNOL,4,READ,
w84,2025-12-19T15:01:23.863640Z,80.258,403,False,0xcA28195b12c3c8cB960d8423584ee9a8677BD158,POLICE,631,MEDICAL_REPORT,5,READ,
w88,2025-12-19T15:01:23.864382Z,79.867,403,False,0x955f7F1386d8d5FB12bc50876B418e4D206D9530,GARAGE,552,MEDICAL_REPORT,5,READ,
w41,2025-12-19T15:01:23.810978Z,133.445,200,True,0x1F022FfD0700E02E8f01B8f05f539f8C7a0339bb,POLICE,235,VIDEO,2,READ,
w98,2025-12-19T15:01:23.811289Z,133.312,200,True,0xf5d0314845FCf19022a28FeD6650e58CFc01f243,INSURER,273,IMAGE,2,READ,
w47,2025-12-19T15:01:23.811554Z,133.184,200,True,0xC23BB727D3Ae6bD9cd90AC52ee26359F19176de3,INSURER,425,IMAGE,2,READ,
w55,2025-12-19T15:01:23.811828Z,133.031,200,True,0xFeC4882fEAf263ac0fD1b9B4271dD1852B413584,INSURER,526,MEDICAL_REPORT,5,READ,
w56,2025-12-19T15:01:23.811956Z,133.016,200,True,0x3E93709810FB754ab4D6A2487344dF504087996D,INSURER,939,OTHER,1,READ,
w0,2025-12-19T15:01:23.812157Z,132.935,200,True,0x182C98818C6b29Ff23d7d1d9766e1B1dEB1aBAeB,INSURER,629,MEDICAL_REPORT,5,READ,
w35,2025-12-19T15:01:23.812279Z,132.930,200,True,0x02BD9B3b464b98EB353C8f83Eb3b4cB0627A52Ed,COURT,261,IMAGE,2,READ,
w58,2025-12-19T15:01:23.812405Z,132.917,200,True,0x5C63EFf960008F7F9783957f07533386097149ce,POLICE,41,VIDEO,2,READ,
w90,2025-12-19T15:01:23.812625Z,132.844,200,True,0x50Ed54bf40D96Fda59d7F83abE5551535d7938ac,COURT,727,TELEMATICS,3,READ,
w53,2025-12-19T15:01:23.812862Z,132.725,200,True,0x78273aa663aa16C08590efF5582bb4C9DD30Bb95,INSURER,778,TELEMATICS,3,READ,
w4,2025-12-19T15:01:23.812972Z,132.723,200,True,0x85C720Ae65eF1706A0cf41695a93A34E189D5Ea0,INSURER,481,IMAGE,2,READ,
w91,2025-12-19T15:01:23.875453Z,85.243,403,False,0x567dccd668D18B4ACd8A2795151edB162Bc34767,ADJUSTER,638,MEDICAL_REPORT,5,READ,
w97,2025-12-19T15:01:23.876329Z,84.691,403,False,0x469Bf06C8a44e5E2Bb2752C29B92d88DCA076B8a,POLICE,991,OTHER,1,READ,
w60,2025-12-19T15:01:23.856742Z,160.497,200,True,0xf5d0314845FCf19022a28FeD6650e58CFc01f243,INSURER,363,IMAGE,2,READ,
w6,2025-12-19T15:01:23.857245Z,160.348,200,True,0x3116De7d4519B71BA014e7EF3e874D3a98B64A91,POLICE,103,VIDEO,2,READ,
w61,2025-12-19T15:01:23.857645Z,160.344,200,True,0xAF3C604AE7a9E247C368331a22270415269Ef10d,INSURER,156,VIDEO,2,READ,
w7,2025-12-19T15:01:23.857842Z,160.312,200,True,0x09596bf36cE63dABDeB58d68a52792B7BA13ba84,ADJUSTER,572,FNOL,4,READ,
w62,2025-12-19T15:01:23.858042Z,160.302,200,True,0xf9314f31cc38103bC7607a176a804e5C1Ecbf511,INSURER,89,VIDEO,2,READ,
w9,2025-12-19T15:01:23.858431Z,160.070,200,True,0xFeC4882fEAf263ac0fD1b9B4271dD1852B413584,INSURER,569,MEDICAL_REPORT,5,READ,
w64,2025-12-19T15:01:23.858654Z,159.977,200,True,0x262C7B7B136C441fA055dA7F585a2Ab956c1123C,INSURER,771,TELEMATICS,3,READ,
w65,2025-12-19T15:01:23.858818Z,159.950,200,True,0x98eAB44F56Ae1f00C301517F1B6fCDb7a452D64b,ADJUSTER,154,VIDEO,2,READ,
w11,2025-12-19T15:01:23.859291Z,159.598,200,True,0x065Fd3F8fcF30384f50eceBa324b1EF8411Fa759,COURT,1000,OTHER,1,READ,
w66,2025-12-19T15:01:23.859484Z,159.518,200,True,0x5e3B546a11dc657CdFa106cd26E2211ee451c0d7,INSURER,909,OTHER,1,READ,
w67,2025-12-19T15:01:23.859697Z,159.416,200,True,0xF88a95Dd8B84AF76941627AA419BEFc507d88125,ADJUSTER,931,OTHER,1,READ,
w13,2025-12-19T15:01:23.859904Z,159.317,200,True,0xF96D07BDd0404b21a6B987cF6C21b9A5E3045f5F,INSURER,714,TELEMATICS,3,READ,
w68,2025-12-19T15:01:23.860109Z,159.515,200,True,0xC29Fbef10EC6e6A787036cEA0C9024ce9F435d97,INSURER,499,IMAGE,2,READ,
w14,2025-12-19T15:01:23.860358Z,159.406,200,True,0xCe3b338346378767324b87Cb888eC3F1d6d34940,POLICE,387,IMAGE,2,READ,
w69,2025-12-19T15:01:23.860541Z,159.345,200,True,0x38C88185b74B534134345be38916483044075686,POLICE,387,IMAGE,2,READ,
w15,2025-12-19T15:01:23.860685Z,159.319,200,True,0x58f181cd636a8F0a8335240Efc4979212ff45341,INSURER,683,MEDICAL_REPORT,5,READ,
w71,2025-12-19T15:01:23.860926Z,159.189,200,True,0x3db0bD968176A243AC81C5c8Cf02Cf429b04dD57,COURT,905,OTHER,1,READ,
w17,2025-12-19T15:01:23.861586Z,158.637,200,True,0xAF3C604AE7a9E247C368331a22270415269Ef10d,INSURER,950,OTHER,1,READ,
w72,2025-12-19T15:01:23.861791Z,158.551,200,True,0xF09aBd729B48E734Ad684B93585E8D043D55c967,INSURER,35,VIDEO,2,READ,
w73,2025-12-19T15:01:23.861996Z,158.468,200,True,0xCC05C551476CDbEfAd79Ed75427937b892aaFE9C,ADJUSTER,110,VIDEO,2,READ,
w74,2025-12-19T15:01:23.862177Z,158.416,200,True,0x58e8E907e02C35e581Ed3a4e98906344861E7265,INSURER,849,TELEMATICS,3,READ,
w76,2025-12-19T15:01:23.862458Z,158.288,200,True,0x67A9BC3Fb3B4a392C223A8C644B48346b9Ca5128,COURT,475,IMAGE,2,READ,
w21,2025-12-19T15:01:23.862787Z,158.859,200,True,0xF09aBd729B48E734Ad684B93585E8D043D55c967,INSURER,879,OTHER,1,READ,
w79,2025-12-19T15:01:23.863056Z,158.874,200,True,0xfd4Fc17438169bC1228EB21c2cb9b8DE1E97472a,INSURER,813,TELEMATICS,3,READ,
w24,2025-12-19T15:01:23.863173Z,158.954,200,True,0x58f181cd636a8F0a8335240Efc4979212ff45341,INSURER,880,OTHER,1,READ,
w26,2025-12-19T15:01:23.863284Z,159.011,200,True,0x89cb551204456FFCd8e595feE394120dD047b57A,INSURER,892,OTHER,1,READ,
w83,2025-12-19T15:01:23.863414Z,159.040,200,True,0x3a74Fec63a615BC94b9A47bEa6340935Ab155117,ADJUSTER,104,VIDEO,2,READ,
w27,2025-12-19T15:01:23.863531Z,159.062,200,True,0x58e8E907e02C35e581Ed3a4e98906344861E7265,INSURER,565,MEDICAL_REPORT,5,READ,
w28,2025-12-19T15:01:23.863803Z,158.925,200,True,0xF80B0672A4f16BDe21fA2DF31482dA0fC606A43f,ADJUSTER,132,VIDEO,2,READ,
w29,2025-12-19T15:01:23.863936Z,158.928,200,True,0xD06Cc40e4D98aDc886d652F4253985B5c04282b9,REGULATOR,42,VIDEO,2,READ,
w86,2025-12-19T15:01:23.864047Z,158.952,200,True,0x3a74Fec63a615BC94b9A47bEa6340935Ab155117,ADJUSTER,933,OTHER,1,READ,
w30,2025-12-19T15:01:23.864156Z,158.987,200,True,0xC5f6e3512D3B1133da1f88159fDf63dC9f2d43FB,ADJUSTER,957,OTHER,1,READ,
w31,2025-12-19T15:01:23.864257Z,159.011,200,True,0x4828419eA02B1D4399E039f8E5F346f37f19fA13,INSURER,913,OTHER,1,READ,
w18,2025-12-19T15:01:23.864517Z,158.871,200,True,0x811FdDFb3340F34AB2b91C97AcB5FAeB6405847E,REGULATOR,112,VIDEO,2,READ,
w19,2025-12-19T15:01:23.864636Z,158.870,200,True,0xE3De53E77787ac96c6f78B3eD0A6Acea23953342,POLICE,407,IMAGE,2,READ,
w92,2025-12-19T15:01:23.864748Z,158.869,200,True,0x456F6DbE8aF9e05a1918B64f0Bd0690809b23E6B,INSURER,479,IMAGE,2,READ,
w96,2025-12-19T15:01:23.864877Z,158.855,200,True,0x97910F1306b5414B4C61D9A719B6871f5c77662f,INSURER,657,MEDICAL_REPORT,5,READ,
w40,2025-12-19T15:01:23.865054Z,158.798,200,True,0x4395153bc7Ac8ebD080b3C98FE634fcA40E5609F,COURT,928,OTHER,1,READ,
w87,2025-12-19T15:01:23.865186Z,158.782,200,True,0x3a74Fec63a615BC94b9A47bEa6340935Ab155117,ADJUSTER,866,OTHER,1,READ,
w51,2025-12-19T15:01:23.941317Z,82.764,403,False,0x2B5dEec5325fd9befC139A2071d830B25FAd52Ef,GARAGE,4,VIDEO,2,READ,
w85,2025-12-19T15:01:23.942042Z,82.150,403,False,0x6c2d9F1aEdB2C485CABAF82412f88d5303Fd7B73,GARAGE,222,VIDEO,2,READ,
w22,2025-12-19T15:01:23.942708Z,81.591,403,False,0x01891323537Ca8c745Cd76182c9eB81519eaC821,GARAGE,830,TELEMATICS,3,READ,
w35,2025-12-19T15:01:23.945213Z,79.191,403,False,0xDD3EceF8307a47a0307E4f44135C61Dd2C75c6d7,POLICE,967,OTHER,1,READ,
w58,2025-12-19T15:01:23.945330Z,79.177,403,False,0xCF5E79F0E2BFC3eb5fe4aB0975E9F0eEc50b54E3,GARAGE,866,OTHER,1,READ,
w90,2025-12-19T15:01:23.945473Z,79.149,403,False,0x4BA98aed0F31F1E56A9bc733FD86aB30e5b88D0E,GARAGE,99,VIDEO,2,READ,
w53,2025-12-19T15:01:23.945592Z,79.145,403,False,0xa96C0E04f38F8dC8842789660AA8C570bfCCFF50,GARAGE,786,TELEMATICS,3,READ,
w32,2025-12-19T15:01:23.874399Z,154.177,200,True,0x3A995E7B23E0Fe0f9a5537f57AA80BACa529eFC4,INSURER,296,IMAGE,2,READ,
w89,2025-12-19T15:01:23.874742Z,154.086,200,True,0x330f902fF463e2B611211Ccb44EF749E558Ba02a,INSURER,154,VIDEO,2,READ,
w33,2025-12-19T15:01:23.875155Z,153.967,200,True,0x5cA86E3342DEA0C1a26C49f1a4fA40DeEeAFf8a8,INSURER,820,TELEMATICS,3,READ,
w34,2025-12-19T15:01:23.875319Z,153.955,200,True,0x07DA3024980d3B92Bcf6B8850A7C08F758B5F781,INSURER,506,FNOL,4,READ,
w36,2025-12-19T15:01:23.875580Z,153.824,200,True,0x33F5a90B9400A21046089Aaf44319BA889B0B9ed,INSURER,345,IMAGE,2,READ,
w93,2025-12-19T15:01:23.875694Z,153.829,200,True,0x620a52535BA00719f0747D42746525D807319996,ADJUSTER,290,IMAGE,2,READ,
w37,2025-12-19T15:01:23.875800Z,153.848,200,True,0x14d0cb07D407E25F725b7f9854B98fEEEBb4942F,INSURER,890,OTHER,1,READ,
w94,2025-12-19T15:01:23.875912Z,153.852,200,True,0xcA28195b12c3c8cB960d8423584ee9a8677BD158,POLICE,321,IMAGE,2,READ,
w38,2025-12-19T15:01:23.876021Z,153.855,200,True,0x9F6d6682cb1957F9585F9b8AC3469E4D767600D6,INSURER,771,TELEMATICS,3,READ,
w95,2025-12-19T15:01:23.876121Z,154.084,200,True,0xE1C502975CC15E22bC10c8a6e352061ef61bBc2A,COURT,891,OTHER,1,READ,
w39,2025-12-19T15:01:23.876224Z,154.114,200,True,0xDD3EceF8307a47a0307E4f44135C61Dd2C75c6d7,POLICE,398,IMAGE,2,READ,
w99,2025-12-19T15:01:23.876434Z,154.028,200,True,0xB8954C40b419Ae7332fF39Ce3d458ba1fed03941,REGULATOR,844,TELEMATICS,3,READ,
w43,2025-12-19T15:01:23.876759Z,153.827,200,True,0x567dccd668D18B4ACd8A2795151edB162Bc34767,ADJUSTER,877,OTHER,1,READ,
w1,2025-12-19T15:01:23.876907Z,153.795,200,True,0x28606132Fb05B11eee1fa6ACe3CB39F3EFFFdCCe,ADJUSTER,466,IMAGE,2,READ,
w44,2025-12-19T15:01:23.877031Z,153.777,200,True,0xD0Ce1d9D5A9c7E4F03d499A265d3014Ae5da7644,ADJUSTER,842,TELEMATICS,3,READ,
w45,2025-12-19T15:01:23.877141Z,153.770,200,True,0xcE078954f123a07010672Fff05b36f5E43642106,INSURER,120,VIDEO,2,READ,
w49,2025-12-19T15:01:23.877249Z,153.773,200,True,0x567dccd668D18B4ACd8A2795151edB162Bc34767,ADJUSTER,389,IMAGE,2,READ,
w50,2025-12-19T15:01:23.877354Z,153.770,200,True,0x8FA3c986B63dEd44ce62D4aC5b3b0F49FF447700,COURT,252,IMAGE,2,READ,
w52,2025-12-19T15:01:23.877454Z,153.953,200,True,0xcE078954f123a07010672Fff05b36f5E43642106,INSURER,410,IMAGE,2,READ,
w54,2025-12-19T15:01:23.877552Z,153.993,200,True,0x2875Aa8C20c095495Ab5d6A1aBE2E2b07077dF55,INSURER,964,OTHER,1,READ,
w2,2025-12-19T15:01:23.877653Z,154.011,200,True,0xd6f5696C80b8cb2D4AAaFdaf8E7C266cf4af4538,COURT,231,VIDEO,2,READ,
w57,2025-12-19T15:01:23.877764Z,154.013,200,True,0x466ec685AE894BAc153c11350FC488cAAa2C062E,INSURER,662,FNOL,4,READ,
w59,2025-12-19T15:01:23.877869Z,154.014,200,True,0x82B01EfD510Bee8680730EEf777526b020e2398B,INSURER,337,IMAGE,2,READ,
w81,2025-12-19T15:01:23.877997Z,153.989,200,True,0x630ba53C12B20a6EBd04Eb0819a24b1f8C554A01,INSURER,991,OTHER,1,READ,
w46,2025-12-19T15:01:23.878209Z,153.884,200,True,0x3d4Bd094c1894ed38F3EcF0799bE66f83a4199ca,ADJUSTER,313,IMAGE,2,READ,
w48,2025-12-19T15:01:23.878326Z,153.892,200,True,0x12DF904699208278b4355b568d47De4F2c9646fe,INSURER,426,IMAGE,2,READ,
w42,2025-12-19T15:01:23.878437Z,153.905,200,True,0xB3e698A67fD5AEeB61b8bE389e7E917Bc2Ea032a,POLICE,319,IMAGE,2,READ,
w97,2025-12-19T15:01:23.961028Z,71.429,403,False,0x28365792Da71bc8AcAD11a4393049d006EF2E972,GARAGE,528,MEDICAL_REPORT,5,READ,
w20,2025-12-19T15:01:23.940539Z,157.104,200,True,0xC66fE61Fe01B90e3C051c0ED40Dd41fC9347D018,REGULATOR,709,TELEMATICS,3,READ,
w82,2025-12-19T15:01:23.940901Z,157.226,200,True,0x3d4Bd094c1894ed38F3EcF0799bE66f83a4199ca,ADJUSTER,296,IMAGE,2,READ,
w3,2025-12-19T15:01:23.941494Z,157.174,200,True,0x3d68C58ebB81123d1Ac10655857193A1cDee90CE,INSURER,910,OTHER,1,READ,
w5,2025-12-19T15:01:23.941648Z,157.249,200,True,0x1Ab5D0f68133DA5E100635Bdf5030650cA2bE691,ADJUSTER,468,IMAGE,2,READ,
w23,2025-12-19T15:01:23.941781Z,157.376,200,True,0x3d9c5458418bD082b010C0F93c3b8FBF9826E0Bf,INSURER,19,VIDEO,2,READ,
w80,2025-12-19T15:01:23.941911Z,157.461,200,True,0x51A2465dc26f17e37524f93494A8409715ACc9c2,INSURER,902,OTHER,1,READ,
w63,2025-12-19T15:01:23.942168Z,157.412,200,True,0x1F98dd762361D7256a816f8086AE6FfB657fa5bC,POLICE,146,VIDEO,2,READ,
w10,2025-12-19T15:01:23.942298Z,157.472,200,True,0x78273aa663aa16C08590efF5582bb4C9DD30Bb95,INSURER,165,VIDEO,2,READ,
w12,2025-12-19T15:01:23.942417Z,157.554,200,True,0x48c487f18ce4aAFcf592B2eC3611eAa7B1C85918,ADJUSTER,402,IMAGE,2,READ,
w70,2025-12-19T15:01:23.942551Z,157.615,200,True,0x97910F1306b5414B4C61D9A719B6871f5c77662f,INSURER,615,FNOL,4,READ,
w25,2025-12-19T15:01:23.943118Z,157.596,200,True,0x18BFB9A0Bf9293D0D3bf9F42bD6e7e7b300Dc391,COURT,600,MEDICAL_REPORT,5,READ,
w8,2025-12-19T15:01:23.943274Z,157.636,200,True,0xCaa6A1a26D28f97DEDD4f555dEd43bC607f78384,INSURER,849,TELEMATICS,3,READ,
w16,2025-12-19T15:01:23.943405Z,157.701,200,True,0xB8954C40b419Ae7332fF39Ce3d458ba1fed03941,REGULATOR,112,VIDEO,2,READ,
w75,2025-12-19T15:01:23.943534Z,157.771,200,True,0x51a1E6D900E3e04c169Be84b2D5e5ccB2420B0EB,INSURER,166,VIDEO,2,READ,
w77,2025-12-19T15:01:23.943665Z,157.828,200,True,0x3d9c5458418bD082b010C0F93c3b8FBF9826E0Bf,INSURER,240,VIDEO,2,READ,
w78,2025-12-19T15:01:23.943794Z,157.877,200,True,0x85C720Ae65eF1706A0cf41695a93A34E189D5Ea0,INSURER,771,TELEMATICS,3,READ,
w84,2025-12-19T15:01:23.943903Z,157.931,200,True,0x467316319C6B5f391c5a6B3b0190d4209202fC25,ADJUSTER,42,VIDEO,2,READ,
w88,2025-12-19T15:01:23.944255Z,157.739,200,True,0xC23BB727D3Ae6bD9cd90AC52ee26359F19176de3,INSURER,829,TELEMATICS,3,READ,
w41,2025-12-19T15:01:23.944430Z,157.737,200,True,0x4395153bc7Ac8ebD080b3C98FE634fcA40E5609F,COURT,742,TELEMATICS,3,READ,
w98,2025-12-19T15:01:23.944607Z,158.010,200,True,0x466ec685AE894BAc153c11350FC488cAAa2C062E,INSURER,841,TELEMATICS,3,READ,
w47,2025-12-19T15:01:23.944743Z,158.065,200,True,0xC586D6C2dc89b791ae2AA6ae054c2629891275e1,POLICE,486,IMAGE,2,READ,
w55,2025-12-19T15:01:23.944864Z,158.115,200,True,0xBCb233Ef85EC11C88E20Ea53Bb47f454d116FBe3,ADJUSTER,594,FNOL,4,READ,
w56,2025-12-19T15:01:23.944977Z,158.185,200,True,0x78b99D5D04232b9650d619DBa5F5600a9242A472,INSURER,677,FNOL,4,READ,
w0,2025-12-19T15:01:23.945096Z,158.252,200,True,0xD1ce8183cCf94d1494c99DFC523Af7Bd51494E8d,INSURER,348,IMAGE,2,READ,
w4,2025-12-19T15:01:23.945699Z,157.836,200,True,0x58f181cd636a8F0a8335240Efc4979212ff45341,INSURER,516,FNOL,4,READ,
w62,2025-12-19T15:01:24.018350Z,85.372,403,False,0x5173D7F8755FdF3d2f05C01D029A3Dc55EaC0476,POLICE,795,TELEMATICS,3,READ,
w76,2025-12-19T15:01:24.020753Z,83.155,403,False,0x5C63EFf960008F7F9783957f07533386097149ce,POLICE,974,OTHER,1,READ,
w91,2025-12-19T15:01:23.960709Z,143.386,200,True,0xCdb11D137710f0a5234b9D3c040668B6D48e59d4,COURT,563,FNOL,4,READ,
w21,2025-12-19T15:01:24.021659Z,82.650,403,False,0x469Bf06C8a44e5E2Bb2752C29B92d88DCA076B8a,POLICE,998,OTHER,1,READ,
w95,2025-12-19T15:01:24.030210Z,83.658,403,False,0xCF5E79F0E2BFC3eb5fe4aB0975E9F0eEc50b54E3,GARAGE,626,FNOL,4,READ,
w1,2025-12-19T15:01:24.030706Z,83.473,403,False,0xE1c2102345d7379f4bb3F114e908e9cC9154A335,POLICE,746,TELEMATICS,3,READ,
w50,2025-12-19T15:01:24.031128Z,83.264,403,False,0x23aA93bc659A3e3D0da5434a4088578341D43278,GARAGE,996,OTHER,1,READ,
w52,2025-12-19T15:01:24.031412Z,83.122,403,False,0xD261b62ccB398d8100234C5fD641c6D67B10C62B,GARAGE,546,FNOL,4,READ,
w60,2025-12-19T15:01:24.017253Z,184.818,200,True,0xd963E5e27CB9872abc2Fbed9107c373Aa59583a4,INSURER,897,OTHER,1,READ,
w6,2025-12-19T15:01:24.017603Z,184.822,200,True,0x73E42dF14ff21e7994A37802a292F71830CDA5aF,INSURER,469,IMAGE,2,READ,
w61,2025-12-19T15:01:24.017997Z,184.825,200,True,0xC66fE61Fe01B90e3C051c0ED40Dd41fC9347D018,REGULATOR,772,TELEMATICS,3,READ,
w7,2025-12-19T15:01:24.018161Z,184.822,200,True,0x89cb551204456FFCd8e595feE394120dD047b57A,INSURER,676,FNOL,4,READ,
w9,2025-12-19T15:01:24.018507Z,184.651,200,True,0xE385ea618340FfE0d7c7e9EB25048F1c1E437F33,INSURER,171,VIDEO,2,READ,
w64,2025-12-19T15:01:24.018639Z,184.657,200,True,0x630ba53C12B20a6EBd04Eb0819a24b1f8C554A01,INSURER,114,VIDEO,2,READ,
w65,2025-12-19T15:01:24.018772Z,184.644,200,True,0x50Ed54bf40D96Fda59d7F83abE5551535d7938ac,COURT,365,IMAGE,2,READ,
w11,2025-12-19T15:01:24.018894Z,184.632,200,True,0x73c07A746181c5256aC8EB8006fFbCF2239bEcC5,COURT,264,IMAGE,2,READ,
w66,2025-12-19T15:01:24.019007Z,184.652,200,True,0x598405697b464FEbA8C76367b7C75C59D8BE2eCF,COURT,80,VIDEO,2,READ,
w67,2025-12-19T15:01:24.019117Z,184.657,200,True,0xF88a95Dd8B84AF76941627AA419BEFc507d88125,ADJUSTER,13,VIDEO,2,READ,
w13,2025-12-19T15:01:24.019226Z,184.668,200,True,0x7C8B230898f07628a4f24e2D0ffe62373593dCce,POLICE,66,VIDEO,2,READ,
w68,2025-12-19T15:01:24.019631Z,184.375,200,True,0x14d0cb07D407E25F725b7f9854B98fEEEBb4942F,INSURER,96,VIDEO,2,READ,
w14,2025-12-19T15:01:24.019770Z,184.684,200,True,0x42dC03c90d7652B937d26628a86f9317bbf521dc,INSURER,47,VIDEO,2,READ,
w69,2025-12-19T15:01:24.019891Z,184.723,200,True,0x05d1ef5b43268c6a5BD456A953029092795045d9,INSURER,534,FNOL,4,READ,
w15,2025-12-19T15:01:24.020010Z,184.776,200,True,0xBC78986794f1658340222E011F7e1Cf375177F95,ADJUSTER,701,TELEMATICS,3,READ,
w71,2025-12-19T15:01:24.020120Z,184.805,200,True,0x5CdF84465a68A1A9CEfe264b98c0701879D78982,INSURER,953,OTHER,1,READ,
w17,2025-12-19T15:01:24.020229Z,184.818,200,True,0x98eAB44F56Ae1f00C301517F1B6fCDb7a452D64b,ADJUSTER,321,IMAGE,2,READ,
w72,2025-12-19T15:01:24.020348Z,184.860,200,True,0x40fca3Fa04d657c9879B638C57A2a70683E3efED,REGULATOR,601,MEDICAL_REPORT,5,READ,
w73,2025-12-19T15:01:24.020470Z,184.910,200,True,0x33F5a90B9400A21046089Aaf44319BA889B0B9ed,INSURER,747,TELEMATICS,3,READ,
w74,2025-12-19T15:01:24.020597Z,184.909,200,True,0x51a1E6D900E3e04c169Be84b2D5e5ccB2420B0EB,INSURER,780,TELEMATICS,3,READ,
w79,2025-12-19T15:01:24.021939Z,183.702,200,True,0xcE078954f123a07010672Fff05b36f5E43642106,INSURER,585,MEDICAL_REPORT,5,READ,
w24,2025-12-19T15:01:24.022137Z,183.636,200,True,0x419d3b699AA38c218f3D84f0a3129a6383634f17,ADJUSTER,668,FNOL,4,READ,
w26,2025-12-19T15:01:24.022302Z,183.606,200,True,0x0172115667882E73749128243A943873087c09D3,INSURER,142,VIDEO,2,READ,
w83,2025-12-19T15:01:24.022460Z,183.561,200,True,0x262C7B7B136C441fA055dA7F585a2Ab956c1123C,INSURER,933,OTHER,1,READ,
w27,2025-12-19T15:01:24.022599Z,183.537,200,True,0x48f8656e15a2FC22Ccd6cDe7c56db39C1B62E770,POLICE,406,IMAGE,2,READ,
w28,2025-12-19T15:01:24.022732Z,184.231,200,True,0x330f902fF463e2B611211Ccb44EF749E558Ba02a,INSURER,541,MEDICAL_REPORT,5,READ,
w29,2025-12-19T15:01:24.022870Z,184.231,200,True,0x68cBdE77b98e3AF3281dBC229ee66540Eac3f007,ADJUSTER,779,TELEMATICS,3,READ,
w86,2025-12-19T15:01:24.023005Z,184.209,200,True,0xC29Fbef10EC6e6A787036cEA0C9024ce9F435d97,INSURER,113,VIDEO,2,READ,
w30,2025-12-19T15:01:24.023148Z,184.179,200,True,0xd86Fa5B280bf58C28aaE39fB535e0e965F0E285B,INSURER,288,IMAGE,2,READ,
w31,2025-12-19T15:01:24.023274Z,184.167,200,True,0xC29Fbef10EC6e6A787036cEA0C9024ce9F435d97,INSURER,756,TELEMATICS,3,READ,
w18,2025-12-19T15:01:24.023394Z,184.156,200,True,0xC23BB727D3Ae6bD9cd90AC52ee26359F19176de3,INSURER,308,IMAGE,2,READ,
w19,2025-12-19T15:01:24.023510Z,184.161,200,True,0xC753D2a5211C57F7C2b4279053b11aEC435b41AB,REGULATOR,737,TELEMATICS,3,READ,
w92,2025-12-19T15:01:24.023622Z,184.160,200,True,0x7fBAcb835330c3A23597A355A26Cf6E0ee69A0B5,COURT,635,MEDICAL_REPORT,5,READ,
w96,2025-12-19T15:01:24.023736Z,184.151,200,True,0x38C88185b74B534134345be38916483044075686,POLICE,262,IMAGE,2,READ,
w40,2025-12-19T15:01:24.023858Z,184.135,200,True,0x33F5a90B9400A21046089Aaf44319BA889B0B9ed,INSURER,923,OTHER,1,READ,
w87,2025-12-19T15:01:24.023973Z,184.138,200,True,0x199baf9971453910adbCD45ae05Dc8f9B68fcB1f,INSURER,303,IMAGE,2,READ,
w51,2025-12-19T15:01:24.024087Z,184.138,200,True,0x42dC03c90d7652B937d26628a86f9317bbf521dc,INSURER,636,FNOL,4,READ,
w85,2025-12-19T15:01:24.024197Z,184.139,200,True,0xAA49CCe569366189355225212a2EA06B8172Fa22,ADJUSTER,324,IMAGE,2,READ,
w22,2025-12-19T15:01:24.024304Z,184.137,200,True,0xB2241965995ed972D442D6A9461eF3583ecA95B6,INSURER,372,IMAGE,2,READ,
w35,2025-12-19T15:01:24.024409Z,184.138,200,True,0x85C720Ae65eF1706A0cf41695a93A34E189D5Ea0,INSURER,497,IMAGE,2,READ,
w58,2025-12-19T15:01:24.024512Z,184.162,200,True,0x09596bf36cE63dABDeB58d68a52792B7BA13ba84,ADJUSTER,204,VIDEO,2,READ,
w90,2025-12-19T15:01:24.024627Z,184.153,200,True,0x3d4Bd094c1894ed38F3EcF0799bE66f83a4199ca,ADJUSTER,201,VIDEO,2,READ,
w5,2025-12-19T15:01:24.098906Z,109.981,403,False,0x57e02f30Dd15545B3A9eC4841D0D58Ee1D829414,GARAGE,162,VIDEO,2,READ,
w80,2025-12-19T15:01:24.099381Z,109.624,403,False,0xE4A8571e1F142Bd99866AA9464c49517B2ac0E01,ADJUSTER,606,MEDICAL_REPORT,5,READ,
w63,2025-12-19T15:01:24.099589Z,109.529,403,False,0x469Bf06C8a44e5E2Bb2752C29B92d88DCA076B8a,POLICE,729,TELEMATICS,3,READ,
w8,2025-12-19T15:01:24.100919Z,108.312,403,False,0xcCC472e2d0eDA52066a80BCFb4577Dc9Fb7CD453,POLICE,600,MEDICAL_REPORT,5,READ,
w16,2025-12-19T15:01:24.101115Z,108.225,403,False,0x4BA98aed0F31F1E56A9bc733FD86aB30e5b88D0E,GARAGE,546,FNOL,4,READ,
w53,2025-12-19T15:01:24.024741Z,184.703,200,True,0xdBf006c9b4fEA25fFA98161abc660B4643109625,ADJUSTER,776,TELEMATICS,3,READ,
w32,2025-12-19T15:01:24.028584Z,180.969,200,True,0xc0F601980c6FD898E06229024740eec17abbF5C2,INSURER,763,TELEMATICS,3,READ,
w89,2025-12-19T15:01:24.028834Z,180.855,200,True,0xd6f5696C80b8cb2D4AAaFdaf8E7C266cf4af4538,COURT,90,VIDEO,2,READ,
w33,2025-12-19T15:01:24.029129Z,180.672,200,True,0xf5d0314845FCf19022a28FeD6650e58CFc01f243,INSURER,796,TELEMATICS,3,READ,
w34,2025-12-19T15:01:24.029279Z,180.624,200,True,0x69254de41949D1A246C5c1A168e5e8473D2d50f0,ADJUSTER,839,TELEMATICS,3,READ,
w36,2025-12-19T15:01:24.029410Z,180.597,200,True,0x68cBdE77b98e3AF3281dBC229ee66540Eac3f007,ADJUSTER,33,VIDEO,2,READ,
w93,2025-12-19T15:01:24.029529Z,180.595,200,True,0xBC78986794f1658340222E011F7e1Cf375177F95,ADJUSTER,775,TELEMATICS,3,READ,
w37,2025-12-19T15:01:24.029654Z,180.586,200,True,0x18BFB9A0Bf9293D0D3bf9F42bD6e7e7b300Dc391,COURT,430,IMAGE,2,READ,
w94,2025-12-19T15:01:24.029769Z,180.581,200,True,0x14d0cb07D407E25F725b7f9854B98fEEEBb4942F,INSURER,117,VIDEO,2,READ,
w38,2025-12-19T15:01:24.029901Z,180.555,200,True,0xFeC4882fEAf263ac0fD1b9B4271dD1852B413584,INSURER,1000,OTHER,1,READ,
w39,2025-12-19T15:01:24.030342Z,180.217,200,True,0xC753D2a5211C57F7C2b4279053b11aEC435b41AB,REGULATOR,482,IMAGE,2,READ,
w99,2025-12-19T15:01:24.030467Z,180.196,200,True,0xD1ce8183cCf94d1494c99DFC523Af7Bd51494E8d,INSURER,94,VIDEO,2,READ,
w43,2025-12-19T15:01:24.030591Z,180.177,200,True,0x7B678e542Dec17ab096b423D15262dcD9B8c11D8,POLICE,352,IMAGE,2,READ,
w44,2025-12-19T15:01:24.030813Z,180.057,200,True,0x78b99D5D04232b9650d619DBa5F5600a9242A472,INSURER,417,IMAGE,2,READ,
w45,2025-12-19T15:01:24.030915Z,180.057,200,True,0x07DA3024980d3B92Bcf6B8850A7C08F758B5F781,INSURER,396,IMAGE,2,READ,
w49,2025-12-19T15:01:24.031026Z,180.051,200,True,0x3308795A526382DB26cF04047fE2bBd4F56E6CE7,COURT,889,OTHER,1,READ,
w54,2025-12-19T15:01:24.031550Z,179.638,200,True,0x82B01EfD510Bee8680730EEf777526b020e2398B,INSURER,239,VIDEO,2,READ,
w2,2025-12-19T15:01:24.031668Z,179.636,200,True,0x3418C54B33ca42d0dF096EaD255791c7B2E2f3d9,ADJUSTER,75,VIDEO,2,READ,
w57,2025-12-19T15:01:24.031781Z,179.632,200,True,0xaCB712DC0982F8B6c52EB4C5D2c205766cE3d00D,INSURER,196,VIDEO,2,READ,
w59,2025-12-19T15:01:24.031887Z,179.639,200,True,0xB81c8729A121819695CEEDA9b389f559D6398B3C,REGULATOR,595,FNOL,4,READ,
w81,2025-12-19T15:01:24.031991Z,179.868,200,True,0x98eAB44F56Ae1f00C301517F1B6fCDb7a452D64b,ADJUSTER,759,TELEMATICS,3,READ,
w46,2025-12-19T15:01:24.032097Z,179.895,200,True,0x476ad4Ce50BbD6624855e3d1e12E6cC23654359A,INSURER,420,IMAGE,2,READ,
w48,2025-12-19T15:01:24.032223Z,179.891,200,True,0x933be1Be0aF68b62934fE96ADB1AB2Ee1C47B4F0,INSURER,445,IMAGE,2,READ,
w42,2025-12-19T15:01:24.032348Z,179.886,200,True,0x29Da547ffD477d0d4628d547368EcFDF73054469,ADJUSTER,918,OTHER,1,READ,
w97,2025-12-19T15:01:24.032462Z,179.879,200,True,0x3A995E7B23E0Fe0f9a5537f57AA80BACa529eFC4,INSURER,240,VIDEO,2,READ,
w20,2025-12-19T15:01:24.097661Z,203.869,200,True,0x1EBe67547Da63652edcAE7c36347A6d05ef27c1C,POLICE,232,VIDEO,2,READ,
w82,2025-12-19T15:01:24.098140Z,203.748,200,True,0x11F50254a88A6e26E6Bb5aAE8d74E52372B4270E,COURT,114,VIDEO,2,READ,
w3,2025-12-19T15:01:24.098678Z,203.382,200,True,0xDD3EceF8307a47a0307E4f44135C61Dd2C75c6d7,POLICE,37,VIDEO,2,READ,
w23,2025-12-19T15:01:24.099167Z,203.267,200,True,0x78b99D5D04232b9650d619DBa5F5600a9242A472,INSURER,930,OTHER,1,READ,
w10,2025-12-19T15:01:24.099778Z,202.795,200,True,0xE385ea618340FfE0d7c7e9EB25048F1c1E437F33,INSURER,402,IMAGE,2,READ,
w12,2025-12-19T15:01:24.099978Z,202.715,200,True,0x14d0cb07D407E25F725b7f9854B98fEEEBb4942F,INSURER,77,VIDEO,2,READ,
w70,2025-12-19T15:01:24.100173Z,202.632,200,True,0x1Ab5D0f68133DA5E100635Bdf5030650cA2bE691,ADJUSTER,727,TELEMATICS,3,READ,
w25,2025-12-19T15:01:24.100723Z,202.199,200,True,0xD06Cc40e4D98aDc886d652F4253985B5c04282b9,REGULATOR,334,IMAGE,2,READ,
w75,2025-12-19T15:01:24.101313Z,201.742,200,True,0x58e8E907e02C35e581Ed3a4e98906344861E7265,INSURER,994,OTHER,1,READ,
w77,2025-12-19T15:01:24.101501Z,201.688,200,True,0xF80B0672A4f16BDe21fA2DF31482dA0fC606A43f,ADJUSTER,173,VIDEO,2,READ,
w78,2025-12-19T15:01:24.101678Z,201.626,200,True,0x98eAB44F56Ae1f00C301517F1B6fCDb7a452D64b,ADJUSTER,880,OTHER,1,READ,
w84,2025-12-19T15:01:24.101840Z,201.572,200,True,0x685A29EE8A06E458E58A29d721dFB677cdF8a600,INSURER,522,MEDICAL_REPORT,5,READ,
w88,2025-12-19T15:01:24.102000Z,201.513,200,True,0xD46492141A5F13412fa59e5F47Ce969c7954E752,INSURER,687,FNOL,4,READ,
w41,2025-12-19T15:01:24.102174Z,201.447,200,True,0x40fca3Fa04d657c9879B638C57A2a70683E3efED,REGULATOR,965,OTHER,1,READ,
w98,2025-12-19T15:01:24.102626Z,201.097,200,True,0x3d9c5458418bD082b010C0F93c3b8FBF9826E0Bf,INSURER,160,VIDEO,2,READ,
w47,2025-12-19T15:01:24.102815Z,201.321,200,True,0x5e3B546a11dc657CdFa106cd26E2211ee451c0d7,INSURER,489,IMAGE,2,READ,
w55,2025-12-19T15:01:24.102986Z,201.312,200,True,0x5C63EFf960008F7F9783957f07533386097149ce,POLICE,260,IMAGE,2,READ,
w56,2025-12-19T15:01:24.103171Z,201.293,200,True,0xFeC4882fEAf263ac0fD1b9B4271dD1852B413584,INSURER,548,MEDICAL_REPORT,5,READ,
w0,2025-12-19T15:01:24.103356Z,201.308,200,True,0x3B4ab93e0901742BFfc8A18D301F36f820AD3bB9,ADJUSTER,637,FNOL,4,READ,
w4,2025-12-19T15:01:24.103543Z,201.301,200,True,0xd86Fa5B280bf58C28aaE39fB535e0e965F0E285B,INSURER,446,IMAGE,2,READ,
w62,2025-12-19T15:01:24.103730Z,201.292,200,True,0x811FdDFb3340F34AB2b91C97AcB5FAeB6405847E,REGULATOR,134,VIDEO,2,READ,
w76,2025-12-19T15:01:24.103915Z,201.448,200,True,0x8D21394c336D57f89564705Aa61307561b63E310,POLICE,430,IMAGE,2,READ,
w91,2025-12-19T15:01:24.104103Z,201.485,200,True,0x85C720Ae65eF1706A0cf41695a93A34E189D5Ea0,INSURER,503,MEDICAL_REPORT,5,READ,
w21,2025-12-19T15:01:24.104319Z,201.499,200,True,0xD3b3bd4ce4B597519FCE080Ce05805A99cC8C772,GARAGE,399,IMAGE,2,READ,
w95,2025-12-19T15:01:24.113881Z,192.157,200,True,0x29Da547ffD477d0d4628d547368EcFDF73054469,ADJUSTER,733,TELEMATICS,3,READ,
w1,2025-12-19T15:01:24.114187Z,192.048,200,True,0x05d1ef5b43268c6a5BD456A953029092795045d9,INSURER,240,VIDEO,2,READ,
w50,2025-12-19T15:01:24.114399Z,192.027,200,True,0x09596bf36cE63dABDeB58d68a52792B7BA13ba84,ADJUSTER,207,VIDEO,2,READ,
w52,2025-12-19T15:01:24.114540Z,192.062,200,True,0x48f8656e15a2FC22Ccd6cDe7c56db39C1B62E770,POLICE,182,VIDEO,2,READ,
w60,2025-12-19T15:01:24.202084Z,104.688,403,False,0x520F6Be8B20312c8CA4bB2773000A94923A4FaE5,POLICE,526,MEDICAL_REPORT,5,READ,
w67,2025-12-19T15:01:24.203779Z,103.359,403,False,0x5173D7F8755FdF3d2f05C01D029A3Dc55EaC0476,POLICE,622,FNOL,4,READ,
w85,2025-12-19T15:01:24.208340Z,98.963,403,False,0x68cBdE77b98e3AF3281dBC229ee66540Eac3f007,ADJUSTER,541,MEDICAL_REPORT,5,READ,
w22,2025-12-19T15:01:24.208446Z,98.999,403,False,0x4BA98aed0F31F1E56A9bc733FD86aB30e5b88D0E,GARAGE,940,OTHER,1,READ,
w80,2025-12-19T15:01:24.209011Z,98.559,403,False,0x955f7F1386d8d5FB12bc50876B418e4D206D9530,GARAGE,728,TELEMATICS,3,READ,
w36,2025-12-19T15:01:24.210011Z,97.684,403,False,0xDd45386232533D2C209976e678A91A2263676ECB,GARAGE,581,MEDICAL_REPORT,5,READ,
w93,2025-12-19T15:01:24.210128Z,97.679,403,False,0x620a52535BA00719f0747D42746525D807319996,ADJUSTER,576,MEDICAL_REPORT,5,READ,
w94,2025-12-19T15:01:24.210355Z,97.564,403,False,0x48f8656e15a2FC22Ccd6cDe7c56db39C1B62E770,POLICE,965,OTHER,1,READ,
w39,2025-12-19T15:01:24.210563Z,97.474,403,False,0x996644d2075D6c96FEB649879534dFAb933903f6,GARAGE,757,TELEMATICS,3,READ,
w46,2025-12-19T15:01:24.211997Z,96.160,403,False,0xC586D6C2dc89b791ae2AA6ae054c2629891275e1,POLICE,826,TELEMATICS,3,READ,
w6,2025-12-19T15:01:24.202434Z,195.443,200,True,0x73E42dF14ff21e7994A37802a292F71830CDA5aF,INSURER,343,IMAGE,2,READ,
w61,2025-12-19T15:01:24.202829Z,195.413,200,True,0x4395153bc7Ac8ebD080b3C98FE634fcA40E5609F,COURT,937,OTHER,1,READ,
w7,2025-12-19T15:01:24.203015Z,195.401,200,True,0x26b179d013C696c433c0f316E594f7a7AcE77C79,GARAGE,498,IMAGE,2,READ,
w9,2025-12-19T15:01:24.203164Z,195.658,200,True,0x29950abd635aF427d5E2fF0DB9f6920fC915bC55,INSURER,735,TELEMATICS,3,READ,
w64,2025-12-19T15:01:24.203301Z,195.667,200,True,0xD1ce8183cCf94d1494c99DFC523Af7Bd51494E8d,INSURER,481,IMAGE,2,READ,
w65,2025-12-19T15:01:24.203421Z,195.677,200,True,0xD46492141A5F13412fa59e5F47Ce969c7954E752,INSURER,689,FNOL,4,READ,
w11,2025-12-19T15:01:24.203531Z,195.686,200,True,0x82B01EfD510Bee8680730EEf777526b020e2398B,INSURER,275,IMAGE,2,READ,
w66,2025-12-19T15:01:24.203664Z,195.680,200,True,0x68cBdE77b98e3AF3281dBC229ee66540Eac3f007,ADJUSTER,199,VIDEO,2,READ,
w13,2025-12-19T15:01:24.203899Z,195.609,200,True,0x436f253A31aB81e4427747050f42C4907a6C388D,ADJUSTER,142,VIDEO,2,READ,
w68,2025-12-19T15:01:24.204010Z,195.620,200,True,0xD46492141A5F13412fa59e5F47Ce969c7954E752,INSURER,262,IMAGE,2,READ,
w14,2025-12-19T15:01:24.204462Z,195.287,200,True,0xC29Fbef10EC6e6A787036cEA0C9024ce9F435d97,INSURER,543,MEDICAL_REPORT,5,READ,
w69,2025-12-19T15:01:24.204623Z,195.235,200,True,0xdBf006c9b4fEA25fFA98161abc660B4643109625,ADJUSTER,808,TELEMATICS,3,READ,
w15,2025-12-19T15:01:24.204792Z,195.171,200,True,0x93787a823E3D4Ae295F5a91C0e87325E40B3aa3F,REGULATOR,380,IMAGE,2,READ,
w71,2025-12-19T15:01:24.204930Z,195.137,200,True,0x3495fF4A33D3b8aCCB512226B501122064b1e8fe,INSURER,379,IMAGE,2,READ,
w17,2025-12-19T15:01:24.205052Z,195.115,200,True,0xCaa6A1a26D28f97DEDD4f555dEd43bC607f78384,INSURER,749,TELEMATICS,3,READ,
w72,2025-12-19T15:01:24.205216Z,195.063,200,True,0xD46492141A5F13412fa59e5F47Ce969c7954E752,INSURER,29,VIDEO,2,READ,
w73,2025-12-19T15:01:24.205385Z,195.390,200,True,0x5ee06906aF52aEd2c884D505d3a0A7CA7513188D,INSURER,109,VIDEO,2,READ,
w74,2025-12-19T15:01:24.205512Z,195.391,200,True,0x892Bc4E7F6D9a6aD507664d8A8EEB33b2544f3Ea,COURT,956,OTHER,1,READ,
w79,2025-12-19T15:01:24.205646Z,195.368,200,True,0x59760590b1fCF3C846635ae6432DE56ef26298B8,GARAGE,411,IMAGE,2,READ,
w24,2025-12-19T15:01:24.205777Z,195.343,200,True,0xE1c2102345d7379f4bb3F114e908e9cC9154A335,POLICE,454,IMAGE,2,READ,
w26,2025-12-19T15:01:24.205913Z,195.308,200,True,0xFf85d9d86E5E1a3792266E2a5BB970C470C1e0c5,COURT,5,VIDEO,2,READ,
w83,2025-12-19T15:01:24.206027Z,195.296,200,True,0x5ee06906aF52aEd2c884D505d3a0A7CA7513188D,INSURER,178,VIDEO,2,READ,
w27,2025-12-19T15:01:24.206141Z,195.307,200,True,0xeD60C4758Fab078c38685EeEF9692D8Fa4F3dDB9,INSURER,834,TELEMATICS,3,READ,
w28,2025-12-19T15:01:24.206970Z,194.591,200,True,0x3495fF4A33D3b8aCCB512226B501122064b1e8fe,INSURER,56,VIDEO,2,READ,
w29,2025-12-19T15:01:24.207108Z,194.561,200,True,0xB3e698A67fD5AEeB61b8bE389e7E917Bc2Ea032a,POLICE,351,IMAGE,2,READ,
w86,2025-12-19T15:01:24.207218Z,194.558,200,True,0x4395153bc7Ac8ebD080b3C98FE634fcA40E5609F,COURT,857,OTHER,1,READ,
w30,2025-12-19T15:01:24.207333Z,194.546,200,True,0x7fBAcb835330c3A23597A355A26Cf6E0ee69A0B5,COURT,813,TELEMATICS,3,READ,
w31,2025-12-19T15:01:24.207446Z,194.530,200,True,0x014E540c98B93f6ce2a6F2D7FE66BeD9a19f7bEC,ADJUSTER,119,VIDEO,2,READ,
w18,2025-12-19T15:01:24.207554Z,194.520,200,True,0x98eAB44F56Ae1f00C301517F1B6fCDb7a452D64b,ADJUSTER,802,TELEMATICS,3,READ,
w19,2025-12-19T15:01:24.207676Z,194.497,200,True,0xC66fE61Fe01B90e3C051c0ED40Dd41fC9347D018,REGULATOR,751,TELEMATICS,3,READ,
w92,2025-12-19T15:01:24.207786Z,194.491,200,True,0xCe3b338346378767324b87Cb888eC3F1d6d34940,POLICE,429,IMAGE,2,READ,
w96,2025-12-19T15:01:24.207892Z,194.488,200,True,0x3a74Fec63a615BC94b9A47bEa6340935Ab155117,ADJUSTER,283,IMAGE,2,READ,
w40,2025-12-19T15:01:24.207997Z,194.490,200,True,0x14d0cb07D407E25F725b7f9854B98fEEEBb4942F,INSURER,84,VIDEO,2,READ,
w87,2025-12-19T15:01:24.208116Z,194.478,200,True,0x3A995E7B23E0Fe0f9a5537f57AA80BACa529eFC4,INSURER,596,FNOL,4,READ,
w51,2025-12-19T15:01:24.208229Z,194.472,200,True,0xd6f5696C80b8cb2D4AAaFdaf8E7C266cf4af4538,COURT,765,TELEMATICS,3,READ,
w35,2025-12-19T15:01:24.208551Z,194.759,200,True,0xC753D2a5211C57F7C2b4279053b11aEC435b41AB,REGULATOR,534,FNOL,4,READ,
w58,2025-12-19T15:01:24.208678Z,194.779,200,True,0xC66fE61Fe01B90e3C051c0ED40Dd41fC9347D018,REGULATOR,851,OTHER,1,READ,
w90,2025-12-19T15:01:24.208786Z,194.789,200,True,0x78b99D5D04232b9650d619DBa5F5600a9242A472,INSURER,704,TELEMATICS,3,READ,
w5,2025-12-19T15:01:24.208892Z,194.793,200,True,0x892Bc4E7F6D9a6aD507664d8A8EEB33b2544f3Ea,COURT,930,OTHER,1,READ,
w63,2025-12-19T15:01:24.209122Z,194.669,200,True,0x29Da547ffD477d0d4628d547368EcFDF73054469,ADJUSTER,943,OTHER,1,READ,
w8,2025-12-19T15:01:24.209235Z,194.664,200,True,0x73E42dF14ff21e7994A37802a292F71830CDA5aF,INSURER,778,TELEMATICS,3,READ,
w16,2025-12-19T15:01:24.209343Z,194.854,200,True,0x8FA3c986B63dEd44ce62D4aC5b3b0F49FF447700,COURT,601,MEDICAL_REPORT,5,READ,
w53,2025-12-19T15:01:24.209449Z,194.898,200,True,0x5cA86E3342DEA0C1a26C49f1a4fA40DeEeAFf8a8,INSURER,401,IMAGE,2,READ,
w32,2025-12-19T15:01:24.209558Z,194.927,200,True,0x58f181cd636a8F0a8335240Efc4979212ff45341,INSURER,501,FNOL,4,READ,
w89,2025-12-19T15:01:24.209694Z,194.911,200,True,0x3B4ab93e0901742BFfc8A18D301F36f820AD3bB9,ADJUSTER,720,TELEMATICS,3,READ,
w33,2025-12-19T15:01:24.209805Z,194.916,200,True,0xA75Af013B9CBdf4322e0c459A2fB8B708fbB8Ddc,POLICE,423,IMAGE,2,READ,
w34,2025-12-19T15:01:24.209907Z,194.924,200,True,0x3d68C58ebB81123d1Ac10655857193A1cDee90CE,INSURER,981,OTHER,1,READ,
w37,2025-12-19T15:01:24.210244Z,194.698,200,True,0x520F6Be8B20312c8CA4bB2773000A94923A4FaE5,POLICE,263,IMAGE,2,READ,
w38,2025-12-19T15:01:24.210460Z,194.614,200,True,0xD6e58dE85e171C0D6BB42Cf4a85fBa7C55ce5618,INSURER,795,TELEMATICS,3,READ,
w99,2025-12-19T15:01:24.210667Z,194.556,200,True,0x567dccd668D18B4ACd8A2795151edB162Bc34767,ADJUSTER,436,IMAGE,2,READ,
w43,2025-12-19T15:01:24.210773Z,194.605,200,True,0x3A995E7B23E0Fe0f9a5537f57AA80BACa529eFC4,INSURER,427,IMAGE,2,READ,
w44,2025-12-19T15:01:24.210874Z,194.674,200,True,0x436f253A31aB81e4427747050f42C4907a6C388D,ADJUSTER,735,TELEMATICS,3,READ,
w45,2025-12-19T15:01:24.210976Z,194.706,200,True,0x262C7B7B136C441fA055dA7F585a2Ab956c1123C,INSURER,338,IMAGE,2,READ,
w49,2025-12-19T15:01:24.211082Z,194.751,200,True,0x78273aa663aa16C08590efF5582bb4C9DD30Bb95,INSURER,852,OTHER,1,READ,
w54,2025-12-19T15:01:24.211193Z,194.759,200,True,0x4f464925226709cf94C01633A1f468E106AD6413,INSURER,412,IMAGE,2,READ,
w2,2025-12-19T15:01:24.211309Z,194.760,200,True,0x5ee06906aF52aEd2c884D505d3a0A7CA7513188D,INSURER,384,IMAGE,2,READ,
w57,2025-12-19T15:01:24.211418Z,194.765,200,True,0xBdfeA99CC2B9e09E4A7e6C7B14808189488E3985,COURT,445,IMAGE,2,READ,
w59,2025-12-19T15:01:24.211531Z,194.776,200,True,0x892Bc4E7F6D9a6aD507664d8A8EEB33b2544f3Ea,COURT,595,FNOL,4,READ,
w81,2025-12-19T15:01:24.211866Z,194.559,200,True,0x685A29EE8A06E458E58A29d721dFB677cdF8a600,INSURER,128,VIDEO,2,READ,
w48,2025-12-19T15:01:24.212120Z,194.427,200,True,0xC5f6e3512D3B1133da1f88159fDf63dC9f2d43FB,ADJUSTER,243,VIDEO,2,READ,
w42,2025-12-19T15:01:24.212238Z,194.425,200,True,0x3308795A526382DB26cF04047fE2bBd4F56E6CE7,COURT,849,TELEMATICS,3,READ,
w97,2025-12-19T15:01:24.212345Z,194.426,200,True,0x50Ed54bf40D96Fda59d7F83abE5551535d7938ac,COURT,412,IMAGE,2,READ,
w12,2025-12-19T15:01:24.302699Z,104.182,403,False,0xDd45386232533D2C209976e678A91A2263676ECB,GARAGE,970,OTHER,1,READ,
w77,2025-12-19T15:01:24.303193Z,103.796,403,False,0x1EBe67547Da63652edcAE7c36347A6d05ef27c1C,POLICE,927,OTHER,1,READ,
w62,2025-12-19T15:01:24.305029Z,102.066,403,False,0x996644d2075D6c96FEB649879534dFAb933903f6,GARAGE,247,VIDEO,2,READ,
w91,2025-12-19T15:01:24.305596Z,101.612,403,False,0x6B97e16D77504562cB9392834019252f4057F4D5,POLICE,657,MEDICAL_REPORT,5,READ,
w95,2025-12-19T15:01:24.306047Z,101.281,403,False,0xafA5Afd00Ec5464DAf96FCe2b09f4e4e157F4A67,POLICE,752,TELEMATICS,3,READ,
w50,2025-12-19T15:01:24.306433Z,101.007,403,False,0x469Bf06C8a44e5E2Bb2752C29B92d88DCA076B8a,POLICE,928,OTHER,1,READ,
w39,2025-12-19T15:01:24.308042Z,99.501,403,False,0x2B5dEec5325fd9befC139A2071d830B25FAd52Ef,GARAGE,744,TELEMATICS,3,READ,
w20,2025-12-19T15:01:24.301541Z,201.631,200,True,0x48f8656e15a2FC22Ccd6cDe7c56db39C1B62E770,POLICE,169,VIDEO,2,READ,
w82,2025-12-19T15:01:24.301898Z,201.651,200,True,0x51a1E6D900E3e04c169Be84b2D5e5ccB2420B0EB,INSURER,309,IMAGE,2,READ,
w3,2025-12-19T15:01:24.302067Z,201.666,200,True,0xC753D2a5211C57F7C2b4279053b11aEC435b41AB,REGULATOR,508,FNOL,4,READ,
w23,2025-12-19T15:01:24.302440Z,201.714,200,True,0x4f464925226709cf94C01633A1f468E106AD6413,INSURER,179,VIDEO,2,READ,
w10,2025-12-19T15:01:24.302578Z,201.808,200,True,0xCC05C551476CDbEfAd79Ed75427937b892aaFE9C,ADJUSTER,300,IMAGE,2,READ,
w70,2025-12-19T15:01:24.302810Z,201.739,200,True,0x5ee06906aF52aEd2c884D505d3a0A7CA7513188D,INSURER,807,TELEMATICS,3,READ,
w25,2025-12-19T15:01:24.302926Z,201.815,200,True,0x0479AcE8E12E22b9751dF7542dd8f225c221EC34,ADJUSTER,895,OTHER,1,READ,
w75,2025-12-19T15:01:24.303061Z,201.825,200,True,0x46Adf75988C45FBD67a07651b6f684943428c17C,INSURER,937,OTHER,1,READ,
w78,2025-12-19T15:01:24.303308Z,201.725,200,True,0xBC78986794f1658340222E011F7e1Cf375177F95,ADJUSTER,316,IMAGE,2,READ,
w84,2025-12-19T15:01:24.303417Z,201.800,200,True,0xafA5Afd00Ec5464DAf96FCe2b09f4e4e157F4A67,POLICE,430,IMAGE,2,READ,
w88,2025-12-19T15:01:24.303519Z,201.829,200,True,0x466ec685AE894BAc153c11350FC488cAAa2C062E,INSURER,219,VIDEO,2,READ,
w41,2025-12-19T15:01:24.303626Z,201.867,200,True,0xd132a79Ca7Be8caaC9A27467EB9B65F7cBD6F50E,ADJUSTER,870,OTHER,1,READ,
w98,2025-12-19T15:01:24.303728Z,201.894,200,True,0x077f45EB3eB6027C0D05Ab77CAC4D29c46cb3a6E,INSURER,706,TELEMATICS,3,READ,
w47,2025-12-19T15:01:24.304142Z,201.600,200,True,0x51a1E6D900E3e04c169Be84b2D5e5ccB2420B0EB,INSURER,233,VIDEO,2,READ,
w55,2025-12-19T15:01:24.304306Z,201.554,200,True,0x330f902fF463e2B611211Ccb44EF749E558Ba02a,INSURER,507,FNOL,4,READ,
w56,2025-12-19T15:01:24.304470Z,201.502,200,True,0x48c487f18ce4aAFcf592B2eC3611eAa7B1C85918,ADJUSTER,34,VIDEO,2,READ,
w0,2025-12-19T15:01:24.304672Z,201.822,200,True,0xCaa6A1a26D28f97DEDD4f555dEd43bC607f78384,INSURER,290,IMAGE,2,READ,
w4,2025-12-19T15:01:24.304850Z,201.797,200,True,0xD0Ce1d9D5A9c7E4F03d499A265d3014Ae5da7644,ADJUSTER,927,OTHER,1,READ,
w76,2025-12-19T15:01:24.305373Z,201.425,200,True,0x6032b722b48DC8717A2C437485f2D3d264BD803B,ADJUSTER,443,IMAGE,2,READ,
w21,2025-12-19T15:01:24.305827Z,201.093,200,True,0x11652BF4c5D394F3a46E96f2bE659939a0f6a6ed,INSURER,890,OTHER,1,READ,
w1,2025-12-19T15:01:24.306242Z,200.791,200,True,0x436f253A31aB81e4427747050f42C4907a6C388D,ADJUSTER,300,IMAGE,2,READ,
w52,2025-12-19T15:01:24.306611Z,200.536,200,True,0x78273aa663aa16C08590efF5582bb4C9DD30Bb95,INSURER,435,IMAGE,2,READ,
w60,2025-12-19T15:01:24.306779Z,200.477,200,True,0x69254de41949D1A246C5c1A168e5e8473D2d50f0,ADJUSTER,243,VIDEO,2,READ,
w67,2025-12-19T15:01:24.307145Z,200.222,200,True,0xE1c2102345d7379f4bb3F114e908e9cC9154A335,POLICE,477,IMAGE,2,READ,
w85,2025-12-19T15:01:24.307308Z,200.175,200,True,0x69254de41949D1A246C5c1A168e5e8473D2d50f0,ADJUSTER,712,TELEMATICS,3,READ,
w22,2025-12-19T15:01:24.307450Z,200.146,200,True,0xC29Fbef10EC6e6A787036cEA0C9024ce9F435d97,INSURER,80,VIDEO,2,READ,
w80,2025-12-19T15:01:24.307575Z,200.140,200,True,0xCF5E79F0E2BFC3eb5fe4aB0975E9F0eEc50b54E3,GARAGE,479,IMAGE,2,READ,
w36,2025-12-19T15:01:24.307700Z,200.121,200,True,0xFf85d9d86E5E1a3792266E2a5BB970C470C1e0c5,COURT,452,IMAGE,2,READ,
w93,2025-12-19T15:01:24.307812Z,200.113,200,True,0x808936f08CCC0a9C3953Cd3716006fB99825CBa4,COURT,98,VIDEO,2,READ,
w94,2025-12-19T15:01:24.307924Z,200.105,200,True,0x73c07A746181c5256aC8EB8006fFbCF2239bEcC5,COURT,333,IMAGE,2,READ,
w46,2025-12-19T15:01:24.308162Z,199.973,200,True,0x29Da547ffD477d0d4628d547368EcFDF73054469,ADJUSTER,322,IMAGE,2,READ,
w6,2025-12-19T15:01:24.397888Z,110.349,403,False,0x26b179d013C696c433c0f316E594f7a7AcE77C79,GARAGE,61,VIDEO,2,READ,
w11,2025-12-19T15:01:24.399222Z,109.132,403,False,0xB3e698A67fD5AEeB61b8bE389e7E917Bc2Ea032a,POLICE,795,TELEMATICS,3,READ,
w13,2025-12-19T15:01:24.399513Z,109.292,403,False,0x57e02f30Dd15545B3A9eC4841D0D58Ee1D829414,GARAGE,985,OTHER,1,READ,
w69,2025-12-19T15:01:24.399862Z,109.075,403,False,0x3116De7d4519B71BA014e7EF3e874D3a98B64A91,POLICE,654,FNOL,4,READ,
w24,2025-12-19T15:01:24.401125Z,107.928,403,False,0x7C8B230898f07628a4f24e2D0ffe62373593dCce,POLICE,793,TELEMATICS,3,READ,
w28,2025-12-19T15:01:24.401566Z,107.600,403,False,0xC586D6C2dc89b791ae2AA6ae054c2629891275e1,POLICE,660,FNOL,4,READ,
w30,2025-12-19T15:01:24.401883Z,107.390,403,False,0x0Bc81E8481993A5F61D3011a142E1510de00ECae,GARAGE,992,OTHER,1,READ,
w18,2025-12-19T15:01:24.402078Z,107.309,403,False,0x467316319C6B5f391c5a6B3b0190d4209202fC25,ADJUSTER,585,MEDICAL_REPORT,5,READ,
w40,2025-12-19T15:01:24.402491Z,107.003,403,False,0x3116De7d4519B71BA014e7EF3e874D3a98B64A91,POLICE,929,OTHER,1,READ,
w35,2025-12-19T15:01:24.403316Z,106.280,403,False,0x7C8B230898f07628a4f24e2D0ffe62373593dCce,POLICE,802,TELEMATICS,3,READ,
w90,2025-12-19T15:01:24.403579Z,106.125,403,False,0xCe3b338346378767324b87Cb888eC3F1d6d34940,POLICE,980,OTHER,1,READ,
w37,2025-12-19T15:01:24.404948Z,104.860,403,False,0x2B5dEec5325fd9befC139A2071d830B25FAd52Ef,GARAGE,981,OTHER,1,READ,
w2,2025-12-19T15:01:24.406074Z,103.837,403,False,0x1F022FfD0700E02E8f01B8f05f539f8C7a0339bb,POLICE,586,FNOL,4,READ,
w57,2025-12-19T15:01:24.406188Z,103.831,403,False,0x5173D7F8755FdF3d2f05C01D029A3Dc55EaC0476,POLICE,554,MEDICAL_REPORT,5,READ,
w77,2025-12-19T15:01:24.406993Z,103.135,403,False,0x0Bc81E8481993A5F61D3011a142E1510de00ECae,GARAGE,150,VIDEO,2,READ,
w62,2025-12-19T15:01:24.407099Z,103.142,403,False,0x955f7F1386d8d5FB12bc50876B418e4D206D9530,GARAGE,715,TELEMATICS,3,READ,
w91,2025-12-19T15:01:24.407213Z,103.131,403,False,0x3a74Fec63a615BC94b9A47bEa6340935Ab155117,ADJUSTER,533,MEDICAL_REPORT,5,READ,
w61,2025-12-19T15:01:24.398251Z,198.171,200,True,0xCC05C551476CDbEfAd79Ed75427937b892aaFE9C,ADJUSTER,958,OTHER,1,READ,
w7,2025-12-19T15:01:24.398422Z,198.391,200,True,0x93787a823E3D4Ae295F5a91C0e87325E40B3aa3F,REGULATOR,512,FNOL,4,READ,
w9,2025-12-19T15:01:24.398829Z,198.161,200,True,0x42dC03c90d7652B937d26628a86f9317bbf521dc,INSURER,68,VIDEO,2,READ,
w64,2025-12-19T15:01:24.398974Z,198.159,200,True,0x3116De7d4519B71BA014e7EF3e874D3a98B64A91,POLICE,446,IMAGE,2,READ,
w65,2025-12-19T15:01:24.399103Z,198.436,200,True,0xB81c8729A121819695CEEDA9b389f559D6398B3C,REGULATOR,496,IMAGE,2,READ,
w66,2025-12-19T15:01:24.399352Z,198.343,200,True,0x81A893236EFCdC58F1f9421b59Ee21eb7e38f8FB,INSURER,257,IMAGE,2,READ,
w68,2025-12-19T15:01:24.399635Z,198.191,200,True,0x40fca3Fa04d657c9879B638C57A2a70683E3efED,REGULATOR,603,FNOL,4,READ,
w14,2025-12-19T15:01:24.399753Z,198.206,200,True,0x2875Aa8C20c095495Ab5d6A1aBE2E2b07077dF55,INSURER,297,IMAGE,2,READ,
w15,2025-12-19T15:01:24.399967Z,198.114,200,True,0x51A2465dc26f17e37524f93494A8409715ACc9c2,INSURER,896,OTHER,1,READ,
w71,2025-12-19T15:01:24.400071Z,198.121,200,True,0xF96D07BDd0404b21a6B987cF6C21b9A5E3045f5F,INSURER,728,TELEMATICS,3,READ,
w17,2025-12-19T15:01:24.400172Z,198.127,200,True,0x78b99D5D04232b9650d619DBa5F5600a9242A472,INSURER,369,IMAGE,2,READ,
w72,2025-12-19T15:01:24.400285Z,198.117,200,True,0x09596bf36cE63dABDeB58d68a52792B7BA13ba84,ADJUSTER,125,VIDEO,2,READ,
w73,2025-12-19T15:01:24.400781Z,197.729,200,True,0xe9b50040eeAA45F16fd24222f4a97482737f6C8A,ADJUSTER,706,TELEMATICS,3,READ,
w74,2025-12-19T15:01:24.400908Z,197.713,200,True,0xD21eB53384cE472F3DE7527DC9A5820dA80bBB01,INSURER,541,MEDICAL_REPORT,5,READ,
w79,2025-12-19T15:01:24.401018Z,197.710,200,True,0xC5f6e3512D3B1133da1f88159fDf63dC9f2d43FB,ADJUSTER,94,VIDEO,2,READ,
w26,2025-12-19T15:01:24.401226Z,197.609,200,True,0x808936f08CCC0a9C3953Cd3716006fB99825CBa4,COURT,649,MEDICAL_REPORT,5,READ,
w83,2025-12-19T15:01:24.401327Z,197.614,200,True,0x59760590b1fCF3C846635ae6432DE56ef26298B8,GARAGE,479,IMAGE,2,READ,
w27,2025-12-19T15:01:24.401453Z,198.005,200,True,0xD46492141A5F13412fa59e5F47Ce969c7954E752,INSURER,620,FNOL,4,READ,
w29,2025-12-19T15:01:24.401672Z,197.934,200,True,0x5173D7F8755FdF3d2f05C01D029A3Dc55EaC0476,POLICE,54,VIDEO,2,READ,
w86,2025-12-19T15:01:24.401780Z,197.943,200,True,0x84FDd0E1F145C20f9451b1eB751c26e76B3232d4,POLICE,159,VIDEO,2,READ,
w31,2025-12-19T15:01:24.401981Z,197.855,200,True,0x8Dd96368f7a8216813107Fe89688AcaafE8Cb76D,INSURER,412,IMAGE,2,READ,
w19,2025-12-19T15:01:24.402178Z,197.773,200,True,0x0AbFb230511189A840157bF7FcA43b1b69338dC6,POLICE,328,IMAGE,2,READ,
w92,2025-12-19T15:01:24.402282Z,197.780,200,True,0x89cb551204456FFCd8e595feE394120dD047b57A,INSURER,173,VIDEO,2,READ,
w96,2025-12-19T15:01:24.402384Z,197.782,200,True,0xBC78986794f1658340222E011F7e1Cf375177F95,ADJUSTER,756,TELEMATICS,3,READ,
w87,2025-12-19T15:01:24.402599Z,197.670,200,True,0xd132a79Ca7Be8caaC9A27467EB9B65F7cBD6F50E,ADJUSTER,841,TELEMATICS,3,READ,
w51,2025-12-19T15:01:24.402704Z,197.678,200,True,0xf5d0314845FCf19022a28FeD6650e58CFc01f243,INSURER,729,TELEMATICS,3,READ,
w58,2025-12-19T15:01:24.403463Z,197.028,200,True,0x3a74Fec63a615BC94b9A47bEa6340935Ab155117,ADJUSTER,910,OTHER,1,READ,
w5,2025-12-19T15:01:24.403689Z,196.906,200,True,0x466ec685AE894BAc153c11350FC488cAAa2C062E,INSURER,175,VIDEO,2,READ,
w63,2025-12-19T15:01:24.403796Z,196.912,200,True,0x89cb551204456FFCd8e595feE394120dD047b57A,INSURER,345,IMAGE,2,READ,
w8,2025-12-19T15:01:24.403906Z,196.905,200,True,0xC29Fbef10EC6e6A787036cEA0C9024ce9F435d97,INSURER,197,VIDEO,2,READ,
w16,2025-12-19T15:01:24.404204Z,196.710,200,True,0xf5d0314845FCf19022a28FeD6650e58CFc01f243,INSURER,639,MEDICAL_REPORT,5,READ,
w53,2025-12-19T15:01:24.404353Z,196.659,200,True,0xBeBf134906e0FCcd85b0D99a4626a7B8584e742c,ADJUSTER,532,FNOL,4,READ,
w32,2025-12-19T15:01:24.404491Z,196.622,200,True,0x38C88185b74B534134345be38916483044075686,POLICE,206,VIDEO,2,READ,
w89,2025-12-19T15:01:24.404609Z,196.604,200,True,0x1F98dd762361D7256a816f8086AE6FfB657fa5bC,POLICE,315,IMAGE,2,READ,
w33,2025-12-19T15:01:24.404727Z,196.594,200,True,0xF80B0672A4f16BDe21fA2DF31482dA0fC606A43f,ADJUSTER,402,IMAGE,2,READ,
w34,2025-12-19T15:01:24.404835Z,196.590,200,True,0x065Fd3F8fcF30384f50eceBa324b1EF8411Fa759,COURT,794,TELEMATICS,3,READ,
w38,2025-12-19T15:01:24.405082Z,196.445,200,True,0x11652BF4c5D394F3a46E96f2bE659939a0f6a6ed,INSURER,113,VIDEO,2,READ,
w99,2025-12-19T15:01:24.405233Z,196.395,200,True,0x5cA86E3342DEA0C1a26C49f1a4fA40DeEeAFf8a8,INSURER,852,OTHER,1,READ,
w43,2025-12-19T15:01:24.405385Z,196.345,200,True,0xA75Af013B9CBdf4322e0c459A2fB8B708fbB8Ddc,POLICE,316,IMAGE,2,READ,
w44,2025-12-19T15:01:24.405554Z,196.276,200,True,0x6B97e16D77504562cB9392834019252f4057F4D5,POLICE,153,VIDEO,2,READ,
w45,2025-12-19T15:01:24.405688Z,196.588,200,True,0x98eAB44F56Ae1f00C301517F1B6fCDb7a452D64b,ADJUSTER,737,TELEMATICS,3,READ,
w49,2025-12-19T15:01:24.405839Z,196.587,200,True,0xDA941366d7481DffDAd4458a22913423f40dA1eA,ADJUSTER,359,IMAGE,2,READ,
w54,2025-12-19T15:01:24.405957Z,196.597,200,True,0x28606132Fb05B11eee1fa6ACe3CB39F3EFFFdCCe,ADJUSTER,475,IMAGE,2,READ,
w59,2025-12-19T15:01:24.406312Z,196.356,200,True,0x05d1ef5b43268c6a5BD456A953029092795045d9,INSURER,800,TELEMATICS,3,READ,
w81,2025-12-19T15:01:24.406430Z,196.346,200,True,0x5e3B546a11dc657CdFa106cd26E2211ee451c0d7,INSURER,533,MEDICAL_REPORT,5,READ,
w48,2025-12-19T15:01:24.406552Z,196.329,200,True,0x89cb551204456FFCd8e595feE394120dD047b57A,INSURER,644,FNOL,4,READ,
w42,2025-12-19T15:01:24.406668Z,196.319,200,True,0xeaD317253F31780B00e0Ef360b1ade2Fb83c2b3E,INSURER,266,IMAGE,2,READ,
w97,2025-12-19T15:01:24.406775Z,196.311,200,True,0x7C8B230898f07628a4f24e2D0ffe62373593dCce,POLICE,49,VIDEO,2,READ,
w12,2025-12-19T15:01:24.406885Z,196.319,200,True,0x3d9c5458418bD082b010C0F93c3b8FBF9826E0Bf,INSURER,166,VIDEO,2,READ,
w95,2025-12-19T15:01:24.407333Z,195.982,200,True,0xd6f5696C80b8cb2D4AAaFdaf8E7C266cf4af4538,COURT,352,IMAGE,2,READ,
w50,2025-12-19T15:01:24.407444Z,195.976,200,True,0x6032b722b48DC8717A2C437485f2D3d264BD803B,ADJUSTER,987,OTHER,1,READ,
w39,2025-12-19T15:01:24.407548Z,195.975,200,True,0xc0F601980c6FD898E06229024740eec17abbF5C2,INSURER,266,IMAGE,2,READ,
w3,2025-12-19T15:01:24.503740Z,99.883,403,False,0x59760590b1fCF3C846635ae6432DE56ef26298B8,GARAGE,623,FNOL,4,READ,
w25,2025-12-19T15:01:24.504747Z,98.989,403,False,0x090F26617cAab81C15934159343Ff688fAf23820,POLICE,614,FNOL,4,READ,
w47,2025-12-19T15:01:24.505746Z,98.099,403,False,0x469Bf06C8a44e5E2Bb2752C29B92d88DCA076B8a,POLICE,669,FNOL,4,READ,
w4,2025-12-19T15:01:24.506653Z,97.350,403,False,0xE1c2102345d7379f4bb3F114e908e9cC9154A335,POLICE,902,OTHER,1,READ,
w1,2025-12-19T15:01:24.507037Z,97.087,403,False,0xDd45386232533D2C209976e678A91A2263676ECB,GARAGE,82,VIDEO,2,READ,
w22,2025-12-19T15:01:24.507600Z,96.626,403,False,0xAA49CCe569366189355225212a2EA06B8172Fa22,ADJUSTER,519,MEDICAL_REPORT,5,READ,
w46,2025-12-19T15:01:24.508139Z,96.192,403,False,0x6c2d9F1aEdB2C485CABAF82412f88d5303Fd7B73,GARAGE,906,OTHER,1,READ,
w24,2025-12-19T15:01:24.509058Z,95.368,403,False,0xa96C0E04f38F8dC8842789660AA8C570bfCCFF50,GARAGE,228,VIDEO,2,READ,
w77,2025-12-19T15:01:24.510132Z,94.408,403,False,0xafA5Afd00Ec5464DAf96FCe2b09f4e4e157F4A67,POLICE,603,FNOL,4,READ,
w20,2025-12-19T15:01:24.503184Z,188.602,200,True,0x9F6d6682cb1957F9585F9b8AC3469E4D767600D6,INSURER,909,OTHER,1,READ,
w82,2025-12-19T15:01:24.503557Z,188.587,200,True,0x73c07A746181c5256aC8EB8006fFbCF2239bEcC5,COURT,385,IMAGE,2,READ,
w23,2025-12-19T15:01:24.504162Z,188.162,200,True,0x567dccd668D18B4ACd8A2795151edB162Bc34767,ADJUSTER,217,VIDEO,2,READ,
w10,2025-12-19T15:01:24.504393Z,188.315,200,True,0x14E81fB79823D062AFEEC4B80e0bCCBE578d057e,REGULATOR,2,VIDEO,2,READ,
w70,2025-12-19T15:01:24.504557Z,188.299,200,True,0x014E540c98B93f6ce2a6F2D7FE66BeD9a19f7bEC,ADJUSTER,21,VIDEO,2,READ,
w75,2025-12-19T15:01:24.504893Z,188.105,200,True,0xaCB712DC0982F8B6c52EB4C5D2c205766cE3d00D,INSURER,824,TELEMATICS,3,READ,
w78,2025-12-19T15:01:24.505042Z,188.085,200,True,0xF09aBd729B48E734Ad684B93585E8D043D55c967,INSURER,785,TELEMATICS,3,READ,
w84,2025-12-19T15:01:24.505222Z,188.029,200,True,0x3495fF4A33D3b8aCCB512226B501122064b1e8fe,INSURER,347,IMAGE,2,READ,
w88,2025-12-19T15:01:24.505354Z,188.028,200,True,0x14d0cb07D407E25F725b7f9854B98fEEEBb4942F,INSURER,163,VIDEO,2,READ,
w41,2025-12-19T15:01:24.505498Z,187.996,200,True,0x3495fF4A33D3b8aCCB512226B501122064b1e8fe,INSURER,336,IMAGE,2,READ,
w98,2025-12-19T15:01:24.505626Z,187.979,200,True,0xC5f6e3512D3B1133da1f88159fDf63dC9f2d43FB,ADJUSTER,338,IMAGE,2,READ,
w55,2025-12-19T15:01:24.505864Z,187.861,200,True,0x58e8E907e02C35e581Ed3a4e98906344861E7265,INSURER,821,TELEMATICS,3,READ,
w56,2025-12-19T15:01:24.505977Z,187.861,200,True,0x5ee06906aF52aEd2c884D505d3a0A7CA7513188D,INSURER,782,TELEMATICS,3,READ,
w0,2025-12-19T15:01:24.506501Z,187.444,200,True,0xCaa6A1a26D28f97DEDD4f555dEd43bC607f78384,INSURER,940,OTHER,1,READ,
w76,2025-12-19T15:01:24.506804Z,187.585,200,True,0xBeBf134906e0FCcd85b0D99a4626a7B8584e742c,ADJUSTER,542,FNOL,4,READ,
w21,2025-12-19T15:01:24.506926Z,187.585,200,True,0x4BA98aed0F31F1E56A9bc733FD86aB30e5b88D0E,GARAGE,299,IMAGE,2,READ,
w52,2025-12-19T15:01:24.507152Z,187.467,200,True,0x14d0cb07D407E25F725b7f9854B98fEEEBb4942F,INSURER,544,MEDICAL_REPORT,5,READ,
w60,2025-12-19T15:01:24.507261Z,187.473,200,True,0xD21eB53384cE472F3DE7527DC9A5820dA80bBB01,INSURER,208,VIDEO,2,READ,
w67,2025-12-19T15:01:24.507372Z,187.473,200,True,0x7B678e542Dec17ab096b423D15262dcD9B8c11D8,POLICE,332,IMAGE,2,READ,
w85,2025-12-19T15:01:24.507488Z,187.460,200,True,0x3db0bD968176A243AC81C5c8Cf02Cf429b04dD57,COURT,143,VIDEO,2,READ,
w80,2025-12-19T15:01:24.507720Z,187.337,200,True,0x3308795A526382DB26cF04047fE2bBd4F56E6CE7,COURT,94,VIDEO,2,READ,
w36,2025-12-19T15:01:24.507826Z,187.337,200,True,0x14d0cb07D407E25F725b7f9854B98fEEEBb4942F,INSURER,428,IMAGE,2,READ,
w93,2025-12-19T15:01:24.507931Z,187.335,200,True,0x3418C54B33ca42d0dF096EaD255791c7B2E2f3d9,ADJUSTER,60,VIDEO,2,READ,
w94,2025-12-19T15:01:24.508034Z,187.361,200,True,0x3E93709810FB754ab4D6A2487344dF504087996D,INSURER,85,VIDEO,2,READ,
w6,2025-12-19T15:01:24.508242Z,187.259,200,True,0xD1ce8183cCf94d1494c99DFC523Af7Bd51494E8d,INSURER,836,TELEMATICS,3,READ,
w11,2025-12-19T15:01:24.508359Z,187.251,200,True,0xD756c57480Ea623123AB3a5ad4445875E3309Ac6,INSURER,744,TELEMATICS,3,READ,
w13,2025-12-19T15:01:24.508811Z,186.903,200,True,0x466ec685AE894BAc153c11350FC488cAAa2C062E,INSURER,823,TELEMATICS,3,READ,
w69,2025-12-19T15:01:24.508942Z,186.893,200,True,0xDD3EceF8307a47a0307E4f44135C61Dd2C75c6d7,POLICE,11,VIDEO,2,READ,
w28,2025-12-19T15:01:24.509171Z,186.775,200,True,0xc0F601980c6FD898E06229024740eec17abbF5C2,INSURER,514,MEDICAL_REPORT,5,READ,
w30,2025-12-19T15:01:24.509278Z,186.775,200,True,0x18BFB9A0Bf9293D0D3bf9F42bD6e7e7b300Dc391,COURT,257,IMAGE,2,READ,
w18,2025-12-19T15:01:24.509391Z,186.763,200,True,0x436f253A31aB81e4427747050f42C4907a6C388D,ADJUSTER,871,OTHER,1,READ,
w40,2025-12-19T15:01:24.509499Z,186.756,200,True,0x02BD9B3b464b98EB353C8f83Eb3b4cB0627A52Ed,COURT,98,VIDEO,2,READ,
w35,2025-12-19T15:01:24.509604Z,186.760,200,True,0x81daFDe6F70ee2Fb93671DC220cC29F8205ACB57,INSURER,553,MEDICAL_REPORT,5,READ,
w90,2025-12-19T15:01:24.509709Z,186.984,200,True,0x090F26617cAab81C15934159343Ff688fAf23820,POLICE,403,IMAGE,2,READ,
w37,2025-12-19T15:01:24.509811Z,187.004,200,True,0xd86Fa5B280bf58C28aaE39fB535e0e965F0E285B,INSURER,81,VIDEO,2,READ,
w2,2025-12-19T15:01:24.509914Z,187.010,200,True,0x73c07A746181c5256aC8EB8006fFbCF2239bEcC5,COURT,862,OTHER,1,READ,
w57,2025-12-19T15:01:24.510024Z,187.004,200,True,0x93787a823E3D4Ae295F5a91C0e87325E40B3aa3F,REGULATOR,183,VIDEO,2,READ,
w62,2025-12-19T15:01:24.510246Z,186.895,200,True,0x05d1ef5b43268c6a5BD456A953029092795045d9,INSURER,62,VIDEO,2,READ,
w91,2025-12-19T15:01:24.510348Z,186.906,200,True,0x5C63EFf960008F7F9783957f07533386097149ce,POLICE,229,VIDEO,2,READ,
w73,2025-12-19T15:01:24.598515Z,98.861,403,False,0xD261b62ccB398d8100234C5fD641c6D67B10C62B,GARAGE,582,MEDICAL_REPORT,5,READ,
w86,2025-12-19T15:01:24.599728Z,97.759,403,False,0x520F6Be8B20312c8CA4bB2773000A94923A4FaE5,POLICE,922,OTHER,1,READ,
w58,2025-12-19T15:01:24.600496Z,97.094,403,False,0x1EBe67547Da63652edcAE7c36347A6d05ef27c1C,POLICE,918,OTHER,1,READ,
w33,2025-12-19T15:01:24.601326Z,96.370,403,False,0x1F022FfD0700E02E8f01B8f05f539f8C7a0339bb,POLICE,794,TELEMATICS,3,READ,
w54,2025-12-19T15:01:24.602559Z,95.237,403,False,0x436f253A31aB81e4427747050f42C4907a6C388D,ADJUSTER,573,MEDICAL_REPORT,5,READ,
w3,2025-12-19T15:01:24.603627Z,94.266,403,False,0x955f7F1386d8d5FB12bc50876B418e4D206D9530,GARAGE,631,MEDICAL_REPORT,5,READ,
w61,2025-12-19T15:01:24.596434Z,208.931,200,True,0x5cA86E3342DEA0C1a26C49f1a4fA40DeEeAFf8a8,INSURER,378,IMAGE,2,READ,
w7,2025-12-19T15:01:24.596822Z,208.922,200,True,0x1Ab5D0f68133DA5E100635Bdf5030650cA2bE691,ADJUSTER,964,OTHER,1,READ,
w9,2025-12-19T15:01:24.596997Z,209.203,200,True,0x182C98818C6b29Ff23d7d1d9766e1B1dEB1aBAeB,INSURER,411,IMAGE,2,READ,
w64,2025-12-19T15:01:24.597139Z,209.243,200,True,0x6B97e16D77504562cB9392834019252f4057F4D5,POLICE,172,VIDEO,2,READ,
w65,2025-12-19T15:01:24.597545Z,209.006,200,True,0xcA28195b12c3c8cB960d8423584ee9a8677BD158,POLICE,230,VIDEO,2,READ,
w66,2025-12-19T15:01:24.597700Z,209.010,200,True,0x93787a823E3D4Ae295F5a91C0e87325E40B3aa3F,REGULATOR,921,OTHER,1,READ,
w68,2025-12-19T15:01:24.597832Z,209.044,200,True,0x8216a92a44877D72a31FA6453e4583a6DCe25752,INSURER,127,VIDEO,2,READ,
w14,2025-12-19T15:01:24.597965Z,209.051,200,True,0x78273aa663aa16C08590efF5582bb4C9DD30Bb95,INSURER,719,TELEMATICS,3,READ,
w15,2025-12-19T15:01:24.598085Z,209.055,200,True,0x8216a92a44877D72a31FA6453e4583a6DCe25752,INSURER,810,TELEMATICS,3,READ,
w71,2025-12-19T15:01:24.598196Z,209.061,200,True,0x199baf9971453910adbCD45ae05Dc8f9B68fcB1f,INSURER,801,TELEMATICS,3,READ,
w17,2025-12-19T15:01:24.598303Z,209.379,200,True,0x290FAd62Cb657cBfDA616da814529a670cdad059,POLICE,173,VIDEO,2,READ,
w72,2025-12-19T15:01:24.598408Z,209.414,200,True,0xC29Fbef10EC6e6A787036cEA0C9024ce9F435d97,INSURER,646,MEDICAL_REPORT,5,READ,
w74,2025-12-19T15:01:24.598625Z,209.325,200,True,0xD32B24Ff4D28e42239EcCd5cbdb456a1565DC083,ADJUSTER,351,IMAGE,2,READ,
w79,2025-12-19T15:01:24.598733Z,209.331,200,True,0xeaD317253F31780B00e0Ef360b1ade2Fb83c2b3E,INSURER,532,FNOL,4,READ,
w26,2025-12-19T15:01:24.598840Z,209.332,200,True,0xE4A8571e1F142Bd99866AA9464c49517B2ac0E01,ADJUSTER,197,VIDEO,2,READ,
w83,2025-12-19T15:01:24.598945Z,209.334,200,True,0x18BFB9A0Bf9293D0D3bf9F42bD6e7e7b300Dc391,COURT,926,OTHER,1,READ,
w27,2025-12-19T15:01:24.599464Z,208.920,200,True,0x892Bc4E7F6D9a6aD507664d8A8EEB33b2544f3Ea,COURT,814,TELEMATICS,3,READ,
w29,2025-12-19T15:01:24.599612Z,208.885,200,True,0x0172115667882E73749128243A943873087c09D3,INSURER,974,OTHER,1,READ,
w31,2025-12-19T15:01:24.599840Z,208.767,200,True,0xfd4Fc17438169bC1228EB21c2cb9b8DE1E97472a,INSURER,524,FNOL,4,READ,
w19,2025-12-19T15:01:24.599956Z,208.755,200,True,0x8FA3c986B63dEd44ce62D4aC5b3b0F49FF447700,COURT,91,VIDEO,2,READ,
w92,2025-12-19T15:01:24.600066Z,208.746,200,True,0xD0Ce1d9D5A9c7E4F03d499A265d3014Ae5da7644,ADJUSTER,110,VIDEO,2,READ,
w96,2025-12-19T15:01:24.600170Z,210.114,200,True,0x11652BF4c5D394F3a46E96f2bE659939a0f6a6ed,INSURER,289,IMAGE,2,READ,
w87,2025-12-19T15:01:24.600273Z,210.178,200,True,0x12DF904699208278b4355b568d47De4F2c9646fe,INSURER,564,FNOL,4,READ,
w51,2025-12-19T15:01:24.600387Z,210.197,200,True,0x2875Aa8C20c095495Ab5d6A1aBE2E2b07077dF55,INSURER,431,IMAGE,2,READ,
w5,2025-12-19T15:01:24.600600Z,210.106,200,True,0x3d4Bd094c1894ed38F3EcF0799bE66f83a4199ca,ADJUSTER,257,IMAGE,2,READ,
w63,2025-12-19T15:01:24.600712Z,210.108,200,True,0x2ee7F051BB940423f554ea44742f7c4c8C20Ea59,INSURER,579,FNOL,4,READ,
w8,2025-12-19T15:01:24.600815Z,210.131,200,True,0xBeBf134906e0FCcd85b0D99a4626a7B8584e742c,ADJUSTER,367,IMAGE,2,READ,
w16,2025-12-19T15:01:24.600918Z,210.139,200,True,0x3116De7d4519B71BA014e7EF3e874D3a98B64A91,POLICE,322,IMAGE,2,READ,
w53,2025-12-19T15:01:24.601015Z,210.151,200,True,0x67A9BC3Fb3B4a392C223A8C644B48346b9Ca5128,COURT,923,OTHER,1,READ,
w32,2025-12-19T15:01:24.601117Z,210.163,200,True,0x3B4ab93e0901742BFfc8A18D301F36f820AD3bB9,ADJUSTER,837,TELEMATICS,3,READ,
w89,2025-12-19T15:01:24.601217Z,210.168,200,True,0x3a74Fec63a615BC94b9A47bEa6340935Ab155117,ADJUSTER,708,TELEMATICS,3,READ,
w34,2025-12-19T15:01:24.601429Z,210.058,200,True,0x090F26617cAab81C15934159343Ff688fAf23820,POLICE,389,IMAGE,2,READ,
w38,2025-12-19T15:01:24.601532Z,210.061,200,True,0x892Bc4E7F6D9a6aD507664d8A8EEB33b2544f3Ea,COURT,642,MEDICAL_REPORT,5,READ,
w99,2025-12-19T15:01:24.601632Z,210.062,200,True,0x78273aa663aa16C08590efF5582bb4C9DD30Bb95,INSURER,966,OTHER,1,READ,
w43,2025-12-19T15:01:24.601734Z,210.061,200,True,0x7B46635cB6cA958f34ae933b93884a5f19b258D7,INSURER,852,OTHER,1,READ,
w44,2025-12-19T15:01:24.601834Z,210.059,200,True,0x81daFDe6F70ee2Fb93671DC220cC29F8205ACB57,INSURER,689,FNOL,4,READ,
w45,2025-12-19T15:01:24.602282Z,209.710,200,True,0x3d4Bd094c1894ed38F3EcF0799bE66f83a4199ca,ADJUSTER,17,VIDEO,2,READ,
w49,2025-12-19T15:01:24.602432Z,209.663,200,True,0x33F5a90B9400A21046089Aaf44319BA889B0B9ed,INSURER,612,MEDICAL_REPORT,5,READ,
w59,2025-12-19T15:01:24.602673Z,209.532,200,True,0x330f902fF463e2B611211Ccb44EF749E558Ba02a,INSURER,335,IMAGE,2,READ,
w81,2025-12-19T15:01:24.602780Z,209.531,200,True,0x3a74Fec63a615BC94b9A47bEa6340935Ab155117,ADJUSTER,702,TELEMATICS,3,READ,
w48,2025-12-19T15:01:24.602886Z,209.531,200,True,0x0479AcE8E12E22b9751dF7542dd8f225c221EC34,ADJUSTER,65,VIDEO,2,READ,
w42,2025-12-19T15:01:24.602991Z,209.527,200,True,0x044bef4Ff250cBBFE36FEfE3b859D78bA04c1223,INSURER,7,VIDEO,2,READ,
w97,2025-12-19T15:01:24.603091Z,209.532,200,True,0xf5d0314845FCf19022a28FeD6650e58CFc01f243,INSURER,14,VIDEO,2,READ,
w12,2025-12-19T15:01:24.603209Z,209.513,200,True,0xF09aBd729B48E734Ad684B93585E8D043D55c967,INSURER,458,IMAGE,2,READ,
w95,2025-12-19T15:01:24.603320Z,209.502,200,True,0xAA49CCe569366189355225212a2EA06B8172Fa22,ADJUSTER,227,VIDEO,2,READ,
w50,2025-12-19T15:01:24.603425Z,209.536,200,True,0xdBf006c9b4fEA25fFA98161abc660B4643109625,ADJUSTER,540,FNOL,4,READ,
w39,2025-12-19T15:01:24.603526Z,209.551,200,True,0xd6f5696C80b8cb2D4AAaFdaf8E7C266cf4af4538,COURT,167,VIDEO,2,READ,
w25,2025-12-19T15:01:24.603740Z,209.449,200,True,0x78273aa663aa16C08590efF5582bb4C9DD30Bb95,INSURER,359,IMAGE,2,READ,
w47,2025-12-19T15:01:24.603851Z,209.443,200,True,0x892Bc4E7F6D9a6aD507664d8A8EEB33b2544f3Ea,COURT,24,VIDEO,2,READ,
w4,2025-12-19T15:01:24.604008Z,209.386,200,True,0xd132a79Ca7Be8caaC9A27467EB9B65F7cBD6F50E,ADJUSTER,959,OTHER,1,READ,
w1,2025-12-19T15:01:24.604129Z,209.368,200,True,0x27158a264fdA9698B85485706B47BBC87Fa6Db4b,ADJUSTER,188,VIDEO,2,READ,
w22,2025-12-19T15:01:24.604230Z,209.368,200,True,0xC5f6e3512D3B1133da1f88159fDf63dC9f2d43FB,ADJUSTER,537,FNOL,4,READ,
w46,2025-12-19T15:01:24.604335Z,209.367,200,True,0x7fBAcb835330c3A23597A355A26Cf6E0ee69A0B5,COURT,604,FNOL,4,READ,
w24,2025-12-19T15:01:24.604431Z,209.368,200,True,0xb8Fe0E775705824a50658ef111434567024d4310,REGULATOR,97,VIDEO,2,READ,
w77,2025-12-19T15:01:24.604546Z,209.355,200,True,0xa814b4D02E07Daa3235ffc1E4752eCF8f6C2D8d8,ADJUSTER,198,VIDEO,2,READ,
w70,2025-12-19T15:01:24.692863Z,121.143,403,False,0x415Ba7B0D983442D5407ABEF5Ebd8e9d2bB533B7,POLICE,630,MEDICAL_REPORT,5,READ,
w88,2025-12-19T15:01:24.693388Z,120.724,403,False,0xa96C0E04f38F8dC8842789660AA8C570bfCCFF50,GARAGE,147,VIDEO,2,READ,
w93,2025-12-19T15:01:24.695270Z,118.944,403,False,0x59760590b1fCF3C846635ae6432DE56ef26298B8,GARAGE,738,TELEMATICS,3,READ,
w35,2025-12-19T15:01:24.696369Z,118.116,403,False,0x5C63EFf960008F7F9783957f07533386097149ce,POLICE,579,FNOL,4,READ,
w37,2025-12-19T15:01:24.696821Z,117.779,403,False,0x57e02f30Dd15545B3A9eC4841D0D58Ee1D829414,GARAGE,521,FNOL,4,READ,
w73,2025-12-19T15:01:24.697381Z,117.330,403,False,0x5C63EFf960008F7F9783957f07533386097149ce,POLICE,924,OTHER,1,READ,
w20,2025-12-19T15:01:24.691798Z,225.212,200,True,0x05d1ef5b43268c6a5BD456A953029092795045d9,INSURER,163,VIDEO,2,READ,
w82,2025-12-19T15:01:24.692154Z,225.259,200,True,0x78273aa663aa16C08590efF5582bb4C9DD30Bb95,INSURER,506,FNOL,4,READ,
w23,2025-12-19T15:01:24.692330Z,225.568,200,True,0x467316319C6B5f391c5a6B3b0190d4209202fC25,ADJUSTER,320,IMAGE,2,READ,
w10,2025-12-19T15:01:24.692714Z,225.432,200,True,0x3d9c5458418bD082b010C0F93c3b8FBF9826E0Bf,INSURER,452,IMAGE,2,READ,
w75,2025-12-19T15:01:24.693003Z,225.371,200,True,0xD3b3bd4ce4B597519FCE080Ce05805A99cC8C772,GARAGE,314,IMAGE,2,READ,
w78,2025-12-19T15:01:24.693131Z,225.468,200,True,0x808936f08CCC0a9C3953Cd3716006fB99825CBa4,COURT,600,MEDICAL_REPORT,5,READ,
w84,2025-12-19T15:01:24.693256Z,225.560,200,True,0xD756c57480Ea623123AB3a5ad4445875E3309Ac6,INSURER,474,IMAGE,2,READ,
w41,2025-12-19T15:01:24.693498Z,225.532,200,True,0x199baf9971453910adbCD45ae05Dc8f9B68fcB1f,INSURER,349,IMAGE,2,READ,
w98,2025-12-19T15:01:24.693610Z,225.610,200,True,0x7B46635cB6cA958f34ae933b93884a5f19b258D7,INSURER,518,MEDICAL_REPORT,5,READ,
w55,2025-12-19T15:01:24.693731Z,225.663,200,True,0x11F50254a88A6e26E6Bb5aAE8d74E52372B4270E,COURT,737,TELEMATICS,3,READ,
w56,2025-12-19T15:01:24.693843Z,225.728,200,True,0xD21eB53384cE472F3DE7527DC9A5820dA80bBB01,INSURER,478,IMAGE,2,READ,
w0,2025-12-19T15:01:24.693950Z,225.808,200,True,0xC753D2a5211C57F7C2b4279053b11aEC435b41AB,REGULATOR,213,VIDEO,2,READ,
w76,2025-12-19T15:01:24.694394Z,225.986,200,True,0x4BC2c2b671822006a9D592cdd2Db24e8Da3C6adf,GARAGE,414,IMAGE,2,READ,
w21,2025-12-19T15:01:24.694515Z,226.098,200,True,0xc0F601980c6FD898E06229024740eec17abbF5C2,INSURER,212,VIDEO,2,READ,
w52,2025-12-19T15:01:24.694622Z,226.192,200,True,0xfd4Fc17438169bC1228EB21c2cb9b8DE1E97472a,INSURER,461,IMAGE,2,READ,
w60,2025-12-19T15:01:24.694738Z,226.259,200,True,0x014E540c98B93f6ce2a6F2D7FE66BeD9a19f7bEC,ADJUSTER,59,VIDEO,2,READ,
w67,2025-12-19T15:01:24.694849Z,226.352,200,True,0xf5d0314845FCf19022a28FeD6650e58CFc01f243,INSURER,153,VIDEO,2,READ,
w85,2025-12-19T15:01:24.694956Z,226.690,200,True,0x0172115667882E73749128243A943873087c09D3,INSURER,581,MEDICAL_REPORT,5,READ,
w80,2025-12-19T15:01:24.695062Z,227.040,200,True,0x3d68C58ebB81123d1Ac10655857193A1cDee90CE,INSURER,645,MEDICAL_REPORT,5,READ,
w36,2025-12-19T15:01:24.695168Z,227.240,200,True,0x5cA86E3342DEA0C1a26C49f1a4fA40DeEeAFf8a8,INSURER,97,VIDEO,2,READ,
w94,2025-12-19T15:01:24.695399Z,227.268,200,True,0xafA5Afd00Ec5464DAf96FCe2b09f4e4e157F4A67,POLICE,213,VIDEO,2,READ,
w6,2025-12-19T15:01:24.695505Z,227.420,200,True,0x89cb551204456FFCd8e595feE394120dD047b57A,INSURER,571,FNOL,4,READ,
w11,2025-12-19T15:01:24.695614Z,227.543,200,True,0x065Fd3F8fcF30384f50eceBa324b1EF8411Fa759,COURT,170,VIDEO,2,READ,
w13,2025-12-19T15:01:24.695719Z,227.722,200,True,0x67A9BC3Fb3B4a392C223A8C644B48346b9Ca5128,COURT,938,OTHER,1,READ,
w69,2025-12-19T15:01:24.695839Z,227.878,200,True,0xE385ea618340FfE0d7c7e9EB25048F1c1E437F33,INSURER,334,IMAGE,2,READ,
w28,2025-12-19T15:01:24.695951Z,228.543,200,True,0x1Ab5D0f68133DA5E100635Bdf5030650cA2bE691,ADJUSTER,95,VIDEO,2,READ,
w30,2025-12-19T15:01:24.696058Z,228.656,200,True,0xC23BB727D3Ae6bD9cd90AC52ee26359F19176de3,INSURER,483,IMAGE,2,READ,
w18,2025-12-19T15:01:24.696158Z,228.729,200,True,0xBC78986794f1658340222E011F7e1Cf375177F95,ADJUSTER,867,OTHER,1,READ,
w40,2025-12-19T15:01:24.696259Z,228.793,200,True,0x81A893236EFCdC58F1f9421b59Ee21eb7e38f8FB,INSURER,743,TELEMATICS,3,READ,
w90,2025-12-19T15:01:24.696699Z,228.508,200,True,0x93787a823E3D4Ae295F5a91C0e87325E40B3aa3F,REGULATOR,480,IMAGE,2,READ,
w2,2025-12-19T15:01:24.696928Z,228.447,200,True,0x3E93709810FB754ab4D6A2487344dF504087996D,INSURER,228,VIDEO,2,READ,
w57,2025-12-19T15:01:24.697032Z,228.536,200,True,0x68cBdE77b98e3AF3281dBC229ee66540Eac3f007,ADJUSTER,598,FNOL,4,READ,
w62,2025-12-19T15:01:24.697145Z,228.610,200,True,0xd86Fa5B280bf58C28aaE39fB535e0e965F0E285B,INSURER,278,IMAGE,2,READ,
w91,2025-12-19T15:01:24.697257Z,228.678,200,True,0x6B97e16D77504562cB9392834019252f4057F4D5,POLICE,348,IMAGE,2,READ,
w86,2025-12-19T15:01:24.697491Z,228.614,200,True,0xACaaedBfb07404f2aAf0ccd6503B1529C1A48764,ADJUSTER,597,FNOL,4,READ,
w58,2025-12-19T15:01:24.697594Z,228.659,200,True,0x3308795A526382DB26cF04047fE2bBd4F56E6CE7,COURT,876,OTHER,1,READ,
w33,2025-12-19T15:01:24.697700Z,228.705,200,True,0x05d1ef5b43268c6a5BD456A953029092795045d9,INSURER,112,VIDEO,2,READ,
w54,2025-12-19T15:01:24.697800Z,228.780,200,True,0x27158a264fdA9698B85485706B47BBC87Fa6Db4b,ADJUSTER,496,IMAGE,2,READ,
w3,2025-12-19T15:01:24.697897Z,228.895,200,True,0x0520cA4f9c2359a2d1cc1B072e4dA8A3587C2088,INSURER,492,IMAGE,2,READ,
w65,2025-12-19T15:01:24.806558Z,120.418,403,False,0xA75Af013B9CBdf4322e0c459A2fB8B708fbB8Ddc,POLICE,966,OTHER,1,READ,
w83,2025-12-19T15:01:24.808284Z,118.876,403,False,0xCe3b338346378767324b87Cb888eC3F1d6d34940,POLICE,695,MEDICAL_REPORT,5,READ,
w5,2025-12-19T15:01:24.810710Z,116.637,403,False,0x2B5dEec5325fd9befC139A2071d830B25FAd52Ef,GARAGE,622,FNOL,4,READ,
w8,2025-12-19T15:01:24.810950Z,116.568,403,False,0x28365792Da71bc8AcAD11a4393049d006EF2E972,GARAGE,766,TELEMATICS,3,READ,
w99,2025-12-19T15:01:24.811699Z,115.981,403,False,0x01891323537Ca8c745Cd76182c9eB81519eaC821,GARAGE,553,MEDICAL_REPORT,5,READ,
w48,2025-12-19T15:01:24.812421Z,115.457,403,False,0x28365792Da71bc8AcAD11a4393049d006EF2E972,GARAGE,897,OTHER,1,READ,
w12,2025-12-19T15:01:24.812727Z,115.363,403,False,0xEcbE69567Cf42475FbE6Ea4523541e58C4d22957,GARAGE,568,FNOL,4,READ,
w61,2025-12-19T15:01:24.805380Z,222.088,200,True,0x065Fd3F8fcF30384f50eceBa324b1EF8411Fa759,COURT,860,OTHER,1,READ,
w7,2025-12-19T15:01:24.805753Z,222.088,200,True,0x811FdDFb3340F34AB2b91C97AcB5FAeB6405847E,REGULATOR,788,TELEMATICS,3,READ,
w9,2025-12-19T15:01:24.806208Z,221.812,200,True,0xd86Fa5B280bf58C28aaE39fB535e0e965F0E285B,INSURER,114,VIDEO,2,READ,
w64,2025-12-19T15:01:24.806390Z,222.018,200,True,0x50Ed54bf40D96Fda59d7F83abE5551535d7938ac,COURT,739,TELEMATICS,3,READ,
w66,2025-12-19T15:01:24.806716Z,221.850,200,True,0x97910F1306b5414B4C61D9A719B6871f5c77662f,INSURER,125,VIDEO,2,READ,
w68,2025-12-19T15:01:24.806881Z,221.826,200,True,0x6032b722b48DC8717A2C437485f2D3d264BD803B,ADJUSTER,745,TELEMATICS,3,READ,
w14,2025-12-19T15:01:24.807021Z,221.807,200,True,0xBeBf134906e0FCcd85b0D99a4626a7B8584e742c,ADJUSTER,138,VIDEO,2,READ,
w15,2025-12-19T15:01:24.807146Z,221.799,200,True,0x3116De7d4519B71BA014e7EF3e874D3a98B64A91,POLICE,320,IMAGE,2,READ,
w71,2025-12-19T15:01:24.807262Z,221.733,200,True,0xCaa6A1a26D28f97DEDD4f555dEd43bC607f78384,INSURER,874,OTHER,1,READ,
w17,2025-12-19T15:01:24.807688Z,221.341,200,True,0x11F50254a88A6e26E6Bb5aAE8d74E52372B4270E,COURT,477,IMAGE,2,READ,
w72,2025-12-19T15:01:24.807827Z,221.231,200,True,0x1F022FfD0700E02E8f01B8f05f539f8C7a0339bb,POLICE,402,IMAGE,2,READ,
w74,2025-12-19T15:01:24.807955Z,221.133,200,True,0x065Fd3F8fcF30384f50eceBa324b1EF8411Fa759,COURT,492,IMAGE,2,READ,
w79,2025-12-19T15:01:24.808069Z,221.049,200,True,0x02BD9B3b464b98EB353C8f83Eb3b4cB0627A52Ed,COURT,982,OTHER,1,READ,
w26,2025-12-19T15:01:24.808177Z,220.968,200,True,0x12DF904699208278b4355b568d47De4F2c9646fe,INSURER,935,OTHER,1,READ,
w27,2025-12-19T15:01:24.808389Z,220.782,200,True,0xAF3C604AE7a9E247C368331a22270415269Ef10d,INSURER,31,VIDEO,2,READ,
w29,2025-12-19T15:01:24.808502Z,220.909,200,True,0x456F6DbE8aF9e05a1918B64f0Bd0690809b23E6B,INSURER,407,IMAGE,2,READ,
w31,2025-12-19T15:01:24.808611Z,220.838,200,True,0x97910F1306b5414B4C61D9A719B6871f5c77662f,INSURER,833,TELEMATICS,3,READ,
w19,2025-12-19T15:01:24.808716Z,220.762,200,True,0x0AbFb230511189A840157bF7FcA43b1b69338dC6,POLICE,356,IMAGE,2,READ,
w92,2025-12-19T15:01:24.808816Z,220.688,200,True,0x3308795A526382DB26cF04047fE2bBd4F56E6CE7,COURT,671,MEDICAL_REPORT,5,READ,
w96,2025-12-19T15:01:24.810291Z,219.238,200,True,0x4f464925226709cf94C01633A1f468E106AD6413,INSURER,935,OTHER,1,READ,
w87,2025-12-19T15:01:24.810457Z,219.097,200,True,0x598405697b464FEbA8C76367b7C75C59D8BE2eCF,COURT,573,MEDICAL_REPORT,5,READ,
w51,2025-12-19T15:01:24.810589Z,218.990,200,True,0x3E93709810FB754ab4D6A2487344dF504087996D,INSURER,622,FNOL,4,READ,
w63,2025-12-19T15:01:24.810825Z,218.779,200,True,0xD46492141A5F13412fa59e5F47Ce969c7954E752,INSURER,608,FNOL,4,READ,
w16,2025-12-19T15:01:24.811062Z,218.566,200,True,0x419d3b699AA38c218f3D84f0a3129a6383634f17,ADJUSTER,407,IMAGE,2,READ,
w53,2025-12-19T15:01:24.811172Z,218.480,200,True,0x69254de41949D1A246C5c1A168e5e8473D2d50f0,ADJUSTER,98,VIDEO,2,READ,
w32,2025-12-19T15:01:24.811285Z,218.564,200,True,0x3B4ab93e0901742BFfc8A18D301F36f820AD3bB9,ADJUSTER,953,OTHER,1,READ,
w89,2025-12-19T15:01:24.811390Z,218.491,200,True,0x9F6d6682cb1957F9585F9b8AC3469E4D767600D6,INSURER,925,OTHER,1,READ,
w34,2025-12-19T15:01:24.811491Z,218.416,200,True,0x3495fF4A33D3b8aCCB512226B501122064b1e8fe,INSURER,473,IMAGE,2,READ,
w38,2025-12-19T15:01:24.811597Z,218.335,200,True,0x0479AcE8E12E22b9751dF7542dd8f225c221EC34,ADJUSTER,319,IMAGE,2,READ,
w43,2025-12-19T15:01:24.811799Z,218.159,200,True,0x85C720Ae65eF1706A0cf41695a93A34E189D5Ea0,INSURER,924,OTHER,1,READ,
w44,2025-12-19T15:01:24.811898Z,218.083,200,True,0x4828419eA02B1D4399E039f8E5F346f37f19fA13,INSURER,936,OTHER,1,READ,
w45,2025-12-19T15:01:24.811996Z,218.008,200,True,0xeD60C4758Fab078c38685EeEF9692D8Fa4F3dDB9,INSURER,765,TELEMATICS,3,READ,
w49,2025-12-19T15:01:24.812100Z,217.928,200,True,0x73E42dF14ff21e7994A37802a292F71830CDA5aF,INSURER,805,TELEMATICS,3,READ,
w59,2025-12-19T15:01:24.812210Z,218.095,200,True,0xd6f5696C80b8cb2D4AAaFdaf8E7C266cf4af4538,COURT,935,OTHER,1,READ,
w81,2025-12-19T15:01:24.812316Z,218.017,200,True,0xD46492141A5F13412fa59e5F47Ce969c7954E752,INSURER,178,VIDEO,2,READ,
w42,2025-12-19T15:01:24.812524Z,217.835,200,True,0x50Ed54bf40D96Fda59d7F83abE5551535d7938ac,COURT,654,FNOL,4,READ,
w97,2025-12-19T15:01:24.812626Z,217.760,200,True,0x065Fd3F8fcF30384f50eceBa324b1EF8411Fa759,COURT,100,VIDEO,2,READ,
w95,2025-12-19T15:01:24.812826Z,217.585,200,True,0xd132a79Ca7Be8caaC9A27467EB9B65F7cBD6F50E,ADJUSTER,665,FNOL,4,READ,
w50,2025-12-19T15:01:24.812966Z,217.469,200,True,0xB2241965995ed972D442D6A9461eF3583ecA95B6,INSURER,769,TELEMATICS,3,READ,
w39,2025-12-19T15:01:24.813083Z,217.376,200,True,0x51A2465dc26f17e37524f93494A8409715ACc9c2,INSURER,75,VIDEO,2,READ,
w25,2025-12-19T15:01:24.813194Z,217.287,200,True,0x0479AcE8E12E22b9751dF7542dd8f225c221EC34,ADJUSTER,966,OTHER,1,READ,
w47,2025-12-19T15:01:24.813298Z,217.205,200,True,0x182C98818C6b29Ff23d7d1d9766e1B1dEB1aBAeB,INSURER,755,TELEMATICS,3,READ,
w4,2025-12-19T15:01:24.813398Z,217.128,200,True,0x89cb551204456FFCd8e595feE394120dD047b57A,INSURER,882,OTHER,1,READ,
w1,2025-12-19T15:01:24.813502Z,217.049,200,True,0xE385ea618340FfE0d7c7e9EB25048F1c1E437F33,INSURER,514,MEDICAL_REPORT,5,READ,
w22,2025-12-19T15:01:24.813602Z,216.976,200,True,0x40fca3Fa04d657c9879B638C57A2a70683E3efED,REGULATOR,134,VIDEO,2,READ,
w46,2025-12-19T15:01:24.813706Z,216.895,200,True,0x476ad4Ce50BbD6624855e3d1e12E6cC23654359A,INSURER,645,MEDICAL_REPORT,5,READ,
w24,2025-12-19T15:01:24.813803Z,216.821,200,True,0xD756c57480Ea623123AB3a5ad4445875E3309Ac6,INSURER,599,MEDICAL_REPORT,5,READ,
w77,2025-12-19T15:01:24.813905Z,216.741,200,True,0xE056D0a60EfEE3e1642D5B2129E2bbBdAf22444c,INSURER,127,VIDEO,2,READ,
w70,2025-12-19T15:01:24.814010Z,216.816,200,True,0xF09aBd729B48E734Ad684B93585E8D043D55c967,INSURER,130,VIDEO,2,READ,
w88,2025-12-19T15:01:24.814116Z,216.738,200,True,0xD6e58dE85e171C0D6BB42Cf4a85fBa7C55ce5618,INSURER,385,IMAGE,2,READ,
w93,2025-12-19T15:01:24.814218Z,216.660,200,True,0xf5d0314845FCf19022a28FeD6650e58CFc01f243,INSURER,961,OTHER,1,READ,
w35,2025-12-19T15:01:24.814490Z,216.413,200,True,0xd963E5e27CB9872abc2Fbed9107c373Aa59583a4,INSURER,340,IMAGE,2,READ,
w37,2025-12-19T15:01:24.814604Z,216.322,200,True,0xf9314f31cc38103bC7607a176a804e5C1Ecbf511,INSURER,630,MEDICAL_REPORT,5,READ,
w73,2025-12-19T15:01:24.814715Z,216.234,200,True,0x598405697b464FEbA8C76367b7C75C59D8BE2eCF,COURT,699,MEDICAL_REPORT,5,READ,
w20,2025-12-19T15:01:24.917027Z,113.956,403,False,0xEcbE69567Cf42475FbE6Ea4523541e58C4d22957,GARAGE,945,OTHER,1,READ,
w75,2025-12-19T15:01:24.918383Z,112.625,403,False,0x0Bc81E8481993A5F61D3011a142E1510de00ECae,GARAGE,654,FNOL,4,READ,
w67,2025-12-19T15:01:24.921209Z,109.825,403,False,0xDD3EceF8307a47a0307E4f44135C61Dd2C75c6d7,POLICE,532,FNOL,4,READ,
w80,2025-12-19T15:01:24.922115Z,108.942,403,False,0x26b179d013C696c433c0f316E594f7a7AcE77C79,GARAGE,872,OTHER,1,READ,
w28,2025-12-19T15:01:24.924504Z,106.573,403,False,0xD261b62ccB398d8100234C5fD641c6D67B10C62B,GARAGE,923,OTHER,1,READ,
w33,2025-12-19T15:01:24.926411Z,104.728,403,False,0xA75Af013B9CBdf4322e0c459A2fB8B708fbB8Ddc,POLICE,648,FNOL,4,READ,
w82,2025-12-19T15:01:24.917422Z,173.600,200,True,0xC66fE61Fe01B90e3C051c0ED40Dd41fC9347D018,REGULATOR,856,OTHER,1,READ,
w23,2025-12-19T15:01:24.917909Z,173.241,200,True,0x0520cA4f9c2359a2d1cc1B072e4dA8A3587C2088,INSURER,371,IMAGE,2,READ,
w10,2025-12-19T15:01:24.918153Z,173.036,200,True,0x9F6d6682cb1957F9585F9b8AC3469E4D767600D6,INSURER,114,VIDEO,2,READ,
w78,2025-12-19T15:01:24.918610Z,172.714,200,True,0x014E540c98B93f6ce2a6F2D7FE66BeD9a19f7bEC,ADJUSTER,711,TELEMATICS,3,READ,
w84,2025-12-19T15:01:24.918824Z,172.536,200,True,0x3d4Bd094c1894ed38F3EcF0799bE66f83a4199ca,ADJUSTER,534,FNOL,4,READ,
w41,2025-12-19T15:01:24.919039Z,172.351,200,True,0xD756c57480Ea623123AB3a5ad4445875E3309Ac6,INSURER,840,TELEMATICS,3,READ,
w98,2025-12-19T15:01:24.919227Z,172.195,200,True,0xAA49CCe569366189355225212a2EA06B8172Fa22,ADJUSTER,722,TELEMATICS,3,READ,
w55,2025-12-19T15:01:24.919401Z,172.168,200,True,0xcCC472e2d0eDA52066a80BCFb4577Dc9Fb7CD453,POLICE,91,VIDEO,2,READ,
w56,2025-12-19T15:01:24.919578Z,172.022,200,True,0xF80B0672A4f16BDe21fA2DF31482dA0fC606A43f,ADJUSTER,798,TELEMATICS,3,READ,
w0,2025-12-19T15:01:24.919767Z,171.860,200,True,0x81daFDe6F70ee2Fb93671DC220cC29F8205ACB57,INSURER,477,IMAGE,2,READ,
w76,2025-12-19T15:01:24.920391Z,171.264,200,True,0xBCb233Ef85EC11C88E20Ea53Bb47f454d116FBe3,ADJUSTER,587,FNOL,4,READ,
w21,2025-12-19T15:01:24.920626Z,171.054,200,True,0xB8954C40b419Ae7332fF39Ce3d458ba1fed03941,REGULATOR,378,IMAGE,2,READ,
w52,2025-12-19T15:01:24.920823Z,170.882,200,True,0x467316319C6B5f391c5a6B3b0190d4209202fC25,ADJUSTER,496,IMAGE,2,READ,
w60,2025-12-19T15:01:24.921005Z,170.877,200,True,0xb8Fe0E775705824a50658ef111434567024d4310,REGULATOR,177,VIDEO,2,READ,
w85,2025-12-19T15:01:24.921722Z,170.191,200,True,0x7fBAcb835330c3A23597A355A26Cf6E0ee69A0B5,COURT,220,VIDEO,2,READ,
w36,2025-12-19T15:01:24.922417Z,169.523,200,True,0x51A2465dc26f17e37524f93494A8409715ACc9c2,INSURER,830,TELEMATICS,3,READ,
w94,2025-12-19T15:01:24.922677Z,169.290,200,True,0xAF3C604AE7a9E247C368331a22270415269Ef10d,INSURER,903,OTHER,1,READ,
w6,2025-12-19T15:01:24.922934Z,169.059,200,True,0xc0F601980c6FD898E06229024740eec17abbF5C2,INSURER,614,FNOL,4,READ,
w11,2025-12-19T15:01:24.923166Z,168.851,200,True,0x28606132Fb05B11eee1fa6ACe3CB39F3EFFFdCCe,ADJUSTER,734,TELEMATICS,3,READ,
w13,2025-12-19T15:01:24.923453Z,168.589,200,True,0xD32B24Ff4D28e42239EcCd5cbdb456a1565DC083,ADJUSTER,142,VIDEO,2,READ,
w69,2025-12-19T15:01:24.923727Z,168.343,200,True,0x456F6DbE8aF9e05a1918B64f0Bd0690809b23E6B,INSURER,946,OTHER,1,READ,
w30,2025-12-19T15:01:24.924721Z,167.549,200,True,0x51A2465dc26f17e37524f93494A8409715ACc9c2,INSURER,195,VIDEO,2,READ,
w18,2025-12-19T15:01:24.924894Z,167.406,200,True,0xBdfeA99CC2B9e09E4A7e6C7B14808189488E3985,COURT,104,VIDEO,2,READ,
w40,2025-12-19T15:01:24.925058Z,167.269,200,True,0xBdfeA99CC2B9e09E4A7e6C7B14808189488E3985,COURT,296,IMAGE,2,READ,
w90,2025-12-19T15:01:24.925213Z,167.140,200,True,0xE1C502975CC15E22bC10c8a6e352061ef61bBc2A,COURT,729,TELEMATICS,3,READ,
w2,2025-12-19T15:01:24.925383Z,166.997,200,True,0x48c487f18ce4aAFcf592B2eC3611eAa7B1C85918,ADJUSTER,704,TELEMATICS,3,READ,
w57,2025-12-19T15:01:24.925575Z,166.832,200,True,0xC5f6e3512D3B1133da1f88159fDf63dC9f2d43FB,ADJUSTER,846,TELEMATICS,3,READ,
w62,2025-12-19T15:01:24.925764Z,166.669,200,True,0x467316319C6B5f391c5a6B3b0190d4209202fC25,ADJUSTER,715,TELEMATICS,3,READ,
w91,2025-12-19T15:01:24.925942Z,166.515,200,True,0xD06Cc40e4D98aDc886d652F4253985B5c04282b9,REGULATOR,486,IMAGE,2,READ,
w86,2025-12-19T15:01:24.926111Z,166.370,200,True,0x8Dd96368f7a8216813107Fe89688AcaafE8Cb76D,INSURER,687,FNOL,4,READ,
w58,2025-12-19T15:01:24.926260Z,166.245,200,True,0x59A67A1183C69AAf8Fe3D746D569392b7d4A5035,ADJUSTER,284,IMAGE,2,READ,
w54,2025-12-19T15:01:24.926589Z,166.109,200,True,0x26b179d013C696c433c0f316E594f7a7AcE77C79,GARAGE,268,IMAGE,2,READ,
w3,2025-12-19T15:01:24.926798Z,165.931,200,True,0xD06Cc40e4D98aDc886d652F4253985B5c04282b9,REGULATOR,588,MEDICAL_REPORT,5,READ,
w65,2025-12-19T15:01:24.926984Z,165.773,200,True,0x78b99D5D04232b9650d619DBa5F5600a9242A472,INSURER,145,VIDEO,2,READ,
w83,2025-12-19T15:01:24.927167Z,165.615,200,True,0x98eAB44F56Ae1f00C301517F1B6fCDb7a452D64b,ADJUSTER,831,TELEMATICS,3,READ,
w5,2025-12-19T15:01:24.927355Z,165.454,200,True,0x58f181cd636a8F0a8335240Efc4979212ff45341,INSURER,119,VIDEO,2,READ,
w8,2025-12-19T15:01:24.927524Z,165.317,200,True,0xC29Fbef10EC6e6A787036cEA0C9024ce9F435d97,INSURER,67,VIDEO,2,READ,
w99,2025-12-19T15:01:24.927687Z,165.179,200,True,0xa814b4D02E07Daa3235ffc1E4752eCF8f6C2D8d8,ADJUSTER,134,VIDEO,2,READ,
w48,2025-12-19T15:01:24.927888Z,165.003,200,True,0x11F50254a88A6e26E6Bb5aAE8d74E52372B4270E,COURT,784,TELEMATICS,3,READ,
w12,2025-12-19T15:01:24.928097Z,164.817,200,True,0x044bef4Ff250cBBFE36FEfE3b859D78bA04c1223,INSURER,299,IMAGE,2,READ,
w61,2025-12-19T15:01:25.027480Z,87.117,200,True,0x3495fF4A33D3b8aCCB512226B501122064b1e8fe,INSURER,833,TELEMATICS,3,READ,
w7,2025-12-19T15:01:25.027850Z,86.871,200,True,0x48c487f18ce4aAFcf592B2eC3611eAa7B1C85918,ADJUSTER,137,VIDEO,2,READ,
w9,2025-12-19T15:01:25.028027Z,86.731,200,True,0x620a52535BA00719f0747D42746525D807319996,ADJUSTER,753,TELEMATICS,3,READ,
w64,2025-12-19T15:01:25.028414Z,86.458,200,True,0xb8Fe0E775705824a50658ef111434567024d4310,REGULATOR,9,VIDEO,2,READ,
w66,2025-12-19T15:01:25.028573Z,86.332,200,True,0x077f45EB3eB6027C0D05Ab77CAC4D29c46cb3a6E,INSURER,26,VIDEO,2,READ,
w68,2025-12-19T15:01:25.028713Z,86.221,200,True,0xDA941366d7481DffDAd4458a22913423f40dA1eA,ADJUSTER,864,OTHER,1,READ,
w14,2025-12-19T15:01:25.028832Z,86.133,200,True,0x14E81fB79823D062AFEEC4B80e0bCCBE578d057e,REGULATOR,911,OTHER,1,READ,
