worker,start_time_iso,latency_ms,status,allowed,subject_address,subject_role,resource_id,resource_type,resource_sensitivity,action,error
w2,2025-12-19T15:01:14.372425Z,46.260,403,False,0x4BC2c2b671822006a9D592cdd2Db24e8Da3C6adf,GARAGE,61,VIDEO,2,READ,
w1,2025-12-19T15:01:14.372274Z,46.748,403,False,0x57e02f30Dd15545B3A9eC4841D0D58Ee1D829414,GARAGE,853,OTHER,1,READ,
w4,2025-12-19T15:01:14.372588Z,46.631,403,False,0x520F6Be8B20312c8CA4bB2773000A94923A4FaE5,POLICE,718,TELEMATICS,3,READ,
w5,2025-12-19T15:01:14.372648Z,46.745,403,False,0x0AbFb230511189A840157bF7FcA43b1b69338dC6,POLICE,761,TELEMATICS,3,READ,
w9,2025-12-19T15:01:14.373096Z,74.064,200,True,0x630ba53C12B20a6EBd04Eb0819a24b1f8C554A01,INSURER,913,OTHER,1,READ,
w6,2025-12-19T15:01:14.372707Z,75.039,200,True,0x68cBdE77b98e3AF3281dBC229ee66540Eac3f007,ADJUSTER,310,IMAGE,2,READ,
w3,2025-12-19T15:01:14.372500Z,75.771,200,True,0x808936f08CCC0a9C3953Cd3716006fB99825CBa4,COURT,619,FNOL,4,READ,
w7,2025-12-19T15:01:14.372977Z,75.608,200,True,0xC6Ffd174B730f05f52aF93e216103D6C7464cc96,INSURER,714,TELEMATICS,3,READ,
w8,2025-12-19T15:01:14.373047Z,75.815,200,True,0xdBf006c9b4fEA25fFA98161abc660B4643109625,ADJUSTER,347,IMAGE,2,READ,
w0,2025-12-19T15:01:14.369889Z,79.264,200,True,0xC5f6e3512D3B1133da1f88159fDf63dC9f2d43FB,ADJUSTER,248,VIDEO,2,READ,
w2,2025-12-19T15:01:14.418701Z,30.688,403,False,0x1F98dd762361D7256a816f8086AE6FfB657fa5bC,POLICE,836,TELEMATICS,3,READ,
w4,2025-12-19T15:01:14.419226Z,30.383,403,False,0x3D8B37E283940B186f3d817371AE9834E2836f7f,GARAGE,663,MEDICAL_REPORT,5,READ,
w1,2025-12-19T15:01:14.419031Z,58.058,200,True,0x18BFB9A0Bf9293D0D3bf9F42bD6e7e7b300Dc391,COURT,470,IMAGE,2,READ,
w5,2025-12-19T15:01:14.419398Z,57.943,200,True,0x7fBAcb835330c3A23597A355A26Cf6E0ee69A0B5,COURT,960,OTHER,1,READ,
w0,2025-12-19T15:01:14.449162Z,28.403,403,False,0xB3e698A67fD5AEeB61b8bE389e7E917Bc2Ea032a,POLICE,617,FNOL,4,READ,
w9,2025-12-19T15:01:14.447179Z,53.671,200,True,0x73c07A746181c5256aC8EB8006fFbCF2239bEcC5,COURT,649,MEDICAL_REPORT,5,READ,
w6,2025-12-19T15:01:14.447761Z,53.443,200,True,0x33F5a90B9400A21046089Aaf44319BA889B0B9ed,INSURER,145,VIDEO,2,READ,
w3,2025-12-19T15:01:14.448285Z,53.127,200,True,0xF96D07BDd0404b21a6B987cF6C21b9A5E3045f5F,INSURER,393,IMAGE,2,READ,
w7,2025-12-19T15:01:14.448595Z,53.090,200,True,0xeaD317253F31780B00e0Ef360b1ade2Fb83c2b3E,INSURER,571,FNOL,4,READ,
w8,2025-12-19T15:01:14.448873Z,52.956,200,True,0x58f181cd636a8F0a8335240Efc4979212ff45341,INSURER,153,VIDEO,2,READ,
w2,2025-12-19T15:01:14.449396Z,52.553,200,True,0xd132a79Ca7Be8caaC9A27467EB9B65F7cBD6F50E,ADJUSTER,891,OTHER,1,READ,
w4,2025-12-19T15:01:14.449617Z,52.445,200,True,0x892Bc4E7F6D9a6aD507664d8A8EEB33b2544f3Ea,COURT,423,IMAGE,2,READ,
w1,2025-12-19T15:01:14.477101Z,25.071,403,False,0xa96C0E04f38F8dC8842789660AA8C570bfCCFF50,GARAGE,929,OTHER,1,READ,
w5,2025-12-19T15:01:14.477349Z,45.369,200,True,0x98eAB44F56Ae1f00C301517F1B6fCDb7a452D64b,ADJUSTER,7,VIDEO,2,READ,
w0,2025-12-19T15:01:14.477571Z,45.465,200,True,0x29Da547ffD477d0d4628d547368EcFDF73054469,ADJUSTER,411,IMAGE,2,READ,
w9,2025-12-19T15:01:14.500862Z,45.408,200,True,0x077f45EB3eB6027C0D05Ab77CAC4D29c46cb3a6E,INSURER,166,VIDEO,2,READ,
w6,2025-12-19T15:01:14.501212Z,45.381,200,True,0xF09aBd729B48E734Ad684B93585E8D043D55c967,INSURER,193,VIDEO,2,READ,
w3,2025-12-19T15:01:14.501419Z,45.331,200,True,0xb8Fe0E775705824a50658ef111434567024d4310,REGULATOR,732,TELEMATICS,3,READ,
w7,2025-12-19T15:01:14.501691Z,45.302,200,True,0x3db0bD968176A243AC81C5c8Cf02Cf429b04dD57,COURT,495,IMAGE,2,READ,
w8,2025-12-19T15:01:14.501834Z,45.287,200,True,0x89cb551204456FFCd8e595feE394120dD047b57A,INSURER,485,IMAGE,2,READ,
w2,2025-12-19T15:01:14.501955Z,45.280,200,True,0x3B4ab93e0901742BFfc8A18D301F36f820AD3bB9,ADJUSTER,806,TELEMATICS,3,READ,
w4,2025-12-19T15:01:14.502067Z,45.276,200,True,0x50Ed54bf40D96Fda59d7F83abE5551535d7938ac,COURT,337,IMAGE,2,READ,
w1,2025-12-19T15:01:14.502177Z,45.277,200,True,0xC29Fbef10EC6e6A787036cEA0C9024ce9F435d97,INSURER,227,VIDEO,2,READ,
w5,2025-12-19T15:01:14.522729Z,24.843,403,False,0xE4A8571e1F142Bd99866AA9464c49517B2ac0E01,ADJUSTER,533,MEDICAL_REPORT,5,READ,
w0,2025-12-19T15:01:14.523045Z,46.201,200,True,0x50Ed54bf40D96Fda59d7F83abE5551535d7938ac,COURT,412,IMAGE,2,READ,
w9,2025-12-19T15:01:14.546283Z,47.613,200,True,0xd132a79Ca7Be8caaC9A27467EB9B65F7cBD6F50E,ADJUSTER,236,VIDEO,2,READ,
w6,2025-12-19T15:01:14.546601Z,47.634,200,True,0x436f253A31aB81e4427747050f42C4907a6C388D,ADJUSTER,326,IMAGE,2,READ,
w3,2025-12-19T15:01:14.546756Z,47.646,200,True,0x3d9c5458418bD082b010C0F93c3b8FBF9826E0Bf,INSURER,778,TELEMATICS,3,READ,
w7,2025-12-19T15:01:14.546999Z,47.650,200,True,0x8FA3c986B63dEd44ce62D4aC5b3b0F49FF447700,COURT,465,IMAGE,2,READ,
w8,2025-12-19T15:01:14.547126Z,47.657,200,True,0x065Fd3F8fcF30384f50eceBa324b1EF8411Fa759,COURT,480,IMAGE,2,READ,
w2,2025-12-19T15:01:14.547240Z,47.662,200,True,0xf9314f31cc38103bC7607a176a804e5C1Ecbf511,INSURER,344,IMAGE,2,READ,
w4,2025-12-19T15:01:14.547348Z,47.675,200,True,0x82B01EfD510Bee8680730EEf777526b020e2398B,INSURER,140,VIDEO,2,READ,
w1,2025-12-19T15:01:14.547460Z,47.677,200,True,0x199baf9971453910adbCD45ae05Dc8f9B68fcB1f,INSURER,359,IMAGE,2,READ,
w5,2025-12-19T15:01:14.547576Z,47.661,200,True,0x73E42dF14ff21e7994A37802a292F71830CDA5aF,INSURER,388,IMAGE,2,READ,
w0,2025-12-19T15:01:14.569257Z,47.183,200,True,0x50Ed54bf40D96Fda59d7F83abE5551535d7938ac,COURT,420,IMAGE,2,READ,
w2,2025-12-19T15:01:14.594907Z,21.828,403,False,0x290FAd62Cb657cBfDA616da814529a670cdad059,POLICE,524,FNOL,4,READ,
w9,2025-12-19T15:01:14.593907Z,52.559,200,True,0xCdb11D137710f0a5234b9D3c040668B6D48e59d4,COURT,763,TELEMATICS,3,READ,
w6,2025-12-19T15:01:14.594244Z,52.563,200,True,0x2875Aa8C20c095495Ab5d6A1aBE2E2b07077dF55,INSURER,152,VIDEO,2,READ,
w3,2025-12-19T15:01:14.594408Z,52.580,200,True,0xa814b4D02E07Daa3235ffc1E4752eCF8f6C2D8d8,ADJUSTER,84,VIDEO,2,READ,
w7,2025-12-19T15:01:14.594656Z,52.584,200,True,0x58f181cd636a8F0a8335240Efc4979212ff45341,INSURER,531,MEDICAL_REPORT,5,READ,
w8,2025-12-19T15:01:14.594789Z,52.598,200,True,0x685A29EE8A06E458E58A29d721dFB677cdF8a600,INSURER,26,VIDEO,2,READ,
w4,2025-12-19T15:01:14.595029Z,52.476,200,True,0xE4A8571e1F142Bd99866AA9464c49517B2ac0E01,ADJUSTER,963,OTHER,1,READ,
w1,2025-12-19T15:01:14.595141Z,52.477,200,True,0x89cb551204456FFCd8e595feE394120dD047b57A,INSURER,775,TELEMATICS,3,READ,
w5,2025-12-19T15:01:14.595242Z,52.487,200,True,0x090F26617cAab81C15934159343Ff688fAf23820,POLICE,182,VIDEO,2,READ,
w0,2025-12-19T15:01:14.616453Z,64.666,200,True,0x330f902fF463e2B611211Ccb44EF749E558Ba02a,INSURER,247,VIDEO,2,READ,
w2,2025-12-19T15:01:14.616743Z,64.680,200,True,0x4BC2c2b671822006a9D592cdd2Db24e8Da3C6adf,GARAGE,441,IMAGE,2,READ,
w5,2025-12-19T15:01:14.647733Z,33.896,403,False,0x5173D7F8755FdF3d2f05C01D029A3Dc55EaC0476,POLICE,701,TELEMATICS,3,READ,
w9,2025-12-19T15:01:14.646477Z,65.765,200,True,0xfd4Fc17438169bC1228EB21c2cb9b8DE1E97472a,INSURER,857,OTHER,1,READ,
w6,2025-12-19T15:01:14.646815Z,65.755,200,True,0x467316319C6B5f391c5a6B3b0190d4209202fC25,ADJUSTER,47,VIDEO,2,READ,
w3,2025-12-19T15:01:14.646995Z,65.733,200,True,0xBCb233Ef85EC11C88E20Ea53Bb47f454d116FBe3,ADJUSTER,842,TELEMATICS,3,READ,
w7,2025-12-19T15:01:14.647247Z,65.689,200,True,0x330f902fF463e2B611211Ccb44EF749E558Ba02a,INSURER,397,IMAGE,2,READ,
w8,2025-12-19T15:01:14.647393Z,65.672,200,True,0x98eAB44F56Ae1f00C301517F1B6fCDb7a452D64b,ADJUSTER,230,VIDEO,2,READ,
w4,2025-12-19T15:01:14.647511Z,65.669,200,True,0x58f181cd636a8F0a8335240Efc4979212ff45341,INSURER,299,IMAGE,2,READ,
w1,2025-12-19T15:01:14.647622Z,65.671,200,True,0xC586D6C2dc89b791ae2AA6ae054c2629891275e1,POLICE,351,IMAGE,2,READ,
w0,2025-12-19T15:01:14.681130Z,59.509,200,True,0xE385ea618340FfE0d7c7e9EB25048F1c1E437F33,INSURER,672,FNOL,4,READ,
w2,2025-12-19T15:01:14.681431Z,59.548,200,True,0x3495fF4A33D3b8aCCB512226B501122064b1e8fe,INSURER,756,TELEMATICS,3,READ,
w5,2025-12-19T15:01:14.681636Z,59.581,200,True,0x73c07A746181c5256aC8EB8006fFbCF2239bEcC5,COURT,463,IMAGE,2,READ,
w1,2025-12-19T15:01:14.713299Z,28.076,403,False,0x23aA93bc659A3e3D0da5434a4088578341D43278,GARAGE,616,MEDICAL_REPORT,5,READ,
w9,2025-12-19T15:01:14.712254Z,53.707,200,True,0xaCB712DC0982F8B6c52EB4C5D2c205766cE3d00D,INSURER,935,OTHER,1,READ,
w6,2025-12-19T15:01:14.712578Z,53.717,200,True,0xE4A8571e1F142Bd99866AA9464c49517B2ac0E01,ADJUSTER,326,IMAGE,2,READ,
w3,2025-12-19T15:01:14.712732Z,53.732,200,True,0xfd4Fc17438169bC1228EB21c2cb9b8DE1E97472a,INSURER,955,OTHER,1,READ,
w7,2025-12-19T15:01:14.712940Z,53.743,200,True,0xBCb233Ef85EC11C88E20Ea53Bb47f454d116FBe3,ADJUSTER,349,IMAGE,2,READ,
w8,2025-12-19T15:01:14.713070Z,53.741,200,True,0x4828419eA02B1D4399E039f8E5F346f37f19fA13,INSURER,721,TELEMATICS,3,READ,
w4,2025-12-19T15:01:14.713185Z,53.735,200,True,0x808936f08CCC0a9C3953Cd3716006fB99825CBa4,COURT,499,IMAGE,2,READ,
w0,2025-12-19T15:01:14.740653Z,26.370,403,False,0xE3De53E77787ac96c6f78B3eD0A6Acea23953342,POLICE,659,MEDICAL_REPORT,5,READ,
w2,2025-12-19T15:01:14.740988Z,64.004,200,True,0x78273aa663aa16C08590efF5582bb4C9DD30Bb95,INSURER,292,IMAGE,2,READ,
w5,2025-12-19T15:01:14.741225Z,64.573,200,True,0x81A893236EFCdC58F1f9421b59Ee21eb7e38f8FB,INSURER,808,TELEMATICS,3,READ,
w1,2025-12-19T15:01:14.741382Z,65.415,200,True,0x808936f08CCC0a9C3953Cd3716006fB99825CBa4,COURT,134,VIDEO,2,READ,
w9,2025-12-19T15:01:14.765972Z,41.258,403,False,0x4BA98aed0F31F1E56A9bc733FD86aB30e5b88D0E,GARAGE,752,TELEMATICS,3,READ,
w6,2025-12-19T15:01:14.766304Z,70.452,200,True,0x3db0bD968176A243AC81C5c8Cf02Cf429b04dD57,COURT,84,VIDEO,2,READ,
w3,2025-12-19T15:01:14.766470Z,70.677,200,True,0xF09aBd729B48E734Ad684B93585E8D043D55c967,INSURER,590,FNOL,4,READ,
w7,2025-12-19T15:01:14.766689Z,70.620,200,True,0x567dccd668D18B4ACd8A2795151edB162Bc34767,ADJUSTER,421,IMAGE,2,READ,
w8,2025-12-19T15:01:14.766816Z,70.620,200,True,0x67A9BC3Fb3B4a392C223A8C644B48346b9Ca5128,COURT,499,IMAGE,2,READ,
w4,2025-12-19T15:01:14.766923Z,70.765,200,True,0x811FdDFb3340F34AB2b91C97AcB5FAeB6405847E,REGULATOR,407,IMAGE,2,READ,
w0,2025-12-19T15:01:14.767028Z,70.852,200,True,0x330f902fF463e2B611211Ccb44EF749E558Ba02a,INSURER,15,VIDEO,2,READ,
w9,2025-12-19T15:01:14.807247Z,30.917,403,False,0xB3e698A67fD5AEeB61b8bE389e7E917Bc2Ea032a,POLICE,713,TELEMATICS,3,READ,
w2,2025-12-19T15:01:14.805012Z,64.123,200,True,0x42dC03c90d7652B937d26628a86f9317bbf521dc,INSURER,181,VIDEO,2,READ,
w5,2025-12-19T15:01:14.805835Z,63.605,200,True,0x620a52535BA00719f0747D42746525D807319996,ADJUSTER,868,OTHER,1,READ,
w1,2025-12-19T15:01:14.806815Z,62.786,200,True,0x33F5a90B9400A21046089Aaf44319BA889B0B9ed,INSURER,673,MEDICAL_REPORT,5,READ,
w6,2025-12-19T15:01:14.836767Z,54.893,200,True,0x0AbFb230511189A840157bF7FcA43b1b69338dC6,POLICE,190,VIDEO,2,READ,
w3,2025-12-19T15:01:14.837155Z,54.826,200,True,0xD32B24Ff4D28e42239EcCd5cbdb456a1565DC083,ADJUSTER,161,VIDEO,2,READ,
w7,2025-12-19T15:01:14.837315Z,54.826,200,True,0x68cBdE77b98e3AF3281dBC229ee66540Eac3f007,ADJUSTER,47,VIDEO,2,READ,
w8,2025-12-19T15:01:14.837441Z,54.902,200,True,0xD756c57480Ea623123AB3a5ad4445875E3309Ac6,INSURER,924,OTHER,1,READ,
w4,2025-12-19T15:01:14.837697Z,54.779,200,True,0xB2241965995ed972D442D6A9461eF3583ecA95B6,INSURER,516,FNOL,4,READ,
w0,2025-12-19T15:01:14.837887Z,54.706,200,True,0xafA5Afd00Ec5464DAf96FCe2b09f4e4e157F4A67,POLICE,168,VIDEO,2,READ,
w9,2025-12-19T15:01:14.838175Z,54.522,200,True,0x0479AcE8E12E22b9751dF7542dd8f225c221EC34,ADJUSTER,200,VIDEO,2,READ,
w2,2025-12-19T15:01:14.869147Z,54.485,200,True,0x28606132Fb05B11eee1fa6ACe3CB39F3EFFFdCCe,ADJUSTER,799,TELEMATICS,3,READ,
w5,2025-12-19T15:01:14.869447Z,54.530,200,True,0xC6Ffd174B730f05f52aF93e216103D6C7464cc96,INSURER,962,OTHER,1,READ,
w1,2025-12-19T15:01:14.869607Z,54.631,200,True,0x58f181cd636a8F0a8335240Efc4979212ff45341,INSURER,917,OTHER,1,READ,
w0,2025-12-19T15:01:14.892599Z,31.788,403,False,0x7B678e542Dec17ab096b423D15262dcD9B8c11D8,POLICE,727,TELEMATICS,3,READ,
w6,2025-12-19T15:01:14.891673Z,56.726,200,True,0xF09aBd729B48E734Ad684B93585E8D043D55c967,INSURER,457,IMAGE,2,READ,
w3,2025-12-19T15:01:14.891989Z,56.729,200,True,0xD46492141A5F13412fa59e5F47Ce969c7954E752,INSURER,83,VIDEO,2,READ,
w7,2025-12-19T15:01:14.892148Z,56.737,200,True,0xd963E5e27CB9872abc2Fbed9107c373Aa59583a4,INSURER,738,TELEMATICS,3,READ,
w8,2025-12-19T15:01:14.892350Z,56.746,200,True,0x7B46635cB6cA958f34ae933b93884a5f19b258D7,INSURER,730,TELEMATICS,3,READ,
w4,2025-12-19T15:01:14.892482Z,56.751,200,True,0x2ee7F051BB940423f554ea44742f7c4c8C20Ea59,INSURER,876,OTHER,1,READ,
w9,2025-12-19T15:01:14.892701Z,56.650,200,True,0x18BFB9A0Bf9293D0D3bf9F42bD6e7e7b300Dc391,COURT,879,OTHER,1,READ,
w1,2025-12-19T15:01:14.924246Z,25.212,403,False,0x955f7F1386d8d5FB12bc50876B418e4D206D9530,GARAGE,586,FNOL,4,READ,
w2,2025-12-19T15:01:14.923644Z,47.672,200,True,0x014E540c98B93f6ce2a6F2D7FE66BeD9a19f7bEC,ADJUSTER,697,FNOL,4,READ,
w5,2025-12-19T15:01:14.923987Z,47.882,200,True,0x78273aa663aa16C08590efF5582bb4C9DD30Bb95,INSURER,128,VIDEO,2,READ,
w0,2025-12-19T15:01:14.924393Z,47.861,200,True,0x419d3b699AA38c218f3D84f0a3129a6383634f17,ADJUSTER,693,FNOL,4,READ,
w7,2025-12-19T15:01:14.948889Z,24.095,403,False,0xE1c2102345d7379f4bb3F114e908e9cC9154A335,POLICE,677,FNOL,4,READ,
w6,2025-12-19T15:01:14.948411Z,53.935,200,True,0x3B4ab93e0901742BFfc8A18D301F36f820AD3bB9,ADJUSTER,575,FNOL,4,READ,
w3,2025-12-19T15:01:14.948727Z,53.943,200,True,0xD06Cc40e4D98aDc886d652F4253985B5c04282b9,REGULATOR,167,VIDEO,2,READ,
w8,2025-12-19T15:01:14.949101Z,53.736,200,True,0x78273aa663aa16C08590efF5582bb4C9DD30Bb95,INSURER,488,IMAGE,2,READ,
w4,2025-12-19T15:01:14.949238Z,53.815,200,True,0x89cb551204456FFCd8e595feE394120dD047b57A,INSURER,383,IMAGE,2,READ,
w9,2025-12-19T15:01:14.949356Z,53.835,200,True,0x3A995E7B23E0Fe0f9a5537f57AA80BACa529eFC4,INSURER,939,OTHER,1,READ,
w1,2025-12-19T15:01:14.949461Z,53.849,200,True,0xF80B0672A4f16BDe21fA2DF31482dA0fC606A43f,ADJUSTER,374,IMAGE,2,READ,
w0,2025-12-19T15:01:14.972269Z,31.147,403,False,0xCF5E79F0E2BFC3eb5fe4aB0975E9F0eEc50b54E3,GARAGE,69,VIDEO,2,READ,
w2,2025-12-19T15:01:14.971327Z,62.051,200,True,0x40fca3Fa04d657c9879B638C57A2a70683E3efED,REGULATOR,277,IMAGE,2,READ,
w5,2025-12-19T15:01:14.971887Z,61.807,200,True,0x51a1E6D900E3e04c169Be84b2D5e5ccB2420B0EB,INSURER,603,FNOL,4,READ,
w7,2025-12-19T15:01:14.972999Z,60.863,200,True,0x3418C54B33ca42d0dF096EaD255791c7B2E2f3d9,ADJUSTER,536,FNOL,4,READ,
w8,2025-12-19T15:01:15.002843Z,31.195,403,False,0x3116De7d4519B71BA014e7EF3e874D3a98B64A91,POLICE,905,OTHER,1,READ,
w6,2025-12-19T15:01:15.002357Z,63.963,200,True,0xBC78986794f1658340222E011F7e1Cf375177F95,ADJUSTER,65,VIDEO,2,READ,
w3,2025-12-19T15:01:15.002678Z,63.964,200,True,0x065Fd3F8fcF30384f50eceBa324b1EF8411Fa759,COURT,673,MEDICAL_REPORT,5,READ,
w4,2025-12-19T15:01:15.003059Z,63.775,200,True,0xF80B0672A4f16BDe21fA2DF31482dA0fC606A43f,ADJUSTER,748,TELEMATICS,3,READ,
w9,2025-12-19T15:01:15.003196Z,63.868,200,True,0x9F6d6682cb1957F9585F9b8AC3469E4D767600D6,INSURER,224,VIDEO,2,READ,
w1,2025-12-19T15:01:15.003315Z,63.884,200,True,0xb8Fe0E775705824a50658ef111434567024d4310,REGULATOR,587,FNOL,4,READ,
w0,2025-12-19T15:01:15.003420Z,63.897,200,True,0x3308795A526382DB26cF04047fE2bBd4F56E6CE7,COURT,793,TELEMATICS,3,READ,
w2,2025-12-19T15:01:15.033389Z,66.337,200,True,0x330f902fF463e2B611211Ccb44EF749E558Ba02a,INSURER,712,TELEMATICS,3,READ,
w5,2025-12-19T15:01:15.033702Z,66.350,200,True,0x9F6d6682cb1957F9585F9b8AC3469E4D767600D6,INSURER,205,VIDEO,2,READ,
w7,2025-12-19T15:01:15.033869Z,66.354,200,True,0x3d4Bd094c1894ed38F3EcF0799bE66f83a4199ca,ADJUSTER,49,VIDEO,2,READ,
w8,2025-12-19T15:01:15.034044Z,66.384,200,True,0xFf85d9d86E5E1a3792266E2a5BB970C470C1e0c5,COURT,785,TELEMATICS,3,READ,
w6,2025-12-19T15:01:15.066332Z,34.216,403,False,0x23aA93bc659A3e3D0da5434a4088578341D43278,GARAGE,897,OTHER,1,READ,
w4,2025-12-19T15:01:15.066840Z,33.816,403,False,0x415Ba7B0D983442D5407ABEF5Ebd8e9d2bB533B7,POLICE,940,OTHER,1,READ,
w1,2025-12-19T15:01:15.067205Z,33.553,403,False,0xB3e698A67fD5AEeB61b8bE389e7E917Bc2Ea032a,POLICE,789,TELEMATICS,3,READ,
w3,2025-12-19T15:01:15.066649Z,77.904,200,True,0x7C8B230898f07628a4f24e2D0ffe62373593dCce,POLICE,122,VIDEO,2,READ,
w9,2025-12-19T15:01:15.067070Z,77.918,200,True,0xB2241965995ed972D442D6A9461eF3583ecA95B6,INSURER,489,IMAGE,2,READ,
w0,2025-12-19T15:01:15.067321Z,77.999,200,True,0x7fBAcb835330c3A23597A355A26Cf6E0ee69A0B5,COURT,617,FNOL,4,READ,
w2,2025-12-19T15:01:15.099739Z,45.724,403,False,0x59760590b1fCF3C846635ae6432DE56ef26298B8,GARAGE,86,VIDEO,2,READ,
w5,2025-12-19T15:01:15.100060Z,70.060,200,True,0xBCb233Ef85EC11C88E20Ea53Bb47f454d116FBe3,ADJUSTER,628,FNOL,4,READ,
w7,2025-12-19T15:01:15.100228Z,70.206,200,True,0xACaaedBfb07404f2aAf0ccd6503B1529C1A48764,ADJUSTER,461,IMAGE,2,READ,
w8,2025-12-19T15:01:15.100434Z,70.166,200,True,0x456F6DbE8aF9e05a1918B64f0Bd0690809b23E6B,INSURER,912,OTHER,1,READ,
w6,2025-12-19T15:01:15.100553Z,70.233,200,True,0x4BA98aed0F31F1E56A9bc733FD86aB30e5b88D0E,GARAGE,451,IMAGE,2,READ,
w4,2025-12-19T15:01:15.100661Z,70.245,200,True,0x12DF904699208278b4355b568d47De4F2c9646fe,INSURER,904,OTHER,1,READ,
w1,2025-12-19T15:01:15.100763Z,70.248,200,True,0x69254de41949D1A246C5c1A168e5e8473D2d50f0,ADJUSTER,779,TELEMATICS,3,READ,
w3,2025-12-19T15:01:15.144581Z,54.745,200,True,0xf9314f31cc38103bC7607a176a804e5C1Ecbf511,INSURER,146,VIDEO,2,READ,
w9,2025-12-19T15:01:15.145000Z,54.631,200,True,0xF80B0672A4f16BDe21fA2DF31482dA0fC606A43f,ADJUSTER,306,IMAGE,2,READ,
w0,2025-12-19T15:01:15.145326Z,54.570,200,True,0x2875Aa8C20c095495Ab5d6A1aBE2E2b07077dF55,INSURER,630,MEDICAL_REPORT,5,READ,
w2,2025-12-19T15:01:15.145469Z,54.584,200,True,0x28606132Fb05B11eee1fa6ACe3CB39F3EFFFdCCe,ADJUSTER,808,TELEMATICS,3,READ,
w5,2025-12-19T15:01:15.170132Z,30.051,403,False,0x4BA98aed0F31F1E56A9bc733FD86aB30e5b88D0E,GARAGE,786,TELEMATICS,3,READ,
w1,2025-12-19T15:01:15.171015Z,29.285,403,False,0x290FAd62Cb657cBfDA616da814529a670cdad059,POLICE,812,TELEMATICS,3,READ,
w7,2025-12-19T15:01:15.170442Z,60.334,200,True,0x6032b722b48DC8717A2C437485f2D3d264BD803B,ADJUSTER,787,TELEMATICS,3,READ,
w8,2025-12-19T15:01:15.170605Z,60.472,200,True,0x3308795A526382DB26cF04047fE2bBd4F56E6CE7,COURT,744,TELEMATICS,3,READ,
w6,2025-12-19T15:01:15.170791Z,60.441,200,True,0x0520cA4f9c2359a2d1cc1B072e4dA8A3587C2088,INSURER,519,MEDICAL_REPORT,5,READ,
w4,2025-12-19T15:01:15.170911Z,60.501,200,True,0x996644d2075D6c96FEB649879534dFAb933903f6,GARAGE,275,IMAGE,2,READ,
w3,2025-12-19T15:01:15.199337Z,32.195,403,False,0x520F6Be8B20312c8CA4bB2773000A94923A4FaE5,POLICE,585,MEDICAL_REPORT,5,READ,
w9,2025-12-19T15:01:15.199640Z,69.465,200,True,0x05d1ef5b43268c6a5BD456A953029092795045d9,INSURER,679,MEDICAL_REPORT,5,READ,
w0,2025-12-19T15:01:15.199902Z,69.517,200,True,0x05d1ef5b43268c6a5BD456A953029092795045d9,INSURER,868,OTHER,1,READ,
w2,2025-12-19T15:01:15.200060Z,69.524,200,True,0x3d9c5458418bD082b010C0F93c3b8FBF9826E0Bf,INSURER,188,VIDEO,2,READ,
w5,2025-12-19T15:01:15.200187Z,69.602,200,True,0xDD3EceF8307a47a0307E4f44135C61Dd2C75c6d7,POLICE,297,IMAGE,2,READ,
w1,2025-12-19T15:01:15.200306Z,69.612,200,True,0x33F5a90B9400A21046089Aaf44319BA889B0B9ed,INSURER,282,IMAGE,2,READ,
w7,2025-12-19T15:01:15.230788Z,39.251,403,False,0xB3e698A67fD5AEeB61b8bE389e7E917Bc2Ea032a,POLICE,708,TELEMATICS,3,READ,
w4,2025-12-19T15:01:15.231417Z,38.734,403,False,0x0AbFb230511189A840157bF7FcA43b1b69338dC6,POLICE,570,FNOL,4,READ,
w8,2025-12-19T15:01:15.231085Z,68.206,200,True,0xE385ea618340FfE0d7c7e9EB25048F1c1E437F33,INSURER,117,VIDEO,2,READ,
w6,2025-12-19T15:01:15.231237Z,68.357,200,True,0x50Ed54bf40D96Fda59d7F83abE5551535d7938ac,COURT,12,VIDEO,2,READ,
w3,2025-12-19T15:01:15.231536Z,68.220,200,True,0xAF3C604AE7a9E247C368331a22270415269Ef10d,INSURER,81,VIDEO,2,READ,
w9,2025-12-19T15:01:15.269115Z,66.193,200,True,0x7fBAcb835330c3A23597A355A26Cf6E0ee69A0B5,COURT,774,TELEMATICS,3,READ,
w0,2025-12-19T15:01:15.269427Z,66.294,200,True,0x4BC2c2b671822006a9D592cdd2Db24e8Da3C6adf,GARAGE,481,IMAGE,2,READ,
w2,2025-12-19T15:01:15.269589Z,66.310,200,True,0x85C720Ae65eF1706A0cf41695a93A34E189D5Ea0,INSURER,262,IMAGE,2,READ,
w5,2025-12-19T15:01:15.269794Z,66.321,200,True,0x0479AcE8E12E22b9751dF7542dd8f225c221EC34,ADJUSTER,261,IMAGE,2,READ,
w1,2025-12-19T15:01:15.269923Z,66.359,200,True,0xF09aBd729B48E734Ad684B93585E8D043D55c967,INSURER,894,OTHER,1,READ,
w7,2025-12-19T15:01:15.270044Z,66.355,200,True,0xCdb11D137710f0a5234b9D3c040668B6D48e59d4,COURT,936,OTHER,1,READ,
w4,2025-12-19T15:01:15.270156Z,66.345,200,True,0xAF3C604AE7a9E247C368331a22270415269Ef10d,INSURER,248,VIDEO,2,READ,
w8,2025-12-19T15:01:15.299304Z,64.116,200,True,0xD6e58dE85e171C0D6BB42Cf4a85fBa7C55ce5618,INSURER,381,IMAGE,2,READ,
w6,2025-12-19T15:01:15.299602Z,64.116,200,True,0xCC05C551476CDbEfAd79Ed75427937b892aaFE9C,ADJUSTER,211,VIDEO,2,READ,
w3,2025-12-19T15:01:15.299762Z,64.145,200,True,0xCaa6A1a26D28f97DEDD4f555dEd43bC607f78384,INSURER,365,IMAGE,2,READ,
w9,2025-12-19T15:01:15.335320Z,49.505,200,True,0xB81c8729A121819695CEEDA9b389f559D6398B3C,REGULATOR,140,VIDEO,2,READ,
w0,2025-12-19T15:01:15.335729Z,49.411,200,True,0x33F5a90B9400A21046089Aaf44319BA889B0B9ed,INSURER,726,TELEMATICS,3,READ,
w2,2025-12-19T15:01:15.335906Z,49.419,200,True,0xCC05C551476CDbEfAd79Ed75427937b892aaFE9C,ADJUSTER,986,OTHER,1,READ,
w5,2025-12-19T15:01:15.336121Z,49.440,200,True,0x3d4Bd094c1894ed38F3EcF0799bE66f83a4199ca,ADJUSTER,866,OTHER,1,READ,
w1,2025-12-19T15:01:15.336287Z,49.407,200,True,0xCdb11D137710f0a5234b9D3c040668B6D48e59d4,COURT,962,OTHER,1,READ,
w7,2025-12-19T15:01:15.336403Z,49.404,200,True,0x1cf47318cada656180563507BDd94262cAA29a4a,INSURER,980,OTHER,1,READ,
w4,2025-12-19T15:01:15.336507Z,49.404,200,True,0x808936f08CCC0a9C3953Cd3716006fB99825CBa4,COURT,366,IMAGE,2,READ,
w8,2025-12-19T15:01:15.363431Z,40.513,200,True,0x4828419eA02B1D4399E039f8E5F346f37f19fA13,INSURER,813,TELEMATICS,3,READ,
w6,2025-12-19T15:01:15.363726Z,40.511,200,True,0x182C98818C6b29Ff23d7d1d9766e1B1dEB1aBAeB,INSURER,267,IMAGE,2,READ,
w3,2025-12-19T15:01:15.363913Z,40.513,200,True,0x12DF904699208278b4355b568d47De4F2c9646fe,INSURER,441,IMAGE,2,READ,
w9,2025-12-19T15:01:15.384835Z,45.482,200,True,0x5ee06906aF52aEd2c884D505d3a0A7CA7513188D,INSURER,73,VIDEO,2,READ,
w0,2025-12-19T15:01:15.385149Z,45.495,200,True,0x46Adf75988C45FBD67a07651b6f684943428c17C,INSURER,827,TELEMATICS,3,READ,
w2,2025-12-19T15:01:15.385332Z,45.485,200,True,0xb8Fe0E775705824a50658ef111434567024d4310,REGULATOR,482,IMAGE,2,READ,
w5,2025-12-19T15:01:15.385567Z,45.453,200,True,0xC23BB727D3Ae6bD9cd90AC52ee26359F19176de3,INSURER,785,TELEMATICS,3,READ,
w1,2025-12-19T15:01:15.385700Z,45.447,200,True,0x3B4ab93e0901742BFfc8A18D301F36f820AD3bB9,ADJUSTER,248,VIDEO,2,READ,
w7,2025-12-19T15:01:15.385813Z,45.446,200,True,0x6032b722b48DC8717A2C437485f2D3d264BD803B,ADJUSTER,402,IMAGE,2,READ,
w4,2025-12-19T15:01:15.385915Z,45.449,200,True,0x68cBdE77b98e3AF3281dBC229ee66540Eac3f007,ADJUSTER,707,TELEMATICS,3,READ,
w8,2025-12-19T15:01:15.403957Z,58.058,200,True,0x077f45EB3eB6027C0D05Ab77CAC4D29c46cb3a6E,INSURER,665,FNOL,4,READ,
w6,2025-12-19T15:01:15.404246Z,58.071,200,True,0x8D21394c336D57f89564705Aa61307561b63E310,POLICE,190,VIDEO,2,READ,
w3,2025-12-19T15:01:15.404432Z,58.047,200,True,0xD0Ce1d9D5A9c7E4F03d499A265d3014Ae5da7644,ADJUSTER,982,OTHER,1,READ,
w4,2025-12-19T15:01:15.431368Z,31.293,403,False,0x5C63EFf960008F7F9783957f07533386097149ce,POLICE,641,MEDICAL_REPORT,5,READ,
w9,2025-12-19T15:01:15.430329Z,70.991,200,True,0x199baf9971453910adbCD45ae05Dc8f9B68fcB1f,INSURER,974,OTHER,1,READ,
w0,2025-12-19T15:01:15.430652Z,70.998,200,True,0x58f181cd636a8F0a8335240Efc4979212ff45341,INSURER,15,VIDEO,2,READ,
w2,2025-12-19T15:01:15.430822Z,70.995,200,True,0x466ec685AE894BAc153c11350FC488cAAa2C062E,INSURER,279,IMAGE,2,READ,
w5,2025-12-19T15:01:15.431025Z,71.000,200,True,0x3d9c5458418bD082b010C0F93c3b8FBF9826E0Bf,INSURER,318,IMAGE,2,READ,
w1,2025-12-19T15:01:15.431152Z,71.005,200,True,0xeD60C4758Fab078c38685EeEF9692D8Fa4F3dDB9,INSURER,54,VIDEO,2,READ,
w7,2025-12-19T15:01:15.431264Z,71.005,200,True,0x2875Aa8C20c095495Ab5d6A1aBE2E2b07077dF55,INSURER,444,IMAGE,2,READ,
w8,2025-12-19T15:01:15.462027Z,40.348,403,False,0x5C63EFf960008F7F9783957f07533386097149ce,POLICE,808,TELEMATICS,3,READ,
w6,2025-12-19T15:01:15.462324Z,74.890,200,True,0x26b179d013C696c433c0f316E594f7a7AcE77C79,GARAGE,448,IMAGE,2,READ,
w3,2025-12-19T15:01:15.462485Z,75.082,200,True,0x58f181cd636a8F0a8335240Efc4979212ff45341,INSURER,739,TELEMATICS,3,READ,
w4,2025-12-19T15:01:15.462667Z,75.148,200,True,0x81A893236EFCdC58F1f9421b59Ee21eb7e38f8FB,INSURER,757,TELEMATICS,3,READ,
w2,2025-12-19T15:01:15.501822Z,36.208,403,False,0x23aA93bc659A3e3D0da5434a4088578341D43278,GARAGE,582,MEDICAL_REPORT,5,READ,
w9,2025-12-19T15:01:15.501331Z,63.668,200,True,0x4f464925226709cf94C01633A1f468E106AD6413,INSURER,85,VIDEO,2,READ,
w0,2025-12-19T15:01:15.501659Z,63.652,200,True,0xA75Af013B9CBdf4322e0c459A2fB8B708fbB8Ddc,POLICE,353,IMAGE,2,READ,
w5,2025-12-19T15:01:15.502031Z,63.528,200,True,0xC29Fbef10EC6e6A787036cEA0C9024ce9F435d97,INSURER,561,MEDICAL_REPORT,5,READ,
w1,2025-12-19T15:01:15.502163Z,63.555,200,True,0x8FA3c986B63dEd44ce62D4aC5b3b0F49FF447700,COURT,227,VIDEO,2,READ,
w7,2025-12-19T15:01:15.502274Z,63.568,200,True,0x14d0cb07D407E25F725b7f9854B98fEEEBb4942F,INSURER,815,TELEMATICS,3,READ,
w8,2025-12-19T15:01:15.502379Z,63.574,200,True,0x93787a823E3D4Ae295F5a91C0e87325E40B3aa3F,REGULATOR,926,OTHER,1,READ,
w6,2025-12-19T15:01:15.537226Z,56.034,200,True,0x466ec685AE894BAc153c11350FC488cAAa2C062E,INSURER,703,TELEMATICS,3,READ,
w3,2025-12-19T15:01:15.537581Z,55.993,200,True,0x567dccd668D18B4ACd8A2795151edB162Bc34767,ADJUSTER,727,TELEMATICS,3,READ,
w4,2025-12-19T15:01:15.537823Z,55.980,200,True,0x98eAB44F56Ae1f00C301517F1B6fCDb7a452D64b,ADJUSTER,260,IMAGE,2,READ,
w2,2025-12-19T15:01:15.538041Z,55.904,200,True,0x73c07A746181c5256aC8EB8006fFbCF2239bEcC5,COURT,980,OTHER,1,READ,
w7,2025-12-19T15:01:15.565848Z,28.240,403,False,0x786da68d54Be22366903D370c34910372Db174c9,POLICE,508,FNOL,4,READ,
w9,2025-12-19T15:01:15.565011Z,50.054,200,True,0x50Ed54bf40D96Fda59d7F83abE5551535d7938ac,COURT,414,IMAGE,2,READ,
w0,2025-12-19T15:01:15.565319Z,50.048,200,True,0xc0F601980c6FD898E06229024740eec17abbF5C2,INSURER,250,VIDEO,2,READ,
w5,2025-12-19T15:01:15.565567Z,49.958,200,True,0x4828419eA02B1D4399E039f8E5F346f37f19fA13,INSURER,661,MEDICAL_REPORT,5,READ,
w1,2025-12-19T15:01:15.565724Z,49.975,200,True,0x620a52535BA00719f0747D42746525D807319996,ADJUSTER,578,FNOL,4,READ,
w8,2025-12-19T15:01:15.565957Z,49.861,200,True,0x81A893236EFCdC58F1f9421b59Ee21eb7e38f8FB,INSURER,902,OTHER,1,READ,
w6,2025-12-19T15:01:15.593271Z,63.074,200,True,0x07DA3024980d3B92Bcf6B8850A7C08F758B5F781,INSURER,663,MEDICAL_REPORT,5,READ,
w3,2025-12-19T15:01:15.593582Z,63.113,200,True,0xB8954C40b419Ae7332fF39Ce3d458ba1fed03941,REGULATOR,494,IMAGE,2,READ,
w4,2025-12-19T15:01:15.593809Z,63.059,200,True,0x51a1E6D900E3e04c169Be84b2D5e5ccB2420B0EB,INSURER,318,IMAGE,2,READ,
w2,2025-12-19T15:01:15.593950Z,63.135,200,True,0x33F5a90B9400A21046089Aaf44319BA889B0B9ed,INSURER,548,MEDICAL_REPORT,5,READ,
w7,2025-12-19T15:01:15.594094Z,63.140,200,True,0x42dC03c90d7652B937d26628a86f9317bbf521dc,INSURER,953,OTHER,1,READ,
w8,2025-12-19T15:01:15.615824Z,41.533,403,False,0x415Ba7B0D983442D5407ABEF5Ebd8e9d2bB533B7,POLICE,556,FNOL,4,READ,
w9,2025-12-19T15:01:15.615075Z,74.575,200,True,0xdBf006c9b4fEA25fFA98161abc660B4643109625,ADJUSTER,705,TELEMATICS,3,READ,
w0,2025-12-19T15:01:15.615375Z,74.599,200,True,0x7B46635cB6cA958f34ae933b93884a5f19b258D7,INSURER,580,MEDICAL_REPORT,5,READ,
w5,2025-12-19T15:01:15.615530Z,74.705,200,True,0x73c07A746181c5256aC8EB8006fFbCF2239bEcC5,COURT,605,FNOL,4,READ,
w1,2025-12-19T15:01:15.615705Z,74.673,200,True,0xf5d0314845FCf19022a28FeD6650e58CFc01f243,INSURER,218,VIDEO,2,READ,
w4,2025-12-19T15:01:15.656874Z,33.634,403,False,0x786da68d54Be22366903D370c34910372Db174c9,POLICE,884,OTHER,1,READ,
w2,2025-12-19T15:01:15.657092Z,33.523,403,False,0x01891323537Ca8c745Cd76182c9eB81519eaC821,GARAGE,717,TELEMATICS,3,READ,
w7,2025-12-19T15:01:15.657239Z,33.490,403,False,0xE3De53E77787ac96c6f78B3eD0A6Acea23953342,POLICE,756,TELEMATICS,3,READ,
w6,2025-12-19T15:01:15.656357Z,61.389,200,True,0x077f45EB3eB6027C0D05Ab77CAC4D29c46cb3a6E,INSURER,104,VIDEO,2,READ,
w3,2025-12-19T15:01:15.656704Z,61.368,200,True,0x3d9c5458418bD082b010C0F93c3b8FBF9826E0Bf,INSURER,903,OTHER,1,READ,
w8,2025-12-19T15:01:15.657361Z,60.868,200,True,0x3E93709810FB754ab4D6A2487344dF504087996D,INSURER,262,IMAGE,2,READ,
w9,2025-12-19T15:01:15.689663Z,28.726,403,False,0x57e02f30Dd15545B3A9eC4841D0D58Ee1D829414,GARAGE,568,FNOL,4,READ,
w0,2025-12-19T15:01:15.689982Z,56.612,200,True,0x262C7B7B136C441fA055dA7F585a2Ab956c1123C,INSURER,731,TELEMATICS,3,READ,
w5,2025-12-19T15:01:15.690242Z,56.875,200,True,0x811FdDFb3340F34AB2b91C97AcB5FAeB6405847E,REGULATOR,719,TELEMATICS,3,READ,
w1,2025-12-19T15:01:15.690384Z,57.114,200,True,0x29950abd635aF427d5E2fF0DB9f6920fC915bC55,INSURER,925,OTHER,1,READ,
w4,2025-12-19T15:01:15.690514Z,57.231,200,True,0xcCC472e2d0eDA52066a80BCFb4577Dc9Fb7CD453,POLICE,222,VIDEO,2,READ,
w2,2025-12-19T15:01:15.690620Z,57.328,200,True,0x892Bc4E7F6D9a6aD507664d8A8EEB33b2544f3Ea,COURT,934,OTHER,1,READ,
w7,2025-12-19T15:01:15.690734Z,57.434,200,True,0x6c2d9F1aEdB2C485CABAF82412f88d5303Fd7B73,GARAGE,476,IMAGE,2,READ,
w6,2025-12-19T15:01:15.717758Z,74.989,200,True,0x630ba53C12B20a6EBd04Eb0819a24b1f8C554A01,INSURER,623,FNOL,4,READ,
w3,2025-12-19T15:01:15.718080Z,75.031,200,True,0x78b99D5D04232b9650d619DBa5F5600a9242A472,INSURER,71,VIDEO,2,READ,
w8,2025-12-19T15:01:15.718235Z,75.048,200,True,0x182C98818C6b29Ff23d7d1d9766e1B1dEB1aBAeB,INSURER,481,IMAGE,2,READ,
w9,2025-12-19T15:01:15.718394Z,75.122,200,True,0x3308795A526382DB26cF04047fE2bBd4F56E6CE7,COURT,123,VIDEO,2,READ,
w5,2025-12-19T15:01:15.747128Z,46.526,403,False,0x520F6Be8B20312c8CA4bB2773000A94923A4FaE5,POLICE,813,TELEMATICS,3,READ,
w2,2025-12-19T15:01:15.747957Z,45.819,403,False,0x0479AcE8E12E22b9751dF7542dd8f225c221EC34,ADJUSTER,552,MEDICAL_REPORT,5,READ,
w7,2025-12-19T15:01:15.748176Z,45.709,403,False,0x0479AcE8E12E22b9751dF7542dd8f225c221EC34,ADJUSTER,565,MEDICAL_REPORT,5,READ,
w0,2025-12-19T15:01:15.746613Z,69.148,200,True,0x12DF904699208278b4355b568d47De4F2c9646fe,INSURER,868,OTHER,1,READ,
w1,2025-12-19T15:01:15.747508Z,68.578,200,True,0x2875Aa8C20c095495Ab5d6A1aBE2E2b07077dF55,INSURER,289,IMAGE,2,READ,
w4,2025-12-19T15:01:15.747753Z,68.501,200,True,0x182C98818C6b29Ff23d7d1d9766e1B1dEB1aBAeB,INSURER,167,VIDEO,2,READ,
w3,2025-12-19T15:01:15.793119Z,23.332,403,False,0x57e02f30Dd15545B3A9eC4841D0D58Ee1D829414,GARAGE,939,OTHER,1,READ,
w6,2025-12-19T15:01:15.792760Z,56.650,200,True,0x2ee7F051BB940423f554ea44742f7c4c8C20Ea59,INSURER,670,FNOL,4,READ,
w8,2025-12-19T15:01:15.793289Z,56.478,200,True,0xd6f5696C80b8cb2D4AAaFdaf8E7C266cf4af4538,COURT,560,FNOL,4,READ,
w9,2025-12-19T15:01:15.793521Z,56.546,200,True,0xC29Fbef10EC6e6A787036cEA0C9024ce9F435d97,INSURER,547,MEDICAL_REPORT,5,READ,
w5,2025-12-19T15:01:15.793660Z,56.581,200,True,0xFf85d9d86E5E1a3792266E2a5BB970C470C1e0c5,COURT,797,TELEMATICS,3,READ,
w2,2025-12-19T15:01:15.793780Z,56.618,200,True,0xB81c8729A121819695CEEDA9b389f559D6398B3C,REGULATOR,613,FNOL,4,READ,
w7,2025-12-19T15:01:15.793889Z,56.664,200,True,0xe9b50040eeAA45F16fd24222f4a97482737f6C8A,ADJUSTER,111,VIDEO,2,READ,
w4,2025-12-19T15:01:15.816259Z,34.445,403,False,0xAA49CCe569366189355225212a2EA06B8172Fa22,ADJUSTER,574,MEDICAL_REPORT,5,READ,
w0,2025-12-19T15:01:15.815774Z,69.701,200,True,0x1F98dd762361D7256a816f8086AE6FfB657fa5bC,POLICE,287,IMAGE,2,READ,
w1,2025-12-19T15:01:15.816094Z,69.699,200,True,0x14E81fB79823D062AFEEC4B80e0bCCBE578d057e,REGULATOR,498,IMAGE,2,READ,
w3,2025-12-19T15:01:15.816460Z,69.591,200,True,0x3418C54B33ca42d0dF096EaD255791c7B2E2f3d9,ADJUSTER,882,OTHER,1,READ,
w8,2025-12-19T15:01:15.849777Z,36.464,403,False,0xDd45386232533D2C209976e678A91A2263676ECB,GARAGE,21,VIDEO,2,READ,
w5,2025-12-19T15:01:15.850250Z,36.140,403,False,0xEcbE69567Cf42475FbE6Ea4523541e58C4d22957,GARAGE,90,VIDEO,2,READ,
w6,2025-12-19T15:01:15.849422Z,66.972,200,True,0xFeC4882fEAf263ac0fD1b9B4271dD1852B413584,INSURER,91,VIDEO,2,READ,
w9,2025-12-19T15:01:15.850074Z,66.681,200,True,0x73E42dF14ff21e7994A37802a292F71830CDA5aF,INSURER,377,IMAGE,2,READ,
w2,2025-12-19T15:01:15.850404Z,66.634,200,True,0xE4A8571e1F142Bd99866AA9464c49517B2ac0E01,ADJUSTER,651,FNOL,4,READ,
w7,2025-12-19T15:01:15.850560Z,66.654,200,True,0x892Bc4E7F6D9a6aD507664d8A8EEB33b2544f3Ea,COURT,740,TELEMATICS,3,READ,
w4,2025-12-19T15:01:15.850710Z,66.655,200,True,0x0479AcE8E12E22b9751dF7542dd8f225c221EC34,ADJUSTER,669,FNOL,4,READ,
w8,2025-12-19T15:01:15.886250Z,31.268,403,False,0x3D8B37E283940B186f3d817371AE9834E2836f7f,GARAGE,895,OTHER,1,READ,
w0,2025-12-19T15:01:15.885487Z,66.008,200,True,0x8FA3c986B63dEd44ce62D4aC5b3b0F49FF447700,COURT,424,IMAGE,2,READ,
w1,2025-12-19T15:01:15.885802Z,66.027,200,True,0x58e8E907e02C35e581Ed3a4e98906344861E7265,INSURER,761,TELEMATICS,3,READ,
w3,2025-12-19T15:01:15.886070Z,65.937,200,True,0x78273aa663aa16C08590efF5582bb4C9DD30Bb95,INSURER,948,OTHER,1,READ,
w5,2025-12-19T15:01:15.886395Z,65.825,200,True,0x077f45EB3eB6027C0D05Ab77CAC4D29c46cb3a6E,INSURER,289,IMAGE,2,READ,
w6,2025-12-19T15:01:15.916406Z,35.953,403,False,0x415Ba7B0D983442D5407ABEF5Ebd8e9d2bB533B7,POLICE,875,OTHER,1,READ,
w2,2025-12-19T15:01:15.917062Z,35.418,403,False,0x48f8656e15a2FC22Ccd6cDe7c56db39C1B62E770,POLICE,602,MEDICAL_REPORT,5,READ,
w9,2025-12-19T15:01:15.916764Z,66.274,200,True,0x78273aa663aa16C08590efF5582bb4C9DD30Bb95,INSURER,388,IMAGE,2,READ,
w7,2025-12-19T15:01:15.917219Z,66.170,200,True,0xa96C0E04f38F8dC8842789660AA8C570bfCCFF50,GARAGE,306,IMAGE,2,READ,
w4,2025-12-19T15:01:15.917370Z,66.206,200,True,0xfd4Fc17438169bC1228EB21c2cb9b8DE1E97472a,INSURER,49,VIDEO,2,READ,
w8,2025-12-19T15:01:15.917523Z,66.258,200,True,0x892Bc4E7F6D9a6aD507664d8A8EEB33b2544f3Ea,COURT,401,IMAGE,2,READ,
w5,2025-12-19T15:01:15.952226Z,31.707,403,False,0x26b179d013C696c433c0f316E594f7a7AcE77C79,GARAGE,939,OTHER,1,READ,
w0,2025-12-19T15:01:15.951507Z,64.896,200,True,0x59A67A1183C69AAf8Fe3D746D569392b7d4A5035,ADJUSTER,710,TELEMATICS,3,READ,
w1,2025-12-19T15:01:15.951838Z,64.903,200,True,0x1F022FfD0700E02E8f01B8f05f539f8C7a0339bb,POLICE,316,IMAGE,2,READ,
w3,2025-12-19T15:01:15.952013Z,64.991,200,True,0x85C720Ae65eF1706A0cf41695a93A34E189D5Ea0,INSURER,958,OTHER,1,READ,
w6,2025-12-19T15:01:15.952364Z,64.787,200,True,0x4395153bc7Ac8ebD080b3C98FE634fcA40E5609F,COURT,422,IMAGE,2,READ,
w2,2025-12-19T15:01:15.952485Z,64.795,200,True,0x5e3B546a11dc657CdFa106cd26E2211ee451c0d7,INSURER,108,VIDEO,2,READ,
w7,2025-12-19T15:01:15.983400Z,33.993,403,False,0x1F022FfD0700E02E8f01B8f05f539f8C7a0339bb,POLICE,824,TELEMATICS,3,READ,
w9,2025-12-19T15:01:15.983052Z,65.889,200,True,0x05d1ef5b43268c6a5BD456A953029092795045d9,INSURER,894,OTHER,1,READ,
w4,2025-12-19T15:01:15.983582Z,65.669,200,True,0xB3e698A67fD5AEeB61b8bE389e7E917Bc2Ea032a,POLICE,72,VIDEO,2,READ,
w8,2025-12-19T15:01:15.983787Z,65.702,200,True,0xeaD317253F31780B00e0Ef360b1ade2Fb83c2b3E,INSURER,958,OTHER,1,READ,
w5,2025-12-19T15:01:15.983938Z,65.740,200,True,0xc0F601980c6FD898E06229024740eec17abbF5C2,INSURER,605,FNOL,4,READ,
w7,2025-12-19T15:01:16.017397Z,32.415,403,False,0x01891323537Ca8c745Cd76182c9eB81519eaC821,GARAGE,902,OTHER,1,READ,
w0,2025-12-19T15:01:16.016414Z,67.989,200,True,0x3418C54B33ca42d0dF096EaD255791c7B2E2f3d9,ADJUSTER,432,IMAGE,2,READ,
w1,2025-12-19T15:01:16.016751Z,67.972,200,True,0x3E93709810FB754ab4D6A2487344dF504087996D,INSURER,734,TELEMATICS,3,READ,
w3,2025-12-19T15:01:16.017010Z,67.873,200,True,0xC6Ffd174B730f05f52aF93e216103D6C7464cc96,INSURER,887,OTHER,1,READ,
w6,2025-12-19T15:01:16.017156Z,67.923,200,True,0x419d3b699AA38c218f3D84f0a3129a6383634f17,ADJUSTER,670,FNOL,4,READ,
w2,2025-12-19T15:01:16.017285Z,67.916,200,True,0xdBf006c9b4fEA25fFA98161abc660B4643109625,ADJUSTER,932,OTHER,1,READ,
w9,2025-12-19T15:01:16.048953Z,36.360,403,False,0xE3De53E77787ac96c6f78B3eD0A6Acea23953342,POLICE,574,MEDICAL_REPORT,5,READ,
w4,2025-12-19T15:01:16.049259Z,66.314,200,True,0x89cb551204456FFCd8e595feE394120dD047b57A,INSURER,986,OTHER,1,READ,
w8,2025-12-19T15:01:16.049497Z,66.376,200,True,0x262C7B7B136C441fA055dA7F585a2Ab956c1123C,INSURER,235,VIDEO,2,READ,
w5,2025-12-19T15:01:16.049684Z,66.412,200,True,0x81A893236EFCdC58F1f9421b59Ee21eb7e38f8FB,INSURER,758,TELEMATICS,3,READ,
w7,2025-12-19T15:01:16.049818Z,66.418,200,True,0x93787a823E3D4Ae295F5a91C0e87325E40B3aa3F,REGULATOR,358,IMAGE,2,READ,
w0,2025-12-19T15:01:16.084415Z,65.418,200,True,0xB2241965995ed972D442D6A9461eF3583ecA95B6,INSURER,74,VIDEO,2,READ,
w1,2025-12-19T15:01:16.084731Z,65.464,200,True,0x89cb551204456FFCd8e595feE394120dD047b57A,INSURER,617,FNOL,4,READ,
w3,2025-12-19T15:01:16.084889Z,65.595,200,True,0x85C720Ae65eF1706A0cf41695a93A34E189D5Ea0,INSURER,690,MEDICAL_REPORT,5,READ,
w6,2025-12-19T15:01:16.085085Z,65.557,200,True,0x02BD9B3b464b98EB353C8f83Eb3b4cB0627A52Ed,COURT,273,IMAGE,2,READ,
w2,2025-12-19T15:01:16.085206Z,65.571,200,True,0x51a1E6D900E3e04c169Be84b2D5e5ccB2420B0EB,INSURER,21,VIDEO,2,READ,
w9,2025-12-19T15:01:16.085318Z,65.587,200,True,0x466ec685AE894BAc153c11350FC488cAAa2C062E,INSURER,944,OTHER,1,READ,
w4,2025-12-19T15:01:16.115587Z,35.441,403,False,0x26b179d013C696c433c0f316E594f7a7AcE77C79,GARAGE,205,VIDEO,2,READ,
w8,2025-12-19T15:01:16.115881Z,66.925,200,True,0x67A9BC3Fb3B4a392C223A8C644B48346b9Ca5128,COURT,290,IMAGE,2,READ,
w5,2025-12-19T15:01:16.116102Z,67.006,200,True,0x620a52535BA00719f0747D42746525D807319996,ADJUSTER,228,VIDEO,2,READ,
w7,2025-12-19T15:01:16.116241Z,67.099,200,True,0xD261b62ccB398d8100234C5fD641c6D67B10C62B,GARAGE,375,IMAGE,2,READ,
w2,2025-12-19T15:01:16.150782Z,32.718,403,False,0xE3De53E77787ac96c6f78B3eD0A6Acea23953342,POLICE,586,FNOL,4,READ,
w0,2025-12-19T15:01:16.149857Z,64.139,200,True,0x3308795A526382DB26cF04047fE2bBd4F56E6CE7,COURT,331,IMAGE,2,READ,
w1,2025-12-19T15:01:16.150204Z,64.199,200,True,0xD06Cc40e4D98aDc886d652F4253985B5c04282b9,REGULATOR,706,TELEMATICS,3,READ,
w3,2025-12-19T15:01:16.150491Z,64.094,200,True,0x182C98818C6b29Ff23d7d1d9766e1B1dEB1aBAeB,INSURER,43,VIDEO,2,READ,
w6,2025-12-19T15:01:16.150647Z,64.090,200,True,0x330f902fF463e2B611211Ccb44EF749E558Ba02a,INSURER,743,TELEMATICS,3,READ,
w9,2025-12-19T15:01:16.150910Z,63.968,200,True,0xd963E5e27CB9872abc2Fbed9107c373Aa59583a4,INSURER,736,TELEMATICS,3,READ,
w4,2025-12-19T15:01:16.151033Z,63.980,200,True,0x85C720Ae65eF1706A0cf41695a93A34E189D5Ea0,INSURER,772,TELEMATICS,3,READ,
w8,2025-12-19T15:01:16.182817Z,62.047,200,True,0x33F5a90B9400A21046089Aaf44319BA889B0B9ed,INSURER,582,MEDICAL_REPORT,5,READ,
w5,2025-12-19T15:01:16.183117Z,62.074,200,True,0x469Bf06C8a44e5E2Bb2752C29B92d88DCA076B8a,POLICE,94,VIDEO,2,READ,
w7,2025-12-19T15:01:16.183347Z,62.108,200,True,0xCaa6A1a26D28f97DEDD4f555dEd43bC607f78384,INSURER,699,MEDICAL_REPORT,5,READ,
w2,2025-12-19T15:01:16.183505Z,62.107,200,True,0x14E81fB79823D062AFEEC4B80e0bCCBE578d057e,REGULATOR,304,IMAGE,2,READ,
w0,2025-12-19T15:01:16.214008Z,31.734,403,False,0xCe3b338346378767324b87Cb888eC3F1d6d34940,POLICE,997,OTHER,1,READ,
w1,2025-12-19T15:01:16.214412Z,31.465,403,False,0x0Bc81E8481993A5F61D3011a142E1510de00ECae,GARAGE,683,MEDICAL_REPORT,5,READ,
w3,2025-12-19T15:01:16.214591Z,65.747,200,True,0x02BD9B3b464b98EB353C8f83Eb3b4cB0627A52Ed,COURT,614,FNOL,4,READ,
w6,2025-12-19T15:01:16.214743Z,65.924,200,True,0xcCC472e2d0eDA52066a80BCFb4577Dc9Fb7CD453,POLICE,257,IMAGE,2,READ,
w9,2025-12-19T15:01:16.214883Z,65.961,200,True,0x89cb551204456FFCd8e595feE394120dD047b57A,INSURER,584,FNOL,4,READ,
w4,2025-12-19T15:01:16.215018Z,66.030,200,True,0x85C720Ae65eF1706A0cf41695a93A34E189D5Ea0,INSURER,502,MEDICAL_REPORT,5,READ,
w8,2025-12-19T15:01:16.244877Z,36.316,403,False,0x469Bf06C8a44e5E2Bb2752C29B92d88DCA076B8a,POLICE,568,FNOL,4,READ,
w1,2025-12-19T15:01:16.245882Z,35.437,403,False,0xB3e698A67fD5AEeB61b8bE389e7E917Bc2Ea032a,POLICE,596,FNOL,4,READ,
w5,2025-12-19T15:01:16.245200Z,69.588,200,True,0xA75Af013B9CBdf4322e0c459A2fB8B708fbB8Ddc,POLICE,151,VIDEO,2,READ,
w7,2025-12-19T15:01:16.245462Z,69.663,200,True,0xD1ce8183cCf94d1494c99DFC523Af7Bd51494E8d,INSURER,57,VIDEO,2,READ,
w2,2025-12-19T15:01:16.245620Z,69.688,200,True,0x9F6d6682cb1957F9585F9b8AC3469E4D767600D6,INSURER,844,TELEMATICS,3,READ,
w0,2025-12-19T15:01:16.245749Z,69.747,200,True,0x73E42dF14ff21e7994A37802a292F71830CDA5aF,INSURER,234,VIDEO,2,READ,
w3,2025-12-19T15:01:16.280351Z,67.924,200,True,0x5C63EFf960008F7F9783957f07533386097149ce,POLICE,330,IMAGE,2,READ,
w6,2025-12-19T15:01:16.280678Z,67.929,200,True,0x456F6DbE8aF9e05a1918B64f0Bd0690809b23E6B,INSURER,882,OTHER,1,READ,
w9,2025-12-19T15:01:16.280849Z,67.927,200,True,0x09596bf36cE63dABDeB58d68a52792B7BA13ba84,ADJUSTER,487,IMAGE,2,READ,
w4,2025-12-19T15:01:16.281054Z,67.951,200,True,0x1EBe67547Da63652edcAE7c36347A6d05ef27c1C,POLICE,492,IMAGE,2,READ,
w8,2025-12-19T15:01:16.281199Z,67.936,200,True,0x8Dd96368f7a8216813107Fe89688AcaafE8Cb76D,INSURER,557,FNOL,4,READ,
w1,2025-12-19T15:01:16.281322Z,67.925,200,True,0xFeC4882fEAf263ac0fD1b9B4271dD1852B413584,INSURER,728,TELEMATICS,3,READ,
w0,2025-12-19T15:01:16.315501Z,33.869,403,False,0xCF5E79F0E2BFC3eb5fe4aB0975E9F0eEc50b54E3,GARAGE,772,TELEMATICS,3,READ,
w5,2025-12-19T15:01:16.314802Z,60.572,200,True,0xBdfeA99CC2B9e09E4A7e6C7B14808189488E3985,COURT,910,OTHER,1,READ,
w7,2025-12-19T15:01:16.315134Z,60.573,200,True,0x1Ab5D0f68133DA5E100635Bdf5030650cA2bE691,ADJUSTER,164,VIDEO,2,READ,
w2,2025-12-19T15:01:16.315314Z,60.646,200,True,0x0479AcE8E12E22b9751dF7542dd8f225c221EC34,ADJUSTER,838,TELEMATICS,3,READ,
w3,2025-12-19T15:01:16.348286Z,27.856,403,False,0xEcbE69567Cf42475FbE6Ea4523541e58C4d22957,GARAGE,537,FNOL,4,READ,
w0,2025-12-19T15:01:16.349375Z,26.902,403,False,0xBeBf134906e0FCcd85b0D99a4626a7B8584e742c,ADJUSTER,621,MEDICAL_REPORT,5,READ,
w6,2025-12-19T15:01:16.348614Z,54.567,200,True,0xe9b50040eeAA45F16fd24222f4a97482737f6C8A,ADJUSTER,505,FNOL,4,READ,
w9,2025-12-19T15:01:16.348782Z,54.730,200,True,0x73c07A746181c5256aC8EB8006fFbCF2239bEcC5,COURT,249,VIDEO,2,READ,
w4,2025-12-19T15:01:16.349011Z,54.667,200,True,0x93787a823E3D4Ae295F5a91C0e87325E40B3aa3F,REGULATOR,51,VIDEO,2,READ,
w8,2025-12-19T15:01:16.349140Z,54.739,200,True,0x786da68d54Be22366903D370c34910372Db174c9,POLICE,31,VIDEO,2,READ,
w1,2025-12-19T15:01:16.349252Z,54.756,200,True,0xD1ce8183cCf94d1494c99DFC523Af7Bd51494E8d,INSURER,186,VIDEO,2,READ,
w3,2025-12-19T15:01:16.376148Z,27.981,403,False,0xB3e698A67fD5AEeB61b8bE389e7E917Bc2Ea032a,POLICE,614,FNOL,4,READ,
w5,2025-12-19T15:01:16.375387Z,57.268,200,True,0x330f902fF463e2B611211Ccb44EF749E558Ba02a,INSURER,379,IMAGE,2,READ,
w7,2025-12-19T15:01:16.375714Z,57.263,200,True,0x59A67A1183C69AAf8Fe3D746D569392b7d4A5035,ADJUSTER,64,VIDEO,2,READ,
w2,2025-12-19T15:01:16.375967Z,57.171,200,True,0x09596bf36cE63dABDeB58d68a52792B7BA13ba84,ADJUSTER,926,OTHER,1,READ,
w0,2025-12-19T15:01:16.376286Z,57.055,200,True,0xeD60C4758Fab078c38685EeEF9692D8Fa4F3dDB9,INSURER,152,VIDEO,2,READ,
w9,2025-12-19T15:01:16.403520Z,29.954,403,False,0xE3De53E77787ac96c6f78B3eD0A6Acea23953342,POLICE,592,MEDICAL_REPORT,5,READ,
w6,2025-12-19T15:01:16.403194Z,62.067,200,True,0x0172115667882E73749128243A943873087c09D3,INSURER,52,VIDEO,2,READ,
w4,2025-12-19T15:01:16.403685Z,61.880,200,True,0x567dccd668D18B4ACd8A2795151edB162Bc34767,ADJUSTER,470,IMAGE,2,READ,
w8,2025-12-19T15:01:16.403885Z,61.937,200,True,0x3A995E7B23E0Fe0f9a5537f57AA80BACa529eFC4,INSURER,478,IMAGE,2,READ,
w1,2025-12-19T15:01:16.404012Z,61.959,200,True,0x73c07A746181c5256aC8EB8006fFbCF2239bEcC5,COURT,954,OTHER,1,READ,
w3,2025-12-19T15:01:16.404136Z,61.979,200,True,0x0479AcE8E12E22b9751dF7542dd8f225c221EC34,ADJUSTER,947,OTHER,1,READ,
w2,2025-12-19T15:01:16.433144Z,33.095,403,False,0xD0Ce1d9D5A9c7E4F03d499A265d3014Ae5da7644,ADJUSTER,673,MEDICAL_REPORT,5,READ,
w0,2025-12-19T15:01:16.433346Z,33.032,403,False,0x98eAB44F56Ae1f00C301517F1B6fCDb7a452D64b,ADJUSTER,522,MEDICAL_REPORT,5,READ,
w5,2025-12-19T15:01:16.432667Z,68.319,200,True,0xaCB712DC0982F8B6c52EB4C5D2c205766cE3d00D,INSURER,15,VIDEO,2,READ,
w7,2025-12-19T15:01:16.432986Z,68.315,200,True,0xD46492141A5F13412fa59e5F47Ce969c7954E752,INSURER,655,FNOL,4,READ,
w9,2025-12-19T15:01:16.433479Z,67.985,200,True,0xC586D6C2dc89b791ae2AA6ae054c2629891275e1,POLICE,132,VIDEO,2,READ,
w1,2025-12-19T15:01:16.465976Z,35.650,403,False,0x59760590b1fCF3C846635ae6432DE56ef26298B8,GARAGE,642,MEDICAL_REPORT,5,READ,
w6,2025-12-19T15:01:16.465274Z,72.182,200,True,0x8216a92a44877D72a31FA6453e4583a6DCe25752,INSURER,661,MEDICAL_REPORT,5,READ,
w4,2025-12-19T15:01:16.465573Z,72.205,200,True,0xCaa6A1a26D28f97DEDD4f555dEd43bC607f78384,INSURER,820,TELEMATICS,3,READ,
w8,2025-12-19T15:01:16.465829Z,72.211,200,True,0x5C63EFf960008F7F9783957f07533386097149ce,POLICE,315,IMAGE,2,READ,
w3,2025-12-19T15:01:16.466120Z,72.165,200,True,0x3418C54B33ca42d0dF096EaD255791c7B2E2f3d9,ADJUSTER,975,OTHER,1,READ,
w2,2025-12-19T15:01:16.466244Z,72.406,200,True,0xc0F601980c6FD898E06229024740eec17abbF5C2,INSURER,87,VIDEO,2,READ,
w0,2025-12-19T15:01:16.466384Z,72.815,200,True,0x1F022FfD0700E02E8f01B8f05f539f8C7a0339bb,POLICE,378,IMAGE,2,READ,
w5,2025-12-19T15:01:16.500997Z,68.310,200,True,0x18BFB9A0Bf9293D0D3bf9F42bD6e7e7b300Dc391,COURT,450,IMAGE,2,READ,
w7,2025-12-19T15:01:16.501310Z,68.319,200,True,0x46Adf75988C45FBD67a07651b6f684943428c17C,INSURER,170,VIDEO,2,READ,
w9,2025-12-19T15:01:16.501470Z,68.409,200,True,0x077f45EB3eB6027C0D05Ab77CAC4D29c46cb3a6E,INSURER,907,OTHER,1,READ,
w1,2025-12-19T15:01:16.501632Z,68.393,200,True,0x84FDd0E1F145C20f9451b1eB751c26e76B3232d4,POLICE,498,IMAGE,2,READ,
w6,2025-12-19T15:01:16.537470Z,32.686,403,False,0x7B678e542Dec17ab096b423D15262dcD9B8c11D8,POLICE,990,OTHER,1,READ,
w8,2025-12-19T15:01:16.538051Z,32.218,403,False,0x955f7F1386d8d5FB12bc50876B418e4D206D9530,GARAGE,837,TELEMATICS,3,READ,
w4,2025-12-19T15:01:16.537787Z,65.434,200,True,0x73c07A746181c5256aC8EB8006fFbCF2239bEcC5,COURT,620,FNOL,4,READ,
w3,2025-12-19T15:01:16.538300Z,65.246,200,True,0x89cb551204456FFCd8e595feE394120dD047b57A,INSURER,61,VIDEO,2,READ,
w2,2025-12-19T15:01:16.538666Z,65.044,200,True,0x3E93709810FB754ab4D6A2487344dF504087996D,INSURER,294,IMAGE,2,READ,
w0,2025-12-19T15:01:16.539213Z,64.678,200,True,0x07DA3024980d3B92Bcf6B8850A7C08F758B5F781,INSURER,301,IMAGE,2,READ,
w8,2025-12-19T15:01:16.570274Z,33.741,403,False,0x786da68d54Be22366903D370c34910372Db174c9,POLICE,801,TELEMATICS,3,READ,
w5,2025-12-19T15:01:16.569319Z,70.868,200,True,0x4BA98aed0F31F1E56A9bc733FD86aB30e5b88D0E,GARAGE,417,IMAGE,2,READ,
w7,2025-12-19T15:01:16.569637Z,71.057,200,True,0x89cb551204456FFCd8e595feE394120dD047b57A,INSURER,128,VIDEO,2,READ,
w9,2025-12-19T15:01:16.569885Z,71.236,200,True,0x933be1Be0aF68b62934fE96ADB1AB2Ee1C47B4F0,INSURER,2,VIDEO,2,READ,
w1,2025-12-19T15:01:16.570032Z,71.344,200,True,0xD46492141A5F13412fa59e5F47Ce969c7954E752,INSURER,452,IMAGE,2,READ,
w6,2025-12-19T15:01:16.570161Z,71.428,200,True,0x5cA86E3342DEA0C1a26C49f1a4fA40DeEeAFf8a8,INSURER,331,IMAGE,2,READ,
w4,2025-12-19T15:01:16.603234Z,38.520,403,False,0xcCC472e2d0eDA52066a80BCFb4577Dc9Fb7CD453,POLICE,598,FNOL,4,READ,
w3,2025-12-19T15:01:16.603554Z,70.881,200,True,0xF80B0672A4f16BDe21fA2DF31482dA0fC606A43f,ADJUSTER,273,IMAGE,2,READ,
w2,2025-12-19T15:01:16.603717Z,71.123,200,True,0x02BD9B3b464b98EB353C8f83Eb3b4cB0627A52Ed,COURT,438,IMAGE,2,READ,
w0,2025-12-19T15:01:16.603897Z,71.299,200,True,0x3B4ab93e0901742BFfc8A18D301F36f820AD3bB9,ADJUSTER,908,OTHER,1,READ,
w8,2025-12-19T15:01:16.604020Z,71.380,200,True,0x456F6DbE8aF9e05a1918B64f0Bd0690809b23E6B,INSURER,769,TELEMATICS,3,READ,
w5,2025-12-19T15:01:16.640205Z,59.651,200,True,0x5C63EFf960008F7F9783957f07533386097149ce,POLICE,323,IMAGE,2,READ,
w7,2025-12-19T15:01:16.640709Z,59.565,200,True,0xFf85d9d86E5E1a3792266E2a5BB970C470C1e0c5,COURT,500,IMAGE,2,READ,
w9,2025-12-19T15:01:16.641132Z,59.322,200,True,0x330f902fF463e2B611211Ccb44EF749E558Ba02a,INSURER,39,VIDEO,2,READ,
w1,2025-12-19T15:01:16.641384Z,59.207,200,True,0xC5f6e3512D3B1133da1f88159fDf63dC9f2d43FB,ADJUSTER,255,IMAGE,2,READ,
w6,2025-12-19T15:01:16.641596Z,59.112,200,True,0x6B97e16D77504562cB9392834019252f4057F4D5,POLICE,290,IMAGE,2,READ,
w4,2025-12-19T15:01:16.641760Z,59.053,200,True,0x786da68d54Be22366903D370c34910372Db174c9,POLICE,256,IMAGE,2,READ,
w3,2025-12-19T15:01:16.674447Z,73.728,200,True,0xBdfeA99CC2B9e09E4A7e6C7B14808189488E3985,COURT,360,IMAGE,2,READ,
w2,2025-12-19T15:01:16.674850Z,73.653,200,True,0xBdfeA99CC2B9e09E4A7e6C7B14808189488E3985,COURT,313,IMAGE,2,READ,
w0,2025-12-19T15:01:16.675210Z,73.457,200,True,0xB81c8729A121819695CEEDA9b389f559D6398B3C,REGULATOR,951,OTHER,1,READ,
w8,2025-12-19T15:01:16.675406Z,73.397,200,True,0x4f464925226709cf94C01633A1f468E106AD6413,INSURER,511,MEDICAL_REPORT,5,READ,
w5,2025-12-19T15:01:16.699868Z,49.100,403,False,0xa96C0E04f38F8dC8842789660AA8C570bfCCFF50,GARAGE,84,VIDEO,2,READ,
w7,2025-12-19T15:01:16.700283Z,81.690,200,True,0xCaa6A1a26D28f97DEDD4f555dEd43bC607f78384,INSURER,213,VIDEO,2,READ,
w9,2025-12-19T15:01:16.700462Z,81.833,200,True,0xE385ea618340FfE0d7c7e9EB25048F1c1E437F33,INSURER,416,IMAGE,2,READ,
w1,2025-12-19T15:01:16.700596Z,81.868,200,True,0x81daFDe6F70ee2Fb93671DC220cC29F8205ACB57,INSURER,457,IMAGE,2,READ,
w6,2025-12-19T15:01:16.700712Z,81.938,200,True,0x467316319C6B5f391c5a6B3b0190d4209202fC25,ADJUSTER,563,FNOL,4,READ,
w4,2025-12-19T15:01:16.700819Z,81.958,200,True,0x81A893236EFCdC58F1f9421b59Ee21eb7e38f8FB,INSURER,357,IMAGE,2,READ,
w3,2025-12-19T15:01:16.748187Z,67.819,200,True,0x18BFB9A0Bf9293D0D3bf9F42bD6e7e7b300Dc391,COURT,395,IMAGE,2,READ,
w2,2025-12-19T15:01:16.748512Z,67.804,200,True,0x3d9c5458418bD082b010C0F93c3b8FBF9826E0Bf,INSURER,308,IMAGE,2,READ,
w0,2025-12-19T15:01:16.748673Z,67.869,200,True,0xA75Af013B9CBdf4322e0c459A2fB8B708fbB8Ddc,POLICE,391,IMAGE,2,READ,
w8,2025-12-19T15:01:16.748809Z,67.874,200,True,0x73c07A746181c5256aC8EB8006fFbCF2239bEcC5,COURT,128,VIDEO,2,READ,
w5,2025-12-19T15:01:16.748974Z,67.831,200,True,0x2ee7F051BB940423f554ea44742f7c4c8C20Ea59,INSURER,477,IMAGE,2,READ,
w7,2025-12-19T15:01:16.781986Z,67.650,200,True,0x42dC03c90d7652B937d26628a86f9317bbf521dc,INSURER,646,MEDICAL_REPORT,5,READ,
w9,2025-12-19T15:01:16.782304Z,67.655,200,True,0x8FA3c986B63dEd44ce62D4aC5b3b0F49FF447700,COURT,344,IMAGE,2,READ,
w1,2025-12-19T15:01:16.782470Z,67.704,200,True,0x11652BF4c5D394F3a46E96f2bE659939a0f6a6ed,INSURER,158,VIDEO,2,READ,
w6,2025-12-19T15:01:16.782656Z,67.750,200,True,0xE3De53E77787ac96c6f78B3eD0A6Acea23953342,POLICE,322,IMAGE,2,READ,
w4,2025-12-19T15:01:16.782782Z,67.767,200,True,0x199baf9971453910adbCD45ae05Dc8f9B68fcB1f,INSURER,498,IMAGE,2,READ,
w0,2025-12-19T15:01:16.816549Z,34.124,403,False,0x996644d2075D6c96FEB649879534dFAb933903f6,GARAGE,887,OTHER,1,READ,
w3,2025-12-19T15:01:16.816018Z,66.043,200,True,0xd86Fa5B280bf58C28aaE39fB535e0e965F0E285B,INSURER,86,VIDEO,2,READ,
w2,2025-12-19T15:01:16.816324Z,66.057,200,True,0x85C720Ae65eF1706A0cf41695a93A34E189D5Ea0,INSURER,57,VIDEO,2,READ,
w8,2025-12-19T15:01:16.816689Z,65.863,200,True,0xD32B24Ff4D28e42239EcCd5cbdb456a1565DC083,ADJUSTER,132,VIDEO,2,READ,
w5,2025-12-19T15:01:16.816811Z,65.926,200,True,0x27158a264fdA9698B85485706B47BBC87Fa6Db4b,ADJUSTER,495,IMAGE,2,READ,
w4,2025-12-19T15:01:16.850555Z,32.307,403,False,0x23aA93bc659A3e3D0da5434a4088578341D43278,GARAGE,135,VIDEO,2,READ,
w7,2025-12-19T15:01:16.849648Z,53.617,200,True,0x7C8B230898f07628a4f24e2D0ffe62373593dCce,POLICE,485,IMAGE,2,READ,
w9,2025-12-19T15:01:16.849967Z,53.635,200,True,0xF09aBd729B48E734Ad684B93585E8D043D55c967,INSURER,215,VIDEO,2,READ,
w1,2025-12-19T15:01:16.850182Z,53.614,200,True,0xF88a95Dd8B84AF76941627AA419BEFc507d88125,ADJUSTER,350,IMAGE,2,READ,
w6,2025-12-19T15:01:16.850412Z,53.591,200,True,0x8D21394c336D57f89564705Aa61307561b63E310,POLICE,416,IMAGE,2,READ,
w0,2025-12-19T15:01:16.850677Z,53.462,200,True,0x84FDd0E1F145C20f9451b1eB751c26e76B3232d4,POLICE,344,IMAGE,2,READ,
w3,2025-12-19T15:01:16.882074Z,51.264,200,True,0xD06Cc40e4D98aDc886d652F4253985B5c04282b9,REGULATOR,479,IMAGE,2,READ,
w2,2025-12-19T15:01:16.882389Z,51.276,200,True,0x436f253A31aB81e4427747050f42C4907a6C388D,ADJUSTER,708,TELEMATICS,3,READ,
w8,2025-12-19T15:01:16.882558Z,51.385,200,True,0xD32B24Ff4D28e42239EcCd5cbdb456a1565DC083,ADJUSTER,781,TELEMATICS,3,READ,
w5,2025-12-19T15:01:16.882743Z,51.378,200,True,0x808936f08CCC0a9C3953Cd3716006fB99825CBa4,COURT,439,IMAGE,2,READ,
w4,2025-12-19T15:01:16.882867Z,51.388,200,True,0x67A9BC3Fb3B4a392C223A8C644B48346b9Ca5128,COURT,851,OTHER,1,READ,
w7,2025-12-19T15:01:16.903278Z,31.092,403,False,0x26b179d013C696c433c0f316E594f7a7AcE77C79,GARAGE,981,OTHER,1,READ,
w9,2025-12-19T15:01:16.903612Z,66.390,200,True,0x28365792Da71bc8AcAD11a4393049d006EF2E972,GARAGE,425,IMAGE,2,READ,
w1,2025-12-19T15:01:16.903804Z,66.587,200,True,0xC6Ffd174B730f05f52aF93e216103D6C7464cc96,INSURER,170,VIDEO,2,READ,
w6,2025-12-19T15:01:16.904009Z,66.545,200,True,0x0520cA4f9c2359a2d1cc1B072e4dA8A3587C2088,INSURER,92,VIDEO,2,READ,
w0,2025-12-19T15:01:16.904144Z,66.608,200,True,0x07DA3024980d3B92Bcf6B8850A7C08F758B5F781,INSURER,934,OTHER,1,READ,
w8,2025-12-19T15:01:16.933951Z,36.938,403,False,0xDd45386232533D2C209976e678A91A2263676ECB,GARAGE,188,VIDEO,2,READ,
w3,2025-12-19T15:01:16.933350Z,85.997,200,True,0x7fBAcb835330c3A23597A355A26Cf6E0ee69A0B5,COURT,792,TELEMATICS,3,READ,
w2,2025-12-19T15:01:16.933673Z,86.063,200,True,0x11F50254a88A6e26E6Bb5aAE8d74E52372B4270E,COURT,431,IMAGE,2,READ,
w5,2025-12-19T15:01:16.934127Z,85.784,200,True,0xD0Ce1d9D5A9c7E4F03d499A265d3014Ae5da7644,ADJUSTER,869,OTHER,1,READ,
w4,2025-12-19T15:01:16.934260Z,85.877,200,True,0x044bef4Ff250cBBFE36FEfE3b859D78bA04c1223,INSURER,175,VIDEO,2,READ,
w7,2025-12-19T15:01:16.934376Z,85.894,200,True,0xBCb233Ef85EC11C88E20Ea53Bb47f454d116FBe3,ADJUSTER,877,OTHER,1,READ,
w9,2025-12-19T15:01:16.970020Z,50.367,403,False,0x6B97e16D77504562cB9392834019252f4057F4D5,POLICE,667,FNOL,4,READ,
w6,2025-12-19T15:01:16.970560Z,49.940,403,False,0x290FAd62Cb657cBfDA616da814529a670cdad059,POLICE,603,FNOL,4,READ,
w1,2025-12-19T15:01:16.970399Z,81.470,200,True,0xE4A8571e1F142Bd99866AA9464c49517B2ac0E01,ADJUSTER,613,FNOL,4,READ,
w0,2025-12-19T15:01:16.970760Z,81.492,200,True,0xE1c2102345d7379f4bb3F114e908e9cC9154A335,POLICE,156,VIDEO,2,READ,
w8,2025-12-19T15:01:16.970895Z,81.605,200,True,0xC753D2a5211C57F7C2b4279053b11aEC435b41AB,REGULATOR,648,FNOL,4,READ,
w9,2025-12-19T15:01:17.020393Z,32.248,403,False,0x290FAd62Cb657cBfDA616da814529a670cdad059,POLICE,579,FNOL,4,READ,
w3,2025-12-19T15:01:17.019364Z,63.069,200,True,0xEcbE69567Cf42475FbE6Ea4523541e58C4d22957,GARAGE,312,IMAGE,2,READ,
w2,2025-12-19T15:01:17.019744Z,63.015,200,True,0x1cf47318cada656180563507BDd94262cAA29a4a,INSURER,537,FNOL,4,READ,
w5,2025-12-19T15:01:17.019917Z,63.015,200,True,0x456F6DbE8aF9e05a1918B64f0Bd0690809b23E6B,INSURER,754,TELEMATICS,3,READ,
w4,2025-12-19T15:01:17.020143Z,63.007,200,True,0xDA941366d7481DffDAd4458a22913423f40dA1eA,ADJUSTER,883,OTHER,1,READ,
w7,2025-12-19T15:01:17.020275Z,63.025,200,True,0x436f253A31aB81e4427747050f42C4907a6C388D,ADJUSTER,44,VIDEO,2,READ,
w6,2025-12-19T15:01:17.020509Z,62.916,200,True,0x182C98818C6b29Ff23d7d1d9766e1B1dEB1aBAeB,INSURER,317,IMAGE,2,READ,
w1,2025-12-19T15:01:17.051882Z,63.134,200,True,0xBdfeA99CC2B9e09E4A7e6C7B14808189488E3985,COURT,9,VIDEO,2,READ,
w0,2025-12-19T15:01:17.052261Z,63.098,200,True,0x29950abd635aF427d5E2fF0DB9f6920fC915bC55,INSURER,212,VIDEO,2,READ,
w8,2025-12-19T15:01:17.052507Z,63.023,200,True,0xb8Fe0E775705824a50658ef111434567024d4310,REGULATOR,947,OTHER,1,READ,
w9,2025-12-19T15:01:17.052646Z,63.047,200,True,0xC5f6e3512D3B1133da1f88159fDf63dC9f2d43FB,ADJUSTER,152,VIDEO,2,READ,
w3,2025-12-19T15:01:17.082446Z,66.720,200,True,0xF80B0672A4f16BDe21fA2DF31482dA0fC606A43f,ADJUSTER,450,IMAGE,2,READ,
w2,2025-12-19T15:01:17.082768Z,66.725,200,True,0x81A893236EFCdC58F1f9421b59Ee21eb7e38f8FB,INSURER,930,OTHER,1,READ,
w5,2025-12-19T15:01:17.082939Z,66.720,200,True,0x9F6d6682cb1957F9585F9b8AC3469E4D767600D6,INSURER,714,TELEMATICS,3,READ,
w4,2025-12-19T15:01:17.083158Z,66.723,200,True,0x4828419eA02B1D4399E039f8E5F346f37f19fA13,INSURER,875,OTHER,1,READ,
w7,2025-12-19T15:01:17.083306Z,66.701,200,True,0x73E42dF14ff21e7994A37802a292F71830CDA5aF,INSURER,613,FNOL,4,READ,
w6,2025-12-19T15:01:17.083431Z,66.685,200,True,0x4BC2c2b671822006a9D592cdd2Db24e8Da3C6adf,GARAGE,435,IMAGE,2,READ,
w0,2025-12-19T15:01:17.115367Z,34.854,403,False,0x5173D7F8755FdF3d2f05C01D029A3Dc55EaC0476,POLICE,911,OTHER,1,READ,
w1,2025-12-19T15:01:17.115028Z,67.090,200,True,0x0172115667882E73749128243A943873087c09D3,INSURER,49,VIDEO,2,READ,
w8,2025-12-19T15:01:17.115535Z,66.890,200,True,0xe9b50040eeAA45F16fd24222f4a97482737f6C8A,ADJUSTER,524,FNOL,4,READ,
w9,2025-12-19T15:01:17.115699Z,66.889,200,True,0xAB814b041AB343702D64556Fdb3a3C104daa0445,ADJUSTER,986,OTHER,1,READ,
w3,2025-12-19T15:01:17.149177Z,66.367,200,True,0x8D21394c336D57f89564705Aa61307561b63E310,POLICE,426,IMAGE,2,READ,
w2,2025-12-19T15:01:17.149501Z,66.376,200,True,0x67A9BC3Fb3B4a392C223A8C644B48346b9Ca5128,COURT,104,VIDEO,2,READ,
w5,2025-12-19T15:01:17.149666Z,66.380,200,True,0xdBf006c9b4fEA25fFA98161abc660B4643109625,ADJUSTER,910,OTHER,1,READ,
w4,2025-12-19T15:01:17.149886Z,66.396,200,True,0xF09aBd729B48E734Ad684B93585E8D043D55c967,INSURER,176,VIDEO,2,READ,
w7,2025-12-19T15:01:17.150012Z,66.403,200,True,0xC66fE61Fe01B90e3C051c0ED40Dd41fC9347D018,REGULATOR,686,MEDICAL_REPORT,5,READ,
w6,2025-12-19T15:01:17.150121Z,66.416,200,True,0x7B46635cB6cA958f34ae933b93884a5f19b258D7,INSURER,823,TELEMATICS,3,READ,
w0,2025-12-19T15:01:17.150226Z,66.434,200,True,0x9F6d6682cb1957F9585F9b8AC3469E4D767600D6,INSURER,321,IMAGE,2,READ,
w1,2025-12-19T15:01:17.182131Z,34.646,403,False,0x8D21394c336D57f89564705Aa61307561b63E310,POLICE,813,TELEMATICS,3,READ,
w8,2025-12-19T15:01:17.182434Z,66.996,200,True,0x5cA86E3342DEA0C1a26C49f1a4fA40DeEeAFf8a8,INSURER,169,VIDEO,2,READ,
w9,2025-12-19T15:01:17.182594Z,67.154,200,True,0x3B4ab93e0901742BFfc8A18D301F36f820AD3bB9,ADJUSTER,294,IMAGE,2,READ,
w3,2025-12-19T15:01:17.215557Z,34.365,403,False,0xC586D6C2dc89b791ae2AA6ae054c2629891275e1,POLICE,785,TELEMATICS,3,READ,
w2,2025-12-19T15:01:17.215886Z,62.458,200,True,0xDd45386232533D2C209976e678A91A2263676ECB,GARAGE,391,IMAGE,2,READ,
w5,2025-12-19T15:01:17.216051Z,62.738,200,True,0x4f464925226709cf94C01633A1f468E106AD6413,INSURER,601,MEDICAL_REPORT,5,READ,
w4,2025-12-19T15:01:17.216288Z,62.669,200,True,0xfd4Fc17438169bC1228EB21c2cb9b8DE1E97472a,INSURER,188,VIDEO,2,READ,
w7,2025-12-19T15:01:17.216419Z,62.740,200,True,0xC29Fbef10EC6e6A787036cEA0C9024ce9F435d97,INSURER,434,IMAGE,2,READ,
w6,2025-12-19T15:01:17.216542Z,62.742,200,True,0x620a52535BA00719f0747D42746525D807319996,ADJUSTER,32,VIDEO,2,READ,
w0,2025-12-19T15:01:17.216665Z,62.730,200,True,0xD0Ce1d9D5A9c7E4F03d499A265d3014Ae5da7644,ADJUSTER,505,FNOL,4,READ,
w1,2025-12-19T15:01:17.216782Z,62.722,200,True,0x4828419eA02B1D4399E039f8E5F346f37f19fA13,INSURER,191,VIDEO,2,READ,
w8,2025-12-19T15:01:17.249441Z,62.534,200,True,0x3d4Bd094c1894ed38F3EcF0799bE66f83a4199ca,ADJUSTER,590,FNOL,4,READ,
w9,2025-12-19T15:01:17.249757Z,62.521,200,True,0x48c487f18ce4aAFcf592B2eC3611eAa7B1C85918,ADJUSTER,590,FNOL,4,READ,
w3,2025-12-19T15:01:17.249927Z,62.570,200,True,0x3418C54B33ca42d0dF096EaD255791c7B2E2f3d9,ADJUSTER,727,TELEMATICS,3,READ,
w2,2025-12-19T15:01:17.278360Z,34.281,403,False,0x5173D7F8755FdF3d2f05C01D029A3Dc55EaC0476,POLICE,648,FNOL,4,READ,
w5,2025-12-19T15:01:17.278798Z,54.821,200,True,0x11652BF4c5D394F3a46E96f2bE659939a0f6a6ed,INSURER,183,VIDEO,2,READ,
w4,2025-12-19T15:01:17.278963Z,54.995,200,True,0x0479AcE8E12E22b9751dF7542dd8f225c221EC34,ADJUSTER,342,IMAGE,2,READ,
w7,2025-12-19T15:01:17.279165Z,54.960,200,True,0xa814b4D02E07Daa3235ffc1E4752eCF8f6C2D8d8,ADJUSTER,587,FNOL,4,READ,
w6,2025-12-19T15:01:17.279289Z,55.059,200,True,0xB3e698A67fD5AEeB61b8bE389e7E917Bc2Ea032a,POLICE,163,VIDEO,2,READ,
w0,2025-12-19T15:01:17.279400Z,55.092,200,True,0x4828419eA02B1D4399E039f8E5F346f37f19fA13,INSURER,273,IMAGE,2,READ,
w1,2025-12-19T15:01:17.279509Z,55.110,200,True,0xC66fE61Fe01B90e3C051c0ED40Dd41fC9347D018,REGULATOR,987,OTHER,1,READ,
w9,2025-12-19T15:01:17.312284Z,22.449,403,False,0xcCC472e2d0eDA52066a80BCFb4577Dc9Fb7CD453,POLICE,916,OTHER,1,READ,
w8,2025-12-19T15:01:17.311989Z,52.159,200,True,0xDD3EceF8307a47a0307E4f44135C61Dd2C75c6d7,POLICE,388,IMAGE,2,READ,
w3,2025-12-19T15:01:17.312503Z,51.976,200,True,0x8Dd96368f7a8216813107Fe89688AcaafE8Cb76D,INSURER,826,TELEMATICS,3,READ,
w2,2025-12-19T15:01:17.312646Z,52.004,200,True,0x199baf9971453910adbCD45ae05Dc8f9B68fcB1f,INSURER,170,VIDEO,2,READ,
w7,2025-12-19T15:01:17.334131Z,30.695,403,False,0x415Ba7B0D983442D5407ABEF5Ebd8e9d2bB533B7,POLICE,819,TELEMATICS,3,READ,
w5,2025-12-19T15:01:17.333630Z,70.114,200,True,0x3d4Bd094c1894ed38F3EcF0799bE66f83a4199ca,ADJUSTER,854,OTHER,1,READ,
w4,2025-12-19T15:01:17.333966Z,70.170,200,True,0x5ee06906aF52aEd2c884D505d3a0A7CA7513188D,INSURER,205,VIDEO,2,READ,
w6,2025-12-19T15:01:17.334353Z,70.015,200,True,0x3d4Bd094c1894ed38F3EcF0799bE66f83a4199ca,ADJUSTER,167,VIDEO,2,READ,
w0,2025-12-19T15:01:17.334497Z,70.164,200,True,0x58f181cd636a8F0a8335240Efc4979212ff45341,INSURER,849,TELEMATICS,3,READ,
w1,2025-12-19T15:01:17.334625Z,70.311,200,True,0xeD60C4758Fab078c38685EeEF9692D8Fa4F3dDB9,INSURER,112,VIDEO,2,READ,
w9,2025-12-19T15:01:17.334739Z,70.549,200,True,0x620a52535BA00719f0747D42746525D807319996,ADJUSTER,597,FNOL,4,READ,
w2,2025-12-19T15:01:17.364657Z,40.884,403,False,0xE3De53E77787ac96c6f78B3eD0A6Acea23953342,POLICE,853,OTHER,1,READ,
w8,2025-12-19T15:01:17.364161Z,68.372,200,True,0x8216a92a44877D72a31FA6453e4583a6DCe25752,INSURER,955,OTHER,1,READ,
w3,2025-12-19T15:01:17.364487Z,68.355,200,True,0xcE078954f123a07010672Fff05b36f5E43642106,INSURER,581,MEDICAL_REPORT,5,READ,
w7,2025-12-19T15:01:17.364832Z,68.170,200,True,0xD46492141A5F13412fa59e5F47Ce969c7954E752,INSURER,519,MEDICAL_REPORT,5,READ,
w5,2025-12-19T15:01:17.403756Z,60.261,200,True,0x12DF904699208278b4355b568d47De4F2c9646fe,INSURER,484,IMAGE,2,READ,
w4,2025-12-19T15:01:17.404148Z,60.210,200,True,0x7C8B230898f07628a4f24e2D0ffe62373593dCce,POLICE,220,VIDEO,2,READ,
w6,2025-12-19T15:01:17.404377Z,60.147,200,True,0xE3De53E77787ac96c6f78B3eD0A6Acea23953342,POLICE,462,IMAGE,2,READ,
w0,2025-12-19T15:01:17.404670Z,60.081,200,True,0xF88a95Dd8B84AF76941627AA419BEFc507d88125,ADJUSTER,980,OTHER,1,READ,
w1,2025-12-19T15:01:17.404961Z,59.924,200,True,0x42dC03c90d7652B937d26628a86f9317bbf521dc,INSURER,172,VIDEO,2,READ,
w9,2025-12-19T15:01:17.405297Z,59.707,200,True,0x81A893236EFCdC58F1f9421b59Ee21eb7e38f8FB,INSURER,585,MEDICAL_REPORT,5,READ,
w2,2025-12-19T15:01:17.405550Z,59.564,200,True,0x4f464925226709cf94C01633A1f468E106AD6413,INSURER,462,IMAGE,2,READ,
w7,2025-12-19T15:01:17.433008Z,32.224,403,False,0x01891323537Ca8c745Cd76182c9eB81519eaC821,GARAGE,712,TELEMATICS,3,READ,
w8,2025-12-19T15:01:17.432545Z,64.659,200,True,0xACaaedBfb07404f2aAf0ccd6503B1529C1A48764,ADJUSTER,169,VIDEO,2,READ,
w3,2025-12-19T15:01:17.432849Z,64.670,200,True,0x5ee06906aF52aEd2c884D505d3a0A7CA7513188D,INSURER,542,FNOL,4,READ,
w4,2025-12-19T15:01:17.464367Z,33.382,403,False,0x520F6Be8B20312c8CA4bB2773000A94923A4FaE5,POLICE,920,OTHER,1,READ,
w2,2025-12-19T15:01:17.465119Z,32.777,403,False,0x28365792Da71bc8AcAD11a4393049d006EF2E972,GARAGE,792,TELEMATICS,3,READ,
w5,2025-12-19T15:01:17.464029Z,65.150,200,True,0xD261b62ccB398d8100234C5fD641c6D67B10C62B,GARAGE,383,IMAGE,2,READ,
w6,2025-12-19T15:01:17.464529Z,64.975,200,True,0xC586D6C2dc89b791ae2AA6ae054c2629891275e1,POLICE,84,VIDEO,2,READ,
w0,2025-12-19T15:01:17.464756Z,65.013,200,True,0xD1ce8183cCf94d1494c99DFC523Af7Bd51494E8d,INSURER,218,VIDEO,2,READ,
w1,2025-12-19T15:01:17.464891Z,65.036,200,True,0x182C98818C6b29Ff23d7d1d9766e1B1dEB1aBAeB,INSURER,748,TELEMATICS,3,READ,
w9,2025-12-19T15:01:17.465009Z,65.048,200,True,0x2875Aa8C20c095495Ab5d6A1aBE2E2b07077dF55,INSURER,430,IMAGE,2,READ,
w7,2025-12-19T15:01:17.465237Z,64.930,200,True,0x58f181cd636a8F0a8335240Efc4979212ff45341,INSURER,568,FNOL,4,READ,
w8,2025-12-19T15:01:17.497216Z,70.065,200,True,0xC23BB727D3Ae6bD9cd90AC52ee26359F19176de3,INSURER,938,OTHER,1,READ,
w3,2025-12-19T15:01:17.497528Z,70.088,200,True,0xE1C502975CC15E22bC10c8a6e352061ef61bBc2A,COURT,164,VIDEO,2,READ,
w4,2025-12-19T15:01:17.497755Z,70.022,200,True,0xAF3C604AE7a9E247C368331a22270415269Ef10d,INSURER,717,TELEMATICS,3,READ,
w2,2025-12-19T15:01:17.497902Z,70.058,200,True,0x02BD9B3b464b98EB353C8f83Eb3b4cB0627A52Ed,COURT,141,VIDEO,2,READ,
w7,2025-12-19T15:01:17.530172Z,37.914,403,False,0xCF5E79F0E2BFC3eb5fe4aB0975E9F0eEc50b54E3,GARAGE,164,VIDEO,2,READ,
w5,2025-12-19T15:01:17.529191Z,68.781,200,True,0x6B97e16D77504562cB9392834019252f4057F4D5,POLICE,204,VIDEO,2,READ,
w6,2025-12-19T15:01:17.529512Z,68.788,200,True,0x11F50254a88A6e26E6Bb5aAE8d74E52372B4270E,COURT,120,VIDEO,2,READ,
w0,2025-12-19T15:01:17.529776Z,68.681,200,True,0x82B01EfD510Bee8680730EEf777526b020e2398B,INSURER,15,VIDEO,2,READ,
w1,2025-12-19T15:01:17.529934Z,68.757,200,True,0x199baf9971453910adbCD45ae05Dc8f9B68fcB1f,INSURER,438,IMAGE,2,READ,
w9,2025-12-19T15:01:17.530063Z,68.755,200,True,0x7fBAcb835330c3A23597A355A26Cf6E0ee69A0B5,COURT,393,IMAGE,2,READ,
w8,2025-12-19T15:01:17.567294Z,31.636,403,False,0x01891323537Ca8c745Cd76182c9eB81519eaC821,GARAGE,707,TELEMATICS,3,READ,
w3,2025-12-19T15:01:17.567624Z,31.411,403,False,0x4BA98aed0F31F1E56A9bc733FD86aB30e5b88D0E,GARAGE,790,TELEMATICS,3,READ,
w4,2025-12-19T15:01:17.567784Z,31.363,403,False,0xCe3b338346378767324b87Cb888eC3F1d6d34940,POLICE,984,OTHER,1,READ,
w7,2025-12-19T15:01:17.568091Z,31.171,403,False,0x4BC2c2b671822006a9D592cdd2Db24e8Da3C6adf,GARAGE,199,VIDEO,2,READ,
w2,2025-12-19T15:01:17.567965Z,64.461,200,True,0x9F6d6682cb1957F9585F9b8AC3469E4D767600D6,INSURER,219,VIDEO,2,READ,
w5,2025-12-19T15:01:17.597984Z,70.194,200,True,0xd132a79Ca7Be8caaC9A27467EB9B65F7cBD6F50E,ADJUSTER,58,VIDEO,2,READ,
w6,2025-12-19T15:01:17.598309Z,70.203,200,True,0xBC78986794f1658340222E011F7e1Cf375177F95,ADJUSTER,2,VIDEO,2,READ,
w0,2025-12-19T15:01:17.598463Z,70.210,200,True,0x6032b722b48DC8717A2C437485f2D3d264BD803B,ADJUSTER,972,OTHER,1,READ,
w1,2025-12-19T15:01:17.598697Z,70.211,200,True,0x11F50254a88A6e26E6Bb5aAE8d74E52372B4270E,COURT,645,MEDICAL_REPORT,5,READ,
w9,2025-12-19T15:01:17.598823Z,70.221,200,True,0x3d4Bd094c1894ed38F3EcF0799bE66f83a4199ca,ADJUSTER,118,VIDEO,2,READ,
w8,2025-12-19T15:01:17.598935Z,70.225,200,True,0x3d9c5458418bD082b010C0F93c3b8FBF9826E0Bf,INSURER,220,VIDEO,2,READ,
w3,2025-12-19T15:01:17.599040Z,70.226,200,True,0x330f902fF463e2B611211Ccb44EF749E558Ba02a,INSURER,120,VIDEO,2,READ,
w4,2025-12-19T15:01:17.599154Z,70.224,200,True,0x42dC03c90d7652B937d26628a86f9317bbf521dc,INSURER,214,VIDEO,2,READ,
w7,2025-12-19T15:01:17.599267Z,70.218,200,True,0xa814b4D02E07Daa3235ffc1E4752eCF8f6C2D8d8,ADJUSTER,118,VIDEO,2,READ,
w2,2025-12-19T15:01:17.632437Z,69.310,200,True,0x48c487f18ce4aAFcf592B2eC3611eAa7B1C85918,ADJUSTER,920,OTHER,1,READ,
w5,2025-12-19T15:01:17.668191Z,59.802,200,True,0xFf85d9d86E5E1a3792266E2a5BB970C470C1e0c5,COURT,947,OTHER,1,READ,
w6,2025-12-19T15:01:17.668520Z,59.808,200,True,0x4828419eA02B1D4399E039f8E5F346f37f19fA13,INSURER,340,IMAGE,2,READ,
w0,2025-12-19T15:01:17.668680Z,59.823,200,True,0x044bef4Ff250cBBFE36FEfE3b859D78bA04c1223,INSURER,109,VIDEO,2,READ,
w1,2025-12-19T15:01:17.668913Z,59.854,200,True,0x46Adf75988C45FBD67a07651b6f684943428c17C,INSURER,788,TELEMATICS,3,READ,
w9,2025-12-19T15:01:17.669049Z,59.866,200,True,0xD756c57480Ea623123AB3a5ad4445875E3309Ac6,INSURER,970,OTHER,1,READ,
w8,2025-12-19T15:01:17.669165Z,59.873,200,True,0x892Bc4E7F6D9a6aD507664d8A8EEB33b2544f3Ea,COURT,570,FNOL,4,READ,
w3,2025-12-19T15:01:17.669271Z,59.882,200,True,0x3a74Fec63a615BC94b9A47bEa6340935Ab155117,ADJUSTER,593,FNOL,4,READ,
w4,2025-12-19T15:01:17.669383Z,59.876,200,True,0x59A67A1183C69AAf8Fe3D746D569392b7d4A5035,ADJUSTER,398,IMAGE,2,READ,
w7,2025-12-19T15:01:17.669489Z,59.874,200,True,0xE385ea618340FfE0d7c7e9EB25048F1c1E437F33,INSURER,855,OTHER,1,READ,
w2,2025-12-19T15:01:17.701762Z,65.431,200,True,0xF09aBd729B48E734Ad684B93585E8D043D55c967,INSURER,53,VIDEO,2,READ,
w5,2025-12-19T15:01:17.728005Z,39.531,403,False,0xdBf006c9b4fEA25fFA98161abc660B4643109625,ADJUSTER,630,MEDICAL_REPORT,5,READ,
w6,2025-12-19T15:01:17.728338Z,39.374,403,False,0x467316319C6B5f391c5a6B3b0190d4209202fC25,ADJUSTER,699,MEDICAL_REPORT,5,READ,
w1,2025-12-19T15:01:17.728774Z,39.120,403,False,0x1F022FfD0700E02E8f01B8f05f539f8C7a0339bb,POLICE,924,OTHER,1,READ,
w9,2025-12-19T15:01:17.728920Z,39.109,403,False,0x1EBe67547Da63652edcAE7c36347A6d05ef27c1C,POLICE,998,OTHER,1,READ,
w0,2025-12-19T15:01:17.728510Z,69.680,200,True,0x58e8E907e02C35e581Ed3a4e98906344861E7265,INSURER,230,VIDEO,2,READ,
w8,2025-12-19T15:01:17.729043Z,69.399,200,True,0x330f902fF463e2B611211Ccb44EF749E558Ba02a,INSURER,318,IMAGE,2,READ,
w3,2025-12-19T15:01:17.729157Z,69.497,200,True,0x18BFB9A0Bf9293D0D3bf9F42bD6e7e7b300Dc391,COURT,30,VIDEO,2,READ,
w4,2025-12-19T15:01:17.729264Z,69.521,200,True,0x59A67A1183C69AAf8Fe3D746D569392b7d4A5035,ADJUSTER,636,FNOL,4,READ,
w7,2025-12-19T15:01:17.729367Z,69.567,200,True,0xE4A8571e1F142Bd99866AA9464c49517B2ac0E01,ADJUSTER,216,VIDEO,2,READ,
w2,2025-12-19T15:01:17.767205Z,68.548,200,True,0x7B46635cB6cA958f34ae933b93884a5f19b258D7,INSURER,643,MEDICAL_REPORT,5,READ,
w5,2025-12-19T15:01:17.767545Z,68.533,200,True,0xb8Fe0E775705824a50658ef111434567024d4310,REGULATOR,685,MEDICAL_REPORT,5,READ,
w6,2025-12-19T15:01:17.767718Z,68.536,200,True,0x26b179d013C696c433c0f316E594f7a7AcE77C79,GARAGE,252,IMAGE,2,READ,
w1,2025-12-19T15:01:17.767901Z,68.554,200,True,0x69254de41949D1A246C5c1A168e5e8473D2d50f0,ADJUSTER,485,IMAGE,2,READ,
w9,2025-12-19T15:01:17.768035Z,68.558,200,True,0xc0F601980c6FD898E06229024740eec17abbF5C2,INSURER,5,VIDEO,2,READ,
w3,2025-12-19T15:01:17.798661Z,38.050,403,False,0x090F26617cAab81C15934159343Ff688fAf23820,POLICE,846,TELEMATICS,3,READ,
w0,2025-12-19T15:01:17.798202Z,70.541,200,True,0x42dC03c90d7652B937d26628a86f9317bbf521dc,INSURER,308,IMAGE,2,READ,
w8,2025-12-19T15:01:17.798449Z,70.617,200,True,0xfd4Fc17438169bC1228EB21c2cb9b8DE1E97472a,INSURER,411,IMAGE,2,READ,
w4,2025-12-19T15:01:17.798789Z,70.433,200,True,0x3308795A526382DB26cF04047fE2bBd4F56E6CE7,COURT,455,IMAGE,2,READ,
w7,2025-12-19T15:01:17.798939Z,70.449,200,True,0x14E81fB79823D062AFEEC4B80e0bCCBE578d057e,REGULATOR,487,IMAGE,2,READ,
w2,2025-12-19T15:01:17.835765Z,65.034,200,True,0x07DA3024980d3B92Bcf6B8850A7C08F758B5F781,INSURER,929,OTHER,1,READ,
w5,2025-12-19T15:01:17.836087Z,65.025,200,True,0x6B97e16D77504562cB9392834019252f4057F4D5,POLICE,355,IMAGE,2,READ,
w6,2025-12-19T15:01:17.836260Z,65.019,200,True,0x97910F1306b5414B4C61D9A719B6871f5c77662f,INSURER,959,OTHER,1,READ,
w1,2025-12-19T15:01:17.836462Z,65.056,200,True,0xCdb11D137710f0a5234b9D3c040668B6D48e59d4,COURT,303,IMAGE,2,READ,
w9,2025-12-19T15:01:17.836599Z,65.097,200,True,0xD21eB53384cE472F3DE7527DC9A5820dA80bBB01,INSURER,646,MEDICAL_REPORT,5,READ,
w3,2025-12-19T15:01:17.836715Z,65.154,200,True,0xBCb233Ef85EC11C88E20Ea53Bb47f454d116FBe3,ADJUSTER,218,VIDEO,2,READ,
w0,2025-12-19T15:01:17.868760Z,67.387,200,True,0xfd4Fc17438169bC1228EB21c2cb9b8DE1E97472a,INSURER,599,MEDICAL_REPORT,5,READ,
w8,2025-12-19T15:01:17.869073Z,67.387,200,True,0x3418C54B33ca42d0dF096EaD255791c7B2E2f3d9,ADJUSTER,634,FNOL,4,READ,
w4,2025-12-19T15:01:17.869227Z,67.386,200,True,0x4395153bc7Ac8ebD080b3C98FE634fcA40E5609F,COURT,578,FNOL,4,READ,
w7,2025-12-19T15:01:17.869394Z,67.492,200,True,0xC5f6e3512D3B1133da1f88159fDf63dC9f2d43FB,ADJUSTER,764,TELEMATICS,3,READ,
w2,2025-12-19T15:01:17.900811Z,36.197,403,False,0xC586D6C2dc89b791ae2AA6ae054c2629891275e1,POLICE,774,TELEMATICS,3,READ,
w3,2025-12-19T15:01:17.901875Z,35.239,403,False,0x28365792Da71bc8AcAD11a4393049d006EF2E972,GARAGE,193,VIDEO,2,READ,
w5,2025-12-19T15:01:17.901120Z,67.151,200,True,0x0479AcE8E12E22b9751dF7542dd8f225c221EC34,ADJUSTER,551,FNOL,4,READ,
w6,2025-12-19T15:01:17.901284Z,67.305,200,True,0xF80B0672A4f16BDe21fA2DF31482dA0fC606A43f,ADJUSTER,288,IMAGE,2,READ,
w1,2025-12-19T15:01:17.901525Z,67.225,200,True,0xF80B0672A4f16BDe21fA2DF31482dA0fC606A43f,ADJUSTER,276,IMAGE,2,READ,
w9,2025-12-19T15:01:17.901703Z,67.252,200,True,0xB8954C40b419Ae7332fF39Ce3d458ba1fed03941,REGULATOR,330,IMAGE,2,READ,
w0,2025-12-19T15:01:17.936159Z,32.929,403,False,0x2B5dEec5325fd9befC139A2071d830B25FAd52Ef,GARAGE,653,FNOL,4,READ,
w3,2025-12-19T15:01:17.937118Z,32.088,403,False,0x26b179d013C696c433c0f316E594f7a7AcE77C79,GARAGE,34,VIDEO,2,READ,
w8,2025-12-19T15:01:17.936468Z,65.218,200,True,0x58e8E907e02C35e581Ed3a4e98906344861E7265,INSURER,349,IMAGE,2,READ,
w4,2025-12-19T15:01:17.936620Z,65.372,200,True,0xC753D2a5211C57F7C2b4279053b11aEC435b41AB,REGULATOR,75,VIDEO,2,READ,
w7,2025-12-19T15:01:17.936892Z,65.262,200,True,0x28606132Fb05B11eee1fa6ACe3CB39F3EFFFdCCe,ADJUSTER,843,TELEMATICS,3,READ,
w2,2025-12-19T15:01:17.937014Z,65.337,200,True,0xD0Ce1d9D5A9c7E4F03d499A265d3014Ae5da7644,ADJUSTER,411,IMAGE,2,READ,
w6,2025-12-19T15:01:17.968596Z,33.883,403,False,0x786da68d54Be22366903D370c34910372Db174c9,POLICE,672,FNOL,4,READ,
w1,2025-12-19T15:01:17.968756Z,33.840,403,False,0x6c2d9F1aEdB2C485CABAF82412f88d5303Fd7B73,GARAGE,62,VIDEO,2,READ,
w5,2025-12-19T15:01:17.968283Z,65.651,200,True,0xF80B0672A4f16BDe21fA2DF31482dA0fC606A43f,ADJUSTER,337,IMAGE,2,READ,
w9,2025-12-19T15:01:17.968961Z,65.280,200,True,0x182C98818C6b29Ff23d7d1d9766e1B1dEB1aBAeB,INSURER,474,IMAGE,2,READ,
w0,2025-12-19T15:01:17.969094Z,65.303,200,True,0x8Dd96368f7a8216813107Fe89688AcaafE8Cb76D,INSURER,331,IMAGE,2,READ,
w3,2025-12-19T15:01:17.969211Z,65.362,200,True,0xF88a95Dd8B84AF76941627AA419BEFc507d88125,ADJUSTER,911,OTHER,1,READ,
w8,2025-12-19T15:01:18.001698Z,32.990,403,False,0x4BA98aed0F31F1E56A9bc733FD86aB30e5b88D0E,GARAGE,512,FNOL,4,READ,
w4,2025-12-19T15:01:18.002000Z,67.955,200,True,0xC66fE61Fe01B90e3C051c0ED40Dd41fC9347D018,REGULATOR,509,MEDICAL_REPORT,5,READ,
w7,2025-12-19T15:01:18.002160Z,68.100,200,True,0x48c487f18ce4aAFcf592B2eC3611eAa7B1C85918,ADJUSTER,966,OTHER,1,READ,
w2,2025-12-19T15:01:18.002356Z,68.067,200,True,0x4828419eA02B1D4399E039f8E5F346f37f19fA13,INSURER,723,TELEMATICS,3,READ,
w6,2025-12-19T15:01:18.002485Z,68.141,200,True,0x93787a823E3D4Ae295F5a91C0e87325E40B3aa3F,REGULATOR,3,VIDEO,2,READ,
w1,2025-12-19T15:01:18.002601Z,68.152,200,True,0x69254de41949D1A246C5c1A168e5e8473D2d50f0,ADJUSTER,6,VIDEO,2,READ,
w3,2025-12-19T15:01:18.034577Z,36.283,403,False,0x0Bc81E8481993A5F61D3011a142E1510de00ECae,GARAGE,22,VIDEO,2,READ,
w5,2025-12-19T15:01:18.033945Z,69.908,200,True,0x78273aa663aa16C08590efF5582bb4C9DD30Bb95,INSURER,151,VIDEO,2,READ,
w9,2025-12-19T15:01:18.034249Z,69.964,200,True,0xe9b50040eeAA45F16fd24222f4a97482737f6C8A,ADJUSTER,93,VIDEO,2,READ,
w0,2025-12-19T15:01:18.034402Z,70.029,200,True,0xCaa6A1a26D28f97DEDD4f555dEd43bC607f78384,INSURER,525,MEDICAL_REPORT,5,READ,
w8,2025-12-19T15:01:18.034693Z,69.874,200,True,0x2ee7F051BB940423f554ea44742f7c4c8C20Ea59,INSURER,379,IMAGE,2,READ,
w4,2025-12-19T15:01:18.069966Z,70.752,200,True,0x48f8656e15a2FC22Ccd6cDe7c56db39C1B62E770,POLICE,282,IMAGE,2,READ,
w7,2025-12-19T15:01:18.070268Z,70.771,200,True,0x1Ab5D0f68133DA5E100635Bdf5030650cA2bE691,ADJUSTER,827,TELEMATICS,3,READ,
w2,2025-12-19T15:01:18.070430Z,70.877,200,True,0x7fBAcb835330c3A23597A355A26Cf6E0ee69A0B5,COURT,78,VIDEO,2,READ,
w6,2025-12-19T15:01:18.070632Z,70.820,200,True,0x3B4ab93e0901742BFfc8A18D301F36f820AD3bB9,ADJUSTER,363,IMAGE,2,READ,
w1,2025-12-19T15:01:18.070758Z,70.822,200,True,0x8FA3c986B63dEd44ce62D4aC5b3b0F49FF447700,COURT,239,VIDEO,2,READ,
w3,2025-12-19T15:01:18.070866Z,70.832,200,True,0x3d9c5458418bD082b010C0F93c3b8FBF9826E0Bf,INSURER,539,FNOL,4,READ,
w0,2025-12-19T15:01:18.104437Z,37.388,403,False,0x469Bf06C8a44e5E2Bb2752C29B92d88DCA076B8a,POLICE,861,OTHER,1,READ,
w5,2025-12-19T15:01:18.103866Z,63.840,200,True,0x044bef4Ff250cBBFE36FEfE3b859D78bA04c1223,INSURER,394,IMAGE,2,READ,
w9,2025-12-19T15:01:18.104223Z,63.791,200,True,0x892Bc4E7F6D9a6aD507664d8A8EEB33b2544f3Ea,COURT,408,IMAGE,2,READ,
w8,2025-12-19T15:01:18.104572Z,63.653,200,True,0x5173D7F8755FdF3d2f05C01D029A3Dc55EaC0476,POLICE,321,IMAGE,2,READ,
w6,2025-12-19T15:01:18.141457Z,26.934,403,False,0x3D8B37E283940B186f3d817371AE9834E2836f7f,GARAGE,856,OTHER,1,READ,
w4,2025-12-19T15:01:18.140729Z,62.798,200,True,0xC5f6e3512D3B1133da1f88159fDf63dC9f2d43FB,ADJUSTER,908,OTHER,1,READ,
w7,2025-12-19T15:01:18.141048Z,62.800,200,True,0x630ba53C12B20a6EBd04Eb0819a24b1f8C554A01,INSURER,317,IMAGE,2,READ,
w2,2025-12-19T15:01:18.141313Z,62.703,200,True,0x808936f08CCC0a9C3953Cd3716006fB99825CBa4,COURT,177,VIDEO,2,READ,
w1,2025-12-19T15:01:18.141585Z,62.640,200,True,0x73E42dF14ff21e7994A37802a292F71830CDA5aF,INSURER,485,IMAGE,2,READ,
w3,2025-12-19T15:01:18.141703Z,62.647,200,True,0x97910F1306b5414B4C61D9A719B6871f5c77662f,INSURER,421,IMAGE,2,READ,
w0,2025-12-19T15:01:18.141830Z,62.626,200,True,0x48c487f18ce4aAFcf592B2eC3611eAa7B1C85918,ADJUSTER,51,VIDEO,2,READ,
w5,2025-12-19T15:01:18.167718Z,36.838,403,False,0xC586D6C2dc89b791ae2AA6ae054c2629891275e1,POLICE,878,OTHER,1,READ,
w9,2025-12-19T15:01:18.168022Z,62.862,200,True,0x3495fF4A33D3b8aCCB512226B501122064b1e8fe,INSURER,936,OTHER,1,READ,
w8,2025-12-19T15:01:18.168231Z,62.975,200,True,0x1cf47318cada656180563507BDd94262cAA29a4a,INSURER,707,TELEMATICS,3,READ,
w6,2025-12-19T15:01:18.168398Z,62.976,200,True,0xE4A8571e1F142Bd99866AA9464c49517B2ac0E01,ADJUSTER,135,VIDEO,2,READ,
w5,2025-12-19T15:01:18.204561Z,26.985,403,False,0xcA28195b12c3c8cB960d8423584ee9a8677BD158,POLICE,691,MEDICAL_REPORT,5,READ,
w4,2025-12-19T15:01:18.203539Z,58.053,200,True,0x12DF904699208278b4355b568d47De4F2c9646fe,INSURER,656,MEDICAL_REPORT,5,READ,
w7,2025-12-19T15:01:18.203856Z,58.071,200,True,0xaCB712DC0982F8B6c52EB4C5D2c205766cE3d00D,INSURER,820,TELEMATICS,3,READ,
w2,2025-12-19T15:01:18.204023Z,58.068,200,True,0xCF5E79F0E2BFC3eb5fe4aB0975E9F0eEc50b54E3,GARAGE,467,IMAGE,2,READ,
w1,2025-12-19T15:01:18.204231Z,58.064,200,True,0x4828419eA02B1D4399E039f8E5F346f37f19fA13,INSURER,145,VIDEO,2,READ,
w3,2025-12-19T15:01:18.204355Z,58.096,200,True,0x467316319C6B5f391c5a6B3b0190d4209202fC25,ADJUSTER,851,OTHER,1,READ,
w0,2025-12-19T15:01:18.204460Z,58.123,200,True,0x78273aa663aa16C08590efF5582bb4C9DD30Bb95,INSURER,185,VIDEO,2,READ,
w9,2025-12-19T15:01:18.230895Z,61.990,200,True,0x4828419eA02B1D4399E039f8E5F346f37f19fA13,INSURER,486,IMAGE,2,READ,
w8,2025-12-19T15:01:18.231214Z,61.989,200,True,0x3308795A526382DB26cF04047fE2bBd4F56E6CE7,COURT,807,TELEMATICS,3,READ,
w6,2025-12-19T15:01:18.231380Z,62.059,200,True,0xCaa6A1a26D28f97DEDD4f555dEd43bC607f78384,INSURER,389,IMAGE,2,READ,
w5,2025-12-19T15:01:18.231552Z,62.033,200,True,0x5C63EFf960008F7F9783957f07533386097149ce,POLICE,268,IMAGE,2,READ,
w2,2025-12-19T15:01:18.262097Z,31.630,403,False,0x1F022FfD0700E02E8f01B8f05f539f8C7a0339bb,POLICE,784,TELEMATICS,3,READ,
w4,2025-12-19T15:01:18.261604Z,58.101,200,True,0x85C720Ae65eF1706A0cf41695a93A34E189D5Ea0,INSURER,339,IMAGE,2,READ,
w7,2025-12-19T15:01:18.261935Z,58.080,200,True,0x73E42dF14ff21e7994A37802a292F71830CDA5aF,INSURER,25,VIDEO,2,READ,
w1,2025-12-19T15:01:18.262302Z,57.940,200,True,0x97910F1306b5414B4C61D9A719B6871f5c77662f,INSURER,168,VIDEO,2,READ,
w3,2025-12-19T15:01:18.262457Z,57.921,200,True,0xeD60C4758Fab078c38685EeEF9692D8Fa4F3dDB9,INSURER,647,MEDICAL_REPORT,5,READ,
w0,2025-12-19T15:01:18.262589Z,57.902,200,True,0x3308795A526382DB26cF04047fE2bBd4F56E6CE7,COURT,39,VIDEO,2,READ,
w9,2025-12-19T15:01:18.292898Z,60.695,200,True,0x419d3b699AA38c218f3D84f0a3129a6383634f17,ADJUSTER,841,TELEMATICS,3,READ,
w8,2025-12-19T15:01:18.293211Z,60.699,200,True,0xE3De53E77787ac96c6f78B3eD0A6Acea23953342,POLICE,117,VIDEO,2,READ,
w6,2025-12-19T15:01:18.293445Z,60.629,200,True,0xB2241965995ed972D442D6A9461eF3583ecA95B6,INSURER,991,OTHER,1,READ,
w5,2025-12-19T15:01:18.293591Z,60.686,200,True,0x78b99D5D04232b9650d619DBa5F5600a9242A472,INSURER,160,VIDEO,2,READ,
w2,2025-12-19T15:01:18.293732Z,60.676,200,True,0x933be1Be0aF68b62934fE96ADB1AB2Ee1C47B4F0,INSURER,206,VIDEO,2,READ,
w3,2025-12-19T15:01:18.320382Z,34.138,403,False,0x415Ba7B0D983442D5407ABEF5Ebd8e9d2bB533B7,POLICE,908,OTHER,1,READ,
w4,2025-12-19T15:01:18.319717Z,72.603,200,True,0xC23BB727D3Ae6bD9cd90AC52ee26359F19176de3,INSURER,881,OTHER,1,READ,
w7,2025-12-19T15:01:18.320023Z,72.632,200,True,0xD1ce8183cCf94d1494c99DFC523Af7Bd51494E8d,INSURER,833,TELEMATICS,3,READ,
w1,2025-12-19T15:01:18.320248Z,72.568,200,True,0xC586D6C2dc89b791ae2AA6ae054c2629891275e1,POLICE,315,IMAGE,2,READ,
w0,2025-12-19T15:01:18.320498Z,72.519,200,True,0x2ee7F051BB940423f554ea44742f7c4c8C20Ea59,INSURER,441,IMAGE,2,READ,
w2,2025-12-19T15:01:18.354414Z,38.727,403,False,0xD3b3bd4ce4B597519FCE080Ce05805A99cC8C772,GARAGE,15,VIDEO,2,READ,
w3,2025-12-19T15:01:18.354525Z,38.723,403,False,0xC586D6C2dc89b791ae2AA6ae054c2629891275e1,POLICE,931,OTHER,1,READ,
w9,2025-12-19T15:01:18.353604Z,65.562,200,True,0x2ee7F051BB940423f554ea44742f7c4c8C20Ea59,INSURER,769,TELEMATICS,3,READ,
w8,2025-12-19T15:01:18.353918Z,65.548,200,True,0xE1C502975CC15E22bC10c8a6e352061ef61bBc2A,COURT,647,MEDICAL_REPORT,5,READ,
w6,2025-12-19T15:01:18.354081Z,65.537,200,True,0xcCC472e2d0eDA52066a80BCFb4577Dc9Fb7CD453,POLICE,438,IMAGE,2,READ,
w5,2025-12-19T15:01:18.354283Z,65.516,200,True,0x1cf47318cada656180563507BDd94262cAA29a4a,INSURER,909,OTHER,1,READ,
w3,2025-12-19T15:01:18.393252Z,26.666,403,False,0x0Bc81E8481993A5F61D3011a142E1510de00ECae,GARAGE,669,FNOL,4,READ,
w4,2025-12-19T15:01:18.392333Z,69.976,200,True,0x48c487f18ce4aAFcf592B2eC3611eAa7B1C85918,ADJUSTER,293,IMAGE,2,READ,
w7,2025-12-19T15:01:18.392663Z,70.091,200,True,0xd132a79Ca7Be8caaC9A27467EB9B65F7cBD6F50E,ADJUSTER,742,TELEMATICS,3,READ,
w1,2025-12-19T15:01:18.392822Z,70.161,200,True,0xaCB712DC0982F8B6c52EB4C5D2c205766cE3d00D,INSURER,177,VIDEO,2,READ,
w0,2025-12-19T15:01:18.393023Z,70.239,200,True,0x12DF904699208278b4355b568d47De4F2c9646fe,INSURER,546,FNOL,4,READ,
w2,2025-12-19T15:01:18.393146Z,70.305,200,True,0x685A29EE8A06E458E58A29d721dFB677cdF8a600,INSURER,144,VIDEO,2,READ,
w6,2025-12-19T15:01:18.419623Z,43.996,403,False,0xafA5Afd00Ec5464DAf96FCe2b09f4e4e157F4A67,POLICE,819,TELEMATICS,3,READ,
w9,2025-12-19T15:01:18.419178Z,64.031,200,True,0xE4A8571e1F142Bd99866AA9464c49517B2ac0E01,ADJUSTER,475,IMAGE,2,READ,
w8,2025-12-19T15:01:18.419472Z,64.060,200,True,0x3B4ab93e0901742BFfc8A18D301F36f820AD3bB9,ADJUSTER,114,VIDEO,2,READ,
w5,2025-12-19T15:01:18.419805Z,63.883,200,True,0xB3e698A67fD5AEeB61b8bE389e7E917Bc2Ea032a,POLICE,291,IMAGE,2,READ,
w3,2025-12-19T15:01:18.419923Z,63.957,200,True,0x11F50254a88A6e26E6Bb5aAE8d74E52372B4270E,COURT,827,TELEMATICS,3,READ,
w7,2025-12-19T15:01:18.462764Z,21.241,403,False,0xDD3EceF8307a47a0307E4f44135C61Dd2C75c6d7,POLICE,838,TELEMATICS,3,READ,
w1,2025-12-19T15:01:18.462991Z,21.128,403,False,0xD0Ce1d9D5A9c7E4F03d499A265d3014Ae5da7644,ADJUSTER,690,MEDICAL_REPORT,5,READ,
w4,2025-12-19T15:01:18.462325Z,53.023,200,True,0xE385ea618340FfE0d7c7e9EB25048F1c1E437F33,INSURER,106,VIDEO,2,READ,
w0,2025-12-19T15:01:18.463270Z,52.380,200,True,0x4828419eA02B1D4399E039f8E5F346f37f19fA13,INSURER,529,MEDICAL_REPORT,5,READ,
w2,2025-12-19T15:01:18.463458Z,52.416,200,True,0x0520cA4f9c2359a2d1cc1B072e4dA8A3587C2088,INSURER,461,IMAGE,2,READ,
w6,2025-12-19T15:01:18.463626Z,52.382,200,True,0x51A2465dc26f17e37524f93494A8409715ACc9c2,INSURER,142,VIDEO,2,READ,
w7,2025-12-19T15:01:18.484012Z,32.119,403,False,0x23aA93bc659A3e3D0da5434a4088578341D43278,GARAGE,869,OTHER,1,READ,
w9,2025-12-19T15:01:18.483220Z,63.309,200,True,0x466ec685AE894BAc153c11350FC488cAAa2C062E,INSURER,814,TELEMATICS,3,READ,
w8,2025-12-19T15:01:18.483540Z,63.296,200,True,0xBC78986794f1658340222E011F7e1Cf375177F95,ADJUSTER,451,IMAGE,2,READ,
w5,2025-12-19T15:01:18.483695Z,63.394,200,True,0xd6f5696C80b8cb2D4AAaFdaf8E7C266cf4af4538,COURT,572,FNOL,4,READ,
w3,2025-12-19T15:01:18.483886Z,63.354,200,True,0xA75Af013B9CBdf4322e0c459A2fB8B708fbB8Ddc,POLICE,115,VIDEO,2,READ,
w1,2025-12-19T15:01:18.484123Z,63.246,200,True,0xC66fE61Fe01B90e3C051c0ED40Dd41fC9347D018,REGULATOR,819,TELEMATICS,3,READ,
w4,2025-12-19T15:01:18.515360Z,32.137,403,False,0x6c2d9F1aEdB2C485CABAF82412f88d5303Fd7B73,GARAGE,131,VIDEO,2,READ,
w0,2025-12-19T15:01:18.515659Z,62.287,200,True,0x598405697b464FEbA8C76367b7C75C59D8BE2eCF,COURT,969,OTHER,1,READ,
w2,2025-12-19T15:01:18.515880Z,62.374,200,True,0x0172115667882E73749128243A943873087c09D3,INSURER,205,VIDEO,2,READ,
w6,2025-12-19T15:01:18.516015Z,62.393,200,True,0x27158a264fdA9698B85485706B47BBC87Fa6Db4b,ADJUSTER,399,IMAGE,2,READ,
w7,2025-12-19T15:01:18.516136Z,62.450,200,True,0xf5d0314845FCf19022a28FeD6650e58CFc01f243,INSURER,817,TELEMATICS,3,READ,
w9,2025-12-19T15:01:18.546540Z,56.443,200,True,0x1F022FfD0700E02E8f01B8f05f539f8C7a0339bb,POLICE,422,IMAGE,2,READ,
w8,2025-12-19T15:01:18.546844Z,56.457,200,True,0xD32B24Ff4D28e42239EcCd5cbdb456a1565DC083,ADJUSTER,18,VIDEO,2,READ,
w5,2025-12-19T15:01:18.547095Z,56.365,200,True,0x73E42dF14ff21e7994A37802a292F71830CDA5aF,INSURER,809,TELEMATICS,3,READ,
w3,2025-12-19T15:01:18.547245Z,56.415,200,True,0x5C63EFf960008F7F9783957f07533386097149ce,POLICE,261,IMAGE,2,READ,
w1,2025-12-19T15:01:18.547374Z,56.411,200,True,0xaCB712DC0982F8B6c52EB4C5D2c205766cE3d00D,INSURER,809,TELEMATICS,3,READ,
w4,2025-12-19T15:01:18.547502Z,56.395,200,True,0xF88a95Dd8B84AF76941627AA419BEFc507d88125,ADJUSTER,498,IMAGE,2,READ,
w0,2025-12-19T15:01:18.577957Z,64.808,200,True,0x6032b722b48DC8717A2C437485f2D3d264BD803B,ADJUSTER,207,VIDEO,2,READ,
w2,2025-12-19T15:01:18.578262Z,64.806,200,True,0x73c07A746181c5256aC8EB8006fFbCF2239bEcC5,COURT,524,FNOL,4,READ,
w6,2025-12-19T15:01:18.578414Z,64.809,200,True,0xFf85d9d86E5E1a3792266E2a5BB970C470C1e0c5,COURT,590,FNOL,4,READ,
w7,2025-12-19T15:01:18.578592Z,64.807,200,True,0xa814b4D02E07Daa3235ffc1E4752eCF8f6C2D8d8,ADJUSTER,266,IMAGE,2,READ,
w9,2025-12-19T15:01:18.602995Z,63.054,200,True,0xa96C0E04f38F8dC8842789660AA8C570bfCCFF50,GARAGE,400,IMAGE,2,READ,
w8,2025-12-19T15:01:18.603309Z,63.078,200,True,0xc0F601980c6FD898E06229024740eec17abbF5C2,INSURER,880,OTHER,1,READ,
w5,2025-12-19T15:01:18.603467Z,63.088,200,True,0xd6f5696C80b8cb2D4AAaFdaf8E7C266cf4af4538,COURT,15,VIDEO,2,READ,
w3,2025-12-19T15:01:18.603666Z,63.113,200,True,0xCdb11D137710f0a5234b9D3c040668B6D48e59d4,COURT,255,IMAGE,2,READ,
w1,2025-12-19T15:01:18.603790Z,63.121,200,True,0x98eAB44F56Ae1f00C301517F1B6fCDb7a452D64b,ADJUSTER,44,VIDEO,2,READ,
w4,2025-12-19T15:01:18.603902Z,63.132,200,True,0x567dccd668D18B4ACd8A2795151edB162Bc34767,ADJUSTER,688,FNOL,4,READ,
w7,2025-12-19T15:01:18.643404Z,23.752,403,False,0x3d4Bd094c1894ed38F3EcF0799bE66f83a4199ca,ADJUSTER,513,MEDICAL_REPORT,5,READ,
w0,2025-12-19T15:01:18.642776Z,60.913,200,True,0x436f253A31aB81e4427747050f42C4907a6C388D,ADJUSTER,59,VIDEO,2,READ,
w2,2025-12-19T15:01:18.643076Z,60.927,200,True,0xfd4Fc17438169bC1228EB21c2cb9b8DE1E97472a,INSURER,330,IMAGE,2,READ,
w6,2025-12-19T15:01:18.643229Z,60.994,200,True,0x98eAB44F56Ae1f00C301517F1B6fCDb7a452D64b,ADJUSTER,505,FNOL,4,READ,
w5,2025-12-19T15:01:18.666561Z,37.803,403,False,0x6c2d9F1aEdB2C485CABAF82412f88d5303Fd7B73,GARAGE,682,MEDICAL_REPORT,5,READ,
w7,2025-12-19T15:01:18.667162Z,37.324,403,False,0xcCC472e2d0eDA52066a80BCFb4577Dc9Fb7CD453,POLICE,961,OTHER,1,READ,
w9,2025-12-19T15:01:18.666061Z,69.623,200,True,0xD6e58dE85e171C0D6BB42Cf4a85fBa7C55ce5618,INSURER,314,IMAGE,2,READ,
w8,2025-12-19T15:01:18.666395Z,69.595,200,True,0x58f181cd636a8F0a8335240Efc4979212ff45341,INSURER,528,MEDICAL_REPORT,5,READ,
w3,2025-12-19T15:01:18.666785Z,69.359,200,True,0x933be1Be0aF68b62934fE96ADB1AB2Ee1C47B4F0,INSURER,194,VIDEO,2,READ,
w1,2025-12-19T15:01:18.666917Z,69.424,200,True,0xAB814b041AB343702D64556Fdb3a3C104daa0445,ADJUSTER,174,VIDEO,2,READ,
w4,2025-12-19T15:01:18.667039Z,69.430,200,True,0x808936f08CCC0a9C3953Cd3716006fB99825CBa4,COURT,976,OTHER,1,READ,
w5,2025-12-19T15:01:18.704370Z,32.219,403,False,0x8D21394c336D57f89564705Aa61307561b63E310,POLICE,918,OTHER,1,READ,
w0,2025-12-19T15:01:18.703700Z,66.863,200,True,0xD1ce8183cCf94d1494c99DFC523Af7Bd51494E8d,INSURER,230,VIDEO,2,READ,
w2,2025-12-19T15:01:18.704010Z,66.854,200,True,0x808936f08CCC0a9C3953Cd3716006fB99825CBa4,COURT,841,TELEMATICS,3,READ,
w6,2025-12-19T15:01:18.704229Z,66.875,200,True,0x330f902fF463e2B611211Ccb44EF749E558Ba02a,INSURER,499,IMAGE,2,READ,
w7,2025-12-19T15:01:18.704492Z,66.769,200,True,0x199baf9971453910adbCD45ae05Dc8f9B68fcB1f,INSURER,14,VIDEO,2,READ,
w1,2025-12-19T15:01:18.736346Z,35.243,403,False,0xCF5E79F0E2BFC3eb5fe4aB0975E9F0eEc50b54E3,GARAGE,6,VIDEO,2,READ,
w4,2025-12-19T15:01:18.736475Z,35.346,403,False,0x6B97e16D77504562cB9392834019252f4057F4D5,POLICE,749,TELEMATICS,3,READ,
w9,2025-12-19T15:01:18.735695Z,68.668,200,True,0xf5d0314845FCf19022a28FeD6650e58CFc01f243,INSURER,546,FNOL,4,READ,
w8,2025-12-19T15:01:18.735999Z,68.757,200,True,0x3d68C58ebB81123d1Ac10655857193A1cDee90CE,INSURER,928,OTHER,1,READ,
w3,2025-12-19T15:01:18.736150Z,68.924,200,True,0x29950abd635aF427d5E2fF0DB9f6920fC915bC55,INSURER,36,VIDEO,2,READ,
w5,2025-12-19T15:01:18.736593Z,69.275,200,True,0x5e3B546a11dc657CdFa106cd26E2211ee451c0d7,INSURER,621,MEDICAL_REPORT,5,READ,
w0,2025-12-19T15:01:18.770576Z,35.871,403,False,0x28365792Da71bc8AcAD11a4393049d006EF2E972,GARAGE,872,OTHER,1,READ,
w1,2025-12-19T15:01:18.771597Z,35.268,403,False,0xa96C0E04f38F8dC8842789660AA8C570bfCCFF50,GARAGE,932,OTHER,1,READ,
w2,2025-12-19T15:01:18.770872Z,81.950,200,True,0x182C98818C6b29Ff23d7d1d9766e1B1dEB1aBAeB,INSURER,655,FNOL,4,READ,
w6,2025-12-19T15:01:18.771110Z,82.018,200,True,0xe9b50040eeAA45F16fd24222f4a97482737f6C8A,ADJUSTER,288,IMAGE,2,READ,
w7,2025-12-19T15:01:18.771266Z,82.112,200,True,0x4BC2c2b671822006a9D592cdd2Db24e8Da3C6adf,GARAGE,359,IMAGE,2,READ,
w4,2025-12-19T15:01:18.771830Z,81.688,200,True,0x40fca3Fa04d657c9879B638C57A2a70683E3efED,REGULATOR,773,TELEMATICS,3,READ,
w9,2025-12-19T15:01:18.804374Z,49.272,403,False,0x98eAB44F56Ae1f00C301517F1B6fCDb7a452D64b,ADJUSTER,647,MEDICAL_REPORT,5,READ,
w8,2025-12-19T15:01:18.804768Z,48.987,403,False,0x620a52535BA00719f0747D42746525D807319996,ADJUSTER,630,MEDICAL_REPORT,5,READ,
w0,2025-12-19T15:01:18.806464Z,47.397,403,False,0xE1c2102345d7379f4bb3F114e908e9cC9154A335,POLICE,770,TELEMATICS,3,READ,
w3,2025-12-19T15:01:18.805082Z,80.495,200,True,0x78b99D5D04232b9650d619DBa5F5600a9242A472,INSURER,842,TELEMATICS,3,READ,
w5,2025-12-19T15:01:18.805887Z,79.996,200,True,0x12DF904699208278b4355b568d47De4F2c9646fe,INSURER,778,TELEMATICS,3,READ,
w1,2025-12-19T15:01:18.806881Z,79.230,200,True,0x02BD9B3b464b98EB353C8f83Eb3b4cB0627A52Ed,COURT,12,VIDEO,2,READ,
w2,2025-12-19T15:01:18.852835Z,33.418,403,False,0x23aA93bc659A3e3D0da5434a4088578341D43278,GARAGE,538,MEDICAL_REPORT,5,READ,
w6,2025-12-19T15:01:18.853136Z,67.566,200,True,0x3d4Bd094c1894ed38F3EcF0799bE66f83a4199ca,ADJUSTER,871,OTHER,1,READ,
w7,2025-12-19T15:01:18.853384Z,67.624,200,True,0x81A893236EFCdC58F1f9421b59Ee21eb7e38f8FB,INSURER,680,MEDICAL_REPORT,5,READ,
w4,2025-12-19T15:01:18.853528Z,67.730,200,True,0xAA49CCe569366189355225212a2EA06B8172Fa22,ADJUSTER,766,TELEMATICS,3,READ,
w9,2025-12-19T15:01:18.853650Z,67.814,200,True,0x520F6Be8B20312c8CA4bB2773000A94923A4FaE5,POLICE,280,IMAGE,2,READ,
w8,2025-12-19T15:01:18.853759Z,67.939,200,True,0xCdb11D137710f0a5234b9D3c040668B6D48e59d4,COURT,854,OTHER,1,READ,
w0,2025-12-19T15:01:18.853865Z,68.058,200,True,0x59A67A1183C69AAf8Fe3D746D569392b7d4A5035,ADJUSTER,831,TELEMATICS,3,READ,
w3,2025-12-19T15:01:18.885588Z,66.229,200,True,0x12DF904699208278b4355b568d47De4F2c9646fe,INSURER,520,MEDICAL_REPORT,5,READ,
w5,2025-12-19T15:01:18.885892Z,66.259,200,True,0xCF5E79F0E2BFC3eb5fe4aB0975E9F0eEc50b54E3,GARAGE,468,IMAGE,2,READ,
w1,2025-12-19T15:01:18.886119Z,66.205,200,True,0xACaaedBfb07404f2aAf0ccd6503B1529C1A48764,ADJUSTER,184,VIDEO,2,READ,
w2,2025-12-19T15:01:18.886258Z,66.292,200,True,0x077f45EB3eB6027C0D05Ab77CAC4D29c46cb3a6E,INSURER,960,OTHER,1,READ,
w6,2025-12-19T15:01:18.920714Z,31.966,403,False,0x28365792Da71bc8AcAD11a4393049d006EF2E972,GARAGE,13,VIDEO,2,READ,
w7,2025-12-19T15:01:18.921017Z,31.774,403,False,0xEcbE69567Cf42475FbE6Ea4523541e58C4d22957,GARAGE,635,MEDICAL_REPORT,5,READ,
w4,2025-12-19T15:01:18.921265Z,31.632,403,False,0xa96C0E04f38F8dC8842789660AA8C570bfCCFF50,GARAGE,822,TELEMATICS,3,READ,
w0,2025-12-19T15:01:18.921939Z,31.058,403,False,0xD3b3bd4ce4B597519FCE080Ce05805A99cC8C772,GARAGE,192,VIDEO,2,READ,
w9,2025-12-19T15:01:18.921471Z,64.362,200,True,0x48c487f18ce4aAFcf592B2eC3611eAa7B1C85918,ADJUSTER,838,TELEMATICS,3,READ,
w8,2025-12-19T15:01:18.921707Z,64.428,200,True,0xd132a79Ca7Be8caaC9A27467EB9B65F7cBD6F50E,ADJUSTER,809,TELEMATICS,3,READ,
w7,2025-12-19T15:01:18.952797Z,33.628,403,False,0x01891323537Ca8c745Cd76182c9eB81519eaC821,GARAGE,829,TELEMATICS,3,READ,
w0,2025-12-19T15:01:18.953001Z,33.628,403,False,0x68cBdE77b98e3AF3281dBC229ee66540Eac3f007,ADJUSTER,526,MEDICAL_REPORT,5,READ,
w3,2025-12-19T15:01:18.951828Z,65.584,200,True,0x84FDd0E1F145C20f9451b1eB751c26e76B3232d4,POLICE,489,IMAGE,2,READ,
w5,2025-12-19T15:01:18.952159Z,65.851,200,True,0x5CdF84465a68A1A9CEfe264b98c0701879D78982,INSURER,783,TELEMATICS,3,READ,
w1,2025-12-19T15:01:18.952330Z,65.950,200,True,0x89cb551204456FFCd8e595feE394120dD047b57A,INSURER,770,TELEMATICS,3,READ,
w2,2025-12-19T15:01:18.952555Z,65.858,200,True,0x3db0bD968176A243AC81C5c8Cf02Cf429b04dD57,COURT,70,VIDEO,2,READ,
w6,2025-12-19T15:01:18.952685Z,65.841,200,True,0x73E42dF14ff21e7994A37802a292F71830CDA5aF,INSURER,874,OTHER,1,READ,
w4,2025-12-19T15:01:18.952901Z,65.728,200,True,0x1EBe67547Da63652edcAE7c36347A6d05ef27c1C,POLICE,248,VIDEO,2,READ,
w9,2025-12-19T15:01:18.985845Z,32.881,403,False,0x955f7F1386d8d5FB12bc50876B418e4D206D9530,GARAGE,21,VIDEO,2,READ,
w8,2025-12-19T15:01:18.986144Z,32.677,403,False,0xD3b3bd4ce4B597519FCE080Ce05805A99cC8C772,GARAGE,241,VIDEO,2,READ,
w7,2025-12-19T15:01:18.986438Z,58.404,200,True,0xcA28195b12c3c8cB960d8423584ee9a8677BD158,POLICE,12,VIDEO,2,READ,
w0,2025-12-19T15:01:18.986642Z,58.484,200,True,0xD6e58dE85e171C0D6BB42Cf4a85fBa7C55ce5618,INSURER,615,FNOL,4,READ,
w1,2025-12-19T15:01:19.018287Z,27.033,403,False,0xD3b3bd4ce4B597519FCE080Ce05805A99cC8C772,GARAGE,679,MEDICAL_REPORT,5,READ,
w3,2025-12-19T15:01:19.017423Z,51.858,200,True,0x7fBAcb835330c3A23597A355A26Cf6E0ee69A0B5,COURT,211,VIDEO,2,READ,
w5,2025-12-19T15:01:19.018019Z,51.584,200,True,0xC23BB727D3Ae6bD9cd90AC52ee26359F19176de3,INSURER,75,VIDEO,2,READ,
w2,2025-12-19T15:01:19.018419Z,51.346,200,True,0xb8Fe0E775705824a50658ef111434567024d4310,REGULATOR,275,IMAGE,2,READ,
w6,2025-12-19T15:01:19.018531Z,51.465,200,True,0xC5f6e3512D3B1133da1f88159fDf63dC9f2d43FB,ADJUSTER,904,OTHER,1,READ,
w4,2025-12-19T15:01:19.018633Z,51.497,200,True,0x456F6DbE8aF9e05a1918B64f0Bd0690809b23E6B,INSURER,244,VIDEO,2,READ,
w9,2025-12-19T15:01:19.018730Z,51.514,200,True,0x7fBAcb835330c3A23597A355A26Cf6E0ee69A0B5,COURT,70,VIDEO,2,READ,
w8,2025-12-19T15:01:19.018826Z,51.522,200,True,0xB81c8729A121819695CEEDA9b389f559D6398B3C,REGULATOR,788,TELEMATICS,3,READ,
w7,2025-12-19T15:01:19.044854Z,25.595,403,False,0x1F022FfD0700E02E8f01B8f05f539f8C7a0339bb,POLICE,714,TELEMATICS,3,READ,
w1,2025-12-19T15:01:19.045327Z,25.215,403,False,0xD3b3bd4ce4B597519FCE080Ce05805A99cC8C772,GARAGE,982,OTHER,1,READ,
w0,2025-12-19T15:01:19.045134Z,57.587,200,True,0xB81c8729A121819695CEEDA9b389f559D6398B3C,REGULATOR,925,OTHER,1,READ,
w6,2025-12-19T15:01:19.070002Z,33.011,403,False,0x26b179d013C696c433c0f316E594f7a7AcE77C79,GARAGE,818,TELEMATICS,3,READ,
w3,2025-12-19T15:01:19.069292Z,68.489,200,True,0x82B01EfD510Bee8680730EEf777526b020e2398B,INSURER,698,FNOL,4,READ,
w5,2025-12-19T15:01:19.069611Z,68.628,200,True,0x077f45EB3eB6027C0D05Ab77CAC4D29c46cb3a6E,INSURER,628,FNOL,4,READ,
w2,2025-12-19T15:01:19.069771Z,69.083,200,True,0x78273aa663aa16C08590efF5582bb4C9DD30Bb95,INSURER,333,IMAGE,2,READ,
w4,2025-12-19T15:01:19.070135Z,69.678,200,True,0x33F5a90B9400A21046089Aaf44319BA889B0B9ed,INSURER,465,IMAGE,2,READ,
w9,2025-12-19T15:01:19.070248Z,69.828,200,True,0x6032b722b48DC8717A2C437485f2D3d264BD803B,ADJUSTER,5,VIDEO,2,READ,
w8,2025-12-19T15:01:19.070353Z,69.875,200,True,0x0AbFb230511189A840157bF7FcA43b1b69338dC6,POLICE,276,IMAGE,2,READ,
w7,2025-12-19T15:01:19.070454Z,69.901,200,True,0xB81c8729A121819695CEEDA9b389f559D6398B3C,REGULATOR,379,IMAGE,2,READ,
w1,2025-12-19T15:01:19.070547Z,69.932,200,True,0xAF3C604AE7a9E247C368331a22270415269Ef10d,INSURER,987,OTHER,1,READ,
w6,2025-12-19T15:01:19.103021Z,37.571,403,False,0x7B678e542Dec17ab096b423D15262dcD9B8c11D8,POLICE,645,MEDICAL_REPORT,5,READ,
w0,2025-12-19T15:01:19.102732Z,67.451,200,True,0x065Fd3F8fcF30384f50eceBa324b1EF8411Fa759,COURT,754,TELEMATICS,3,READ,
w8,2025-12-19T15:01:19.140234Z,30.328,403,False,0x955f7F1386d8d5FB12bc50876B418e4D206D9530,GARAGE,516,FNOL,4,READ,
w3,2025-12-19T15:01:19.137794Z,66.599,200,True,0x68cBdE77b98e3AF3281dBC229ee66540Eac3f007,ADJUSTER,722,TELEMATICS,3,READ,
w5,2025-12-19T15:01:19.138255Z,66.779,200,True,0xE1C502975CC15E22bC10c8a6e352061ef61bBc2A,COURT,421,IMAGE,2,READ,
w2,2025-12-19T15:01:19.138874Z,67.471,200,True,0x3d68C58ebB81123d1Ac10655857193A1cDee90CE,INSURER,585,MEDICAL_REPORT,5,READ,
w4,2025-12-19T15:01:19.139829Z,67.181,200,True,0x808936f08CCC0a9C3953Cd3716006fB99825CBa4,COURT,63,VIDEO,2,READ,
w9,2025-12-19T15:01:19.140083Z,67.447,200,True,0xeD60C4758Fab078c38685EeEF9692D8Fa4F3dDB9,INSURER,103,VIDEO,2,READ,
w7,2025-12-19T15:01:19.140360Z,67.616,200,True,0xFeC4882fEAf263ac0fD1b9B4271dD1852B413584,INSURER,933,OTHER,1,READ,
w1,2025-12-19T15:01:19.140485Z,67.730,200,True,0x466ec685AE894BAc153c11350FC488cAAa2C062E,INSURER,701,TELEMATICS,3,READ,
w6,2025-12-19T15:01:19.140597Z,67.736,200,True,0x59A67A1183C69AAf8Fe3D746D569392b7d4A5035,ADJUSTER,16,VIDEO,2,READ,
w0,2025-12-19T15:01:19.170195Z,38.267,403,False,0xEcbE69567Cf42475FbE6Ea4523541e58C4d22957,GARAGE,542,FNOL,4,READ,
w8,2025-12-19T15:01:19.170571Z,66.907,200,True,0x29Da547ffD477d0d4628d547368EcFDF73054469,ADJUSTER,843,TELEMATICS,3,READ,
w3,2025-12-19T15:01:19.204404Z,75.368,200,True,0x436f253A31aB81e4427747050f42C4907a6C388D,ADJUSTER,204,VIDEO,2,READ,
w5,2025-12-19T15:01:19.205068Z,75.033,200,True,0x93787a823E3D4Ae295F5a91C0e87325E40B3aa3F,REGULATOR,307,IMAGE,2,READ,
w2,2025-12-19T15:01:19.206374Z,74.031,200,True,0x29950abd635aF427d5E2fF0DB9f6920fC915bC55,INSURER,348,IMAGE,2,READ,
w4,2025-12-19T15:01:19.207030Z,73.539,200,True,0xd963E5e27CB9872abc2Fbed9107c373Aa59583a4,INSURER,681,MEDICAL_REPORT,5,READ,
w9,2025-12-19T15:01:19.207551Z,73.155,200,True,0x685A29EE8A06E458E58A29d721dFB677cdF8a600,INSURER,47,VIDEO,2,READ,
w7,2025-12-19T15:01:19.207992Z,72.829,200,True,0x3d68C58ebB81123d1Ac10655857193A1cDee90CE,INSURER,159,VIDEO,2,READ,
w1,2025-12-19T15:01:19.208220Z,72.705,200,True,0x05d1ef5b43268c6a5BD456A953029092795045d9,INSURER,241,VIDEO,2,READ,
w6,2025-12-19T15:01:19.208338Z,72.686,200,True,0xD6e58dE85e171C0D6BB42Cf4a85fBa7C55ce5618,INSURER,997,OTHER,1,READ,
w0,2025-12-19T15:01:19.208468Z,72.653,200,True,0x4828419eA02B1D4399E039f8E5F346f37f19fA13,INSURER,936,OTHER,1,READ,
w8,2025-12-19T15:01:19.237490Z,43.732,403,False,0xDd45386232533D2C209976e678A91A2263676ECB,GARAGE,227,VIDEO,2,READ,
w2,2025-12-19T15:01:19.280412Z,43.473,403,False,0x28606132Fb05B11eee1fa6ACe3CB39F3EFFFdCCe,ADJUSTER,642,MEDICAL_REPORT,5,READ,
w3,2025-12-19T15:01:19.279784Z,69.734,200,True,0x42dC03c90d7652B937d26628a86f9317bbf521dc,INSURER,734,TELEMATICS,3,READ,
w5,2025-12-19T15:01:19.280109Z,69.735,200,True,0xC23BB727D3Ae6bD9cd90AC52ee26359F19176de3,INSURER,276,IMAGE,2,READ,
w4,2025-12-19T15:01:19.280575Z,69.542,200,True,0xD06Cc40e4D98aDc886d652F4253985B5c04282b9,REGULATOR,613,FNOL,4,READ,
w9,2025-12-19T15:01:19.280711Z,69.545,200,True,0xD756c57480Ea623123AB3a5ad4445875E3309Ac6,INSURER,826,TELEMATICS,3,READ,
w7,2025-12-19T15:01:19.280825Z,69.546,200,True,0xAB814b041AB343702D64556Fdb3a3C104daa0445,ADJUSTER,460,IMAGE,2,READ,
w1,2025-12-19T15:01:19.280930Z,69.550,200,True,0xC753D2a5211C57F7C2b4279053b11aEC435b41AB,REGULATOR,327,IMAGE,2,READ,
w6,2025-12-19T15:01:19.281029Z,69.556,200,True,0x4395153bc7Ac8ebD080b3C98FE634fcA40E5609F,COURT,348,IMAGE,2,READ,
w0,2025-12-19T15:01:19.281125Z,69.574,200,True,0xa814b4D02E07Daa3235ffc1E4752eCF8f6C2D8d8,ADJUSTER,675,FNOL,4,READ,
w8,2025-12-19T15:01:19.281228Z,69.593,200,True,0xE1C502975CC15E22bC10c8a6e352061ef61bBc2A,COURT,357,IMAGE,2,READ,
w2,2025-12-19T15:01:19.323911Z,58.658,200,True,0x7C8B230898f07628a4f24e2D0ffe62373593dCce,POLICE,178,VIDEO,2,READ,
w3,2025-12-19T15:01:19.349529Z,68.568,200,True,0xB2241965995ed972D442D6A9461eF3583ecA95B6,INSURER,624,MEDICAL_REPORT,5,READ,
w5,2025-12-19T15:01:19.349853Z,68.570,200,True,0xCdb11D137710f0a5234b9D3c040668B6D48e59d4,COURT,996,OTHER,1,READ,
w4,2025-12-19T15:01:19.350123Z,68.467,200,True,0x3418C54B33ca42d0dF096EaD255791c7B2E2f3d9,ADJUSTER,132,VIDEO,2,READ,
w9,2025-12-19T15:01:19.350262Z,68.555,200,True,0xd963E5e27CB9872abc2Fbed9107c373Aa59583a4,INSURER,203,VIDEO,2,READ,
w7,2025-12-19T15:01:19.350376Z,68.561,200,True,0xB2241965995ed972D442D6A9461eF3583ecA95B6,INSURER,566,FNOL,4,READ,
w1,2025-12-19T15:01:19.350484Z,68.560,200,True,0x18BFB9A0Bf9293D0D3bf9F42bD6e7e7b300Dc391,COURT,68,VIDEO,2,READ,
w6,2025-12-19T15:01:19.350590Z,68.554,200,True,0xB81c8729A121819695CEEDA9b389f559D6398B3C,REGULATOR,162,VIDEO,2,READ,
w0,2025-12-19T15:01:19.350704Z,68.534,200,True,0xe9b50040eeAA45F16fd24222f4a97482737f6C8A,ADJUSTER,901,OTHER,1,READ,
w8,2025-12-19T15:01:19.350826Z,68.513,200,True,0xeD60C4758Fab078c38685EeEF9692D8Fa4F3dDB9,INSURER,880,OTHER,1,READ,
w2,2025-12-19T15:01:19.382581Z,79.419,200,True,0x933be1Be0aF68b62934fE96ADB1AB2Ee1C47B4F0,INSURER,561,MEDICAL_REPORT,5,READ,
w9,2025-12-19T15:01:19.418822Z,43.595,403,False,0x38C88185b74B534134345be38916483044075686,POLICE,971,OTHER,1,READ,
w6,2025-12-19T15:01:19.419148Z,43.567,403,False,0xcCC472e2d0eDA52066a80BCFb4577Dc9Fb7CD453,POLICE,888,OTHER,1,READ,
w3,2025-12-19T15:01:19.418109Z,80.919,200,True,0x58f181cd636a8F0a8335240Efc4979212ff45341,INSURER,261,IMAGE,2,READ,
w5,2025-12-19T15:01:19.418431Z,80.928,200,True,0x12DF904699208278b4355b568d47De4F2c9646fe,INSURER,692,MEDICAL_REPORT,5,READ,
w4,2025-12-19T15:01:19.418597Z,80.928,200,True,0x38C88185b74B534134345be38916483044075686,POLICE,485,IMAGE,2,READ,
w7,2025-12-19T15:01:19.418942Z,80.789,200,True,0x3a74Fec63a615BC94b9A47bEa6340935Ab155117,ADJUSTER,201,VIDEO,2,READ,
w1,2025-12-19T15:01:19.419049Z,80.805,200,True,0x85C720Ae65eF1706A0cf41695a93A34E189D5Ea0,INSURER,184,VIDEO,2,READ,
w0,2025-12-19T15:01:19.419242Z,80.726,200,True,0x73c07A746181c5256aC8EB8006fFbCF2239bEcC5,COURT,679,MEDICAL_REPORT,5,READ,
w8,2025-12-19T15:01:19.419343Z,80.735,200,True,0x1EBe67547Da63652edcAE7c36347A6d05ef27c1C,POLICE,67,VIDEO,2,READ,
w2,2025-12-19T15:01:19.462016Z,72.526,200,True,0x2875Aa8C20c095495Ab5d6A1aBE2E2b07077dF55,INSURER,225,VIDEO,2,READ,
w9,2025-12-19T15:01:19.462437Z,72.430,200,True,0x7B678e542Dec17ab096b423D15262dcD9B8c11D8,POLICE,471,IMAGE,2,READ,
w6,2025-12-19T15:01:19.462723Z,72.366,200,True,0x67A9BC3Fb3B4a392C223A8C644B48346b9Ca5128,COURT,478,IMAGE,2,READ,
w5,2025-12-19T15:01:19.499367Z,35.857,403,False,0x6c2d9F1aEdB2C485CABAF82412f88d5303Fd7B73,GARAGE,505,FNOL,4,READ,
w3,2025-12-19T15:01:19.499041Z,74.084,200,True,0x4f464925226709cf94C01633A1f468E106AD6413,INSURER,565,MEDICAL_REPORT,5,READ,
w4,2025-12-19T15:01:19.499531Z,74.507,200,True,0x419d3b699AA38c218f3D84f0a3129a6383634f17,ADJUSTER,16,VIDEO,2,READ,
w7,2025-12-19T15:01:19.499738Z,74.921,200,True,0x1cf47318cada656180563507BDd94262cAA29a4a,INSURER,201,VIDEO,2,READ,
w1,2025-12-19T15:01:19.499858Z,75.149,200,True,0x14E81fB79823D062AFEEC4B80e0bCCBE578d057e,REGULATOR,388,IMAGE,2,READ,
w0,2025-12-19T15:01:19.499973Z,75.252,200,True,0xCaa6A1a26D28f97DEDD4f555dEd43bC607f78384,INSURER,287,IMAGE,2,READ,
w8,2025-12-19T15:01:19.500083Z,75.357,200,True,0x4828419eA02B1D4399E039f8E5F346f37f19fA13,INSURER,980,OTHER,1,READ,
w2,2025-12-19T15:01:19.534555Z,69.865,200,True,0xd86Fa5B280bf58C28aaE39fB535e0e965F0E285B,INSURER,502,MEDICAL_REPORT,5,READ,
w9,2025-12-19T15:01:19.534875Z,69.926,200,True,0x077f45EB3eB6027C0D05Ab77CAC4D29c46cb3a6E,INSURER,265,IMAGE,2,READ,
w6,2025-12-19T15:01:19.535094Z,70.322,200,True,0xcE078954f123a07010672Fff05b36f5E43642106,INSURER,216,VIDEO,2,READ,
w5,2025-12-19T15:01:19.535230Z,70.928,200,True,0xa814b4D02E07Daa3235ffc1E4752eCF8f6C2D8d8,ADJUSTER,231,VIDEO,2,READ,
w0,2025-12-19T15:01:19.575233Z,31.551,403,False,0x3116De7d4519B71BA014e7EF3e874D3a98B64A91,POLICE,944,OTHER,1,READ,
w3,2025-12-19T15:01:19.573155Z,64.558,200,True,0x199baf9971453910adbCD45ae05Dc8f9B68fcB1f,INSURER,966,OTHER,1,READ,
w4,2025-12-19T15:01:19.574062Z,63.968,200,True,0x685A29EE8A06E458E58A29d721dFB677cdF8a600,INSURER,411,IMAGE,2,READ,
w7,2025-12-19T15:01:19.574674Z,63.941,200,True,0x3A995E7B23E0Fe0f9a5537f57AA80BACa529eFC4,INSURER,328,IMAGE,2,READ,
w1,2025-12-19T15:01:19.575016Z,64.173,200,True,0x02BD9B3b464b98EB353C8f83Eb3b4cB0627A52Ed,COURT,449,IMAGE,2,READ,
w8,2025-12-19T15:01:19.575448Z,64.176,200,True,0x3308795A526382DB26cF04047fE2bBd4F56E6CE7,COURT,544,MEDICAL_REPORT,5,READ,
w9,2025-12-19T15:01:19.604815Z,35.214,403,False,0x4BC2c2b671822006a9D592cdd2Db24e8Da3C6adf,GARAGE,41,VIDEO,2,READ,
w2,2025-12-19T15:01:19.604431Z,63.748,200,True,0x73c07A746181c5256aC8EB8006fFbCF2239bEcC5,COURT,317,IMAGE,2,READ,
w6,2025-12-19T15:01:19.605443Z,63.061,200,True,0x3d68C58ebB81123d1Ac10655857193A1cDee90CE,INSURER,563,FNOL,4,READ,
w5,2025-12-19T15:01:19.606184Z,62.493,200,True,0x78b99D5D04232b9650d619DBa5F5600a9242A472,INSURER,205,VIDEO,2,READ,
w0,2025-12-19T15:01:19.606804Z,62.075,200,True,0x199baf9971453910adbCD45ae05Dc8f9B68fcB1f,INSURER,803,TELEMATICS,3,READ,
w3,2025-12-19T15:01:19.637725Z,31.280,403,False,0xA75Af013B9CBdf4322e0c459A2fB8B708fbB8Ddc,POLICE,969,OTHER,1,READ,
w4,2025-12-19T15:01:19.638038Z,31.078,403,False,0x5C63EFf960008F7F9783957f07533386097149ce,POLICE,579,FNOL,4,READ,
w7,2025-12-19T15:01:19.638637Z,67.303,200,True,0x3d4Bd094c1894ed38F3EcF0799bE66f83a4199ca,ADJUSTER,18,VIDEO,2,READ,
w1,2025-12-19T15:01:19.639208Z,67.224,200,True,0x090F26617cAab81C15934159343Ff688fAf23820,POLICE,112,VIDEO,2,READ,
w8,2025-12-19T15:01:19.639638Z,67.061,200,True,0xDA941366d7481DffDAd4458a22913423f40dA1eA,ADJUSTER,175,VIDEO,2,READ,
w9,2025-12-19T15:01:19.640043Z,66.861,200,True,0xB2241965995ed972D442D6A9461eF3583ecA95B6,INSURER,977,OTHER,1,READ,
w2,2025-12-19T15:01:19.668191Z,68.845,200,True,0xf5d0314845FCf19022a28FeD6650e58CFc01f243,INSURER,357,IMAGE,2,READ,
w6,2025-12-19T15:01:19.668511Z,68.977,200,True,0x05d1ef5b43268c6a5BD456A953029092795045d9,INSURER,870,OTHER,1,READ,
w5,2025-12-19T15:01:19.668683Z,69.045,200,True,0xDD3EceF8307a47a0307E4f44135C61Dd2C75c6d7,POLICE,85,VIDEO,2,READ,
w0,2025-12-19T15:01:19.668885Z,69.152,200,True,0x46Adf75988C45FBD67a07651b6f684943428c17C,INSURER,197,VIDEO,2,READ,
w3,2025-12-19T15:01:19.669010Z,69.249,200,True,0x42dC03c90d7652B937d26628a86f9317bbf521dc,INSURER,110,VIDEO,2,READ,
w4,2025-12-19T15:01:19.669120Z,69.528,200,True,0x67A9BC3Fb3B4a392C223A8C644B48346b9Ca5128,COURT,730,TELEMATICS,3,READ,
w7,2025-12-19T15:01:19.705957Z,57.470,200,True,0x520F6Be8B20312c8CA4bB2773000A94923A4FaE5,POLICE,24,VIDEO,2,READ,
w1,2025-12-19T15:01:19.706443Z,57.416,200,True,0x5CdF84465a68A1A9CEfe264b98c0701879D78982,INSURER,988,OTHER,1,READ,
w8,2025-12-19T15:01:19.706708Z,57.389,200,True,0x466ec685AE894BAc153c11350FC488cAAa2C062E,INSURER,464,IMAGE,2,READ,
w9,2025-12-19T15:01:19.706912Z,57.428,200,True,0x1Ab5D0f68133DA5E100635Bdf5030650cA2bE691,ADJUSTER,947,OTHER,1,READ,
w2,2025-12-19T15:01:19.737053Z,56.654,200,True,0x567dccd668D18B4ACd8A2795151edB162Bc34767,ADJUSTER,230,VIDEO,2,READ,
w6,2025-12-19T15:01:19.737499Z,56.539,200,True,0x3db0bD968176A243AC81C5c8Cf02Cf429b04dD57,COURT,317,IMAGE,2,READ,
w5,2025-12-19T15:01:19.737737Z,56.472,200,True,0x85C720Ae65eF1706A0cf41695a93A34E189D5Ea0,INSURER,86,VIDEO,2,READ,
w0,2025-12-19T15:01:19.738046Z,56.378,200,True,0x630ba53C12B20a6EBd04Eb0819a24b1f8C554A01,INSURER,259,IMAGE,2,READ,
w3,2025-12-19T15:01:19.738267Z,56.293,200,True,0x466ec685AE894BAc153c11350FC488cAAa2C062E,INSURER,101,VIDEO,2,READ,
w4,2025-12-19T15:01:19.738659Z,56.030,200,True,0xD32B24Ff4D28e42239EcCd5cbdb456a1565DC083,ADJUSTER,430,IMAGE,2,READ,
w8,2025-12-19T15:01:19.764106Z,30.703,403,False,0xCF5E79F0E2BFC3eb5fe4aB0975E9F0eEc50b54E3,GARAGE,248,VIDEO,2,READ,
w7,2025-12-19T15:01:19.763442Z,54.037,200,True,0x40fca3Fa04d657c9879B638C57A2a70683E3efED,REGULATOR,588,MEDICAL_REPORT,5,READ,
w1,2025-12-19T15:01:19.763870Z,53.932,200,True,0x05d1ef5b43268c6a5BD456A953029092795045d9,INSURER,123,VIDEO,2,READ,
w9,2025-12-19T15:01:19.764347Z,53.626,200,True,0x59A67A1183C69AAf8Fe3D746D569392b7d4A5035,ADJUSTER,206,VIDEO,2,READ,
w4,2025-12-19T15:01:19.794695Z,23.451,403,False,0x59760590b1fCF3C846635ae6432DE56ef26298B8,GARAGE,622,FNOL,4,READ,
w2,2025-12-19T15:01:19.793719Z,63.895,200,True,0x199baf9971453910adbCD45ae05Dc8f9B68fcB1f,INSURER,425,IMAGE,2,READ,
w6,2025-12-19T15:01:19.794046Z,64.253,200,True,0xB81c8729A121819695CEEDA9b389f559D6398B3C,REGULATOR,779,TELEMATICS,3,READ,
w5,2025-12-19T15:01:19.794216Z,64.817,200,True,0xE385ea618340FfE0d7c7e9EB25048F1c1E437F33,INSURER,825,TELEMATICS,3,READ,
w0,2025-12-19T15:01:19.794431Z,64.843,200,True,0x1F98dd762361D7256a816f8086AE6FfB657fa5bC,POLICE,55,VIDEO,2,READ,
w3,2025-12-19T15:01:19.794565Z,64.929,200,True,0x48c487f18ce4aAFcf592B2eC3611eAa7B1C85918,ADJUSTER,1,VIDEO,2,READ,
w8,2025-12-19T15:01:19.794814Z,64.887,200,True,0xCdb11D137710f0a5234b9D3c040668B6D48e59d4,COURT,958,OTHER,1,READ,
w7,2025-12-19T15:01:19.817490Z,42.412,403,False,0xa96C0E04f38F8dC8842789660AA8C570bfCCFF50,GARAGE,501,FNOL,4,READ,
w1,2025-12-19T15:01:19.817810Z,62.495,200,True,0x415Ba7B0D983442D5407ABEF5Ebd8e9d2bB533B7,POLICE,68,VIDEO,2,READ,
w9,2025-12-19T15:01:19.817979Z,62.629,200,True,0x81A893236EFCdC58F1f9421b59Ee21eb7e38f8FB,INSURER,966,OTHER,1,READ,
w4,2025-12-19T15:01:19.818151Z,62.665,200,True,0x4395153bc7Ac8ebD080b3C98FE634fcA40E5609F,COURT,592,MEDICAL_REPORT,5,READ,
w2,2025-12-19T15:01:19.857637Z,61.165,200,True,0xF96D07BDd0404b21a6B987cF6C21b9A5E3045f5F,INSURER,118,VIDEO,2,READ,
w6,2025-12-19T15:01:19.858318Z,60.808,200,True,0xDD3EceF8307a47a0307E4f44135C61Dd2C75c6d7,POLICE,106,VIDEO,2,READ,
w5,2025-12-19T15:01:19.859042Z,60.257,200,True,0xD06Cc40e4D98aDc886d652F4253985B5c04282b9,REGULATOR,28,VIDEO,2,READ,
w0,2025-12-19T15:01:19.859283Z,60.225,200,True,0x3495fF4A33D3b8aCCB512226B501122064b1e8fe,INSURER,613,FNOL,4,READ,
w3,2025-12-19T15:01:19.859501Z,60.136,200,True,0x29Da547ffD477d0d4628d547368EcFDF73054469,ADJUSTER,106,VIDEO,2,READ,
w8,2025-12-19T15:01:19.859709Z,60.042,200,True,0xcE078954f123a07010672Fff05b36f5E43642106,INSURER,283,IMAGE,2,READ,
w7,2025-12-19T15:01:19.859910Z,59.950,200,True,0xd6f5696C80b8cb2D4AAaFdaf8E7C266cf4af4538,COURT,224,VIDEO,2,READ,
w1,2025-12-19T15:01:19.880317Z,72.821,200,True,0x68cBdE77b98e3AF3281dBC229ee66540Eac3f007,ADJUSTER,658,FNOL,4,READ,
w9,2025-12-19T15:01:19.880617Z,72.833,200,True,0xBeBf134906e0FCcd85b0D99a4626a7B8584e742c,ADJUSTER,598,FNOL,4,READ,
w4,2025-12-19T15:01:19.880822Z,72.788,200,True,0xACaaedBfb07404f2aAf0ccd6503B1529C1A48764,ADJUSTER,802,TELEMATICS,3,READ,
w8,2025-12-19T15:01:19.919757Z,34.024,403,False,0x57e02f30Dd15545B3A9eC4841D0D58Ee1D829414,GARAGE,88,VIDEO,2,READ,
w7,2025-12-19T15:01:19.919865Z,34.034,403,False,0x29Da547ffD477d0d4628d547368EcFDF73054469,ADJUSTER,569,MEDICAL_REPORT,5,READ,
w2,2025-12-19T15:01:19.918814Z,66.854,200,True,0xb8Fe0E775705824a50658ef111434567024d4310,REGULATOR,480,IMAGE,2,READ,
w6,2025-12-19T15:01:19.919135Z,66.849,200,True,0x3E93709810FB754ab4D6A2487344dF504087996D,INSURER,3,VIDEO,2,READ,
w5,2025-12-19T15:01:19.919304Z,66.868,200,True,0x419d3b699AA38c218f3D84f0a3129a6383634f17,ADJUSTER,567,FNOL,4,READ,
w0,2025-12-19T15:01:19.919515Z,66.909,200,True,0xF09aBd729B48E734Ad684B93585E8D043D55c967,INSURER,372,IMAGE,2,READ,
w3,2025-12-19T15:01:19.919642Z,67.037,200,True,0xd132a79Ca7Be8caaC9A27467EB9B65F7cBD6F50E,ADJUSTER,559,FNOL,4,READ,
w1,2025-12-19T15:01:19.953149Z,33.734,403,False,0x5173D7F8755FdF3d2f05C01D029A3Dc55EaC0476,POLICE,767,TELEMATICS,3,READ,
w9,2025-12-19T15:01:19.953458Z,64.733,200,True,0xD0Ce1d9D5A9c7E4F03d499A265d3014Ae5da7644,ADJUSTER,106,VIDEO,2,READ,
w4,2025-12-19T15:01:19.953616Z,65.037,200,True,0xBCb233Ef85EC11C88E20Ea53Bb47f454d116FBe3,ADJUSTER,725,TELEMATICS,3,READ,
w8,2025-12-19T15:01:19.953786Z,65.244,200,True,0xF96D07BDd0404b21a6B987cF6C21b9A5E3045f5F,INSURER,767,TELEMATICS,3,READ,
w7,2025-12-19T15:01:19.953904Z,65.363,200,True,0xB8954C40b419Ae7332fF39Ce3d458ba1fed03941,REGULATOR,637,FNOL,4,READ,
w3,2025-12-19T15:01:19.986687Z,32.788,403,False,0xD3b3bd4ce4B597519FCE080Ce05805A99cC8C772,GARAGE,898,OTHER,1,READ,
w1,2025-12-19T15:01:19.986888Z,32.792,403,False,0x3116De7d4519B71BA014e7EF3e874D3a98B64A91,POLICE,902,OTHER,1,READ,
w2,2025-12-19T15:01:19.985678Z,58.795,200,True,0x3418C54B33ca42d0dF096EaD255791c7B2E2f3d9,ADJUSTER,885,OTHER,1,READ,
w6,2025-12-19T15:01:19.985992Z,58.806,200,True,0x466ec685AE894BAc153c11350FC488cAAa2C062E,INSURER,818,TELEMATICS,3,READ,
w5,2025-12-19T15:01:19.986179Z,58.795,200,True,0x81daFDe6F70ee2Fb93671DC220cC29F8205ACB57,INSURER,870,OTHER,1,READ,
w0,2025-12-19T15:01:19.986434Z,58.736,200,True,0x808936f08CCC0a9C3953Cd3716006fB99825CBa4,COURT,156,VIDEO,2,READ,
w4,2025-12-19T15:01:20.018664Z,26.633,403,False,0x4BA98aed0F31F1E56A9bc733FD86aB30e5b88D0E,GARAGE,568,FNOL,4,READ,
w9,2025-12-19T15:01:20.018207Z,46.626,200,True,0x05d1ef5b43268c6a5BD456A953029092795045d9,INSURER,803,TELEMATICS,3,READ,
w8,2025-12-19T15:01:20.019039Z,46.309,200,True,0x51a1E6D900E3e04c169Be84b2D5e5ccB2420B0EB,INSURER,296,IMAGE,2,READ,
w7,2025-12-19T15:01:20.019275Z,46.303,200,True,0x014E540c98B93f6ce2a6F2D7FE66BeD9a19f7bEC,ADJUSTER,476,IMAGE,2,READ,
w3,2025-12-19T15:01:20.019482Z,46.237,200,True,0xeaD317253F31780B00e0Ef360b1ade2Fb83c2b3E,INSURER,487,IMAGE,2,READ,
w1,2025-12-19T15:01:20.019687Z,46.212,200,True,0xa814b4D02E07Daa3235ffc1E4752eCF8f6C2D8d8,ADJUSTER,858,OTHER,1,READ,
w2,2025-12-19T15:01:20.044485Z,54.880,200,True,0x46Adf75988C45FBD67a07651b6f684943428c17C,INSURER,728,TELEMATICS,3,READ,
w6,2025-12-19T15:01:20.044807Z,54.885,200,True,0x28606132Fb05B11eee1fa6ACe3CB39F3EFFFdCCe,ADJUSTER,888,OTHER,1,READ,
w5,2025-12-19T15:01:20.044980Z,54.887,200,True,0x9F6d6682cb1957F9585F9b8AC3469E4D767600D6,INSURER,246,VIDEO,2,READ,
w0,2025-12-19T15:01:20.045176Z,54.896,200,True,0xE056D0a60EfEE3e1642D5B2129E2bbBdAf22444c,INSURER,291,IMAGE,2,READ,
w4,2025-12-19T15:01:20.045303Z,54.911,200,True,0xBCb233Ef85EC11C88E20Ea53Bb47f454d116FBe3,ADJUSTER,610,FNOL,4,READ,
w7,2025-12-19T15:01:20.065585Z,34.755,403,False,0xafA5Afd00Ec5464DAf96FCe2b09f4e4e157F4A67,POLICE,847,TELEMATICS,3,READ,
w9,2025-12-19T15:01:20.064851Z,73.103,200,True,0x82B01EfD510Bee8680730EEf777526b020e2398B,INSURER,386,IMAGE,2,READ,
w8,2025-12-19T15:01:20.065364Z,73.611,200,True,0x7B46635cB6cA958f34ae933b93884a5f19b258D7,INSURER,598,FNOL,4,READ,
w3,2025-12-19T15:01:20.065725Z,74.158,200,True,0x09596bf36cE63dABDeB58d68a52792B7BA13ba84,ADJUSTER,286,IMAGE,2,READ,
w1,2025-12-19T15:01:20.065907Z,74.546,200,True,0xC5f6e3512D3B1133da1f88159fDf63dC9f2d43FB,ADJUSTER,34,VIDEO,2,READ,
w6,2025-12-19T15:01:20.099701Z,41.234,403,False,0x84FDd0E1F145C20f9451b1eB751c26e76B3232d4,POLICE,825,TELEMATICS,3,READ,
w7,2025-12-19T15:01:20.100345Z,40.923,403,False,0xC586D6C2dc89b791ae2AA6ae054c2629891275e1,POLICE,755,TELEMATICS,3,READ,
w2,2025-12-19T15:01:20.099376Z,70.672,200,True,0x811FdDFb3340F34AB2b91C97AcB5FAeB6405847E,REGULATOR,40,VIDEO,2,READ,
w5,2025-12-19T15:01:20.099874Z,70.517,200,True,0xACaaedBfb07404f2aAf0ccd6503B1529C1A48764,ADJUSTER,375,IMAGE,2,READ,
w0,2025-12-19T15:01:20.100078Z,70.493,200,True,0x46Adf75988C45FBD67a07651b6f684943428c17C,INSURER,178,VIDEO,2,READ,
w4,2025-12-19T15:01:20.100220Z,70.547,200,True,0x077f45EB3eB6027C0D05Ab77CAC4D29c46cb3a6E,INSURER,962,OTHER,1,READ,
w8,2025-12-19T15:01:20.139018Z,31.879,403,False,0xD261b62ccB398d8100234C5fD641c6D67B10C62B,GARAGE,691,MEDICAL_REPORT,5,READ,
w9,2025-12-19T15:01:20.137971Z,66.110,200,True,0x466ec685AE894BAc153c11350FC488cAAa2C062E,INSURER,796,TELEMATICS,3,READ,
w3,2025-12-19T15:01:20.139906Z,65.084,200,True,0x12DF904699208278b4355b568d47De4F2c9646fe,INSURER,635,MEDICAL_REPORT,5,READ,
w1,2025-12-19T15:01:20.140473Z,65.457,200,True,0xdBf006c9b4fEA25fFA98161abc660B4643109625,ADJUSTER,884,OTHER,1,READ,
w6,2025-12-19T15:01:20.140950Z,66.576,200,True,0x97910F1306b5414B4C61D9A719B6871f5c77662f,INSURER,86,VIDEO,2,READ,
w7,2025-12-19T15:01:20.141275Z,67.259,200,True,0xC586D6C2dc89b791ae2AA6ae054c2629891275e1,POLICE,396,IMAGE,2,READ,
w2,2025-12-19T15:01:20.170059Z,74.419,200,True,0x8Dd96368f7a8216813107Fe89688AcaafE8Cb76D,INSURER,748,TELEMATICS,3,READ,
w5,2025-12-19T15:01:20.170399Z,74.407,200,True,0x50Ed54bf40D96Fda59d7F83abE5551535d7938ac,COURT,773,TELEMATICS,3,READ,
w0,2025-12-19T15:01:20.170578Z,74.396,200,True,0xD6e58dE85e171C0D6BB42Cf4a85fBa7C55ce5618,INSURER,497,IMAGE,2,READ,
w4,2025-12-19T15:01:20.170773Z,74.416,200,True,0x51a1E6D900E3e04c169Be84b2D5e5ccB2420B0EB,INSURER,492,IMAGE,2,READ,
w8,2025-12-19T15:01:20.170902Z,74.327,200,True,0xCC05C551476CDbEfAd79Ed75427937b892aaFE9C,ADJUSTER,925,OTHER,1,READ,
w3,2025-12-19T15:01:20.205034Z,40.226,403,False,0x23aA93bc659A3e3D0da5434a4088578341D43278,GARAGE,895,OTHER,1,READ,
w1,2025-12-19T15:01:20.205956Z,39.332,403,False,0x4BA98aed0F31F1E56A9bc733FD86aB30e5b88D0E,GARAGE,50,VIDEO,2,READ,
w9,2025-12-19T15:01:20.204095Z,60.667,200,True,0x98eAB44F56Ae1f00C301517F1B6fCDb7a452D64b,ADJUSTER,432,IMAGE,2,READ,
w6,2025-12-19T15:01:20.207558Z,57.307,200,True,0x7B46635cB6cA958f34ae933b93884a5f19b258D7,INSURER,548,MEDICAL_REPORT,5,READ,
w7,2025-12-19T15:01:20.208561Z,56.340,200,True,0x73E42dF14ff21e7994A37802a292F71830CDA5aF,INSURER,717,TELEMATICS,3,READ,
w2,2025-12-19T15:01:20.244489Z,55.410,200,True,0xE1C502975CC15E22bC10c8a6e352061ef61bBc2A,COURT,760,TELEMATICS,3,READ,
w5,2025-12-19T15:01:20.244814Z,55.202,200,True,0xD0Ce1d9D5A9c7E4F03d499A265d3014Ae5da7644,ADJUSTER,203,VIDEO,2,READ,
w0,2025-12-19T15:01:20.244980Z,55.117,200,True,0x3d4Bd094c1894ed38F3EcF0799bE66f83a4199ca,ADJUSTER,456,IMAGE,2,READ,
