worker,start_time_iso,latency_ms,status,allowed,subject_address,subject_role,resource_id,resource_type,resource_sensitivity,action,error
w60,2025-12-19T15:01:25.402115Z,132.344,403,False,0xBCb233Ef85EC11C88E20Ea53Bb47f454d116FBe3,ADJUSTER,638,MEDICAL_REPORT,5,READ,
w62,2025-12-19T15:01:25.402174Z,132.676,403,False,0x01891323537Ca8c745Cd76182c9eB81519eaC821,GARAGE,837,TELEMATICS,3,READ,
w8,2025-12-19T15:01:25.400486Z,134.557,403,False,0x415Ba7B0D983442D5407ABEF5Ebd8e9d2bB533B7,POLICE,551,FNOL,4,READ,
w66,2025-12-19T15:01:25.402369Z,133.017,403,False,0x84FDd0E1F145C20f9451b1eB751c26e76B3232d4,POLICE,805,TELEMATICS,3,READ,
w13,2025-12-19T15:01:25.400639Z,134.905,403,False,0x2B5dEec5325fd9befC139A2071d830B25FAd52Ef,GARAGE,969,OTHER,1,READ,
w68,2025-12-19T15:01:25.402420Z,133.254,403,False,0x59760590b1fCF3C846635ae6432DE56ef26298B8,GARAGE,966,OTHER,1,READ,
w72,2025-12-19T15:01:25.402532Z,133.260,403,False,0xDd45386232533D2C209976e678A91A2263676ECB,GARAGE,812,TELEMATICS,3,READ,
w21,2025-12-19T15:01:25.400865Z,135.050,403,False,0x38C88185b74B534134345be38916483044075686,POLICE,987,OTHER,1,READ,
w22,2025-12-19T15:01:25.401022Z,135.004,403,False,0x01891323537Ca8c745Cd76182c9eB81519eaC821,GARAGE,859,OTHER,1,READ,
w81,2025-12-19T15:01:25.402776Z,133.355,403,False,0x26b179d013C696c433c0f316E594f7a7AcE77C79,GARAGE,568,FNOL,4,READ,
w27,2025-12-19T15:01:25.401175Z,135.064,403,False,0x28365792Da71bc8AcAD11a4393049d006EF2E972,GARAGE,869,OTHER,1,READ,
w88,2025-12-19T15:01:25.402960Z,133.396,403,False,0x01891323537Ca8c745Cd76182c9eB81519eaC821,GARAGE,193,VIDEO,2,READ,
w91,2025-12-19T15:01:25.403042Z,133.760,403,False,0xD261b62ccB398d8100234C5fD641c6D67B10C62B,GARAGE,927,OTHER,1,READ,
w35,2025-12-19T15:01:25.401404Z,135.575,403,False,0x26b179d013C696c433c0f316E594f7a7AcE77C79,GARAGE,216,VIDEO,2,READ,
w92,2025-12-19T15:01:25.403068Z,134.068,403,False,0x5173D7F8755FdF3d2f05C01D029A3Dc55EaC0476,POLICE,598,FNOL,4,READ,
w36,2025-12-19T15:01:25.401432Z,135.824,403,False,0xd132a79Ca7Be8caaC9A27467EB9B65F7cBD6F50E,ADJUSTER,640,MEDICAL_REPORT,5,READ,
w93,2025-12-19T15:01:25.403096Z,134.265,403,False,0xBC78986794f1658340222E011F7e1Cf375177F95,ADJUSTER,531,MEDICAL_REPORT,5,READ,
w40,2025-12-19T15:01:25.401539Z,135.924,403,False,0xcCC472e2d0eDA52066a80BCFb4577Dc9Fb7CD453,POLICE,961,OTHER,1,READ,
w42,2025-12-19T15:01:25.401594Z,135.971,403,False,0x7C8B230898f07628a4f24e2D0ffe62373593dCce,POLICE,951,OTHER,1,READ,
w46,2025-12-19T15:01:25.401704Z,135.960,403,False,0xD261b62ccB398d8100234C5fD641c6D67B10C62B,GARAGE,824,TELEMATICS,3,READ,
w49,2025-12-19T15:01:25.401787Z,135.975,403,False,0x2B5dEec5325fd9befC139A2071d830B25FAd52Ef,GARAGE,606,MEDICAL_REPORT,5,READ,
w50,2025-12-19T15:01:25.401825Z,136.067,403,False,0xa96C0E04f38F8dC8842789660AA8C570bfCCFF50,GARAGE,809,TELEMATICS,3,READ,
w52,2025-12-19T15:01:25.401882Z,136.190,403,False,0xCF5E79F0E2BFC3eb5fe4aB0975E9F0eEc50b54E3,GARAGE,228,VIDEO,2,READ,
w5,2025-12-19T15:01:25.400385Z,137.866,403,False,0x1F98dd762361D7256a816f8086AE6FfB657fa5bC,POLICE,878,OTHER,1,READ,
w6,2025-12-19T15:01:25.400421Z,232.659,200,True,0x07DA3024980d3B92Bcf6B8850A7C08F758B5F781,INSURER,198,VIDEO,2,READ,
w61,2025-12-19T15:01:25.402144Z,231.288,200,True,0x466ec685AE894BAc153c11350FC488cAAa2C062E,INSURER,317,IMAGE,2,READ,
w7,2025-12-19T15:01:25.400455Z,233.415,200,True,0x3d9c5458418bD082b010C0F93c3b8FBF9826E0Bf,INSURER,896,OTHER,1,READ,
w63,2025-12-19T15:01:25.402284Z,231.773,200,True,0xC23BB727D3Ae6bD9cd90AC52ee26359F19176de3,INSURER,501,FNOL,4,READ,
w9,2025-12-19T15:01:25.400517Z,233.707,200,True,0x67A9BC3Fb3B4a392C223A8C644B48346b9Ca5128,COURT,289,IMAGE,2,READ,
w64,2025-12-19T15:01:25.402314Z,232.034,200,True,0x81A893236EFCdC58F1f9421b59Ee21eb7e38f8FB,INSURER,291,IMAGE,2,READ,
w10,2025-12-19T15:01:25.400548Z,233.916,200,True,0xc0F601980c6FD898E06229024740eec17abbF5C2,INSURER,743,TELEMATICS,3,READ,
w65,2025-12-19T15:01:25.402342Z,232.253,200,True,0x476ad4Ce50BbD6624855e3d1e12E6cC23654359A,INSURER,61,VIDEO,2,READ,
w11,2025-12-19T15:01:25.400576Z,234.149,200,True,0x81daFDe6F70ee2Fb93671DC220cC29F8205ACB57,INSURER,35,VIDEO,2,READ,
w12,2025-12-19T15:01:25.400609Z,234.231,200,True,0x11F50254a88A6e26E6Bb5aAE8d74E52372B4270E,COURT,30,VIDEO,2,READ,
w67,2025-12-19T15:01:25.402395Z,232.552,200,True,0x3A995E7B23E0Fe0f9a5537f57AA80BACa529eFC4,INSURER,763,TELEMATICS,3,READ,
w14,2025-12-19T15:01:25.400669Z,234.387,200,True,0x82B01EfD510Bee8680730EEf777526b020e2398B,INSURER,907,OTHER,1,READ,
w69,2025-12-19T15:01:25.402448Z,232.708,200,True,0xD6e58dE85e171C0D6BB42Cf4a85fBa7C55ce5618,INSURER,764,TELEMATICS,3,READ,
w15,2025-12-19T15:01:25.400696Z,234.961,200,True,0xBeBf134906e0FCcd85b0D99a4626a7B8584e742c,ADJUSTER,463,IMAGE,2,READ,
w70,2025-12-19T15:01:25.402475Z,233.339,200,True,0x5cA86E3342DEA0C1a26C49f1a4fA40DeEeAFf8a8,INSURER,782,TELEMATICS,3,READ,
w16,2025-12-19T15:01:25.400724Z,235.219,200,True,0xCdb11D137710f0a5234b9D3c040668B6D48e59d4,COURT,925,OTHER,1,READ,
w71,2025-12-19T15:01:25.402504Z,233.554,200,True,0x73E42dF14ff21e7994A37802a292F71830CDA5aF,INSURER,373,IMAGE,2,READ,
w17,2025-12-19T15:01:25.400753Z,235.412,200,True,0xD6e58dE85e171C0D6BB42Cf4a85fBa7C55ce5618,INSURER,629,MEDICAL_REPORT,5,READ,
w18,2025-12-19T15:01:25.400780Z,235.490,200,True,0xE1C502975CC15E22bC10c8a6e352061ef61bBc2A,COURT,732,TELEMATICS,3,READ,
w73,2025-12-19T15:01:25.402557Z,233.815,200,True,0xdBf006c9b4fEA25fFA98161abc660B4643109625,ADJUSTER,221,VIDEO,2,READ,
w19,2025-12-19T15:01:25.400810Z,235.673,200,True,0xcCC472e2d0eDA52066a80BCFb4577Dc9Fb7CD453,POLICE,25,VIDEO,2,READ,
w74,2025-12-19T15:01:25.402584Z,234.048,200,True,0xE4A8571e1F142Bd99866AA9464c49517B2ac0E01,ADJUSTER,36,VIDEO,2,READ,
w20,2025-12-19T15:01:25.400839Z,235.909,200,True,0x1EBe67547Da63652edcAE7c36347A6d05ef27c1C,POLICE,419,IMAGE,2,READ,
w75,2025-12-19T15:01:25.402611Z,234.241,200,True,0x07DA3024980d3B92Bcf6B8850A7C08F758B5F781,INSURER,545,FNOL,4,READ,
w76,2025-12-19T15:01:25.402639Z,234.323,200,True,0x2ee7F051BB940423f554ea44742f7c4c8C20Ea59,INSURER,214,VIDEO,2,READ,
w77,2025-12-19T15:01:25.402667Z,234.396,200,True,0xdBf006c9b4fEA25fFA98161abc660B4643109625,ADJUSTER,165,VIDEO,2,READ,
w78,2025-12-19T15:01:25.402696Z,236.360,200,True,0x50Ed54bf40D96Fda59d7F83abE5551535d7938ac,COURT,222,VIDEO,2,READ,
w79,2025-12-19T15:01:25.402721Z,236.621,200,True,0xF96D07BDd0404b21a6B987cF6C21b9A5E3045f5F,INSURER,103,VIDEO,2,READ,
w23,2025-12-19T15:01:25.401058Z,238.485,200,True,0xDA941366d7481DffDAd4458a22913423f40dA1eA,ADJUSTER,113,VIDEO,2,READ,
w80,2025-12-19T15:01:25.402746Z,236.954,200,True,0xB3e698A67fD5AEeB61b8bE389e7E917Bc2Ea032a,POLICE,366,IMAGE,2,READ,
w24,2025-12-19T15:01:25.401088Z,238.753,200,True,0xE385ea618340FfE0d7c7e9EB25048F1c1E437F33,INSURER,343,IMAGE,2,READ,
w25,2025-12-19T15:01:25.401117Z,238.845,200,True,0xF96D07BDd0404b21a6B987cF6C21b9A5E3045f5F,INSURER,672,FNOL,4,READ,
w82,2025-12-19T15:01:25.402802Z,237.422,200,True,0x5ee06906aF52aEd2c884D505d3a0A7CA7513188D,INSURER,390,IMAGE,2,READ,
w26,2025-12-19T15:01:25.401143Z,239.223,200,True,0xD261b62ccB398d8100234C5fD641c6D67B10C62B,GARAGE,397,IMAGE,2,READ,
w83,2025-12-19T15:01:25.402831Z,237.898,200,True,0x09596bf36cE63dABDeB58d68a52792B7BA13ba84,ADJUSTER,724,TELEMATICS,3,READ,
w84,2025-12-19T15:01:25.402856Z,238.037,200,True,0xa814b4D02E07Daa3235ffc1E4752eCF8f6C2D8d8,ADJUSTER,968,OTHER,1,READ,
w28,2025-12-19T15:01:25.401205Z,239.815,200,True,0x93787a823E3D4Ae295F5a91C0e87325E40B3aa3F,REGULATOR,596,FNOL,4,READ,
w85,2025-12-19T15:01:25.402883Z,238.252,200,True,0x23aA93bc659A3e3D0da5434a4088578341D43278,GARAGE,335,IMAGE,2,READ,
w29,2025-12-19T15:01:25.401233Z,240.013,200,True,0xc0F601980c6FD898E06229024740eec17abbF5C2,INSURER,164,VIDEO,2,READ,
w86,2025-12-19T15:01:25.402909Z,238.444,200,True,0xFeC4882fEAf263ac0fD1b9B4271dD1852B413584,INSURER,583,MEDICAL_REPORT,5,READ,
w30,2025-12-19T15:01:25.401262Z,240.250,200,True,0x262C7B7B136C441fA055dA7F585a2Ab956c1123C,INSURER,774,TELEMATICS,3,READ,
w87,2025-12-19T15:01:25.402934Z,238.754,200,True,0x262C7B7B136C441fA055dA7F585a2Ab956c1123C,INSURER,814,TELEMATICS,3,READ,
w31,2025-12-19T15:01:25.401290Z,240.523,200,True,0x93787a823E3D4Ae295F5a91C0e87325E40B3aa3F,REGULATOR,993,OTHER,1,READ,
w32,2025-12-19T15:01:25.401320Z,240.605,200,True,0x2ee7F051BB940423f554ea44742f7c4c8C20Ea59,INSURER,221,VIDEO,2,READ,
w89,2025-12-19T15:01:25.402990Z,239.047,200,True,0xD6e58dE85e171C0D6BB42Cf4a85fBa7C55ce5618,INSURER,502,MEDICAL_REPORT,5,READ,
w33,2025-12-19T15:01:25.401348Z,240.792,200,True,0x3418C54B33ca42d0dF096EaD255791c7B2E2f3d9,ADJUSTER,86,VIDEO,2,READ,
w90,2025-12-19T15:01:25.403016Z,239.226,200,True,0x68cBdE77b98e3AF3281dBC229ee66540Eac3f007,ADJUSTER,122,VIDEO,2,READ,
w34,2025-12-19T15:01:25.401377Z,240.967,200,True,0xB2241965995ed972D442D6A9461eF3583ecA95B6,INSURER,319,IMAGE,2,READ,
w37,2025-12-19T15:01:25.401457Z,240.991,200,True,0x42dC03c90d7652B937d26628a86f9317bbf521dc,INSURER,491,IMAGE,2,READ,
w94,2025-12-19T15:01:25.403122Z,239.459,200,True,0x51A2465dc26f17e37524f93494A8409715ACc9c2,INSURER,960,OTHER,1,READ,
w38,2025-12-19T15:01:25.401482Z,241.228,200,True,0xB8954C40b419Ae7332fF39Ce3d458ba1fed03941,REGULATOR,46,VIDEO,2,READ,
w95,2025-12-19T15:01:25.403153Z,239.664,200,True,0x3308795A526382DB26cF04047fE2bBd4F56E6CE7,COURT,557,FNOL,4,READ,
w39,2025-12-19T15:01:25.401509Z,241.410,200,True,0xF96D07BDd0404b21a6B987cF6C21b9A5E3045f5F,INSURER,193,VIDEO,2,READ,
w96,2025-12-19T15:01:25.403180Z,239.838,200,True,0x82B01EfD510Bee8680730EEf777526b020e2398B,INSURER,490,IMAGE,2,READ,
w97,2025-12-19T15:01:25.403207Z,239.968,200,True,0x330f902fF463e2B611211Ccb44EF749E558Ba02a,INSURER,948,OTHER,1,READ,
w41,2025-12-19T15:01:25.401569Z,241.728,200,True,0x5C63EFf960008F7F9783957f07533386097149ce,POLICE,135,VIDEO,2,READ,
w98,2025-12-19T15:01:25.403232Z,240.172,200,True,0x3E93709810FB754ab4D6A2487344dF504087996D,INSURER,482,IMAGE,2,READ,
w99,2025-12-19T15:01:25.403259Z,240.267,200,True,0x1Ab5D0f68133DA5E100635Bdf5030650cA2bE691,ADJUSTER,310,IMAGE,2,READ,
w43,2025-12-19T15:01:25.401621Z,242.022,200,True,0xBeBf134906e0FCcd85b0D99a4626a7B8584e742c,ADJUSTER,352,IMAGE,2,READ,
w1,2025-12-19T15:01:25.400115Z,243.639,200,True,0xD261b62ccB398d8100234C5fD641c6D67B10C62B,GARAGE,297,IMAGE,2,READ,
w44,2025-12-19T15:01:25.401649Z,242.288,200,True,0x182C98818C6b29Ff23d7d1d9766e1B1dEB1aBAeB,INSURER,577,FNOL,4,READ,
w45,2025-12-19T15:01:25.401676Z,242.377,200,True,0x3E93709810FB754ab4D6A2487344dF504087996D,INSURER,615,FNOL,4,READ,
w47,2025-12-19T15:01:25.401731Z,242.428,200,True,0x6B97e16D77504562cB9392834019252f4057F4D5,POLICE,262,IMAGE,2,READ,
w48,2025-12-19T15:01:25.401760Z,242.499,200,True,0xF80B0672A4f16BDe21fA2DF31482dA0fC606A43f,ADJUSTER,295,IMAGE,2,READ,
w51,2025-12-19T15:01:25.401856Z,242.505,200,True,0xFf85d9d86E5E1a3792266E2a5BB970C470C1e0c5,COURT,771,TELEMATICS,3,READ,
w53,2025-12-19T15:01:25.401909Z,242.555,200,True,0xeD60C4758Fab078c38685EeEF9692D8Fa4F3dDB9,INSURER,520,MEDICAL_REPORT,5,READ,
w54,2025-12-19T15:01:25.401938Z,242.643,200,True,0x9F6d6682cb1957F9585F9b8AC3469E4D767600D6,INSURER,311,IMAGE,2,READ,
w55,2025-12-19T15:01:25.401965Z,242.736,200,True,0x5e3B546a11dc657CdFa106cd26E2211ee451c0d7,INSURER,439,IMAGE,2,READ,
w56,2025-12-19T15:01:25.401999Z,242.809,200,True,0x4828419eA02B1D4399E039f8E5F346f37f19fA13,INSURER,928,OTHER,1,READ,
w2,2025-12-19T15:01:25.400237Z,244.671,200,True,0x044bef4Ff250cBBFE36FEfE3b859D78bA04c1223,INSURER,419,IMAGE,2,READ,
w57,2025-12-19T15:01:25.402025Z,242.987,200,True,0xD46492141A5F13412fa59e5F47Ce969c7954E752,INSURER,299,IMAGE,2,READ,
w3,2025-12-19T15:01:25.400293Z,244.819,200,True,0x567dccd668D18B4ACd8A2795151edB162Bc34767,ADJUSTER,270,IMAGE,2,READ,
w58,2025-12-19T15:01:25.402056Z,243.156,200,True,0x50Ed54bf40D96Fda59d7F83abE5551535d7938ac,COURT,723,TELEMATICS,3,READ,
w4,2025-12-19T15:01:25.400341Z,244.975,200,True,0xC23BB727D3Ae6bD9cd90AC52ee26359F19176de3,INSURER,214,VIDEO,2,READ,
w59,2025-12-19T15:01:25.402088Z,243.329,200,True,0xE056D0a60EfEE3e1642D5B2129E2bbBdAf22444c,INSURER,225,VIDEO,2,READ,
w0,2025-12-19T15:01:25.397962Z,247.570,200,True,0x0479AcE8E12E22b9751dF7542dd8f225c221EC34,ADJUSTER,598,FNOL,4,READ,
w60,2025-12-19T15:01:25.534476Z,111.175,403,False,0x3116De7d4519B71BA014e7EF3e874D3a98B64A91,POLICE,766,TELEMATICS,3,READ,
w72,2025-12-19T15:01:25.535796Z,109.976,403,False,0x4BA98aed0F31F1E56A9bc733FD86aB30e5b88D0E,GARAGE,718,TELEMATICS,3,READ,
w42,2025-12-19T15:01:25.537569Z,108.316,403,False,0xDD3EceF8307a47a0307E4f44135C61Dd2C75c6d7,POLICE,737,TELEMATICS,3,READ,
w49,2025-12-19T15:01:25.537766Z,108.228,403,False,0x01891323537Ca8c745Cd76182c9eB81519eaC821,GARAGE,242,VIDEO,2,READ,
w62,2025-12-19T15:01:25.534858Z,180.003,200,True,0x8Dd96368f7a8216813107Fe89688AcaafE8Cb76D,INSURER,542,FNOL,4,READ,
w8,2025-12-19T15:01:25.535050Z,180.181,200,True,0x12DF904699208278b4355b568d47De4F2c9646fe,INSURER,820,TELEMATICS,3,READ,
w66,2025-12-19T15:01:25.535393Z,180.280,200,True,0x4f464925226709cf94C01633A1f468E106AD6413,INSURER,139,VIDEO,2,READ,
w13,2025-12-19T15:01:25.535549Z,180.307,200,True,0xF96D07BDd0404b21a6B987cF6C21b9A5E3045f5F,INSURER,899,OTHER,1,READ,
w68,2025-12-19T15:01:25.535679Z,180.329,200,True,0x11652BF4c5D394F3a46E96f2bE659939a0f6a6ed,INSURER,814,TELEMATICS,3,READ,
w21,2025-12-19T15:01:25.535919Z,180.222,200,True,0x811FdDFb3340F34AB2b91C97AcB5FAeB6405847E,REGULATOR,226,VIDEO,2,READ,
w22,2025-12-19T15:01:25.536031Z,180.231,200,True,0x18BFB9A0Bf9293D0D3bf9F42bD6e7e7b300Dc391,COURT,459,IMAGE,2,READ,
w81,2025-12-19T15:01:25.536135Z,180.252,200,True,0x58f181cd636a8F0a8335240Efc4979212ff45341,INSURER,586,FNOL,4,READ,
w27,2025-12-19T15:01:25.536243Z,180.276,200,True,0x81daFDe6F70ee2Fb93671DC220cC29F8205ACB57,INSURER,678,FNOL,4,READ,
w88,2025-12-19T15:01:25.536362Z,180.277,200,True,0x8216a92a44877D72a31FA6453e4583a6DCe25752,INSURER,92,VIDEO,2,READ,
w91,2025-12-19T15:01:25.536808Z,179.943,200,True,0x12DF904699208278b4355b568d47De4F2c9646fe,INSURER,35,VIDEO,2,READ,
w35,2025-12-19T15:01:25.536985Z,179.878,200,True,0xF09aBd729B48E734Ad684B93585E8D043D55c967,INSURER,816,TELEMATICS,3,READ,
w92,2025-12-19T15:01:25.537141Z,179.836,200,True,0x1cf47318cada656180563507BDd94262cAA29a4a,INSURER,104,VIDEO,2,READ,
w36,2025-12-19T15:01:25.537260Z,179.833,200,True,0xBeBf134906e0FCcd85b0D99a4626a7B8584e742c,ADJUSTER,74,VIDEO,2,READ,
w93,2025-12-19T15:01:25.537365Z,180.123,200,True,0x0479AcE8E12E22b9751dF7542dd8f225c221EC34,ADJUSTER,778,TELEMATICS,3,READ,
w40,2025-12-19T15:01:25.537467Z,180.162,200,True,0x11652BF4c5D394F3a46E96f2bE659939a0f6a6ed,INSURER,278,IMAGE,2,READ,
w46,2025-12-19T15:01:25.537668Z,180.093,200,True,0x07DA3024980d3B92Bcf6B8850A7C08F758B5F781,INSURER,287,IMAGE,2,READ,
w50,2025-12-19T15:01:25.537899Z,180.015,200,True,0x89cb551204456FFCd8e595feE394120dD047b57A,INSURER,859,OTHER,1,READ,
w52,2025-12-19T15:01:25.538080Z,179.967,200,True,0xcE078954f123a07010672Fff05b36f5E43642106,INSURER,659,MEDICAL_REPORT,5,READ,
w5,2025-12-19T15:01:25.538260Z,179.905,200,True,0x81daFDe6F70ee2Fb93671DC220cC29F8205ACB57,INSURER,39,VIDEO,2,READ,
w7,2025-12-19T15:01:25.633877Z,84.424,403,False,0x6c2d9F1aEdB2C485CABAF82412f88d5303Fd7B73,GARAGE,6,VIDEO,2,READ,
w64,2025-12-19T15:01:25.634353Z,84.154,403,False,0x5173D7F8755FdF3d2f05C01D029A3Dc55EaC0476,POLICE,982,OTHER,1,READ,
w65,2025-12-19T15:01:25.634600Z,84.062,403,False,0xd132a79Ca7Be8caaC9A27467EB9B65F7cBD6F50E,ADJUSTER,581,MEDICAL_REPORT,5,READ,
w71,2025-12-19T15:01:25.636062Z,82.724,403,False,0x996644d2075D6c96FEB649879534dFAb933903f6,GARAGE,732,TELEMATICS,3,READ,
w17,2025-12-19T15:01:25.636170Z,82.729,403,False,0x4BC2c2b671822006a9D592cdd2Db24e8Da3C6adf,GARAGE,854,OTHER,1,READ,
w73,2025-12-19T15:01:25.636377Z,82.860,403,False,0x38C88185b74B534134345be38916483044075686,POLICE,856,OTHER,1,READ,
w19,2025-12-19T15:01:25.636489Z,82.972,403,False,0x5C63EFf960008F7F9783957f07533386097149ce,POLICE,520,MEDICAL_REPORT,5,READ,
w74,2025-12-19T15:01:25.636637Z,82.977,403,False,0x84FDd0E1F145C20f9451b1eB751c26e76B3232d4,POLICE,744,TELEMATICS,3,READ,
w76,2025-12-19T15:01:25.636968Z,82.769,403,False,0x415Ba7B0D983442D5407ABEF5Ebd8e9d2bB533B7,POLICE,699,MEDICAL_REPORT,5,READ,
w80,2025-12-19T15:01:25.639706Z,80.148,403,False,0x59760590b1fCF3C846635ae6432DE56ef26298B8,GARAGE,829,TELEMATICS,3,READ,
w82,2025-12-19T15:01:25.640229Z,79.783,403,False,0xDA941366d7481DffDAd4458a22913423f40dA1eA,ADJUSTER,511,MEDICAL_REPORT,5,READ,
w28,2025-12-19T15:01:25.641024Z,79.120,403,False,0xE4A8571e1F142Bd99866AA9464c49517B2ac0E01,ADJUSTER,502,MEDICAL_REPORT,5,READ,
w43,2025-12-19T15:01:25.643647Z,83.172,403,False,0x290FAd62Cb657cBfDA616da814529a670cdad059,POLICE,509,MEDICAL_REPORT,5,READ,
w44,2025-12-19T15:01:25.643942Z,83.441,403,False,0xDd45386232533D2C209976e678A91A2263676ECB,GARAGE,589,MEDICAL_REPORT,5,READ,
w45,2025-12-19T15:01:25.644057Z,83.540,403,False,0xa96C0E04f38F8dC8842789660AA8C570bfCCFF50,GARAGE,592,MEDICAL_REPORT,5,READ,
w48,2025-12-19T15:01:25.644263Z,83.488,403,False,0xcA28195b12c3c8cB960d8423584ee9a8677BD158,POLICE,733,TELEMATICS,3,READ,
w51,2025-12-19T15:01:25.644365Z,83.631,403,False,0x014E540c98B93f6ce2a6F2D7FE66BeD9a19f7bEC,ADJUSTER,525,MEDICAL_REPORT,5,READ,
w56,2025-12-19T15:01:25.644812Z,83.319,403,False,0x469Bf06C8a44e5E2Bb2752C29B92d88DCA076B8a,POLICE,777,TELEMATICS,3,READ,
w3,2025-12-19T15:01:25.645115Z,83.135,403,False,0x469Bf06C8a44e5E2Bb2752C29B92d88DCA076B8a,POLICE,641,MEDICAL_REPORT,5,READ,
w42,2025-12-19T15:01:25.645889Z,82.490,403,False,0xa96C0E04f38F8dC8842789660AA8C570bfCCFF50,GARAGE,640,MEDICAL_REPORT,5,READ,
w6,2025-12-19T15:01:25.633091Z,162.899,200,True,0x811FdDFb3340F34AB2b91C97AcB5FAeB6405847E,REGULATOR,86,VIDEO,2,READ,
w61,2025-12-19T15:01:25.633440Z,162.884,200,True,0x933be1Be0aF68b62934fE96ADB1AB2Ee1C47B4F0,INSURER,986,OTHER,1,READ,
w63,2025-12-19T15:01:25.634063Z,162.622,200,True,0x73E42dF14ff21e7994A37802a292F71830CDA5aF,INSURER,579,FNOL,4,READ,
w9,2025-12-19T15:01:25.634229Z,162.624,200,True,0x46Adf75988C45FBD67a07651b6f684943428c17C,INSURER,231,VIDEO,2,READ,
w10,2025-12-19T15:01:25.634470Z,162.533,200,True,0x598405697b464FEbA8C76367b7C75C59D8BE2eCF,COURT,864,OTHER,1,READ,
w11,2025-12-19T15:01:25.634730Z,162.400,200,True,0x3308795A526382DB26cF04047fE2bBd4F56E6CE7,COURT,959,OTHER,1,READ,
w12,2025-12-19T15:01:25.634844Z,162.402,200,True,0xf5d0314845FCf19022a28FeD6650e58CFc01f243,INSURER,950,OTHER,1,READ,
w67,2025-12-19T15:01:25.634952Z,162.403,200,True,0x0479AcE8E12E22b9751dF7542dd8f225c221EC34,ADJUSTER,152,VIDEO,2,READ,
w14,2025-12-19T15:01:25.635061Z,162.431,200,True,0x82B01EfD510Bee8680730EEf777526b020e2398B,INSURER,804,TELEMATICS,3,READ,
w69,2025-12-19T15:01:25.635161Z,162.458,200,True,0xF09aBd729B48E734Ad684B93585E8D043D55c967,INSURER,631,MEDICAL_REPORT,5,READ,
w15,2025-12-19T15:01:25.635663Z,162.414,200,True,0x630ba53C12B20a6EBd04Eb0819a24b1f8C554A01,INSURER,909,OTHER,1,READ,
w70,2025-12-19T15:01:25.635820Z,162.395,200,True,0x2875Aa8C20c095495Ab5d6A1aBE2E2b07077dF55,INSURER,706,TELEMATICS,3,READ,
w16,2025-12-19T15:01:25.635948Z,162.394,200,True,0xC6Ffd174B730f05f52aF93e216103D6C7464cc96,INSURER,178,VIDEO,2,READ,
w18,2025-12-19T15:01:25.636274Z,162.191,200,True,0x4828419eA02B1D4399E039f8E5F346f37f19fA13,INSURER,271,IMAGE,2,READ,
w20,2025-12-19T15:01:25.636753Z,161.824,200,True,0x51a1E6D900E3e04c169Be84b2D5e5ccB2420B0EB,INSURER,536,FNOL,4,READ,
w75,2025-12-19T15:01:25.636856Z,161.827,200,True,0xD0Ce1d9D5A9c7E4F03d499A265d3014Ae5da7644,ADJUSTER,401,IMAGE,2,READ,
w77,2025-12-19T15:01:25.637067Z,161.724,200,True,0xE1C502975CC15E22bC10c8a6e352061ef61bBc2A,COURT,299,IMAGE,2,READ,
w78,2025-12-19T15:01:25.639066Z,159.827,200,True,0xBdfeA99CC2B9e09E4A7e6C7B14808189488E3985,COURT,215,VIDEO,2,READ,
w79,2025-12-19T15:01:25.639352Z,159.644,200,True,0x182C98818C6b29Ff23d7d1d9766e1B1dEB1aBAeB,INSURER,550,MEDICAL_REPORT,5,READ,
w23,2025-12-19T15:01:25.639549Z,159.552,200,True,0x3E93709810FB754ab4D6A2487344dF504087996D,INSURER,681,MEDICAL_REPORT,5,READ,
w24,2025-12-19T15:01:25.639845Z,159.369,200,True,0x42dC03c90d7652B937d26628a86f9317bbf521dc,INSURER,829,TELEMATICS,3,READ,
w25,2025-12-19T15:01:25.640031Z,159.916,200,True,0xAF3C604AE7a9E247C368331a22270415269Ef10d,INSURER,152,VIDEO,2,READ,
w26,2025-12-19T15:01:25.640371Z,159.730,200,True,0x3E93709810FB754ab4D6A2487344dF504087996D,INSURER,227,VIDEO,2,READ,
w83,2025-12-19T15:01:25.640735Z,159.494,200,True,0x14E81fB79823D062AFEEC4B80e0bCCBE578d057e,REGULATOR,96,VIDEO,2,READ,
w84,2025-12-19T15:01:25.640898Z,159.452,200,True,0xC29Fbef10EC6e6A787036cEA0C9024ce9F435d97,INSURER,242,VIDEO,2,READ,
w85,2025-12-19T15:01:25.641139Z,159.321,200,True,0x05d1ef5b43268c6a5BD456A953029092795045d9,INSURER,775,TELEMATICS,3,READ,
w29,2025-12-19T15:01:25.641251Z,159.313,200,True,0xf9314f31cc38103bC7607a176a804e5C1Ecbf511,INSURER,872,OTHER,1,READ,
w86,2025-12-19T15:01:25.641358Z,159.311,200,True,0x620a52535BA00719f0747D42746525D807319996,ADJUSTER,365,IMAGE,2,READ,
w30,2025-12-19T15:01:25.641541Z,159.238,200,True,0xD261b62ccB398d8100234C5fD641c6D67B10C62B,GARAGE,319,IMAGE,2,READ,
w87,2025-12-19T15:01:25.641692Z,159.194,200,True,0x436f253A31aB81e4427747050f42C4907a6C388D,ADJUSTER,89,VIDEO,2,READ,
w31,2025-12-19T15:01:25.641819Z,159.169,200,True,0x3d9c5458418bD082b010C0F93c3b8FBF9826E0Bf,INSURER,359,IMAGE,2,READ,
w32,2025-12-19T15:01:25.641930Z,159.158,200,True,0x467316319C6B5f391c5a6B3b0190d4209202fC25,ADJUSTER,313,IMAGE,2,READ,
w89,2025-12-19T15:01:25.642040Z,159.148,200,True,0xd6f5696C80b8cb2D4AAaFdaf8E7C266cf4af4538,COURT,534,FNOL,4,READ,
w33,2025-12-19T15:01:25.642144Z,159.148,200,True,0x51A2465dc26f17e37524f93494A8409715ACc9c2,INSURER,732,TELEMATICS,3,READ,
w90,2025-12-19T15:01:25.642245Z,159.150,200,True,0x090F26617cAab81C15934159343Ff688fAf23820,POLICE,8,VIDEO,2,READ,
w34,2025-12-19T15:01:25.642348Z,159.159,200,True,0xFeC4882fEAf263ac0fD1b9B4271dD1852B413584,INSURER,279,IMAGE,2,READ,
w37,2025-12-19T15:01:25.642452Z,159.163,200,True,0x33F5a90B9400A21046089Aaf44319BA889B0B9ed,INSURER,21,VIDEO,2,READ,
w94,2025-12-19T15:01:25.642586Z,159.128,200,True,0xE4A8571e1F142Bd99866AA9464c49517B2ac0E01,ADJUSTER,312,IMAGE,2,READ,
w38,2025-12-19T15:01:25.642714Z,159.103,200,True,0x630ba53C12B20a6EBd04Eb0819a24b1f8C554A01,INSURER,793,TELEMATICS,3,READ,
w95,2025-12-19T15:01:25.642821Z,159.105,200,True,0x46Adf75988C45FBD67a07651b6f684943428c17C,INSURER,661,MEDICAL_REPORT,5,READ,
w39,2025-12-19T15:01:25.642924Z,159.111,200,True,0x5cA86E3342DEA0C1a26C49f1a4fA40DeEeAFf8a8,INSURER,413,IMAGE,2,READ,
w96,2025-12-19T15:01:25.643022Z,159.117,200,True,0x3B4ab93e0901742BFfc8A18D301F36f820AD3bB9,ADJUSTER,890,OTHER,1,READ,
w97,2025-12-19T15:01:25.643180Z,159.061,200,True,0xCF5E79F0E2BFC3eb5fe4aB0975E9F0eEc50b54E3,GARAGE,462,IMAGE,2,READ,
w41,2025-12-19T15:01:25.643301Z,159.042,200,True,0x9F6d6682cb1957F9585F9b8AC3469E4D767600D6,INSURER,531,MEDICAL_REPORT,5,READ,
w98,2025-12-19T15:01:25.643408Z,159.036,200,True,0x2875Aa8C20c095495Ab5d6A1aBE2E2b07077dF55,INSURER,384,IMAGE,2,READ,
w99,2025-12-19T15:01:25.643530Z,159.015,200,True,0x0Bc81E8481993A5F61D3011a142E1510de00ECae,GARAGE,344,IMAGE,2,READ,
w13,2025-12-19T15:01:25.715863Z,86.789,403,False,0x09596bf36cE63dABDeB58d68a52792B7BA13ba84,ADJUSTER,510,MEDICAL_REPORT,5,READ,
w68,2025-12-19T15:01:25.716014Z,86.746,403,False,0x090F26617cAab81C15934159343Ff688fAf23820,POLICE,726,TELEMATICS,3,READ,
w36,2025-12-19T15:01:25.717097Z,85.773,403,False,0x38C88185b74B534134345be38916483044075686,POLICE,787,TELEMATICS,3,READ,
w40,2025-12-19T15:01:25.717634Z,85.349,403,False,0x48f8656e15a2FC22Ccd6cDe7c56db39C1B62E770,POLICE,753,TELEMATICS,3,READ,
w5,2025-12-19T15:01:25.718171Z,84.921,403,False,0xD261b62ccB398d8100234C5fD641c6D67B10C62B,GARAGE,37,VIDEO,2,READ,
w64,2025-12-19T15:01:25.718513Z,84.689,403,False,0x01891323537Ca8c745Cd76182c9eB81519eaC821,GARAGE,81,VIDEO,2,READ,
w1,2025-12-19T15:01:25.643758Z,159.555,200,True,0xC29Fbef10EC6e6A787036cEA0C9024ce9F435d97,INSURER,281,IMAGE,2,READ,
w47,2025-12-19T15:01:25.644164Z,159.257,200,True,0xD756c57480Ea623123AB3a5ad4445875E3309Ac6,INSURER,651,FNOL,4,READ,
w53,2025-12-19T15:01:25.644470Z,159.185,200,True,0xcE078954f123a07010672Fff05b36f5E43642106,INSURER,416,IMAGE,2,READ,
w54,2025-12-19T15:01:25.644585Z,159.267,200,True,0x3db0bD968176A243AC81C5c8Cf02Cf429b04dD57,COURT,184,VIDEO,2,READ,
w55,2025-12-19T15:01:25.644705Z,159.310,200,True,0x7C8B230898f07628a4f24e2D0ffe62373593dCce,POLICE,492,IMAGE,2,READ,
w2,2025-12-19T15:01:25.644912Z,159.264,200,True,0x38C88185b74B534134345be38916483044075686,POLICE,176,VIDEO,2,READ,
w57,2025-12-19T15:01:25.645016Z,159.298,200,True,0xfd4Fc17438169bC1228EB21c2cb9b8DE1E97472a,INSURER,112,VIDEO,2,READ,
w58,2025-12-19T15:01:25.645216Z,159.257,200,True,0x933be1Be0aF68b62934fE96ADB1AB2Ee1C47B4F0,INSURER,325,IMAGE,2,READ,
w4,2025-12-19T15:01:25.645320Z,159.391,200,True,0xF09aBd729B48E734Ad684B93585E8D043D55c967,INSURER,948,OTHER,1,READ,
w59,2025-12-19T15:01:25.645421Z,160.233,200,True,0x3E93709810FB754ab4D6A2487344dF504087996D,INSURER,123,VIDEO,2,READ,
w0,2025-12-19T15:01:25.645537Z,160.410,200,True,0x3db0bD968176A243AC81C5c8Cf02Cf429b04dD57,COURT,541,MEDICAL_REPORT,5,READ,
w60,2025-12-19T15:01:25.645656Z,160.499,200,True,0x467316319C6B5f391c5a6B3b0190d4209202fC25,ADJUSTER,945,OTHER,1,READ,
w72,2025-12-19T15:01:25.645776Z,160.552,200,True,0x3116De7d4519B71BA014e7EF3e874D3a98B64A91,POLICE,42,VIDEO,2,READ,
w49,2025-12-19T15:01:25.645998Z,160.492,200,True,0xC753D2a5211C57F7C2b4279053b11aEC435b41AB,REGULATOR,626,FNOL,4,READ,
w43,2025-12-19T15:01:25.726832Z,79.937,403,False,0xCF5E79F0E2BFC3eb5fe4aB0975E9F0eEc50b54E3,GARAGE,644,FNOL,4,READ,
w45,2025-12-19T15:01:25.727603Z,79.325,403,False,0x469Bf06C8a44e5E2Bb2752C29B92d88DCA076B8a,POLICE,614,FNOL,4,READ,
w3,2025-12-19T15:01:25.728254Z,78.817,403,False,0xCF5E79F0E2BFC3eb5fe4aB0975E9F0eEc50b54E3,GARAGE,676,FNOL,4,READ,
w62,2025-12-19T15:01:25.714873Z,183.181,200,True,0x5e3B546a11dc657CdFa106cd26E2211ee451c0d7,INSURER,56,VIDEO,2,READ,
w8,2025-12-19T15:01:25.715238Z,183.197,200,True,0x81A893236EFCdC58F1f9421b59Ee21eb7e38f8FB,INSURER,932,OTHER,1,READ,
w66,2025-12-19T15:01:25.715681Z,182.937,200,True,0xF96D07BDd0404b21a6B987cF6C21b9A5E3045f5F,INSURER,581,MEDICAL_REPORT,5,READ,
w21,2025-12-19T15:01:25.716147Z,182.878,200,True,0x33F5a90B9400A21046089Aaf44319BA889B0B9ed,INSURER,812,TELEMATICS,3,READ,
w22,2025-12-19T15:01:25.716266Z,182.909,200,True,0x436f253A31aB81e4427747050f42C4907a6C388D,ADJUSTER,940,OTHER,1,READ,
w81,2025-12-19T15:01:25.716392Z,182.918,200,True,0xE4A8571e1F142Bd99866AA9464c49517B2ac0E01,ADJUSTER,33,VIDEO,2,READ,
w27,2025-12-19T15:01:25.716525Z,182.908,200,True,0xf5d0314845FCf19022a28FeD6650e58CFc01f243,INSURER,688,FNOL,4,READ,
w88,2025-12-19T15:01:25.716643Z,182.922,200,True,0x97910F1306b5414B4C61D9A719B6871f5c77662f,INSURER,401,IMAGE,2,READ,
w91,2025-12-19T15:01:25.716757Z,182.944,200,True,0x85C720Ae65eF1706A0cf41695a93A34E189D5Ea0,INSURER,935,OTHER,1,READ,
w35,2025-12-19T15:01:25.716868Z,182.950,200,True,0xC29Fbef10EC6e6A787036cEA0C9024ce9F435d97,INSURER,752,TELEMATICS,3,READ,
w92,2025-12-19T15:01:25.716982Z,182.947,200,True,0x89cb551204456FFCd8e595feE394120dD047b57A,INSURER,830,TELEMATICS,3,READ,
w93,2025-12-19T15:01:25.717495Z,182.542,200,True,0x466ec685AE894BAc153c11350FC488cAAa2C062E,INSURER,346,IMAGE,2,READ,
w46,2025-12-19T15:01:25.717766Z,182.379,200,True,0x8Dd96368f7a8216813107Fe89688AcaafE8Cb76D,INSURER,783,TELEMATICS,3,READ,
w50,2025-12-19T15:01:25.717920Z,182.331,200,True,0x1Ab5D0f68133DA5E100635Bdf5030650cA2bE691,ADJUSTER,885,OTHER,1,READ,
w52,2025-12-19T15:01:25.718053Z,182.303,200,True,0xBeBf134906e0FCcd85b0D99a4626a7B8584e742c,ADJUSTER,664,FNOL,4,READ,
w7,2025-12-19T15:01:25.718307Z,182.163,200,True,0xDd45386232533D2C209976e678A91A2263676ECB,GARAGE,434,IMAGE,2,READ,
w65,2025-12-19T15:01:25.718668Z,182.253,200,True,0xCaa6A1a26D28f97DEDD4f555dEd43bC607f78384,INSURER,656,MEDICAL_REPORT,5,READ,
w71,2025-12-19T15:01:25.718791Z,182.265,200,True,0xeaD317253F31780B00e0Ef360b1ade2Fb83c2b3E,INSURER,779,TELEMATICS,3,READ,
w17,2025-12-19T15:01:25.718906Z,182.266,200,True,0x7C8B230898f07628a4f24e2D0ffe62373593dCce,POLICE,146,VIDEO,2,READ,
w73,2025-12-19T15:01:25.719244Z,182.038,200,True,0x415Ba7B0D983442D5407ABEF5Ebd8e9d2bB533B7,POLICE,49,VIDEO,2,READ,
w19,2025-12-19T15:01:25.719469Z,181.923,200,True,0x46Adf75988C45FBD67a07651b6f684943428c17C,INSURER,406,IMAGE,2,READ,
w74,2025-12-19T15:01:25.719619Z,181.879,200,True,0xd6f5696C80b8cb2D4AAaFdaf8E7C266cf4af4538,COURT,837,TELEMATICS,3,READ,
w76,2025-12-19T15:01:25.719742Z,181.886,200,True,0xF09aBd729B48E734Ad684B93585E8D043D55c967,INSURER,155,VIDEO,2,READ,
w80,2025-12-19T15:01:25.719858Z,181.881,200,True,0x14d0cb07D407E25F725b7f9854B98fEEEBb4942F,INSURER,803,TELEMATICS,3,READ,
w82,2025-12-19T15:01:25.720019Z,181.827,200,True,0x78273aa663aa16C08590efF5582bb4C9DD30Bb95,INSURER,376,IMAGE,2,READ,
w28,2025-12-19T15:01:25.720150Z,181.802,200,True,0x262C7B7B136C441fA055dA7F585a2Ab956c1123C,INSURER,370,IMAGE,2,READ,
w44,2025-12-19T15:01:25.727395Z,174.664,200,True,0x3d4Bd094c1894ed38F3EcF0799bE66f83a4199ca,ADJUSTER,505,FNOL,4,READ,
w48,2025-12-19T15:01:25.727757Z,174.410,200,True,0x05d1ef5b43268c6a5BD456A953029092795045d9,INSURER,991,OTHER,1,READ,
w51,2025-12-19T15:01:25.728002Z,174.269,200,True,0x567dccd668D18B4ACd8A2795151edB162Bc34767,ADJUSTER,193,VIDEO,2,READ,
w56,2025-12-19T15:01:25.728137Z,174.239,200,True,0x262C7B7B136C441fA055dA7F585a2Ab956c1123C,INSURER,523,FNOL,4,READ,
w42,2025-12-19T15:01:25.728385Z,174.098,200,True,0x5cA86E3342DEA0C1a26C49f1a4fA40DeEeAFf8a8,INSURER,292,IMAGE,2,READ,
w69,2025-12-19T15:01:25.797623Z,104.966,403,False,0xD3b3bd4ce4B597519FCE080Ce05805A99cC8C772,GARAGE,788,TELEMATICS,3,READ,
w15,2025-12-19T15:01:25.798082Z,104.617,403,False,0x3D8B37E283940B186f3d817371AE9834E2836f7f,GARAGE,835,TELEMATICS,3,READ,
w16,2025-12-19T15:01:25.798347Z,104.716,403,False,0xafA5Afd00Ec5464DAf96FCe2b09f4e4e157F4A67,POLICE,538,MEDICAL_REPORT,5,READ,
w83,2025-12-19T15:01:25.800233Z,102.961,403,False,0x28365792Da71bc8AcAD11a4393049d006EF2E972,GARAGE,199,VIDEO,2,READ,
w29,2025-12-19T15:01:25.800569Z,102.740,403,False,0xE1c2102345d7379f4bb3F114e908e9cC9154A335,POLICE,840,TELEMATICS,3,READ,
w30,2025-12-19T15:01:25.800786Z,102.628,403,False,0xDd45386232533D2C209976e678A91A2263676ECB,GARAGE,601,MEDICAL_REPORT,5,READ,
w31,2025-12-19T15:01:25.800992Z,102.531,403,False,0x48f8656e15a2FC22Ccd6cDe7c56db39C1B62E770,POLICE,706,TELEMATICS,3,READ,
w33,2025-12-19T15:01:25.801295Z,102.352,403,False,0x01891323537Ca8c745Cd76182c9eB81519eaC821,GARAGE,102,VIDEO,2,READ,
w37,2025-12-19T15:01:25.801619Z,102.134,403,False,0xD261b62ccB398d8100234C5fD641c6D67B10C62B,GARAGE,859,OTHER,1,READ,
w95,2025-12-19T15:01:25.801930Z,101.925,403,False,0x23aA93bc659A3e3D0da5434a4088578341D43278,GARAGE,157,VIDEO,2,READ,
w98,2025-12-19T15:01:25.802449Z,101.536,403,False,0x8D21394c336D57f89564705Aa61307561b63E310,POLICE,716,TELEMATICS,3,READ,
w2,2025-12-19T15:01:25.804183Z,99.913,403,False,0xcA28195b12c3c8cB960d8423584ee9a8677BD158,POLICE,840,TELEMATICS,3,READ,
w60,2025-12-19T15:01:25.806161Z,98.042,403,False,0x3B4ab93e0901742BFfc8A18D301F36f820AD3bB9,ADJUSTER,504,MEDICAL_REPORT,5,READ,
w6,2025-12-19T15:01:25.796003Z,205.825,200,True,0xcA28195b12c3c8cB960d8423584ee9a8677BD158,POLICE,371,IMAGE,2,READ,
w61,2025-12-19T15:01:25.796333Z,205.846,200,True,0x14d0cb07D407E25F725b7f9854B98fEEEBb4942F,INSURER,594,FNOL,4,READ,
w63,2025-12-19T15:01:25.796691Z,205.891,200,True,0xE1C502975CC15E22bC10c8a6e352061ef61bBc2A,COURT,868,OTHER,1,READ,
w9,2025-12-19T15:01:25.796860Z,205.880,200,True,0xCF5E79F0E2BFC3eb5fe4aB0975E9F0eEc50b54E3,GARAGE,324,IMAGE,2,READ,
w10,2025-12-19T15:01:25.797009Z,205.873,200,True,0x58e8E907e02C35e581Ed3a4e98906344861E7265,INSURER,904,OTHER,1,READ,
w11,2025-12-19T15:01:25.797135Z,205.876,200,True,0xD1ce8183cCf94d1494c99DFC523Af7Bd51494E8d,INSURER,993,OTHER,1,READ,
w12,2025-12-19T15:01:25.797250Z,205.886,200,True,0xfd4Fc17438169bC1228EB21c2cb9b8DE1E97472a,INSURER,469,IMAGE,2,READ,
w67,2025-12-19T15:01:25.797360Z,205.905,200,True,0x93787a823E3D4Ae295F5a91C0e87325E40B3aa3F,REGULATOR,512,FNOL,4,READ,
w14,2025-12-19T15:01:25.797497Z,205.910,200,True,0x996644d2075D6c96FEB649879534dFAb933903f6,GARAGE,373,IMAGE,2,READ,
w70,2025-12-19T15:01:25.798219Z,205.307,200,True,0x14E81fB79823D062AFEEC4B80e0bCCBE578d057e,REGULATOR,494,IMAGE,2,READ,
w18,2025-12-19T15:01:25.798469Z,205.175,200,True,0x786da68d54Be22366903D370c34910372Db174c9,POLICE,404,IMAGE,2,READ,
w20,2025-12-19T15:01:25.798582Z,205.181,200,True,0x81daFDe6F70ee2Fb93671DC220cC29F8205ACB57,INSURER,500,IMAGE,2,READ,
w75,2025-12-19T15:01:25.798687Z,205.185,200,True,0x467316319C6B5f391c5a6B3b0190d4209202fC25,ADJUSTER,236,VIDEO,2,READ,
w77,2025-12-19T15:01:25.798795Z,205.185,200,True,0x81A893236EFCdC58F1f9421b59Ee21eb7e38f8FB,INSURER,431,IMAGE,2,READ,
w78,2025-12-19T15:01:25.798897Z,205.536,200,True,0xBdfeA99CC2B9e09E4A7e6C7B14808189488E3985,COURT,12,VIDEO,2,READ,
w79,2025-12-19T15:01:25.799000Z,205.616,200,True,0x50Ed54bf40D96Fda59d7F83abE5551535d7938ac,COURT,422,IMAGE,2,READ,
w23,2025-12-19T15:01:25.799106Z,205.764,200,True,0x1F98dd762361D7256a816f8086AE6FfB657fa5bC,POLICE,244,VIDEO,2,READ,
w24,2025-12-19T15:01:25.799218Z,205.880,200,True,0x68cBdE77b98e3AF3281dBC229ee66540Eac3f007,ADJUSTER,608,FNOL,4,READ,
w25,2025-12-19T15:01:25.799953Z,205.416,200,True,0xc0F601980c6FD898E06229024740eec17abbF5C2,INSURER,743,TELEMATICS,3,READ,
w26,2025-12-19T15:01:25.800107Z,205.506,200,True,0x6032b722b48DC8717A2C437485f2D3d264BD803B,ADJUSTER,953,OTHER,1,READ,
w84,2025-12-19T15:01:25.800356Z,205.769,200,True,0xD756c57480Ea623123AB3a5ad4445875E3309Ac6,INSURER,639,MEDICAL_REPORT,5,READ,
w85,2025-12-19T15:01:25.800465Z,205.927,200,True,0xAA49CCe569366189355225212a2EA06B8172Fa22,ADJUSTER,135,VIDEO,2,READ,
w86,2025-12-19T15:01:25.800674Z,205.945,200,True,0xCF5E79F0E2BFC3eb5fe4aB0975E9F0eEc50b54E3,GARAGE,422,IMAGE,2,READ,
w87,2025-12-19T15:01:25.800891Z,205.916,200,True,0x3db0bD968176A243AC81C5c8Cf02Cf429b04dD57,COURT,523,FNOL,4,READ,
w32,2025-12-19T15:01:25.801092Z,205.866,200,True,0x68cBdE77b98e3AF3281dBC229ee66540Eac3f007,ADJUSTER,18,VIDEO,2,READ,
w89,2025-12-19T15:01:25.801193Z,206.004,200,True,0x69254de41949D1A246C5c1A168e5e8473D2d50f0,ADJUSTER,221,VIDEO,2,READ,
w90,2025-12-19T15:01:25.801399Z,205.955,200,True,0xFf85d9d86E5E1a3792266E2a5BB970C470C1e0c5,COURT,443,IMAGE,2,READ,
w34,2025-12-19T15:01:25.801511Z,207.072,200,True,0x0520cA4f9c2359a2d1cc1B072e4dA8A3587C2088,INSURER,32,VIDEO,2,READ,
w94,2025-12-19T15:01:25.801718Z,207.056,200,True,0x090F26617cAab81C15934159343Ff688fAf23820,POLICE,20,VIDEO,2,READ,
w38,2025-12-19T15:01:25.801822Z,207.097,200,True,0x4f464925226709cf94C01633A1f468E106AD6413,INSURER,128,VIDEO,2,READ,
w39,2025-12-19T15:01:25.802039Z,207.066,200,True,0x1Ab5D0f68133DA5E100635Bdf5030650cA2bE691,ADJUSTER,496,IMAGE,2,READ,
w96,2025-12-19T15:01:25.802144Z,207.109,200,True,0x3418C54B33ca42d0dF096EaD255791c7B2E2f3d9,ADJUSTER,346,IMAGE,2,READ,
w97,2025-12-19T15:01:25.802246Z,207.134,200,True,0xC753D2a5211C57F7C2b4279053b11aEC435b41AB,REGULATOR,325,IMAGE,2,READ,
w41,2025-12-19T15:01:25.802346Z,207.152,200,True,0x933be1Be0aF68b62934fE96ADB1AB2Ee1C47B4F0,INSURER,280,IMAGE,2,READ,
w99,2025-12-19T15:01:25.802550Z,207.061,200,True,0x3d4Bd094c1894ed38F3EcF0799bE66f83a4199ca,ADJUSTER,857,OTHER,1,READ,
w13,2025-12-19T15:01:25.802655Z,207.067,200,True,0xd132a79Ca7Be8caaC9A27467EB9B65F7cBD6F50E,ADJUSTER,190,VIDEO,2,READ,
w68,2025-12-19T15:01:25.802765Z,207.072,200,True,0xB2241965995ed972D442D6A9461eF3583ecA95B6,INSURER,590,FNOL,4,READ,
w36,2025-12-19T15:01:25.802874Z,207.085,200,True,0xC753D2a5211C57F7C2b4279053b11aEC435b41AB,REGULATOR,208,VIDEO,2,READ,
w40,2025-12-19T15:01:25.802987Z,207.098,200,True,0x51A2465dc26f17e37524f93494A8409715ACc9c2,INSURER,110,VIDEO,2,READ,
w5,2025-12-19T15:01:25.803096Z,207.110,200,True,0xBC78986794f1658340222E011F7e1Cf375177F95,ADJUSTER,291,IMAGE,2,READ,
w64,2025-12-19T15:01:25.803207Z,207.119,200,True,0xB2241965995ed972D442D6A9461eF3583ecA95B6,INSURER,969,OTHER,1,READ,
w1,2025-12-19T15:01:25.803317Z,207.137,200,True,0xD46492141A5F13412fa59e5F47Ce969c7954E752,INSURER,313,IMAGE,2,READ,
w47,2025-12-19T15:01:25.803425Z,207.153,200,True,0x51A2465dc26f17e37524f93494A8409715ACc9c2,INSURER,870,OTHER,1,READ,
w53,2025-12-19T15:01:25.803663Z,207.029,200,True,0x48c487f18ce4aAFcf592B2eC3611eAa7B1C85918,ADJUSTER,884,OTHER,1,READ,
w54,2025-12-19T15:01:25.803859Z,206.950,200,True,0x0172115667882E73749128243A943873087c09D3,INSURER,186,VIDEO,2,READ,
w55,2025-12-19T15:01:25.804022Z,207.042,200,True,0xBC78986794f1658340222E011F7e1Cf375177F95,ADJUSTER,858,OTHER,1,READ,
w57,2025-12-19T15:01:25.804319Z,206.903,200,True,0x466ec685AE894BAc153c11350FC488cAAa2C062E,INSURER,788,TELEMATICS,3,READ,
w58,2025-12-19T15:01:25.804479Z,206.862,200,True,0x3B4ab93e0901742BFfc8A18D301F36f820AD3bB9,ADJUSTER,258,IMAGE,2,READ,
w4,2025-12-19T15:01:25.804720Z,206.730,200,True,0xeaD317253F31780B00e0Ef360b1ade2Fb83c2b3E,INSURER,216,VIDEO,2,READ,
w59,2025-12-19T15:01:25.805665Z,205.896,200,True,0xE056D0a60EfEE3e1642D5B2129E2bbBdAf22444c,INSURER,748,TELEMATICS,3,READ,
w0,2025-12-19T15:01:25.805957Z,205.728,200,True,0xC23BB727D3Ae6bD9cd90AC52ee26359F19176de3,INSURER,529,MEDICAL_REPORT,5,READ,
w72,2025-12-19T15:01:25.806335Z,205.478,200,True,0x7B46635cB6cA958f34ae933b93884a5f19b258D7,INSURER,271,IMAGE,2,READ,
w49,2025-12-19T15:01:25.806497Z,205.436,200,True,0xAA49CCe569366189355225212a2EA06B8172Fa22,ADJUSTER,820,TELEMATICS,3,READ,
w43,2025-12-19T15:01:25.806776Z,205.272,200,True,0x290FAd62Cb657cBfDA616da814529a670cdad059,POLICE,55,VIDEO,2,READ,
w45,2025-12-19T15:01:25.806934Z,205.235,200,True,0xB8954C40b419Ae7332fF39Ce3d458ba1fed03941,REGULATOR,143,VIDEO,2,READ,
w3,2025-12-19T15:01:25.807077Z,205.204,200,True,0xC23BB727D3Ae6bD9cd90AC52ee26359F19176de3,INSURER,315,IMAGE,2,READ,
w35,2025-12-19T15:01:25.899822Z,112.581,403,False,0x6c2d9F1aEdB2C485CABAF82412f88d5303Fd7B73,GARAGE,527,MEDICAL_REPORT,5,READ,
w74,2025-12-19T15:01:25.901502Z,111.018,403,False,0x290FAd62Cb657cBfDA616da814529a670cdad059,POLICE,757,TELEMATICS,3,READ,
w28,2025-12-19T15:01:25.901957Z,110.679,403,False,0x57e02f30Dd15545B3A9eC4841D0D58Ee1D829414,GARAGE,572,FNOL,4,READ,
w16,2025-12-19T15:01:25.903068Z,109.675,403,False,0x1Ab5D0f68133DA5E100635Bdf5030650cA2bE691,ADJUSTER,538,MEDICAL_REPORT,5,READ,
w60,2025-12-19T15:01:25.904207Z,108.833,403,False,0x3116De7d4519B71BA014e7EF3e874D3a98B64A91,POLICE,718,TELEMATICS,3,READ,
w62,2025-12-19T15:01:25.898065Z,207.979,200,True,0x598405697b464FEbA8C76367b7C75C59D8BE2eCF,COURT,722,TELEMATICS,3,READ,
w8,2025-12-19T15:01:25.898443Z,208.005,200,True,0x50Ed54bf40D96Fda59d7F83abE5551535d7938ac,COURT,750,TELEMATICS,3,READ,
w66,2025-12-19T15:01:25.898625Z,208.018,200,True,0xf9314f31cc38103bC7607a176a804e5C1Ecbf511,INSURER,659,MEDICAL_REPORT,5,READ,
w21,2025-12-19T15:01:25.899032Z,207.960,200,True,0x50Ed54bf40D96Fda59d7F83abE5551535d7938ac,COURT,637,FNOL,4,READ,
w22,2025-12-19T15:01:25.899181Z,207.966,200,True,0xC753D2a5211C57F7C2b4279053b11aEC435b41AB,REGULATOR,7,VIDEO,2,READ,
w81,2025-12-19T15:01:25.899315Z,207.963,200,True,0xACaaedBfb07404f2aAf0ccd6503B1529C1A48764,ADJUSTER,96,VIDEO,2,READ,
w27,2025-12-19T15:01:25.899437Z,207.971,200,True,0xC29Fbef10EC6e6A787036cEA0C9024ce9F435d97,INSURER,143,VIDEO,2,READ,
w88,2025-12-19T15:01:25.899570Z,207.959,200,True,0x40fca3Fa04d657c9879B638C57A2a70683E3efED,REGULATOR,893,OTHER,1,READ,
w91,2025-12-19T15:01:25.899704Z,207.955,200,True,0x81daFDe6F70ee2Fb93671DC220cC29F8205ACB57,INSURER,896,OTHER,1,READ,
w92,2025-12-19T15:01:25.899933Z,207.847,200,True,0x8Dd96368f7a8216813107Fe89688AcaafE8Cb76D,INSURER,945,OTHER,1,READ,
w93,2025-12-19T15:01:25.900042Z,208.188,200,True,0xB3e698A67fD5AEeB61b8bE389e7E917Bc2Ea032a,POLICE,93,VIDEO,2,READ,
w46,2025-12-19T15:01:25.900148Z,208.222,200,True,0x3B4ab93e0901742BFfc8A18D301F36f820AD3bB9,ADJUSTER,295,IMAGE,2,READ,
w50,2025-12-19T15:01:25.900255Z,208.255,200,True,0x7B46635cB6cA958f34ae933b93884a5f19b258D7,INSURER,857,OTHER,1,READ,
w52,2025-12-19T15:01:25.900362Z,208.273,200,True,0x1Ab5D0f68133DA5E100635Bdf5030650cA2bE691,ADJUSTER,407,IMAGE,2,READ,
w7,2025-12-19T15:01:25.900475Z,208.290,200,True,0x33F5a90B9400A21046089Aaf44319BA889B0B9ed,INSURER,421,IMAGE,2,READ,
w65,2025-12-19T15:01:25.900926Z,207.961,200,True,0x11F50254a88A6e26E6Bb5aAE8d74E52372B4270E,COURT,198,VIDEO,2,READ,
w71,2025-12-19T15:01:25.901060Z,207.944,200,True,0xC29Fbef10EC6e6A787036cEA0C9024ce9F435d97,INSURER,117,VIDEO,2,READ,
w17,2025-12-19T15:01:25.901177Z,207.941,200,True,0xF80B0672A4f16BDe21fA2DF31482dA0fC606A43f,ADJUSTER,890,OTHER,1,READ,
w73,2025-12-19T15:01:25.901288Z,207.942,200,True,0xF09aBd729B48E734Ad684B93585E8D043D55c967,INSURER,4,VIDEO,2,READ,
w19,2025-12-19T15:01:25.901396Z,207.943,200,True,0xfd4Fc17438169bC1228EB21c2cb9b8DE1E97472a,INSURER,100,VIDEO,2,READ,
w76,2025-12-19T15:01:25.901632Z,207.829,200,True,0xB3e698A67fD5AEeB61b8bE389e7E917Bc2Ea032a,POLICE,139,VIDEO,2,READ,
w80,2025-12-19T15:01:25.901744Z,207.829,200,True,0x456F6DbE8aF9e05a1918B64f0Bd0690809b23E6B,INSURER,929,OTHER,1,READ,
w82,2025-12-19T15:01:25.901850Z,207.832,200,True,0xCdb11D137710f0a5234b9D3c040668B6D48e59d4,COURT,240,VIDEO,2,READ,
w44,2025-12-19T15:01:25.902064Z,208.205,200,True,0x4BC2c2b671822006a9D592cdd2Db24e8Da3C6adf,GARAGE,444,IMAGE,2,READ,
w48,2025-12-19T15:01:25.902171Z,208.251,200,True,0x14d0cb07D407E25F725b7f9854B98fEEEBb4942F,INSURER,628,FNOL,4,READ,
w51,2025-12-19T15:01:25.902275Z,208.275,200,True,0x9F6d6682cb1957F9585F9b8AC3469E4D767600D6,INSURER,864,OTHER,1,READ,
w56,2025-12-19T15:01:25.902380Z,208.294,200,True,0xd86Fa5B280bf58C28aaE39fB535e0e965F0E285B,INSURER,836,TELEMATICS,3,READ,
w42,2025-12-19T15:01:25.902487Z,208.318,200,True,0x58f181cd636a8F0a8335240Efc4979212ff45341,INSURER,160,VIDEO,2,READ,
w69,2025-12-19T15:01:25.902593Z,208.327,200,True,0x14E81fB79823D062AFEEC4B80e0bCCBE578d057e,REGULATOR,174,VIDEO,2,READ,
w15,2025-12-19T15:01:25.902705Z,208.329,200,True,0x3A995E7B23E0Fe0f9a5537f57AA80BACa529eFC4,INSURER,776,TELEMATICS,3,READ,
w83,2025-12-19T15:01:25.903199Z,207.946,200,True,0xBeBf134906e0FCcd85b0D99a4626a7B8584e742c,ADJUSTER,52,VIDEO,2,READ,
w29,2025-12-19T15:01:25.903313Z,207.950,200,True,0x933be1Be0aF68b62934fE96ADB1AB2Ee1C47B4F0,INSURER,475,IMAGE,2,READ,
w30,2025-12-19T15:01:25.903419Z,207.969,200,True,0x8D21394c336D57f89564705Aa61307561b63E310,POLICE,5,VIDEO,2,READ,
w31,2025-12-19T15:01:25.903528Z,207.969,200,True,0xACaaedBfb07404f2aAf0ccd6503B1529C1A48764,ADJUSTER,285,IMAGE,2,READ,
w33,2025-12-19T15:01:25.903652Z,207.951,200,True,0x0172115667882E73749128243A943873087c09D3,INSURER,874,OTHER,1,READ,
w37,2025-12-19T15:01:25.903758Z,207.955,200,True,0xB81c8729A121819695CEEDA9b389f559D6398B3C,REGULATOR,421,IMAGE,2,READ,
w95,2025-12-19T15:01:25.903860Z,207.956,200,True,0x42dC03c90d7652B937d26628a86f9317bbf521dc,INSURER,927,OTHER,1,READ,
w98,2025-12-19T15:01:25.903990Z,207.933,200,True,0xcE078954f123a07010672Fff05b36f5E43642106,INSURER,556,FNOL,4,READ,
w2,2025-12-19T15:01:25.904101Z,207.930,200,True,0x59A67A1183C69AAf8Fe3D746D569392b7d4A5035,ADJUSTER,895,OTHER,1,READ,
w11,2025-12-19T15:01:26.003016Z,109.125,403,False,0xDd45386232533D2C209976e678A91A2263676ECB,GARAGE,60,VIDEO,2,READ,
w67,2025-12-19T15:01:26.003270Z,108.993,403,False,0x955f7F1386d8d5FB12bc50876B418e4D206D9530,GARAGE,228,VIDEO,2,READ,
w79,2025-12-19T15:01:26.004623Z,107.755,403,False,0x7B678e542Dec17ab096b423D15262dcD9B8c11D8,POLICE,676,FNOL,4,READ,
w24,2025-12-19T15:01:26.005107Z,107.381,403,False,0xAA49CCe569366189355225212a2EA06B8172Fa22,ADJUSTER,694,MEDICAL_REPORT,5,READ,
w26,2025-12-19T15:01:26.005620Z,106.976,403,False,0x59760590b1fCF3C846635ae6432DE56ef26298B8,GARAGE,638,MEDICAL_REPORT,5,READ,
w87,2025-12-19T15:01:26.006814Z,105.883,403,False,0xD3b3bd4ce4B597519FCE080Ce05805A99cC8C772,GARAGE,153,VIDEO,2,READ,
w90,2025-12-19T15:01:26.007362Z,105.484,403,False,0x469Bf06C8a44e5E2Bb2752C29B92d88DCA076B8a,POLICE,657,MEDICAL_REPORT,5,READ,
w38,2025-12-19T15:01:26.008924Z,104.035,403,False,0x786da68d54Be22366903D370c34910372Db174c9,POLICE,785,TELEMATICS,3,READ,
w96,2025-12-19T15:01:26.009258Z,103.810,403,False,0xE1c2102345d7379f4bb3F114e908e9cC9154A335,POLICE,659,MEDICAL_REPORT,5,READ,
w36,2025-12-19T15:01:26.009964Z,103.206,403,False,0x090F26617cAab81C15934159343Ff688fAf23820,POLICE,754,TELEMATICS,3,READ,
w64,2025-12-19T15:01:26.010331Z,102.960,403,False,0xE4A8571e1F142Bd99866AA9464c49517B2ac0E01,ADJUSTER,502,MEDICAL_REPORT,5,READ,
w72,2025-12-19T15:01:26.011818Z,101.592,403,False,0xe9b50040eeAA45F16fd24222f4a97482737f6C8A,ADJUSTER,525,MEDICAL_REPORT,5,READ,
w74,2025-12-19T15:01:26.012525Z,100.994,403,False,0xC5f6e3512D3B1133da1f88159fDf63dC9f2d43FB,ADJUSTER,671,MEDICAL_REPORT,5,READ,
w60,2025-12-19T15:01:26.013046Z,100.758,403,False,0x6B97e16D77504562cB9392834019252f4057F4D5,POLICE,804,TELEMATICS,3,READ,
w6,2025-12-19T15:01:26.001840Z,195.471,200,True,0x8Dd96368f7a8216813107Fe89688AcaafE8Cb76D,INSURER,620,FNOL,4,READ,
w61,2025-12-19T15:01:26.002187Z,195.498,200,True,0x11F50254a88A6e26E6Bb5aAE8d74E52372B4270E,COURT,7,VIDEO,2,READ,
w63,2025-12-19T15:01:26.002589Z,195.273,200,True,0x7fBAcb835330c3A23597A355A26Cf6E0ee69A0B5,COURT,94,VIDEO,2,READ,
w9,2025-12-19T15:01:26.002746Z,195.526,200,True,0x0Bc81E8481993A5F61D3011a142E1510de00ECae,GARAGE,314,IMAGE,2,READ,
w10,2025-12-19T15:01:26.002889Z,195.552,200,True,0x46Adf75988C45FBD67a07651b6f684943428c17C,INSURER,354,IMAGE,2,READ,
w12,2025-12-19T15:01:26.003141Z,195.438,200,True,0x290FAd62Cb657cBfDA616da814529a670cdad059,POLICE,241,VIDEO,2,READ,
w14,2025-12-19T15:01:26.003412Z,195.291,200,True,0xACaaedBfb07404f2aAf0ccd6503B1529C1A48764,ADJUSTER,810,TELEMATICS,3,READ,
w70,2025-12-19T15:01:26.003531Z,195.312,200,True,0x69254de41949D1A246C5c1A168e5e8473D2d50f0,ADJUSTER,440,IMAGE,2,READ,
w18,2025-12-19T15:01:26.003649Z,195.320,200,True,0xC5f6e3512D3B1133da1f88159fDf63dC9f2d43FB,ADJUSTER,77,VIDEO,2,READ,
w20,2025-12-19T15:01:26.003769Z,195.313,200,True,0x14d0cb07D407E25F725b7f9854B98fEEEBb4942F,INSURER,417,IMAGE,2,READ,
w75,2025-12-19T15:01:26.003876Z,195.314,200,True,0x69254de41949D1A246C5c1A168e5e8473D2d50f0,ADJUSTER,344,IMAGE,2,READ,
w77,2025-12-19T15:01:26.003984Z,195.324,200,True,0x8FA3c986B63dEd44ce62D4aC5b3b0F49FF447700,COURT,148,VIDEO,2,READ,
w78,2025-12-19T15:01:26.004439Z,194.986,200,True,0xF88a95Dd8B84AF76941627AA419BEFc507d88125,ADJUSTER,667,FNOL,4,READ,
w23,2025-12-19T15:01:26.004879Z,194.662,200,True,0x1Ab5D0f68133DA5E100635Bdf5030650cA2bE691,ADJUSTER,467,IMAGE,2,READ,
w25,2025-12-19T15:01:26.005378Z,194.275,200,True,0x044bef4Ff250cBBFE36FEfE3b859D78bA04c1223,INSURER,545,FNOL,4,READ,
w84,2025-12-19T15:01:26.006134Z,194.041,200,True,0x78b99D5D04232b9650d619DBa5F5600a9242A472,INSURER,506,FNOL,4,READ,
w85,2025-12-19T15:01:26.006399Z,193.926,200,True,0x262C7B7B136C441fA055dA7F585a2Ab956c1123C,INSURER,175,VIDEO,2,READ,
w86,2025-12-19T15:01:26.006627Z,193.831,200,True,0xdBf006c9b4fEA25fFA98161abc660B4643109625,ADJUSTER,84,VIDEO,2,READ,
w32,2025-12-19T15:01:26.006963Z,193.612,200,True,0x4395153bc7Ac8ebD080b3C98FE634fcA40E5609F,COURT,788,TELEMATICS,3,READ,
w89,2025-12-19T15:01:26.007204Z,193.485,200,True,0x85C720Ae65eF1706A0cf41695a93A34E189D5Ea0,INSURER,742,TELEMATICS,3,READ,
w34,2025-12-19T15:01:26.008591Z,192.215,200,True,0x51a1E6D900E3e04c169Be84b2D5e5ccB2420B0EB,INSURER,400,IMAGE,2,READ,
w94,2025-12-19T15:01:26.008780Z,192.142,200,True,0x3d4Bd094c1894ed38F3EcF0799bE66f83a4199ca,ADJUSTER,539,FNOL,4,READ,
w39,2025-12-19T15:01:26.009111Z,191.931,200,True,0xd6f5696C80b8cb2D4AAaFdaf8E7C266cf4af4538,COURT,597,FNOL,4,READ,
w97,2025-12-19T15:01:26.009386Z,191.768,200,True,0x598405697b464FEbA8C76367b7C75C59D8BE2eCF,COURT,744,TELEMATICS,3,READ,
w41,2025-12-19T15:01:26.009504Z,191.756,200,True,0x0479AcE8E12E22b9751dF7542dd8f225c221EC34,ADJUSTER,314,IMAGE,2,READ,
w99,2025-12-19T15:01:26.009615Z,191.749,200,True,0xb8Fe0E775705824a50658ef111434567024d4310,REGULATOR,431,IMAGE,2,READ,
w13,2025-12-19T15:01:26.009727Z,191.740,200,True,0x48f8656e15a2FC22Ccd6cDe7c56db39C1B62E770,POLICE,408,IMAGE,2,READ,
w68,2025-12-19T15:01:26.009841Z,191.736,200,True,0x7C8B230898f07628a4f24e2D0ffe62373593dCce,POLICE,12,VIDEO,2,READ,
w40,2025-12-19T15:01:26.010090Z,191.595,200,True,0x0479AcE8E12E22b9751dF7542dd8f225c221EC34,ADJUSTER,937,OTHER,1,READ,
w5,2025-12-19T15:01:26.010212Z,191.580,200,True,0xEcbE69567Cf42475FbE6Ea4523541e58C4d22957,GARAGE,306,IMAGE,2,READ,
w1,2025-12-19T15:01:26.010458Z,191.447,200,True,0xDD3EceF8307a47a0307E4f44135C61Dd2C75c6d7,POLICE,167,VIDEO,2,READ,
w47,2025-12-19T15:01:26.010583Z,191.438,200,True,0xd963E5e27CB9872abc2Fbed9107c373Aa59583a4,INSURER,542,FNOL,4,READ,
w53,2025-12-19T15:01:26.010696Z,191.440,200,True,0xBC78986794f1658340222E011F7e1Cf375177F95,ADJUSTER,255,IMAGE,2,READ,
w54,2025-12-19T15:01:26.010813Z,191.429,200,True,0xC29Fbef10EC6e6A787036cEA0C9024ce9F435d97,INSURER,539,FNOL,4,READ,
w55,2025-12-19T15:01:26.011076Z,191.670,200,True,0x3d68C58ebB81123d1Ac10655857193A1cDee90CE,INSURER,474,IMAGE,2,READ,
w57,2025-12-19T15:01:26.011227Z,191.678,200,True,0x6B97e16D77504562cB9392834019252f4057F4D5,POLICE,93,VIDEO,2,READ,
w58,2025-12-19T15:01:26.011346Z,191.683,200,True,0x18BFB9A0Bf9293D0D3bf9F42bD6e7e7b300Dc391,COURT,43,VIDEO,2,READ,
w4,2025-12-19T15:01:26.011455Z,191.690,200,True,0xC5f6e3512D3B1133da1f88159fDf63dC9f2d43FB,ADJUSTER,712,TELEMATICS,3,READ,
w59,2025-12-19T15:01:26.011566Z,191.690,200,True,0xDA941366d7481DffDAd4458a22913423f40dA1eA,ADJUSTER,843,TELEMATICS,3,READ,
w0,2025-12-19T15:01:26.011690Z,191.673,200,True,0x2ee7F051BB940423f554ea44742f7c4c8C20Ea59,INSURER,11,VIDEO,2,READ,
w49,2025-12-19T15:01:26.011938Z,191.530,200,True,0xDD3EceF8307a47a0307E4f44135C61Dd2C75c6d7,POLICE,130,VIDEO,2,READ,
w43,2025-12-19T15:01:26.012052Z,191.520,200,True,0x05d1ef5b43268c6a5BD456A953029092795045d9,INSURER,883,OTHER,1,READ,
w45,2025-12-19T15:01:26.012174Z,191.500,200,True,0xeD60C4758Fab078c38685EeEF9692D8Fa4F3dDB9,INSURER,626,FNOL,4,READ,
w3,2025-12-19T15:01:26.012285Z,191.490,200,True,0xDd45386232533D2C209976e678A91A2263676ECB,GARAGE,475,IMAGE,2,READ,
w35,2025-12-19T15:01:26.012408Z,191.481,200,True,0x38C88185b74B534134345be38916483044075686,POLICE,33,VIDEO,2,READ,
w28,2025-12-19T15:01:26.012639Z,191.370,200,True,0xeD60C4758Fab078c38685EeEF9692D8Fa4F3dDB9,INSURER,752,TELEMATICS,3,READ,
w16,2025-12-19T15:01:26.012747Z,191.374,200,True,0x467316319C6B5f391c5a6B3b0190d4209202fC25,ADJUSTER,293,IMAGE,2,READ,
w88,2025-12-19T15:01:26.107533Z,96.700,403,False,0x0Bc81E8481993A5F61D3011a142E1510de00ECae,GARAGE,844,TELEMATICS,3,READ,
w92,2025-12-19T15:01:26.107785Z,96.560,403,False,0x415Ba7B0D983442D5407ABEF5Ebd8e9d2bB533B7,POLICE,613,FNOL,4,READ,
w7,2025-12-19T15:01:26.108769Z,95.679,403,False,0x6c2d9F1aEdB2C485CABAF82412f88d5303Fd7B73,GARAGE,864,OTHER,1,READ,
w17,2025-12-19T15:01:26.109122Z,95.446,403,False,0xcCC472e2d0eDA52066a80BCFb4577Dc9Fb7CD453,POLICE,925,OTHER,1,READ,
w42,2025-12-19T15:01:26.110810Z,94.035,403,False,0x0AbFb230511189A840157bF7FcA43b1b69338dC6,POLICE,649,MEDICAL_REPORT,5,READ,
w29,2025-12-19T15:01:26.111269Z,93.801,403,False,0xcCC472e2d0eDA52066a80BCFb4577Dc9Fb7CD453,POLICE,911,OTHER,1,READ,
w11,2025-12-19T15:01:26.112146Z,93.256,403,False,0xE4A8571e1F142Bd99866AA9464c49517B2ac0E01,ADJUSTER,659,MEDICAL_REPORT,5,READ,
w24,2025-12-19T15:01:26.112494Z,93.212,403,False,0xDD3EceF8307a47a0307E4f44135C61Dd2C75c6d7,POLICE,989,OTHER,1,READ,
w90,2025-12-19T15:01:26.112851Z,93.084,403,False,0x0Bc81E8481993A5F61D3011a142E1510de00ECae,GARAGE,42,VIDEO,2,READ,
w36,2025-12-19T15:01:26.113174Z,93.006,403,False,0x415Ba7B0D983442D5407ABEF5Ebd8e9d2bB533B7,POLICE,562,FNOL,4,READ,
w62,2025-12-19T15:01:26.106058Z,194.375,200,True,0x28606132Fb05B11eee1fa6ACe3CB39F3EFFFdCCe,ADJUSTER,261,IMAGE,2,READ,
w8,2025-12-19T15:01:26.106457Z,194.345,200,True,0x48c487f18ce4aAFcf592B2eC3611eAa7B1C85918,ADJUSTER,970,OTHER,1,READ,
w66,2025-12-19T15:01:26.106649Z,194.329,200,True,0x93787a823E3D4Ae295F5a91C0e87325E40B3aa3F,REGULATOR,94,VIDEO,2,READ,
w21,2025-12-19T15:01:26.106998Z,194.389,200,True,0x1EBe67547Da63652edcAE7c36347A6d05ef27c1C,POLICE,307,IMAGE,2,READ,
w22,2025-12-19T15:01:26.107152Z,194.401,200,True,0x2ee7F051BB940423f554ea44742f7c4c8C20Ea59,INSURER,293,IMAGE,2,READ,
w81,2025-12-19T15:01:26.107282Z,194.406,200,True,0xBCb233Ef85EC11C88E20Ea53Bb47f454d116FBe3,ADJUSTER,701,TELEMATICS,3,READ,
w27,2025-12-19T15:01:26.107413Z,194.406,200,True,0x3a74Fec63a615BC94b9A47bEa6340935Ab155117,ADJUSTER,201,VIDEO,2,READ,
w91,2025-12-19T15:01:26.107664Z,194.296,200,True,0x090F26617cAab81C15934159343Ff688fAf23820,POLICE,425,IMAGE,2,READ,
w93,2025-12-19T15:01:26.108236Z,193.856,200,True,0x89cb551204456FFCd8e595feE394120dD047b57A,INSURER,215,VIDEO,2,READ,
w46,2025-12-19T15:01:26.108375Z,193.832,200,True,0xC5f6e3512D3B1133da1f88159fDf63dC9f2d43FB,ADJUSTER,297,IMAGE,2,READ,
w50,2025-12-19T15:01:26.108515Z,193.811,200,True,0x3d4Bd094c1894ed38F3EcF0799bE66f83a4199ca,ADJUSTER,262,IMAGE,2,READ,
w52,2025-12-19T15:01:26.108640Z,193.807,200,True,0xB81c8729A121819695CEEDA9b389f559D6398B3C,REGULATOR,538,MEDICAL_REPORT,5,READ,
w65,2025-12-19T15:01:26.108891Z,193.695,200,True,0x12DF904699208278b4355b568d47De4F2c9646fe,INSURER,26,VIDEO,2,READ,
w71,2025-12-19T15:01:26.109010Z,193.698,200,True,0x50Ed54bf40D96Fda59d7F83abE5551535d7938ac,COURT,777,TELEMATICS,3,READ,
w73,2025-12-19T15:01:26.109234Z,193.589,200,True,0x58f181cd636a8F0a8335240Efc4979212ff45341,INSURER,274,IMAGE,2,READ,
w19,2025-12-19T15:01:26.109343Z,193.984,200,True,0xfd4Fc17438169bC1228EB21c2cb9b8DE1E97472a,INSURER,89,VIDEO,2,READ,
w76,2025-12-19T15:01:26.109465Z,194.008,200,True,0xCaa6A1a26D28f97DEDD4f555dEd43bC607f78384,INSURER,883,OTHER,1,READ,
w80,2025-12-19T15:01:26.109578Z,194.021,200,True,0x8216a92a44877D72a31FA6453e4583a6DCe25752,INSURER,700,MEDICAL_REPORT,5,READ,
w82,2025-12-19T15:01:26.109687Z,194.027,200,True,0xF80B0672A4f16BDe21fA2DF31482dA0fC606A43f,ADJUSTER,307,IMAGE,2,READ,
w44,2025-12-19T15:01:26.110275Z,193.550,200,True,0xcE078954f123a07010672Fff05b36f5E43642106,INSURER,561,MEDICAL_REPORT,5,READ,
w48,2025-12-19T15:01:26.110427Z,193.521,200,True,0x51a1E6D900E3e04c169Be84b2D5e5ccB2420B0EB,INSURER,764,TELEMATICS,3,READ,
w51,2025-12-19T15:01:26.110555Z,193.507,200,True,0x48c487f18ce4aAFcf592B2eC3611eAa7B1C85918,ADJUSTER,241,VIDEO,2,READ,
w56,2025-12-19T15:01:26.110680Z,193.491,200,True,0x42dC03c90d7652B937d26628a86f9317bbf521dc,INSURER,338,IMAGE,2,READ,
w69,2025-12-19T15:01:26.110925Z,193.353,200,True,0xf9314f31cc38103bC7607a176a804e5C1Ecbf511,INSURER,219,VIDEO,2,READ,
w15,2025-12-19T15:01:26.111038Z,193.357,200,True,0x014E540c98B93f6ce2a6F2D7FE66BeD9a19f7bEC,ADJUSTER,149,VIDEO,2,READ,
w83,2025-12-19T15:01:26.111150Z,193.357,200,True,0xE385ea618340FfE0d7c7e9EB25048F1c1E437F33,INSURER,959,OTHER,1,READ,
w30,2025-12-19T15:01:26.111392Z,193.267,200,True,0x598405697b464FEbA8C76367b7C75C59D8BE2eCF,COURT,219,VIDEO,2,READ,
w31,2025-12-19T15:01:26.111501Z,193.311,200,True,0x4828419eA02B1D4399E039f8E5F346f37f19fA13,INSURER,563,FNOL,4,READ,
w33,2025-12-19T15:01:26.111610Z,193.374,200,True,0x2875Aa8C20c095495Ab5d6A1aBE2E2b07077dF55,INSURER,939,OTHER,1,READ,
w37,2025-12-19T15:01:26.111716Z,193.445,200,True,0x26b179d013C696c433c0f316E594f7a7AcE77C79,GARAGE,326,IMAGE,2,READ,
w95,2025-12-19T15:01:26.111820Z,193.532,200,True,0x14E81fB79823D062AFEEC4B80e0bCCBE578d057e,REGULATOR,89,VIDEO,2,READ,
w98,2025-12-19T15:01:26.111928Z,193.605,200,True,0xFeC4882fEAf263ac0fD1b9B4271dD1852B413584,INSURER,453,IMAGE,2,READ,
w2,2025-12-19T15:01:26.112035Z,193.669,200,True,0x3E93709810FB754ab4D6A2487344dF504087996D,INSURER,934,OTHER,1,READ,
w67,2025-12-19T15:01:26.112267Z,193.620,200,True,0xD1ce8183cCf94d1494c99DFC523Af7Bd51494E8d,INSURER,261,IMAGE,2,READ,
w79,2025-12-19T15:01:26.112384Z,193.701,200,True,0x29950abd635aF427d5E2fF0DB9f6920fC915bC55,INSURER,346,IMAGE,2,READ,
w26,2025-12-19T15:01:26.112600Z,194.188,200,True,0x58f181cd636a8F0a8335240Efc4979212ff45341,INSURER,333,IMAGE,2,READ,
w87,2025-12-19T15:01:26.112702Z,194.318,200,True,0x58f181cd636a8F0a8335240Efc4979212ff45341,INSURER,842,TELEMATICS,3,READ,
w38,2025-12-19T15:01:26.112964Z,194.225,200,True,0x02BD9B3b464b98EB353C8f83Eb3b4cB0627A52Ed,COURT,5,VIDEO,2,READ,
w96,2025-12-19T15:01:26.113072Z,194.257,200,True,0x73E42dF14ff21e7994A37802a292F71830CDA5aF,INSURER,816,TELEMATICS,3,READ,
w64,2025-12-19T15:01:26.113296Z,194.177,200,True,0x42dC03c90d7652B937d26628a86f9317bbf521dc,INSURER,226,VIDEO,2,READ,
w72,2025-12-19T15:01:26.113416Z,194.194,200,True,0x51a1E6D900E3e04c169Be84b2D5e5ccB2420B0EB,INSURER,911,OTHER,1,READ,
w74,2025-12-19T15:01:26.113523Z,194.207,200,True,0x28606132Fb05B11eee1fa6ACe3CB39F3EFFFdCCe,ADJUSTER,341,IMAGE,2,READ,
w60,2025-12-19T15:01:26.113809Z,194.038,200,True,0x23aA93bc659A3e3D0da5434a4088578341D43278,GARAGE,256,IMAGE,2,READ,
w70,2025-12-19T15:01:26.198848Z,109.129,403,False,0xa814b4D02E07Daa3235ffc1E4752eCF8f6C2D8d8,ADJUSTER,700,MEDICAL_REPORT,5,READ,
w77,2025-12-19T15:01:26.199314Z,108.784,403,False,0x2B5dEec5325fd9befC139A2071d830B25FAd52Ef,GARAGE,903,OTHER,1,READ,
w78,2025-12-19T15:01:26.199431Z,108.778,403,False,0x98eAB44F56Ae1f00C301517F1B6fCDb7a452D64b,ADJUSTER,573,MEDICAL_REPORT,5,READ,
w34,2025-12-19T15:01:26.200810Z,107.505,403,False,0x955f7F1386d8d5FB12bc50876B418e4D206D9530,GARAGE,201,VIDEO,2,READ,
w58,2025-12-19T15:01:26.203033Z,105.395,403,False,0xAA49CCe569366189355225212a2EA06B8172Fa22,ADJUSTER,504,MEDICAL_REPORT,5,READ,
w4,2025-12-19T15:01:26.203150Z,105.399,403,False,0x57e02f30Dd15545B3A9eC4841D0D58Ee1D829414,GARAGE,614,FNOL,4,READ,
w0,2025-12-19T15:01:26.203367Z,105.298,403,False,0x98eAB44F56Ae1f00C301517F1B6fCDb7a452D64b,ADJUSTER,640,MEDICAL_REPORT,5,READ,
w35,2025-12-19T15:01:26.203894Z,104.891,403,False,0x3116De7d4519B71BA014e7EF3e874D3a98B64A91,POLICE,835,TELEMATICS,3,READ,
w6,2025-12-19T15:01:26.197323Z,206.299,200,True,0x933be1Be0aF68b62934fE96ADB1AB2Ee1C47B4F0,INSURER,265,IMAGE,2,READ,
w61,2025-12-19T15:01:26.197693Z,206.291,200,True,0x8FA3c986B63dEd44ce62D4aC5b3b0F49FF447700,COURT,922,OTHER,1,READ,
w63,2025-12-19T15:01:26.197867Z,206.292,200,True,0xD0Ce1d9D5A9c7E4F03d499A265d3014Ae5da7644,ADJUSTER,197,VIDEO,2,READ,
w9,2025-12-19T15:01:26.198278Z,206.275,200,True,0x05d1ef5b43268c6a5BD456A953029092795045d9,INSURER,7,VIDEO,2,READ,
w10,2025-12-19T15:01:26.198447Z,206.342,200,True,0xE1C502975CC15E22bC10c8a6e352061ef61bBc2A,COURT,912,OTHER,1,READ,
w12,2025-12-19T15:01:26.198584Z,206.453,200,True,0xFeC4882fEAf263ac0fD1b9B4271dD1852B413584,INSURER,306,IMAGE,2,READ,
w14,2025-12-19T15:01:26.198709Z,206.593,200,True,0xDA941366d7481DffDAd4458a22913423f40dA1eA,ADJUSTER,49,VIDEO,2,READ,
w18,2025-12-19T15:01:26.198973Z,206.546,200,True,0x51a1E6D900E3e04c169Be84b2D5e5ccB2420B0EB,INSURER,246,VIDEO,2,READ,
w20,2025-12-19T15:01:26.199087Z,206.621,200,True,0x3308795A526382DB26cF04047fE2bBd4F56E6CE7,COURT,723,TELEMATICS,3,READ,
w75,2025-12-19T15:01:26.199194Z,206.701,200,True,0xD0Ce1d9D5A9c7E4F03d499A265d3014Ae5da7644,ADJUSTER,739,TELEMATICS,3,READ,
w23,2025-12-19T15:01:26.199545Z,206.543,200,True,0x67A9BC3Fb3B4a392C223A8C644B48346b9Ca5128,COURT,151,VIDEO,2,READ,
w25,2025-12-19T15:01:26.199658Z,206.614,200,True,0xD21eB53384cE472F3DE7527DC9A5820dA80bBB01,INSURER,474,IMAGE,2,READ,
w84,2025-12-19T15:01:26.200181Z,206.283,200,True,0xcCC472e2d0eDA52066a80BCFb4577Dc9Fb7CD453,POLICE,69,VIDEO,2,READ,
w85,2025-12-19T15:01:26.200331Z,206.327,200,True,0xBC78986794f1658340222E011F7e1Cf375177F95,ADJUSTER,94,VIDEO,2,READ,
w86,2025-12-19T15:01:26.200463Z,206.947,200,True,0x892Bc4E7F6D9a6aD507664d8A8EEB33b2544f3Ea,COURT,900,OTHER,1,READ,
w32,2025-12-19T15:01:26.200580Z,207.016,200,True,0xD21eB53384cE472F3DE7527DC9A5820dA80bBB01,INSURER,678,FNOL,4,READ,
w89,2025-12-19T15:01:26.200692Z,207.054,200,True,0x51a1E6D900E3e04c169Be84b2D5e5ccB2420B0EB,INSURER,44,VIDEO,2,READ,
w94,2025-12-19T15:01:26.200927Z,206.956,200,True,0xD756c57480Ea623123AB3a5ad4445875E3309Ac6,INSURER,750,TELEMATICS,3,READ,
w39,2025-12-19T15:01:26.201048Z,206.962,200,True,0xF88a95Dd8B84AF76941627AA419BEFc507d88125,ADJUSTER,418,IMAGE,2,READ,
w97,2025-12-19T15:01:26.201158Z,206.976,200,True,0x78273aa663aa16C08590efF5582bb4C9DD30Bb95,INSURER,98,VIDEO,2,READ,
w41,2025-12-19T15:01:26.201263Z,206.993,200,True,0x40fca3Fa04d657c9879B638C57A2a70683E3efED,REGULATOR,751,TELEMATICS,3,READ,
w99,2025-12-19T15:01:26.201368Z,207.011,200,True,0x81daFDe6F70ee2Fb93671DC220cC29F8205ACB57,INSURER,542,FNOL,4,READ,
w13,2025-12-19T15:01:26.201472Z,207.026,200,True,0xE385ea618340FfE0d7c7e9EB25048F1c1E437F33,INSURER,231,VIDEO,2,READ,
w68,2025-12-19T15:01:26.201582Z,207.030,200,True,0x68cBdE77b98e3AF3281dBC229ee66540Eac3f007,ADJUSTER,826,TELEMATICS,3,READ,
w40,2025-12-19T15:01:26.201689Z,207.034,200,True,0x05d1ef5b43268c6a5BD456A953029092795045d9,INSURER,390,IMAGE,2,READ,
w5,2025-12-19T15:01:26.201800Z,207.037,200,True,0xC753D2a5211C57F7C2b4279053b11aEC435b41AB,REGULATOR,458,IMAGE,2,READ,
w1,2025-12-19T15:01:26.201911Z,207.050,200,True,0x4f464925226709cf94C01633A1f468E106AD6413,INSURER,841,TELEMATICS,3,READ,
w47,2025-12-19T15:01:26.202025Z,207.051,200,True,0x4BC2c2b671822006a9D592cdd2Db24e8Da3C6adf,GARAGE,392,IMAGE,2,READ,
w53,2025-12-19T15:01:26.202141Z,207.063,200,True,0x892Bc4E7F6D9a6aD507664d8A8EEB33b2544f3Ea,COURT,568,FNOL,4,READ,
w54,2025-12-19T15:01:26.202246Z,207.076,200,True,0xB2241965995ed972D442D6A9461eF3583ecA95B6,INSURER,280,IMAGE,2,READ,
w55,2025-12-19T15:01:26.202752Z,206.681,200,True,0x23aA93bc659A3e3D0da5434a4088578341D43278,GARAGE,410,IMAGE,2,READ,
w57,2025-12-19T15:01:26.202910Z,206.631,200,True,0x466ec685AE894BAc153c11350FC488cAAa2C062E,INSURER,570,FNOL,4,READ,
w59,2025-12-19T15:01:26.203261Z,206.385,200,True,0x58e8E907e02C35e581Ed3a4e98906344861E7265,INSURER,869,OTHER,1,READ,
w49,2025-12-19T15:01:26.203472Z,206.768,200,True,0xB81c8729A121819695CEEDA9b389f559D6398B3C,REGULATOR,281,IMAGE,2,READ,
w43,2025-12-19T15:01:26.203575Z,206.799,200,True,0x620a52535BA00719f0747D42746525D807319996,ADJUSTER,676,FNOL,4,READ,
w45,2025-12-19T15:01:26.203678Z,206.810,200,True,0x5CdF84465a68A1A9CEfe264b98c0701879D78982,INSURER,175,VIDEO,2,READ,
w3,2025-12-19T15:01:26.203780Z,206.831,200,True,0x11F50254a88A6e26E6Bb5aAE8d74E52372B4270E,COURT,924,OTHER,1,READ,
w28,2025-12-19T15:01:26.204014Z,206.713,200,True,0x5ee06906aF52aEd2c884D505d3a0A7CA7513188D,INSURER,696,MEDICAL_REPORT,5,READ,
w16,2025-12-19T15:01:26.204125Z,206.713,200,True,0x199baf9971453910adbCD45ae05Dc8f9B68fcB1f,INSURER,149,VIDEO,2,READ,
w88,2025-12-19T15:01:26.204238Z,206.712,200,True,0xC6Ffd174B730f05f52aF93e216103D6C7464cc96,INSURER,405,IMAGE,2,READ,
w92,2025-12-19T15:01:26.204349Z,206.712,200,True,0x811FdDFb3340F34AB2b91C97AcB5FAeB6405847E,REGULATOR,309,IMAGE,2,READ,
w7,2025-12-19T15:01:26.204452Z,206.729,200,True,0x58f181cd636a8F0a8335240Efc4979212ff45341,INSURER,803,TELEMATICS,3,READ,
w17,2025-12-19T15:01:26.204572Z,206.725,200,True,0xC29Fbef10EC6e6A787036cEA0C9024ce9F435d97,INSURER,287,IMAGE,2,READ,
w42,2025-12-19T15:01:26.204853Z,206.552,200,True,0x29Da547ffD477d0d4628d547368EcFDF73054469,ADJUSTER,280,IMAGE,2,READ,
w29,2025-12-19T15:01:26.205079Z,206.445,200,True,0x97910F1306b5414B4C61D9A719B6871f5c77662f,INSURER,232,VIDEO,2,READ,
w11,2025-12-19T15:01:26.205412Z,206.220,200,True,0xCdb11D137710f0a5234b9D3c040668B6D48e59d4,COURT,91,VIDEO,2,READ,
w24,2025-12-19T15:01:26.205714Z,206.026,200,True,0x12DF904699208278b4355b568d47De4F2c9646fe,INSURER,95,VIDEO,2,READ,
w90,2025-12-19T15:01:26.205943Z,205.901,200,True,0x4f464925226709cf94C01633A1f468E106AD6413,INSURER,484,IMAGE,2,READ,
w36,2025-12-19T15:01:26.206188Z,205.763,200,True,0x8D21394c336D57f89564705Aa61307561b63E310,POLICE,272,IMAGE,2,READ,
w8,2025-12-19T15:01:26.300809Z,111.254,403,False,0xCe3b338346378767324b87Cb888eC3F1d6d34940,POLICE,806,TELEMATICS,3,READ,
w22,2025-12-19T15:01:26.301558Z,110.611,403,False,0xF80B0672A4f16BDe21fA2DF31482dA0fC606A43f,ADJUSTER,527,MEDICAL_REPORT,5,READ,
w81,2025-12-19T15:01:26.301694Z,110.579,403,False,0x996644d2075D6c96FEB649879534dFAb933903f6,GARAGE,513,MEDICAL_REPORT,5,READ,
w52,2025-12-19T15:01:26.302451Z,109.929,403,False,0xafA5Afd00Ec5464DAf96FCe2b09f4e4e157F4A67,POLICE,805,TELEMATICS,3,READ,
w65,2025-12-19T15:01:26.302592Z,109.904,403,False,0x0AbFb230511189A840157bF7FcA43b1b69338dC6,POLICE,574,MEDICAL_REPORT,5,READ,
w76,2025-12-19T15:01:26.303479Z,109.128,403,False,0x7B678e542Dec17ab096b423D15262dcD9B8c11D8,POLICE,858,OTHER,1,READ,
w30,2025-12-19T15:01:26.304664Z,108.049,403,False,0x1F022FfD0700E02E8f01B8f05f539f8C7a0339bb,POLICE,767,TELEMATICS,3,READ,
w33,2025-12-19T15:01:26.304995Z,107.825,403,False,0x520F6Be8B20312c8CA4bB2773000A94923A4FaE5,POLICE,810,TELEMATICS,3,READ,
w26,2025-12-19T15:01:26.306797Z,106.128,403,False,0x2B5dEec5325fd9befC139A2071d830B25FAd52Ef,GARAGE,704,TELEMATICS,3,READ,
w96,2025-12-19T15:01:26.307335Z,105.692,403,False,0xE3De53E77787ac96c6f78B3eD0A6Acea23953342,POLICE,965,OTHER,1,READ,
w78,2025-12-19T15:01:26.308213Z,104.934,403,False,0x84FDd0E1F145C20f9451b1eB751c26e76B3232d4,POLICE,927,OTHER,1,READ,
w62,2025-12-19T15:01:26.300443Z,213.388,200,True,0xC586D6C2dc89b791ae2AA6ae054c2629891275e1,POLICE,263,IMAGE,2,READ,
w66,2025-12-19T15:01:26.300984Z,213.207,200,True,0x3B4ab93e0901742BFfc8A18D301F36f820AD3bB9,ADJUSTER,557,FNOL,4,READ,
w21,2025-12-19T15:01:26.301394Z,213.202,200,True,0x29950abd635aF427d5E2fF0DB9f6920fC915bC55,INSURER,319,IMAGE,2,READ,
w27,2025-12-19T15:01:26.301824Z,212.934,200,True,0x69254de41949D1A246C5c1A168e5e8473D2d50f0,ADJUSTER,97,VIDEO,2,READ,
w91,2025-12-19T15:01:26.301965Z,212.932,200,True,0x98eAB44F56Ae1f00C301517F1B6fCDb7a452D64b,ADJUSTER,466,IMAGE,2,READ,
w93,2025-12-19T15:01:26.302097Z,212.925,200,True,0x1cf47318cada656180563507BDd94262cAA29a4a,INSURER,536,FNOL,4,READ,
w46,2025-12-19T15:01:26.302213Z,212.930,200,True,0x419d3b699AA38c218f3D84f0a3129a6383634f17,ADJUSTER,598,FNOL,4,READ,
w50,2025-12-19T15:01:26.302331Z,212.925,200,True,0xd6f5696C80b8cb2D4AAaFdaf8E7C266cf4af4538,COURT,868,OTHER,1,READ,
w71,2025-12-19T15:01:26.302712Z,212.671,200,True,0xB2241965995ed972D442D6A9461eF3583ecA95B6,INSURER,761,TELEMATICS,3,READ,
w73,2025-12-19T15:01:26.302827Z,212.694,200,True,0x077f45EB3eB6027C0D05Ab77CAC4D29c46cb3a6E,INSURER,516,FNOL,4,READ,
w19,2025-12-19T15:01:26.303334Z,212.311,200,True,0x290FAd62Cb657cBfDA616da814529a670cdad059,POLICE,140,VIDEO,2,READ,
w80,2025-12-19T15:01:26.303604Z,212.157,200,True,0x476ad4Ce50BbD6624855e3d1e12E6cC23654359A,INSURER,673,MEDICAL_REPORT,5,READ,
w82,2025-12-19T15:01:26.303718Z,212.155,200,True,0x11652BF4c5D394F3a46E96f2bE659939a0f6a6ed,INSURER,890,OTHER,1,READ,
w44,2025-12-19T15:01:26.303829Z,212.483,200,True,0x4BC2c2b671822006a9D592cdd2Db24e8Da3C6adf,GARAGE,427,IMAGE,2,READ,
w48,2025-12-19T15:01:26.303954Z,212.499,200,True,0x199baf9971453910adbCD45ae05Dc8f9B68fcB1f,INSURER,157,VIDEO,2,READ,
w51,2025-12-19T15:01:26.304067Z,212.509,200,True,0x81daFDe6F70ee2Fb93671DC220cC29F8205ACB57,INSURER,240,VIDEO,2,READ,
w56,2025-12-19T15:01:26.304176Z,212.517,200,True,0x82B01EfD510Bee8680730EEf777526b020e2398B,INSURER,303,IMAGE,2,READ,
w69,2025-12-19T15:01:26.304283Z,212.523,200,True,0xf5d0314845FCf19022a28FeD6650e58CFc01f243,INSURER,509,MEDICAL_REPORT,5,READ,
w15,2025-12-19T15:01:26.304399Z,212.517,200,True,0x199baf9971453910adbCD45ae05Dc8f9B68fcB1f,INSURER,751,TELEMATICS,3,READ,
w83,2025-12-19T15:01:26.304511Z,212.515,200,True,0x3495fF4A33D3b8aCCB512226B501122064b1e8fe,INSURER,221,VIDEO,2,READ,
w31,2025-12-19T15:01:26.304819Z,212.311,200,True,0x82B01EfD510Bee8680730EEf777526b020e2398B,INSURER,954,OTHER,1,READ,
w37,2025-12-19T15:01:26.305168Z,212.071,200,True,0x3495fF4A33D3b8aCCB512226B501122064b1e8fe,INSURER,241,VIDEO,2,READ,
w95,2025-12-19T15:01:26.305359Z,212.000,200,True,0xFeC4882fEAf263ac0fD1b9B4271dD1852B413584,INSURER,36,VIDEO,2,READ,
w98,2025-12-19T15:01:26.305540Z,211.935,200,True,0xfd4Fc17438169bC1228EB21c2cb9b8DE1E97472a,INSURER,563,FNOL,4,READ,
w2,2025-12-19T15:01:26.305711Z,211.872,200,True,0x69254de41949D1A246C5c1A168e5e8473D2d50f0,ADJUSTER,849,TELEMATICS,3,READ,
w67,2025-12-19T15:01:26.305893Z,211.794,200,True,0x0520cA4f9c2359a2d1cc1B072e4dA8A3587C2088,INSURER,835,TELEMATICS,3,READ,
w79,2025-12-19T15:01:26.306092Z,211.702,200,True,0x0172115667882E73749128243A943873087c09D3,INSURER,668,FNOL,4,READ,
w87,2025-12-19T15:01:26.307027Z,211.309,200,True,0x14E81fB79823D062AFEEC4B80e0bCCBE578d057e,REGULATOR,514,MEDICAL_REPORT,5,READ,
w38,2025-12-19T15:01:26.307195Z,211.291,200,True,0x598405697b464FEbA8C76367b7C75C59D8BE2eCF,COURT,948,OTHER,1,READ,
w64,2025-12-19T15:01:26.307478Z,211.138,200,True,0x3495fF4A33D3b8aCCB512226B501122064b1e8fe,INSURER,919,OTHER,1,READ,
w72,2025-12-19T15:01:26.307615Z,211.124,200,True,0xBC78986794f1658340222E011F7e1Cf375177F95,ADJUSTER,7,VIDEO,2,READ,
w74,2025-12-19T15:01:26.307735Z,211.116,200,True,0xF96D07BDd0404b21a6B987cF6C21b9A5E3045f5F,INSURER,983,OTHER,1,READ,
w60,2025-12-19T15:01:26.307852Z,211.108,200,True,0x415Ba7B0D983442D5407ABEF5Ebd8e9d2bB533B7,POLICE,168,VIDEO,2,READ,
w70,2025-12-19T15:01:26.307982Z,211.089,200,True,0xCdb11D137710f0a5234b9D3c040668B6D48e59d4,COURT,61,VIDEO,2,READ,
w77,2025-12-19T15:01:26.308103Z,211.091,200,True,0x0520cA4f9c2359a2d1cc1B072e4dA8A3587C2088,INSURER,715,TELEMATICS,3,READ,
w34,2025-12-19T15:01:26.308321Z,210.984,200,True,0xcCC472e2d0eDA52066a80BCFb4577Dc9Fb7CD453,POLICE,193,VIDEO,2,READ,
w58,2025-12-19T15:01:26.308432Z,211.022,200,True,0x466ec685AE894BAc153c11350FC488cAAa2C062E,INSURER,384,IMAGE,2,READ,
w4,2025-12-19T15:01:26.308553Z,211.152,200,True,0xBeBf134906e0FCcd85b0D99a4626a7B8584e742c,ADJUSTER,722,TELEMATICS,3,READ,
w0,2025-12-19T15:01:26.308669Z,211.205,200,True,0x11F50254a88A6e26E6Bb5aAE8d74E52372B4270E,COURT,235,VIDEO,2,READ,
w35,2025-12-19T15:01:26.308790Z,211.231,200,True,0xEcbE69567Cf42475FbE6Ea4523541e58C4d22957,GARAGE,271,IMAGE,2,READ,
w63,2025-12-19T15:01:26.404165Z,115.982,403,False,0x6c2d9F1aEdB2C485CABAF82412f88d5303Fd7B73,GARAGE,107,VIDEO,2,READ,
w10,2025-12-19T15:01:26.404799Z,115.471,403,False,0x996644d2075D6c96FEB649879534dFAb933903f6,GARAGE,782,TELEMATICS,3,READ,
w75,2025-12-19T15:01:26.405904Z,114.480,403,False,0x0Bc81E8481993A5F61D3011a142E1510de00ECae,GARAGE,961,OTHER,1,READ,
w84,2025-12-19T15:01:26.406472Z,114.026,403,False,0xDD3EceF8307a47a0307E4f44135C61Dd2C75c6d7,POLICE,922,OTHER,1,READ,
w32,2025-12-19T15:01:26.407603Z,113.006,403,False,0x786da68d54Be22366903D370c34910372Db174c9,POLICE,666,FNOL,4,READ,
w94,2025-12-19T15:01:26.407889Z,112.829,403,False,0xCe3b338346378767324b87Cb888eC3F1d6d34940,POLICE,978,OTHER,1,READ,
w39,2025-12-19T15:01:26.408015Z,112.818,403,False,0x090F26617cAab81C15934159343Ff688fAf23820,POLICE,934,OTHER,1,READ,
w55,2025-12-19T15:01:26.409437Z,111.503,403,False,0xDD3EceF8307a47a0307E4f44135C61Dd2C75c6d7,POLICE,823,TELEMATICS,3,READ,
w57,2025-12-19T15:01:26.409545Z,111.502,403,False,0x7C8B230898f07628a4f24e2D0ffe62373593dCce,POLICE,829,TELEMATICS,3,READ,
w7,2025-12-19T15:01:26.411187Z,109.983,403,False,0x8D21394c336D57f89564705Aa61307561b63E310,POLICE,836,TELEMATICS,3,READ,
w8,2025-12-19T15:01:26.412067Z,109.235,403,False,0x3418C54B33ca42d0dF096EaD255791c7B2E2f3d9,ADJUSTER,621,MEDICAL_REPORT,5,READ,
w22,2025-12-19T15:01:26.412174Z,109.273,403,False,0x0Bc81E8481993A5F61D3011a142E1510de00ECae,GARAGE,843,TELEMATICS,3,READ,
w52,2025-12-19T15:01:26.412385Z,109.197,403,False,0x996644d2075D6c96FEB649879534dFAb933903f6,GARAGE,946,OTHER,1,READ,
w65,2025-12-19T15:01:26.412499Z,109.246,403,False,0xDd45386232533D2C209976e678A91A2263676ECB,GARAGE,640,MEDICAL_REPORT,5,READ,
w6,2025-12-19T15:01:26.403634Z,214.910,200,True,0x469Bf06C8a44e5E2Bb2752C29B92d88DCA076B8a,POLICE,430,IMAGE,2,READ,
w61,2025-12-19T15:01:26.403992Z,214.923,200,True,0x330f902fF463e2B611211Ccb44EF749E558Ba02a,INSURER,150,VIDEO,2,READ,
w9,2025-12-19T15:01:26.404561Z,214.530,200,True,0x5cA86E3342DEA0C1a26C49f1a4fA40DeEeAFf8a8,INSURER,870,OTHER,1,READ,
w12,2025-12-19T15:01:26.405047Z,214.461,200,True,0xD756c57480Ea623123AB3a5ad4445875E3309Ac6,INSURER,889,OTHER,1,READ,
w14,2025-12-19T15:01:26.405311Z,214.348,200,True,0xf9314f31cc38103bC7607a176a804e5C1Ecbf511,INSURER,1000,OTHER,1,READ,
w18,2025-12-19T15:01:26.405528Z,214.283,200,True,0x077f45EB3eB6027C0D05Ab77CAC4D29c46cb3a6E,INSURER,492,IMAGE,2,READ,
w20,2025-12-19T15:01:26.405716Z,214.227,200,True,0xB3e698A67fD5AEeB61b8bE389e7E917Bc2Ea032a,POLICE,424,IMAGE,2,READ,
w23,2025-12-19T15:01:26.406095Z,213.979,200,True,0x1cf47318cada656180563507BDd94262cAA29a4a,INSURER,63,VIDEO,2,READ,
w25,2025-12-19T15:01:26.406280Z,213.912,200,True,0xC5f6e3512D3B1133da1f88159fDf63dC9f2d43FB,ADJUSTER,176,VIDEO,2,READ,
w85,2025-12-19T15:01:26.406666Z,213.638,200,True,0xCdb11D137710f0a5234b9D3c040668B6D48e59d4,COURT,23,VIDEO,2,READ,
w86,2025-12-19T15:01:26.407417Z,213.001,200,True,0x82B01EfD510Bee8680730EEf777526b020e2398B,INSURER,89,VIDEO,2,READ,
w89,2025-12-19T15:01:26.407751Z,212.774,200,True,0xaCB712DC0982F8B6c52EB4C5D2c205766cE3d00D,INSURER,151,VIDEO,2,READ,
w97,2025-12-19T15:01:26.408139Z,212.492,200,True,0x044bef4Ff250cBBFE36FEfE3b859D78bA04c1223,INSURER,168,VIDEO,2,READ,
w41,2025-12-19T15:01:26.408261Z,212.487,200,True,0x630ba53C12B20a6EBd04Eb0819a24b1f8C554A01,INSURER,790,TELEMATICS,3,READ,
w99,2025-12-19T15:01:26.408384Z,212.475,200,True,0x0AbFb230511189A840157bF7FcA43b1b69338dC6,POLICE,304,IMAGE,2,READ,
w13,2025-12-19T15:01:26.408503Z,212.468,200,True,0x419d3b699AA38c218f3D84f0a3129a6383634f17,ADJUSTER,654,FNOL,4,READ,
w68,2025-12-19T15:01:26.408617Z,213.006,200,True,0xB2241965995ed972D442D6A9461eF3583ecA95B6,INSURER,922,OTHER,1,READ,
w40,2025-12-19T15:01:26.408727Z,213.245,200,True,0x892Bc4E7F6D9a6aD507664d8A8EEB33b2544f3Ea,COURT,754,TELEMATICS,3,READ,
w5,2025-12-19T15:01:26.408841Z,213.381,200,True,0x3A995E7B23E0Fe0f9a5537f57AA80BACa529eFC4,INSURER,463,IMAGE,2,READ,
w1,2025-12-19T15:01:26.408966Z,213.490,200,True,0xdBf006c9b4fEA25fFA98161abc660B4643109625,ADJUSTER,157,VIDEO,2,READ,
w47,2025-12-19T15:01:26.409080Z,213.556,200,True,0x685A29EE8A06E458E58A29d721dFB677cdF8a600,INSURER,80,VIDEO,2,READ,
w53,2025-12-19T15:01:26.409208Z,213.587,200,True,0x4395153bc7Ac8ebD080b3C98FE634fcA40E5609F,COURT,577,FNOL,4,READ,
w54,2025-12-19T15:01:26.409327Z,213.638,200,True,0x48c487f18ce4aAFcf592B2eC3611eAa7B1C85918,ADJUSTER,357,IMAGE,2,READ,
w59,2025-12-19T15:01:26.409651Z,213.478,200,True,0x98eAB44F56Ae1f00C301517F1B6fCDb7a452D64b,ADJUSTER,198,VIDEO,2,READ,
w49,2025-12-19T15:01:26.410245Z,213.040,200,True,0xC23BB727D3Ae6bD9cd90AC52ee26359F19176de3,INSURER,666,FNOL,4,READ,
w43,2025-12-19T15:01:26.410378Z,213.069,200,True,0x93787a823E3D4Ae295F5a91C0e87325E40B3aa3F,REGULATOR,976,OTHER,1,READ,
w45,2025-12-19T15:01:26.410493Z,213.113,200,True,0x3db0bD968176A243AC81C5c8Cf02Cf429b04dD57,COURT,44,VIDEO,2,READ,
w3,2025-12-19T15:01:26.410616Z,213.129,200,True,0x68cBdE77b98e3AF3281dBC229ee66540Eac3f007,ADJUSTER,497,IMAGE,2,READ,
w28,2025-12-19T15:01:26.410732Z,213.135,200,True,0xeD60C4758Fab078c38685EeEF9692D8Fa4F3dDB9,INSURER,617,FNOL,4,READ,
w16,2025-12-19T15:01:26.410843Z,213.138,200,True,0x8216a92a44877D72a31FA6453e4583a6DCe25752,INSURER,119,VIDEO,2,READ,
w88,2025-12-19T15:01:26.410954Z,213.141,200,True,0x59A67A1183C69AAf8Fe3D746D569392b7d4A5035,ADJUSTER,850,TELEMATICS,3,READ,
w92,2025-12-19T15:01:26.411066Z,213.149,200,True,0x3B4ab93e0901742BFfc8A18D301F36f820AD3bB9,ADJUSTER,291,IMAGE,2,READ,
w17,2025-12-19T15:01:26.411302Z,213.038,200,True,0x996644d2075D6c96FEB649879534dFAb933903f6,GARAGE,278,IMAGE,2,READ,
w42,2025-12-19T15:01:26.411409Z,213.058,200,True,0xD46492141A5F13412fa59e5F47Ce969c7954E752,INSURER,630,MEDICAL_REPORT,5,READ,
w29,2025-12-19T15:01:26.411528Z,213.060,200,True,0x29950abd635aF427d5E2fF0DB9f6920fC915bC55,INSURER,589,MEDICAL_REPORT,5,READ,
w11,2025-12-19T15:01:26.411636Z,213.456,200,True,0xE1C502975CC15E22bC10c8a6e352061ef61bBc2A,COURT,889,OTHER,1,READ,
w24,2025-12-19T15:01:26.411745Z,213.497,200,True,0x3a74Fec63a615BC94b9A47bEa6340935Ab155117,ADJUSTER,229,VIDEO,2,READ,
w90,2025-12-19T15:01:26.411849Z,213.526,200,True,0x456F6DbE8aF9e05a1918B64f0Bd0690809b23E6B,INSURER,841,TELEMATICS,3,READ,
w36,2025-12-19T15:01:26.411955Z,213.545,200,True,0x6B97e16D77504562cB9392834019252f4057F4D5,POLICE,392,IMAGE,2,READ,
w81,2025-12-19T15:01:26.412278Z,213.352,200,True,0x78b99D5D04232b9650d619DBa5F5600a9242A472,INSURER,984,OTHER,1,READ,
w76,2025-12-19T15:01:26.412611Z,213.136,200,True,0x3B4ab93e0901742BFfc8A18D301F36f820AD3bB9,ADJUSTER,783,TELEMATICS,3,READ,
w30,2025-12-19T15:01:26.412717Z,213.141,200,True,0x065Fd3F8fcF30384f50eceBa324b1EF8411Fa759,COURT,323,IMAGE,2,READ,
w33,2025-12-19T15:01:26.412824Z,213.142,200,True,0x3B4ab93e0901742BFfc8A18D301F36f820AD3bB9,ADJUSTER,960,OTHER,1,READ,
w26,2025-12-19T15:01:26.412928Z,213.153,200,True,0xf5d0314845FCf19022a28FeD6650e58CFc01f243,INSURER,322,IMAGE,2,READ,
w96,2025-12-19T15:01:26.413032Z,213.159,200,True,0x786da68d54Be22366903D370c34910372Db174c9,POLICE,207,VIDEO,2,READ,
w78,2025-12-19T15:01:26.413152Z,213.151,200,True,0x044bef4Ff250cBBFE36FEfE3b859D78bA04c1223,INSURER,540,FNOL,4,READ,
w19,2025-12-19T15:01:26.515649Z,110.772,403,False,0x3a74Fec63a615BC94b9A47bEa6340935Ab155117,ADJUSTER,574,MEDICAL_REPORT,5,READ,
w82,2025-12-19T15:01:26.515878Z,110.654,403,False,0x28365792Da71bc8AcAD11a4393049d006EF2E972,GARAGE,724,TELEMATICS,3,READ,
w56,2025-12-19T15:01:26.516698Z,109.964,403,False,0xCe3b338346378767324b87Cb888eC3F1d6d34940,POLICE,765,TELEMATICS,3,READ,
w63,2025-12-19T15:01:26.520152Z,106.628,403,False,0xA75Af013B9CBdf4322e0c459A2fB8B708fbB8Ddc,POLICE,769,TELEMATICS,3,READ,
w84,2025-12-19T15:01:26.520502Z,106.393,403,False,0xafA5Afd00Ec5464DAf96FCe2b09f4e4e157F4A67,POLICE,789,TELEMATICS,3,READ,
w94,2025-12-19T15:01:26.520723Z,106.296,403,False,0x1F98dd762361D7256a816f8086AE6FfB657fa5bC,POLICE,547,MEDICAL_REPORT,5,READ,
w52,2025-12-19T15:01:26.521587Z,105.547,403,False,0x48f8656e15a2FC22Ccd6cDe7c56db39C1B62E770,POLICE,662,FNOL,4,READ,
w62,2025-12-19T15:01:26.513842Z,204.811,200,True,0x01891323537Ca8c745Cd76182c9eB81519eaC821,GARAGE,456,IMAGE,2,READ,
w66,2025-12-19T15:01:26.514199Z,204.859,200,True,0x330f902fF463e2B611211Ccb44EF749E558Ba02a,INSURER,309,IMAGE,2,READ,
w21,2025-12-19T15:01:26.514604Z,204.660,200,True,0xeD60C4758Fab078c38685EeEF9692D8Fa4F3dDB9,INSURER,240,VIDEO,2,READ,
w27,2025-12-19T15:01:26.514764Z,204.928,200,True,0x29Da547ffD477d0d4628d547368EcFDF73054469,ADJUSTER,615,FNOL,4,READ,
w91,2025-12-19T15:01:26.514904Z,204.950,200,True,0xC66fE61Fe01B90e3C051c0ED40Dd41fC9347D018,REGULATOR,45,VIDEO,2,READ,
w93,2025-12-19T15:01:26.515027Z,204.975,200,True,0x620a52535BA00719f0747D42746525D807319996,ADJUSTER,410,IMAGE,2,READ,
w46,2025-12-19T15:01:26.515147Z,204.986,200,True,0x620a52535BA00719f0747D42746525D807319996,ADJUSTER,310,IMAGE,2,READ,
w50,2025-12-19T15:01:26.515261Z,204.993,200,True,0xF09aBd729B48E734Ad684B93585E8D043D55c967,INSURER,194,VIDEO,2,READ,
w71,2025-12-19T15:01:26.515388Z,204.980,200,True,0x182C98818C6b29Ff23d7d1d9766e1B1dEB1aBAeB,INSURER,887,OTHER,1,READ,
w73,2025-12-19T15:01:26.515527Z,204.956,200,True,0xD756c57480Ea623123AB3a5ad4445875E3309Ac6,INSURER,938,OTHER,1,READ,
w80,2025-12-19T15:01:26.515766Z,204.828,200,True,0xe9b50040eeAA45F16fd24222f4a97482737f6C8A,ADJUSTER,52,VIDEO,2,READ,
w44,2025-12-19T15:01:26.516318Z,204.388,200,True,0x330f902fF463e2B611211Ccb44EF749E558Ba02a,INSURER,310,IMAGE,2,READ,
w48,2025-12-19T15:01:26.516458Z,204.373,200,True,0x40fca3Fa04d657c9879B638C57A2a70683E3efED,REGULATOR,939,OTHER,1,READ,
w51,2025-12-19T15:01:26.516581Z,204.377,200,True,0x14d0cb07D407E25F725b7f9854B98fEEEBb4942F,INSURER,964,OTHER,1,READ,
w69,2025-12-19T15:01:26.516810Z,204.269,200,True,0x29950abd635aF427d5E2fF0DB9f6920fC915bC55,INSURER,134,VIDEO,2,READ,
w15,2025-12-19T15:01:26.516920Z,204.279,200,True,0x59760590b1fCF3C846635ae6432DE56ef26298B8,GARAGE,487,IMAGE,2,READ,
w83,2025-12-19T15:01:26.517030Z,204.938,200,True,0xD1ce8183cCf94d1494c99DFC523Af7Bd51494E8d,INSURER,953,OTHER,1,READ,
w31,2025-12-19T15:01:26.517133Z,205.102,200,True,0xd132a79Ca7Be8caaC9A27467EB9B65F7cBD6F50E,ADJUSTER,979,OTHER,1,READ,
w37,2025-12-19T15:01:26.517243Z,205.215,200,True,0x18BFB9A0Bf9293D0D3bf9F42bD6e7e7b300Dc391,COURT,593,FNOL,4,READ,
w95,2025-12-19T15:01:26.517364Z,205.251,200,True,0x0520cA4f9c2359a2d1cc1B072e4dA8A3587C2088,INSURER,517,FNOL,4,READ,
w98,2025-12-19T15:01:26.517480Z,205.282,200,True,0x7fBAcb835330c3A23597A355A26Cf6E0ee69A0B5,COURT,453,IMAGE,2,READ,
w2,2025-12-19T15:01:26.517587Z,205.410,200,True,0xD32B24Ff4D28e42239EcCd5cbdb456a1565DC083,ADJUSTER,983,OTHER,1,READ,
w67,2025-12-19T15:01:26.517692Z,205.507,200,True,0xeD60C4758Fab078c38685EeEF9692D8Fa4F3dDB9,INSURER,144,VIDEO,2,READ,
w79,2025-12-19T15:01:26.517798Z,205.546,200,True,0x3a74Fec63a615BC94b9A47bEa6340935Ab155117,ADJUSTER,770,TELEMATICS,3,READ,
w87,2025-12-19T15:01:26.518341Z,205.130,200,True,0x12DF904699208278b4355b568d47De4F2c9646fe,INSURER,612,MEDICAL_REPORT,5,READ,
w38,2025-12-19T15:01:26.518490Z,205.102,200,True,0x28606132Fb05B11eee1fa6ACe3CB39F3EFFFdCCe,ADJUSTER,277,IMAGE,2,READ,
w64,2025-12-19T15:01:26.518622Z,205.087,200,True,0x1cf47318cada656180563507BDd94262cAA29a4a,INSURER,116,VIDEO,2,READ,
w72,2025-12-19T15:01:26.518744Z,205.088,200,True,0x68cBdE77b98e3AF3281dBC229ee66540Eac3f007,ADJUSTER,424,IMAGE,2,READ,
w74,2025-12-19T15:01:26.518856Z,205.103,200,True,0x044bef4Ff250cBBFE36FEfE3b859D78bA04c1223,INSURER,76,VIDEO,2,READ,
w60,2025-12-19T15:01:26.518965Z,205.114,200,True,0x78b99D5D04232b9650d619DBa5F5600a9242A472,INSURER,660,FNOL,4,READ,
w70,2025-12-19T15:01:26.519076Z,205.120,200,True,0x07DA3024980d3B92Bcf6B8850A7C08F758B5F781,INSURER,874,OTHER,1,READ,
w77,2025-12-19T15:01:26.519198Z,205.113,200,True,0x3a74Fec63a615BC94b9A47bEa6340935Ab155117,ADJUSTER,59,VIDEO,2,READ,
w34,2025-12-19T15:01:26.519310Z,205.120,200,True,0xB81c8729A121819695CEEDA9b389f559D6398B3C,REGULATOR,961,OTHER,1,READ,
w58,2025-12-19T15:01:26.519468Z,205.600,200,True,0x9F6d6682cb1957F9585F9b8AC3469E4D767600D6,INSURER,657,MEDICAL_REPORT,5,READ,
w4,2025-12-19T15:01:26.519711Z,205.535,200,True,0xf5d0314845FCf19022a28FeD6650e58CFc01f243,INSURER,887,OTHER,1,READ,
w0,2025-12-19T15:01:26.519881Z,205.515,200,True,0xa814b4D02E07Daa3235ffc1E4752eCF8f6C2D8d8,ADJUSTER,916,OTHER,1,READ,
w35,2025-12-19T15:01:26.520026Z,205.509,200,True,0xB2241965995ed972D442D6A9461eF3583ecA95B6,INSURER,711,TELEMATICS,3,READ,
w10,2025-12-19T15:01:26.520275Z,205.378,200,True,0x59A67A1183C69AAf8Fe3D746D569392b7d4A5035,ADJUSTER,231,VIDEO,2,READ,
w75,2025-12-19T15:01:26.520388Z,205.379,200,True,0xd6f5696C80b8cb2D4AAaFdaf8E7C266cf4af4538,COURT,366,IMAGE,2,READ,
w32,2025-12-19T15:01:26.520613Z,205.266,200,True,0x81daFDe6F70ee2Fb93671DC220cC29F8205ACB57,INSURER,160,VIDEO,2,READ,
w39,2025-12-19T15:01:26.520837Z,205.153,200,True,0x46Adf75988C45FBD67a07651b6f684943428c17C,INSURER,131,VIDEO,2,READ,
w55,2025-12-19T15:01:26.520944Z,205.164,200,True,0xF09aBd729B48E734Ad684B93585E8D043D55c967,INSURER,974,OTHER,1,READ,
w57,2025-12-19T15:01:26.521051Z,205.184,200,True,0x59760590b1fCF3C846635ae6432DE56ef26298B8,GARAGE,417,IMAGE,2,READ,
w7,2025-12-19T15:01:26.521175Z,205.178,200,True,0x09596bf36cE63dABDeB58d68a52792B7BA13ba84,ADJUSTER,435,IMAGE,2,READ,
w8,2025-12-19T15:01:26.521308Z,205.158,200,True,0x1EBe67547Da63652edcAE7c36347A6d05ef27c1C,POLICE,260,IMAGE,2,READ,
w22,2025-12-19T15:01:26.521452Z,205.119,200,True,0x3db0bD968176A243AC81C5c8Cf02Cf429b04dD57,COURT,687,FNOL,4,READ,
w65,2025-12-19T15:01:26.521755Z,204.922,200,True,0x199baf9971453910adbCD45ae05Dc8f9B68fcB1f,INSURER,367,IMAGE,2,READ,
w12,2025-12-19T15:01:26.619514Z,107.273,403,False,0x26b179d013C696c433c0f316E594f7a7AcE77C79,GARAGE,858,OTHER,1,READ,
w25,2025-12-19T15:01:26.620196Z,106.698,403,False,0xCC05C551476CDbEfAd79Ed75427937b892aaFE9C,ADJUSTER,538,MEDICAL_REPORT,5,READ,
w86,2025-12-19T15:01:26.620422Z,106.597,403,False,0xE3De53E77787ac96c6f78B3eD0A6Acea23953342,POLICE,907,OTHER,1,READ,
w89,2025-12-19T15:01:26.620530Z,106.599,403,False,0x59760590b1fCF3C846635ae6432DE56ef26298B8,GARAGE,726,TELEMATICS,3,READ,
w97,2025-12-19T15:01:26.620636Z,106.609,403,False,0x26b179d013C696c433c0f316E594f7a7AcE77C79,GARAGE,830,TELEMATICS,3,READ,
w41,2025-12-19T15:01:26.620752Z,106.606,403,False,0x0Bc81E8481993A5F61D3011a142E1510de00ECae,GARAGE,606,MEDICAL_REPORT,5,READ,
w5,2025-12-19T15:01:26.622232Z,105.236,403,False,0x57e02f30Dd15545B3A9eC4841D0D58Ee1D829414,GARAGE,814,TELEMATICS,3,READ,
w49,2025-12-19T15:01:26.623292Z,104.284,403,False,0x7B678e542Dec17ab096b423D15262dcD9B8c11D8,POLICE,547,MEDICAL_REPORT,5,READ,
w3,2025-12-19T15:01:26.623751Z,103.931,403,False,0xE3De53E77787ac96c6f78B3eD0A6Acea23953342,POLICE,863,OTHER,1,READ,
w28,2025-12-19T15:01:26.623871Z,103.916,403,False,0x1Ab5D0f68133DA5E100635Bdf5030650cA2bE691,ADJUSTER,558,MEDICAL_REPORT,5,READ,
w88,2025-12-19T15:01:26.624100Z,103.792,403,False,0x48f8656e15a2FC22Ccd6cDe7c56db39C1B62E770,POLICE,674,MEDICAL_REPORT,5,READ,
w90,2025-12-19T15:01:26.625380Z,102.617,403,False,0x7B678e542Dec17ab096b423D15262dcD9B8c11D8,POLICE,636,FNOL,4,READ,
w19,2025-12-19T15:01:26.626426Z,101.674,403,False,0xB3e698A67fD5AEeB61b8bE389e7E917Bc2Ea032a,POLICE,635,MEDICAL_REPORT,5,READ,
w82,2025-12-19T15:01:26.626537Z,101.679,403,False,0x38C88185b74B534134345be38916483044075686,POLICE,711,TELEMATICS,3,READ,
w6,2025-12-19T15:01:26.618555Z,219.448,200,True,0xC753D2a5211C57F7C2b4279053b11aEC435b41AB,REGULATOR,561,MEDICAL_REPORT,5,READ,
w61,2025-12-19T15:01:26.618922Z,219.686,200,True,0x685A29EE8A06E458E58A29d721dFB677cdF8a600,INSURER,813,TELEMATICS,3,READ,
w9,2025-12-19T15:01:26.619097Z,220.015,200,True,0xf9314f31cc38103bC7607a176a804e5C1Ecbf511,INSURER,204,VIDEO,2,READ,
w14,2025-12-19T15:01:26.619665Z,219.654,200,True,0x3116De7d4519B71BA014e7EF3e874D3a98B64A91,POLICE,493,IMAGE,2,READ,
w18,2025-12-19T15:01:26.619816Z,219.677,200,True,0x3a74Fec63a615BC94b9A47bEa6340935Ab155117,ADJUSTER,777,TELEMATICS,3,READ,
w20,2025-12-19T15:01:26.619948Z,219.701,200,True,0x4395153bc7Ac8ebD080b3C98FE634fcA40E5609F,COURT,690,MEDICAL_REPORT,5,READ,
w23,2025-12-19T15:01:26.620079Z,219.723,200,True,0xC29Fbef10EC6e6A787036cEA0C9024ce9F435d97,INSURER,638,MEDICAL_REPORT,5,READ,
w85,2025-12-19T15:01:26.620309Z,219.629,200,True,0xa96C0E04f38F8dC8842789660AA8C570bfCCFF50,GARAGE,390,IMAGE,2,READ,
w99,2025-12-19T15:01:26.620863Z,219.225,200,True,0xE4A8571e1F142Bd99866AA9464c49517B2ac0E01,ADJUSTER,360,IMAGE,2,READ,
w13,2025-12-19T15:01:26.620975Z,219.249,200,True,0x05d1ef5b43268c6a5BD456A953029092795045d9,INSURER,858,OTHER,1,READ,
w68,2025-12-19T15:01:26.621635Z,219.041,200,True,0x4f464925226709cf94C01633A1f468E106AD6413,INSURER,307,IMAGE,2,READ,
w40,2025-12-19T15:01:26.621983Z,218.840,200,True,0x630ba53C12B20a6EBd04Eb0819a24b1f8C554A01,INSURER,49,VIDEO,2,READ,
w1,2025-12-19T15:01:26.622463Z,218.501,200,True,0x97910F1306b5414B4C61D9A719B6871f5c77662f,INSURER,900,OTHER,1,READ,
w47,2025-12-19T15:01:26.622642Z,218.445,200,True,0xC29Fbef10EC6e6A787036cEA0C9024ce9F435d97,INSURER,744,TELEMATICS,3,READ,
w53,2025-12-19T15:01:26.622801Z,218.399,200,True,0x6032b722b48DC8717A2C437485f2D3d264BD803B,ADJUSTER,117,VIDEO,2,READ,
w54,2025-12-19T15:01:26.622970Z,218.345,200,True,0xB81c8729A121819695CEEDA9b389f559D6398B3C,REGULATOR,215,VIDEO,2,READ,
w59,2025-12-19T15:01:26.623137Z,218.292,200,True,0xE4A8571e1F142Bd99866AA9464c49517B2ac0E01,ADJUSTER,77,VIDEO,2,READ,
w43,2025-12-19T15:01:26.623452Z,218.091,200,True,0xb8Fe0E775705824a50658ef111434567024d4310,REGULATOR,871,OTHER,1,READ,
w45,2025-12-19T15:01:26.623614Z,218.049,200,True,0x78273aa663aa16C08590efF5582bb4C9DD30Bb95,INSURER,764,TELEMATICS,3,READ,
w16,2025-12-19T15:01:26.623985Z,217.810,200,True,0x50Ed54bf40D96Fda59d7F83abE5551535d7938ac,COURT,295,IMAGE,2,READ,
w92,2025-12-19T15:01:26.624219Z,217.695,200,True,0xAF3C604AE7a9E247C368331a22270415269Ef10d,INSURER,719,TELEMATICS,3,READ,
w17,2025-12-19T15:01:26.624345Z,217.704,200,True,0x26b179d013C696c433c0f316E594f7a7AcE77C79,GARAGE,484,IMAGE,2,READ,
w42,2025-12-19T15:01:26.624472Z,217.716,200,True,0x1cf47318cada656180563507BDd94262cAA29a4a,INSURER,65,VIDEO,2,READ,
w29,2025-12-19T15:01:26.624593Z,218.116,200,True,0xe9b50040eeAA45F16fd24222f4a97482737f6C8A,ADJUSTER,860,OTHER,1,READ,
w11,2025-12-19T15:01:26.625097Z,217.762,200,True,0x456F6DbE8aF9e05a1918B64f0Bd0690809b23E6B,INSURER,796,TELEMATICS,3,READ,
w24,2025-12-19T15:01:26.625248Z,217.742,200,True,0xe9b50040eeAA45F16fd24222f4a97482737f6C8A,ADJUSTER,987,OTHER,1,READ,
w36,2025-12-19T15:01:26.625504Z,217.603,200,True,0x23aA93bc659A3e3D0da5434a4088578341D43278,GARAGE,296,IMAGE,2,READ,
w81,2025-12-19T15:01:26.625635Z,217.580,200,True,0x4f464925226709cf94C01633A1f468E106AD6413,INSURER,245,VIDEO,2,READ,
w76,2025-12-19T15:01:26.625752Z,217.575,200,True,0x97910F1306b5414B4C61D9A719B6871f5c77662f,INSURER,626,FNOL,4,READ,
w30,2025-12-19T15:01:26.625863Z,217.572,200,True,0xE056D0a60EfEE3e1642D5B2129E2bbBdAf22444c,INSURER,139,VIDEO,2,READ,
w33,2025-12-19T15:01:26.625971Z,217.573,200,True,0x40fca3Fa04d657c9879B638C57A2a70683E3efED,REGULATOR,100,VIDEO,2,READ,
w26,2025-12-19T15:01:26.626085Z,217.587,200,True,0x808936f08CCC0a9C3953Cd3716006fB99825CBa4,COURT,768,TELEMATICS,3,READ,
w96,2025-12-19T15:01:26.626195Z,217.594,200,True,0x065Fd3F8fcF30384f50eceBa324b1EF8411Fa759,COURT,893,OTHER,1,READ,
w78,2025-12-19T15:01:26.626307Z,217.591,200,True,0xF80B0672A4f16BDe21fA2DF31482dA0fC606A43f,ADJUSTER,734,TELEMATICS,3,READ,
w56,2025-12-19T15:01:26.626667Z,217.340,200,True,0x28606132Fb05B11eee1fa6ACe3CB39F3EFFFdCCe,ADJUSTER,856,OTHER,1,READ,
w63,2025-12-19T15:01:26.626784Z,217.328,200,True,0xD6e58dE85e171C0D6BB42Cf4a85fBa7C55ce5618,INSURER,628,FNOL,4,READ,
w84,2025-12-19T15:01:26.626899Z,217.331,200,True,0x467316319C6B5f391c5a6B3b0190d4209202fC25,ADJUSTER,302,IMAGE,2,READ,
w94,2025-12-19T15:01:26.627023Z,217.319,200,True,0x330f902fF463e2B611211Ccb44EF749E558Ba02a,INSURER,710,TELEMATICS,3,READ,
w52,2025-12-19T15:01:26.627139Z,217.312,200,True,0xAF3C604AE7a9E247C368331a22270415269Ef10d,INSURER,150,VIDEO,2,READ,
w66,2025-12-19T15:01:26.719065Z,125.491,403,False,0xC586D6C2dc89b791ae2AA6ae054c2629891275e1,POLICE,738,TELEMATICS,3,READ,
w27,2025-12-19T15:01:26.719698Z,124.965,403,False,0x7B678e542Dec17ab096b423D15262dcD9B8c11D8,POLICE,807,TELEMATICS,3,READ,
w50,2025-12-19T15:01:26.720259Z,124.537,403,False,0xA75Af013B9CBdf4322e0c459A2fB8B708fbB8Ddc,POLICE,688,FNOL,4,READ,
w48,2025-12-19T15:01:26.720836Z,124.067,403,False,0x6c2d9F1aEdB2C485CABAF82412f88d5303Fd7B73,GARAGE,853,OTHER,1,READ,
w51,2025-12-19T15:01:26.720963Z,124.049,403,False,0x2B5dEec5325fd9befC139A2071d830B25FAd52Ef,GARAGE,703,TELEMATICS,3,READ,
w31,2025-12-19T15:01:26.722244Z,122.880,403,False,0x23aA93bc659A3e3D0da5434a4088578341D43278,GARAGE,855,OTHER,1,READ,
w4,2025-12-19T15:01:26.725252Z,119.982,403,False,0xC586D6C2dc89b791ae2AA6ae054c2629891275e1,POLICE,780,TELEMATICS,3,READ,
w35,2025-12-19T15:01:26.725541Z,120.001,403,False,0xCF5E79F0E2BFC3eb5fe4aB0975E9F0eEc50b54E3,GARAGE,204,VIDEO,2,READ,
w22,2025-12-19T15:01:26.726576Z,119.099,403,False,0xcA28195b12c3c8cB960d8423584ee9a8677BD158,POLICE,548,MEDICAL_REPORT,5,READ,
w97,2025-12-19T15:01:26.727248Z,118.543,403,False,0x2B5dEec5325fd9befC139A2071d830B25FAd52Ef,GARAGE,248,VIDEO,2,READ,
w62,2025-12-19T15:01:26.718664Z,215.136,200,True,0xB3e698A67fD5AEeB61b8bE389e7E917Bc2Ea032a,POLICE,73,VIDEO,2,READ,
w21,2025-12-19T15:01:26.719271Z,214.923,200,True,0x6032b722b48DC8717A2C437485f2D3d264BD803B,ADJUSTER,508,FNOL,4,READ,
w91,2025-12-19T15:01:26.719861Z,214.528,200,True,0x476ad4Ce50BbD6624855e3d1e12E6cC23654359A,INSURER,533,MEDICAL_REPORT,5,READ,
w93,2025-12-19T15:01:26.720008Z,214.790,200,True,0x67A9BC3Fb3B4a392C223A8C644B48346b9Ca5128,COURT,360,IMAGE,2,READ,
w46,2025-12-19T15:01:26.720137Z,214.817,200,True,0xe9b50040eeAA45F16fd24222f4a97482737f6C8A,ADJUSTER,523,FNOL,4,READ,
w71,2025-12-19T15:01:26.720373Z,214.718,200,True,0xCaa6A1a26D28f97DEDD4f555dEd43bC607f78384,INSURER,51,VIDEO,2,READ,
w73,2025-12-19T15:01:26.720487Z,214.729,200,True,0x73c07A746181c5256aC8EB8006fFbCF2239bEcC5,COURT,53,VIDEO,2,READ,
w80,2025-12-19T15:01:26.720600Z,214.750,200,True,0x93787a823E3D4Ae295F5a91C0e87325E40B3aa3F,REGULATOR,616,MEDICAL_REPORT,5,READ,
w44,2025-12-19T15:01:26.720711Z,214.783,200,True,0x330f902fF463e2B611211Ccb44EF749E558Ba02a,INSURER,95,VIDEO,2,READ,
w69,2025-12-19T15:01:26.721083Z,214.610,200,True,0xD32B24Ff4D28e42239EcCd5cbdb456a1565DC083,ADJUSTER,90,VIDEO,2,READ,
w15,2025-12-19T15:01:26.721205Z,214.653,200,True,0xE385ea618340FfE0d7c7e9EB25048F1c1E437F33,INSURER,217,VIDEO,2,READ,
w83,2025-12-19T15:01:26.721978Z,214.006,200,True,0xC6Ffd174B730f05f52aF93e216103D6C7464cc96,INSURER,355,IMAGE,2,READ,
w37,2025-12-19T15:01:26.722465Z,213.641,200,True,0xD06Cc40e4D98aDc886d652F4253985B5c04282b9,REGULATOR,771,TELEMATICS,3,READ,
w95,2025-12-19T15:01:26.722620Z,213.599,200,True,0x01891323537Ca8c745Cd76182c9eB81519eaC821,GARAGE,297,IMAGE,2,READ,
w98,2025-12-19T15:01:26.722770Z,213.561,200,True,0x48f8656e15a2FC22Ccd6cDe7c56db39C1B62E770,POLICE,461,IMAGE,2,READ,
w2,2025-12-19T15:01:26.723003Z,213.853,200,True,0xcCC472e2d0eDA52066a80BCFb4577Dc9Fb7CD453,POLICE,409,IMAGE,2,READ,
w67,2025-12-19T15:01:26.723204Z,213.809,200,True,0xB81c8729A121819695CEEDA9b389f559D6398B3C,REGULATOR,193,VIDEO,2,READ,
w79,2025-12-19T15:01:26.723350Z,213.796,200,True,0x014E540c98B93f6ce2a6F2D7FE66BeD9a19f7bEC,ADJUSTER,436,IMAGE,2,READ,
w87,2025-12-19T15:01:26.723476Z,213.790,200,True,0x1Ab5D0f68133DA5E100635Bdf5030650cA2bE691,ADJUSTER,410,IMAGE,2,READ,
w38,2025-12-19T15:01:26.723597Z,213.804,200,True,0x065Fd3F8fcF30384f50eceBa324b1EF8411Fa759,COURT,938,OTHER,1,READ,
w64,2025-12-19T15:01:26.723719Z,213.797,200,True,0x12DF904699208278b4355b568d47De4F2c9646fe,INSURER,906,OTHER,1,READ,
w72,2025-12-19T15:01:26.723836Z,213.791,200,True,0xF88a95Dd8B84AF76941627AA419BEFc507d88125,ADJUSTER,461,IMAGE,2,READ,
w74,2025-12-19T15:01:26.723964Z,213.777,200,True,0xcCC472e2d0eDA52066a80BCFb4577Dc9Fb7CD453,POLICE,357,IMAGE,2,READ,
w60,2025-12-19T15:01:26.724083Z,213.781,200,True,0x330f902fF463e2B611211Ccb44EF749E558Ba02a,INSURER,120,VIDEO,2,READ,
w70,2025-12-19T15:01:26.724201Z,213.952,200,True,0xCC05C551476CDbEfAd79Ed75427937b892aaFE9C,ADJUSTER,744,TELEMATICS,3,READ,
w77,2025-12-19T15:01:26.724315Z,214.134,200,True,0xF88a95Dd8B84AF76941627AA419BEFc507d88125,ADJUSTER,489,IMAGE,2,READ,
w34,2025-12-19T15:01:26.724434Z,214.304,200,True,0x48c487f18ce4aAFcf592B2eC3611eAa7B1C85918,ADJUSTER,566,FNOL,4,READ,
w58,2025-12-19T15:01:26.725074Z,213.912,200,True,0x69254de41949D1A246C5c1A168e5e8473D2d50f0,ADJUSTER,43,VIDEO,2,READ,
w0,2025-12-19T15:01:26.725402Z,213.884,200,True,0x50Ed54bf40D96Fda59d7F83abE5551535d7938ac,COURT,294,IMAGE,2,READ,
w10,2025-12-19T15:01:26.725658Z,213.822,200,True,0x467316319C6B5f391c5a6B3b0190d4209202fC25,ADJUSTER,372,IMAGE,2,READ,
w75,2025-12-19T15:01:26.725771Z,213.866,200,True,0xDD3EceF8307a47a0307E4f44135C61Dd2C75c6d7,POLICE,149,VIDEO,2,READ,
w32,2025-12-19T15:01:26.725884Z,214.019,200,True,0x81daFDe6F70ee2Fb93671DC220cC29F8205ACB57,INSURER,423,IMAGE,2,READ,
w39,2025-12-19T15:01:26.725995Z,214.215,200,True,0x466ec685AE894BAc153c11350FC488cAAa2C062E,INSURER,761,TELEMATICS,3,READ,
w55,2025-12-19T15:01:26.726113Z,214.312,200,True,0xf5d0314845FCf19022a28FeD6650e58CFc01f243,INSURER,701,TELEMATICS,3,READ,
w57,2025-12-19T15:01:26.726241Z,215.105,200,True,0xa814b4D02E07Daa3235ffc1E4752eCF8f6C2D8d8,ADJUSTER,990,OTHER,1,READ,
w7,2025-12-19T15:01:26.726357Z,215.159,200,True,0x933be1Be0aF68b62934fE96ADB1AB2Ee1C47B4F0,INSURER,974,OTHER,1,READ,
w8,2025-12-19T15:01:26.726470Z,215.237,200,True,0x5e3B546a11dc657CdFa106cd26E2211ee451c0d7,INSURER,759,TELEMATICS,3,READ,
w65,2025-12-19T15:01:26.726681Z,215.171,200,True,0xBC78986794f1658340222E011F7e1Cf375177F95,ADJUSTER,993,OTHER,1,READ,
w12,2025-12-19T15:01:26.726791Z,215.190,200,True,0x01891323537Ca8c745Cd76182c9eB81519eaC821,GARAGE,315,IMAGE,2,READ,
w25,2025-12-19T15:01:26.726897Z,215.201,200,True,0x044bef4Ff250cBBFE36FEfE3b859D78bA04c1223,INSURER,920,OTHER,1,READ,
w86,2025-12-19T15:01:26.727023Z,215.238,200,True,0x8216a92a44877D72a31FA6453e4583a6DCe25752,INSURER,846,TELEMATICS,3,READ,
w89,2025-12-19T15:01:26.727134Z,215.257,200,True,0x4828419eA02B1D4399E039f8E5F346f37f19fA13,INSURER,60,VIDEO,2,READ,
w41,2025-12-19T15:01:26.727363Z,215.156,200,True,0x6032b722b48DC8717A2C437485f2D3d264BD803B,ADJUSTER,709,TELEMATICS,3,READ,
w5,2025-12-19T15:01:26.727472Z,215.160,200,True,0xa814b4D02E07Daa3235ffc1E4752eCF8f6C2D8d8,ADJUSTER,505,FNOL,4,READ,
w49,2025-12-19T15:01:26.727580Z,215.162,200,True,0xD1ce8183cCf94d1494c99DFC523Af7Bd51494E8d,INSURER,60,VIDEO,2,READ,
w3,2025-12-19T15:01:26.727686Z,215.098,200,True,0xB8954C40b419Ae7332fF39Ce3d458ba1fed03941,REGULATOR,415,IMAGE,2,READ,
w28,2025-12-19T15:01:26.727793Z,215.026,200,True,0xf9314f31cc38103bC7607a176a804e5C1Ecbf511,INSURER,46,VIDEO,2,READ,
w88,2025-12-19T15:01:26.727896Z,214.951,200,True,0x3B4ab93e0901742BFfc8A18D301F36f820AD3bB9,ADJUSTER,678,FNOL,4,READ,
w90,2025-12-19T15:01:26.728000Z,214.875,200,True,0x415Ba7B0D983442D5407ABEF5Ebd8e9d2bB533B7,POLICE,75,VIDEO,2,READ,
w19,2025-12-19T15:01:26.728105Z,214.798,200,True,0x11F50254a88A6e26E6Bb5aAE8d74E52372B4270E,COURT,525,MEDICAL_REPORT,5,READ,
w82,2025-12-19T15:01:26.728220Z,214.714,200,True,0x290FAd62Cb657cBfDA616da814529a670cdad059,POLICE,179,VIDEO,2,READ,
w61,2025-12-19T15:01:26.838620Z,104.345,403,False,0xD0Ce1d9D5A9c7E4F03d499A265d3014Ae5da7644,ADJUSTER,680,MEDICAL_REPORT,5,READ,
w23,2025-12-19T15:01:26.839807Z,103.188,403,False,0x469Bf06C8a44e5E2Bb2752C29B92d88DCA076B8a,POLICE,798,TELEMATICS,3,READ,
w1,2025-12-19T15:01:26.840969Z,102.055,403,False,0x4BA98aed0F31F1E56A9bc733FD86aB30e5b88D0E,GARAGE,664,FNOL,4,READ,
w59,2025-12-19T15:01:26.841434Z,101.615,403,False,0x4BA98aed0F31F1E56A9bc733FD86aB30e5b88D0E,GARAGE,505,FNOL,4,READ,
w50,2025-12-19T15:01:26.844800Z,98.273,403,False,0x57e02f30Dd15545B3A9eC4841D0D58Ee1D829414,GARAGE,108,VIDEO,2,READ,
w4,2025-12-19T15:01:26.845238Z,97.862,403,False,0x3d4Bd094c1894ed38F3EcF0799bE66f83a4199ca,ADJUSTER,588,MEDICAL_REPORT,5,READ,
w6,2025-12-19T15:01:26.838022Z,196.523,200,True,0x598405697b464FEbA8C76367b7C75C59D8BE2eCF,COURT,38,VIDEO,2,READ,
w9,2025-12-19T15:01:26.839123Z,195.645,200,True,0xCe3b338346378767324b87Cb888eC3F1d6d34940,POLICE,328,IMAGE,2,READ,
w14,2025-12-19T15:01:26.839327Z,195.611,200,True,0x18BFB9A0Bf9293D0D3bf9F42bD6e7e7b300Dc391,COURT,761,TELEMATICS,3,READ,
w18,2025-12-19T15:01:26.839499Z,195.619,200,True,0x4f464925226709cf94C01633A1f468E106AD6413,INSURER,260,IMAGE,2,READ,
w20,2025-12-19T15:01:26.839655Z,195.504,200,True,0x3d9c5458418bD082b010C0F93c3b8FBF9826E0Bf,INSURER,768,TELEMATICS,3,READ,
w85,2025-12-19T15:01:26.839944Z,195.249,200,True,0x620a52535BA00719f0747D42746525D807319996,ADJUSTER,670,FNOL,4,READ,
w99,2025-12-19T15:01:26.840094Z,195.400,200,True,0xD46492141A5F13412fa59e5F47Ce969c7954E752,INSURER,390,IMAGE,2,READ,
w13,2025-12-19T15:01:26.840229Z,195.302,200,True,0xeD60C4758Fab078c38685EeEF9692D8Fa4F3dDB9,INSURER,974,OTHER,1,READ,
w68,2025-12-19T15:01:26.840681Z,194.885,200,True,0xB8954C40b419Ae7332fF39Ce3d458ba1fed03941,REGULATOR,51,VIDEO,2,READ,
w40,2025-12-19T15:01:26.840830Z,194.782,200,True,0x0520cA4f9c2359a2d1cc1B072e4dA8A3587C2088,INSURER,366,IMAGE,2,READ,
w47,2025-12-19T15:01:26.841091Z,194.964,200,True,0xF09aBd729B48E734Ad684B93585E8D043D55c967,INSURER,179,VIDEO,2,READ,
w53,2025-12-19T15:01:26.841204Z,194.891,200,True,0xD06Cc40e4D98aDc886d652F4253985B5c04282b9,REGULATOR,347,IMAGE,2,READ,
w54,2025-12-19T15:01:26.841321Z,194.806,200,True,0x476ad4Ce50BbD6624855e3d1e12E6cC23654359A,INSURER,157,VIDEO,2,READ,
w43,2025-12-19T15:01:26.841547Z,194.611,200,True,0x3d68C58ebB81123d1Ac10655857193A1cDee90CE,INSURER,290,IMAGE,2,READ,
w45,2025-12-19T15:01:26.841668Z,194.521,200,True,0x0520cA4f9c2359a2d1cc1B072e4dA8A3587C2088,INSURER,266,IMAGE,2,READ,
w16,2025-12-19T15:01:26.841800Z,194.418,200,True,0x38C88185b74B534134345be38916483044075686,POLICE,326,IMAGE,2,READ,
w92,2025-12-19T15:01:26.841919Z,194.332,200,True,0xd963E5e27CB9872abc2Fbed9107c373Aa59583a4,INSURER,805,TELEMATICS,3,READ,
w17,2025-12-19T15:01:26.842057Z,194.222,200,True,0x58e8E907e02C35e581Ed3a4e98906344861E7265,INSURER,237,VIDEO,2,READ,
w42,2025-12-19T15:01:26.842193Z,194.116,200,True,0xaCB712DC0982F8B6c52EB4C5D2c205766cE3d00D,INSURER,912,OTHER,1,READ,
w29,2025-12-19T15:01:26.842715Z,194.292,200,True,0x73E42dF14ff21e7994A37802a292F71830CDA5aF,INSURER,352,IMAGE,2,READ,
w11,2025-12-19T15:01:26.842865Z,194.183,200,True,0x685A29EE8A06E458E58A29d721dFB677cdF8a600,INSURER,785,TELEMATICS,3,READ,
w24,2025-12-19T15:01:26.842994Z,194.089,200,True,0x7B46635cB6cA958f34ae933b93884a5f19b258D7,INSURER,157,VIDEO,2,READ,
w36,2025-12-19T15:01:26.843110Z,194.006,200,True,0x476ad4Ce50BbD6624855e3d1e12E6cC23654359A,INSURER,454,IMAGE,2,READ,
w81,2025-12-19T15:01:26.843219Z,193.928,200,True,0x1Ab5D0f68133DA5E100635Bdf5030650cA2bE691,ADJUSTER,105,VIDEO,2,READ,
w76,2025-12-19T15:01:26.843331Z,193.846,200,True,0x685A29EE8A06E458E58A29d721dFB677cdF8a600,INSURER,366,IMAGE,2,READ,
w30,2025-12-19T15:01:26.843439Z,193.767,200,True,0x14d0cb07D407E25F725b7f9854B98fEEEBb4942F,INSURER,712,TELEMATICS,3,READ,
w33,2025-12-19T15:01:26.843549Z,193.687,200,True,0xE056D0a60EfEE3e1642D5B2129E2bbBdAf22444c,INSURER,710,TELEMATICS,3,READ,
w26,2025-12-19T15:01:26.843677Z,193.587,200,True,0x4395153bc7Ac8ebD080b3C98FE634fcA40E5609F,COURT,780,TELEMATICS,3,READ,
w96,2025-12-19T15:01:26.843793Z,193.498,200,True,0x419d3b699AA38c218f3D84f0a3129a6383634f17,ADJUSTER,743,TELEMATICS,3,READ,
w78,2025-12-19T15:01:26.843903Z,193.414,200,True,0x3B4ab93e0901742BFfc8A18D301F36f820AD3bB9,ADJUSTER,768,TELEMATICS,3,READ,
w56,2025-12-19T15:01:26.844011Z,193.332,200,True,0x51A2465dc26f17e37524f93494A8409715ACc9c2,INSURER,702,TELEMATICS,3,READ,
w63,2025-12-19T15:01:26.844116Z,193.257,200,True,0xB8954C40b419Ae7332fF39Ce3d458ba1fed03941,REGULATOR,644,FNOL,4,READ,
w84,2025-12-19T15:01:26.844234Z,194.089,200,True,0x09596bf36cE63dABDeB58d68a52792B7BA13ba84,ADJUSTER,885,OTHER,1,READ,
w94,2025-12-19T15:01:26.844346Z,194.040,200,True,0xAA49CCe569366189355225212a2EA06B8172Fa22,ADJUSTER,922,OTHER,1,READ,
w52,2025-12-19T15:01:26.844455Z,194.022,200,True,0x28606132Fb05B11eee1fa6ACe3CB39F3EFFFdCCe,ADJUSTER,812,TELEMATICS,3,READ,
w66,2025-12-19T15:01:26.844561Z,193.977,200,True,0x3d9c5458418bD082b010C0F93c3b8FBF9826E0Bf,INSURER,125,VIDEO,2,READ,
w27,2025-12-19T15:01:26.844668Z,193.911,200,True,0x11652BF4c5D394F3a46E96f2bE659939a0f6a6ed,INSURER,76,VIDEO,2,READ,
w48,2025-12-19T15:01:26.844907Z,193.708,200,True,0xb8Fe0E775705824a50658ef111434567024d4310,REGULATOR,877,OTHER,1,READ,
w51,2025-12-19T15:01:26.845016Z,193.632,200,True,0x89cb551204456FFCd8e595feE394120dD047b57A,INSURER,289,IMAGE,2,READ,
w31,2025-12-19T15:01:26.845129Z,193.551,200,True,0xD0Ce1d9D5A9c7E4F03d499A265d3014Ae5da7644,ADJUSTER,245,VIDEO,2,READ,
w35,2025-12-19T15:01:26.845547Z,193.166,200,True,0x0479AcE8E12E22b9751dF7542dd8f225c221EC34,ADJUSTER,498,IMAGE,2,READ,
w22,2025-12-19T15:01:26.845680Z,193.063,200,True,0x0479AcE8E12E22b9751dF7542dd8f225c221EC34,ADJUSTER,823,TELEMATICS,3,READ,
w97,2025-12-19T15:01:26.845796Z,192.977,200,True,0x4395153bc7Ac8ebD080b3C98FE634fcA40E5609F,COURT,633,MEDICAL_REPORT,5,READ,
w62,2025-12-19T15:01:26.933812Z,104.993,403,False,0x0Bc81E8481993A5F61D3011a142E1510de00ECae,GARAGE,135,VIDEO,2,READ,
w73,2025-12-19T15:01:26.935222Z,103.617,403,False,0x8D21394c336D57f89564705Aa61307561b63E310,POLICE,741,TELEMATICS,3,READ,
w80,2025-12-19T15:01:26.935355Z,103.517,403,False,0x3D8B37E283940B186f3d817371AE9834E2836f7f,GARAGE,573,MEDICAL_REPORT,5,READ,
w87,2025-12-19T15:01:26.937272Z,101.635,403,False,0x23aA93bc659A3e3D0da5434a4088578341D43278,GARAGE,689,FNOL,4,READ,
w38,2025-12-19T15:01:26.937405Z,101.533,403,False,0x1F98dd762361D7256a816f8086AE6FfB657fa5bC,POLICE,678,FNOL,4,READ,
w0,2025-12-19T15:01:26.939293Z,99.682,403,False,0xDD3EceF8307a47a0307E4f44135C61Dd2C75c6d7,POLICE,972,OTHER,1,READ,
w10,2025-12-19T15:01:26.939487Z,100.390,403,False,0x0AbFb230511189A840157bF7FcA43b1b69338dC6,POLICE,614,FNOL,4,READ,
w39,2025-12-19T15:01:26.940217Z,99.698,403,False,0x996644d2075D6c96FEB649879534dFAb933903f6,GARAGE,916,OTHER,1,READ,
w8,2025-12-19T15:01:26.941713Z,98.232,403,False,0x4BA98aed0F31F1E56A9bc733FD86aB30e5b88D0E,GARAGE,987,OTHER,1,READ,
w152,2025-12-19T15:01:25.405301Z,1634.669,403,False,0x28365792Da71bc8AcAD11a4393049d006EF2E972,GARAGE,544,MEDICAL_REPORT,5,READ,
w136,2025-12-19T15:01:25.404288Z,1635.708,403,False,0xDd45386232533D2C209976e678A91A2263676ECB,GARAGE,643,MEDICAL_REPORT,5,READ,
w137,2025-12-19T15:01:25.404312Z,1635.707,403,False,0x955f7F1386d8d5FB12bc50876B418e4D206D9530,GARAGE,86,VIDEO,2,READ,
w21,2025-12-19T15:01:26.934204Z,204.741,200,True,0x6B97e16D77504562cB9392834019252f4057F4D5,POLICE,106,VIDEO,2,READ,
w91,2025-12-19T15:01:26.934395Z,204.911,200,True,0xFf85d9d86E5E1a3792266E2a5BB970C470C1e0c5,COURT,673,MEDICAL_REPORT,5,READ,
w93,2025-12-19T15:01:26.934804Z,204.815,200,True,0xF80B0672A4f16BDe21fA2DF31482dA0fC606A43f,ADJUSTER,711,TELEMATICS,3,READ,
w46,2025-12-19T15:01:26.934962Z,204.712,200,True,0xE3De53E77787ac96c6f78B3eD0A6Acea23953342,POLICE,488,IMAGE,2,READ,
w71,2025-12-19T15:01:26.935095Z,204.903,200,True,0x182C98818C6b29Ff23d7d1d9766e1B1dEB1aBAeB,INSURER,110,VIDEO,2,READ,
w44,2025-12-19T15:01:26.935501Z,204.549,200,True,0x98eAB44F56Ae1f00C301517F1B6fCDb7a452D64b,ADJUSTER,317,IMAGE,2,READ,
w69,2025-12-19T15:01:26.935701Z,204.388,200,True,0x14E81fB79823D062AFEEC4B80e0bCCBE578d057e,REGULATOR,51,VIDEO,2,READ,
w15,2025-12-19T15:01:26.935863Z,204.259,200,True,0x7B46635cB6cA958f34ae933b93884a5f19b258D7,INSURER,301,IMAGE,2,READ,
w83,2025-12-19T15:01:26.935988Z,204.526,200,True,0xFf85d9d86E5E1a3792266E2a5BB970C470C1e0c5,COURT,938,OTHER,1,READ,
w37,2025-12-19T15:01:26.936111Z,204.440,200,True,0x7B678e542Dec17ab096b423D15262dcD9B8c11D8,POLICE,333,IMAGE,2,READ,
w95,2025-12-19T15:01:26.936224Z,204.359,200,True,0xDA941366d7481DffDAd4458a22913423f40dA1eA,ADJUSTER,382,IMAGE,2,READ,
w98,2025-12-19T15:01:26.936336Z,204.282,200,True,0x0479AcE8E12E22b9751dF7542dd8f225c221EC34,ADJUSTER,620,FNOL,4,READ,
w2,2025-12-19T15:01:26.936862Z,203.786,200,True,0x58f181cd636a8F0a8335240Efc4979212ff45341,INSURER,673,MEDICAL_REPORT,5,READ,
w67,2025-12-19T15:01:26.937020Z,203.660,200,True,0xB2241965995ed972D442D6A9461eF3583ecA95B6,INSURER,590,FNOL,4,READ,
w79,2025-12-19T15:01:26.937151Z,204.021,200,True,0x3B4ab93e0901742BFfc8A18D301F36f820AD3bB9,ADJUSTER,214,VIDEO,2,READ,
w64,2025-12-19T15:01:26.937520Z,203.688,200,True,0x7B678e542Dec17ab096b423D15262dcD9B8c11D8,POLICE,120,VIDEO,2,READ,
w72,2025-12-19T15:01:26.937632Z,203.607,200,True,0xd132a79Ca7Be8caaC9A27467EB9B65F7cBD6F50E,ADJUSTER,138,VIDEO,2,READ,
w74,2025-12-19T15:01:26.937745Z,203.527,200,True,0x73E42dF14ff21e7994A37802a292F71830CDA5aF,INSURER,87,VIDEO,2,READ,
w60,2025-12-19T15:01:26.937871Z,203.430,200,True,0x8FA3c986B63dEd44ce62D4aC5b3b0F49FF447700,COURT,830,TELEMATICS,3,READ,
w70,2025-12-19T15:01:26.938164Z,203.163,200,True,0xcE078954f123a07010672Fff05b36f5E43642106,INSURER,928,OTHER,1,READ,
w77,2025-12-19T15:01:26.938460Z,202.899,200,True,0x3E93709810FB754ab4D6A2487344dF504087996D,INSURER,353,IMAGE,2,READ,
w34,2025-12-19T15:01:26.938748Z,202.641,200,True,0x014E540c98B93f6ce2a6F2D7FE66BeD9a19f7bEC,ADJUSTER,299,IMAGE,2,READ,
w58,2025-12-19T15:01:26.938995Z,202.422,200,True,0x58f181cd636a8F0a8335240Efc4979212ff45341,INSURER,758,TELEMATICS,3,READ,
w75,2025-12-19T15:01:26.939643Z,201.803,200,True,0x620a52535BA00719f0747D42746525D807319996,ADJUSTER,473,IMAGE,2,READ,
w32,2025-12-19T15:01:26.939910Z,202.293,200,True,0x14E81fB79823D062AFEEC4B80e0bCCBE578d057e,REGULATOR,130,VIDEO,2,READ,
w55,2025-12-19T15:01:26.940430Z,201.811,200,True,0xCC05C551476CDbEfAd79Ed75427937b892aaFE9C,ADJUSTER,140,VIDEO,2,READ,
w57,2025-12-19T15:01:26.941353Z,200.921,200,True,0x014E540c98B93f6ce2a6F2D7FE66BeD9a19f7bEC,ADJUSTER,859,OTHER,1,READ,
w7,2025-12-19T15:01:26.941521Z,200.782,200,True,0x014E540c98B93f6ce2a6F2D7FE66BeD9a19f7bEC,ADJUSTER,825,TELEMATICS,3,READ,
w65,2025-12-19T15:01:26.941857Z,200.475,200,True,0x044bef4Ff250cBBFE36FEfE3b859D78bA04c1223,INSURER,555,MEDICAL_REPORT,5,READ,
w12,2025-12-19T15:01:26.941987Z,200.373,200,True,0xC6Ffd174B730f05f52aF93e216103D6C7464cc96,INSURER,729,TELEMATICS,3,READ,
w25,2025-12-19T15:01:26.942103Z,200.285,200,True,0xACaaedBfb07404f2aAf0ccd6503B1529C1A48764,ADJUSTER,701,TELEMATICS,3,READ,
w86,2025-12-19T15:01:26.942266Z,200.152,200,True,0xC5f6e3512D3B1133da1f88159fDf63dC9f2d43FB,ADJUSTER,950,OTHER,1,READ,
w89,2025-12-19T15:01:26.942397Z,200.046,200,True,0x3db0bD968176A243AC81C5c8Cf02Cf429b04dD57,COURT,429,IMAGE,2,READ,
w41,2025-12-19T15:01:26.942523Z,199.947,200,True,0xf9314f31cc38103bC7607a176a804e5C1Ecbf511,INSURER,162,VIDEO,2,READ,
w5,2025-12-19T15:01:26.942636Z,199.861,200,True,0x01891323537Ca8c745Cd76182c9eB81519eaC821,GARAGE,340,IMAGE,2,READ,
w153,2025-12-19T15:01:25.405442Z,1737.081,200,True,0x40fca3Fa04d657c9879B638C57A2a70683E3efED,REGULATOR,708,TELEMATICS,3,READ,
w135,2025-12-19T15:01:25.404263Z,1738.284,200,True,0xa96C0E04f38F8dC8842789660AA8C570bfCCFF50,GARAGE,478,IMAGE,2,READ,
w151,2025-12-19T15:01:25.405222Z,1737.348,200,True,0x685A29EE8A06E458E58A29d721dFB677cdF8a600,INSURER,714,TELEMATICS,3,READ,
w150,2025-12-19T15:01:25.405100Z,1737.490,200,True,0x50Ed54bf40D96Fda59d7F83abE5551535d7938ac,COURT,709,TELEMATICS,3,READ,
w121,2025-12-19T15:01:25.403915Z,1738.696,200,True,0x81A893236EFCdC58F1f9421b59Ee21eb7e38f8FB,INSURER,887,OTHER,1,READ,
w123,2025-12-19T15:01:25.403969Z,1738.665,200,True,0xBeBf134906e0FCcd85b0D99a4626a7B8584e742c,ADJUSTER,976,OTHER,1,READ,
w125,2025-12-19T15:01:25.404018Z,1738.637,200,True,0xF88a95Dd8B84AF76941627AA419BEFc507d88125,ADJUSTER,653,FNOL,4,READ,
w118,2025-12-19T15:01:25.403835Z,1739.425,200,True,0xF96D07BDd0404b21a6B987cF6C21b9A5E3045f5F,INSURER,413,IMAGE,2,READ,
w126,2025-12-19T15:01:25.404042Z,1739.251,200,True,0x3495fF4A33D3b8aCCB512226B501122064b1e8fe,INSURER,325,IMAGE,2,READ,
w131,2025-12-19T15:01:25.404165Z,1739.153,200,True,0x28606132Fb05B11eee1fa6ACe3CB39F3EFFFdCCe,ADJUSTER,433,IMAGE,2,READ,
w141,2025-12-19T15:01:25.404408Z,1738.934,403,False,0x1F022FfD0700E02E8f01B8f05f539f8C7a0339bb,POLICE,559,FNOL,4,READ,
w145,2025-12-19T15:01:25.404508Z,1738.855,403,False,0x57e02f30Dd15545B3A9eC4841D0D58Ee1D829414,GARAGE,647,MEDICAL_REPORT,5,READ,
w138,2025-12-19T15:01:25.404336Z,1739.047,403,False,0xCF5E79F0E2BFC3eb5fe4aB0975E9F0eEc50b54E3,GARAGE,65,VIDEO,2,READ,
w139,2025-12-19T15:01:25.404360Z,1739.043,403,False,0xB3e698A67fD5AEeB61b8bE389e7E917Bc2Ea032a,POLICE,538,MEDICAL_REPORT,5,READ,
w124,2025-12-19T15:01:25.403993Z,1739.428,403,False,0xEcbE69567Cf42475FbE6Ea4523541e58C4d22957,GARAGE,660,FNOL,4,READ,
w127,2025-12-19T15:01:25.404066Z,1739.374,403,False,0x7B678e542Dec17ab096b423D15262dcD9B8c11D8,POLICE,511,MEDICAL_REPORT,5,READ,
w140,2025-12-19T15:01:25.404385Z,1739.072,403,False,0x3116De7d4519B71BA014e7EF3e874D3a98B64A91,POLICE,722,TELEMATICS,3,READ,
w142,2025-12-19T15:01:25.404432Z,1739.043,403,False,0x955f7F1386d8d5FB12bc50876B418e4D206D9530,GARAGE,808,TELEMATICS,3,READ,
w106,2025-12-19T15:01:25.403528Z,1739.965,403,False,0x6c2d9F1aEdB2C485CABAF82412f88d5303Fd7B73,GARAGE,517,FNOL,4,READ,
w110,2025-12-19T15:01:25.403628Z,1739.887,403,False,0x23aA93bc659A3e3D0da5434a4088578341D43278,GARAGE,776,TELEMATICS,3,READ,
w111,2025-12-19T15:01:25.403652Z,1739.880,403,False,0x57e02f30Dd15545B3A9eC4841D0D58Ee1D829414,GARAGE,572,FNOL,4,READ,
w157,2025-12-19T15:01:25.405740Z,1737.812,403,False,0x26b179d013C696c433c0f316E594f7a7AcE77C79,GARAGE,712,TELEMATICS,3,READ,
w158,2025-12-19T15:01:25.405797Z,1737.773,403,False,0xCF5E79F0E2BFC3eb5fe4aB0975E9F0eEc50b54E3,GARAGE,235,VIDEO,2,READ,
w166,2025-12-19T15:01:25.406264Z,1737.324,403,False,0x23aA93bc659A3e3D0da5434a4088578341D43278,GARAGE,239,VIDEO,2,READ,
w129,2025-12-19T15:01:25.404116Z,1830.636,200,True,0x5e3B546a11dc657CdFa106cd26E2211ee451c0d7,INSURER,128,VIDEO,2,READ,
w117,2025-12-19T15:01:25.403801Z,1831.067,200,True,0x59A67A1183C69AAf8Fe3D746D569392b7d4A5035,ADJUSTER,773,TELEMATICS,3,READ,
w128,2025-12-19T15:01:25.404091Z,1830.951,200,True,0xF09aBd729B48E734Ad684B93585E8D043D55c967,INSURER,26,VIDEO,2,READ,
w130,2025-12-19T15:01:25.404140Z,1830.940,200,True,0x73E42dF14ff21e7994A37802a292F71830CDA5aF,INSURER,654,FNOL,4,READ,
w133,2025-12-19T15:01:25.404216Z,1830.890,200,True,0x7B46635cB6cA958f34ae933b93884a5f19b258D7,INSURER,612,MEDICAL_REPORT,5,READ,
w132,2025-12-19T15:01:25.404191Z,1831.044,200,True,0xD0Ce1d9D5A9c7E4F03d499A265d3014Ae5da7644,ADJUSTER,982,OTHER,1,READ,
w116,2025-12-19T15:01:25.403777Z,1831.487,200,True,0x89cb551204456FFCd8e595feE394120dD047b57A,INSURER,920,OTHER,1,READ,
w115,2025-12-19T15:01:25.403752Z,1831.544,200,True,0xE4A8571e1F142Bd99866AA9464c49517B2ac0E01,ADJUSTER,324,IMAGE,2,READ,
w134,2025-12-19T15:01:25.404240Z,1831.192,200,True,0x077f45EB3eB6027C0D05Ab77CAC4D29c46cb3a6E,INSURER,960,OTHER,1,READ,
w114,2025-12-19T15:01:25.403729Z,1831.737,200,True,0xEcbE69567Cf42475FbE6Ea4523541e58C4d22957,GARAGE,384,IMAGE,2,READ,
w119,2025-12-19T15:01:25.403862Z,1831.636,200,True,0x3d9c5458418bD082b010C0F93c3b8FBF9826E0Bf,INSURER,15,VIDEO,2,READ,
w120,2025-12-19T15:01:25.403887Z,1831.639,200,True,0x78b99D5D04232b9650d619DBa5F5600a9242A472,INSURER,431,IMAGE,2,READ,
w122,2025-12-19T15:01:25.403944Z,1831.774,200,True,0x5ee06906aF52aEd2c884D505d3a0A7CA7513188D,INSURER,890,OTHER,1,READ,
w148,2025-12-19T15:01:25.404743Z,1831.009,200,True,0x620a52535BA00719f0747D42746525D807319996,ADJUSTER,481,IMAGE,2,READ,
w147,2025-12-19T15:01:25.404665Z,1831.114,200,True,0xD1ce8183cCf94d1494c99DFC523Af7Bd51494E8d,INSURER,618,MEDICAL_REPORT,5,READ,
w146,2025-12-19T15:01:25.404539Z,1831.268,200,True,0x0Bc81E8481993A5F61D3011a142E1510de00ECae,GARAGE,397,IMAGE,2,READ,
w149,2025-12-19T15:01:25.404993Z,1831.004,200,True,0x67A9BC3Fb3B4a392C223A8C644B48346b9Ca5128,COURT,855,OTHER,1,READ,
w144,2025-12-19T15:01:25.404482Z,1831.544,200,True,0x33F5a90B9400A21046089Aaf44319BA889B0B9ed,INSURER,622,FNOL,4,READ,
w143,2025-12-19T15:01:25.404457Z,1831.592,200,True,0x3308795A526382DB26cF04047fE2bBd4F56E6CE7,COURT,287,IMAGE,2,READ,
w113,2025-12-19T15:01:25.403706Z,1832.366,200,True,0x5ee06906aF52aEd2c884D505d3a0A7CA7513188D,INSURER,892,OTHER,1,READ,
w107,2025-12-19T15:01:25.403555Z,1832.540,200,True,0x8Dd96368f7a8216813107Fe89688AcaafE8Cb76D,INSURER,465,IMAGE,2,READ,
w105,2025-12-19T15:01:25.403503Z,1832.613,200,True,0xfd4Fc17438169bC1228EB21c2cb9b8DE1E97472a,INSURER,843,TELEMATICS,3,READ,
w104,2025-12-19T15:01:25.403475Z,1832.940,200,True,0x40fca3Fa04d657c9879B638C57A2a70683E3efED,REGULATOR,290,IMAGE,2,READ,
w103,2025-12-19T15:01:25.403369Z,1833.089,200,True,0x3B4ab93e0901742BFfc8A18D301F36f820AD3bB9,ADJUSTER,367,IMAGE,2,READ,
w102,2025-12-19T15:01:25.403344Z,1833.146,200,True,0xD0Ce1d9D5A9c7E4F03d499A265d3014Ae5da7644,ADJUSTER,439,IMAGE,2,READ,
w100,2025-12-19T15:01:25.403286Z,1833.238,200,True,0xF88a95Dd8B84AF76941627AA419BEFc507d88125,ADJUSTER,806,TELEMATICS,3,READ,
w101,2025-12-19T15:01:25.403315Z,1833.241,200,True,0x50Ed54bf40D96Fda59d7F83abE5551535d7938ac,COURT,790,TELEMATICS,3,READ,
w109,2025-12-19T15:01:25.403604Z,1832.983,200,True,0x02BD9B3b464b98EB353C8f83Eb3b4cB0627A52Ed,COURT,683,MEDICAL_REPORT,5,READ,
w108,2025-12-19T15:01:25.403580Z,1833.036,200,True,0x42dC03c90d7652B937d26628a86f9317bbf521dc,INSURER,176,VIDEO,2,READ,
w112,2025-12-19T15:01:25.403681Z,1832.970,200,True,0x7B678e542Dec17ab096b423D15262dcD9B8c11D8,POLICE,233,VIDEO,2,READ,
w154,2025-12-19T15:01:25.405540Z,1831.422,200,True,0xCC05C551476CDbEfAd79Ed75427937b892aaFE9C,ADJUSTER,787,TELEMATICS,3,READ,
w155,2025-12-19T15:01:25.405617Z,1831.383,200,True,0xB81c8729A121819695CEEDA9b389f559D6398B3C,REGULATOR,476,IMAGE,2,READ,
w156,2025-12-19T15:01:25.405683Z,1831.354,200,True,0x077f45EB3eB6027C0D05Ab77CAC4D29c46cb3a6E,INSURER,975,OTHER,1,READ,
w159,2025-12-19T15:01:25.405882Z,1831.187,200,True,0xE3De53E77787ac96c6f78B3eD0A6Acea23953342,POLICE,399,IMAGE,2,READ,
w160,2025-12-19T15:01:25.406003Z,1831.096,200,True,0x58e8E907e02C35e581Ed3a4e98906344861E7265,INSURER,659,MEDICAL_REPORT,5,READ,
w161,2025-12-19T15:01:25.406065Z,1831.062,200,True,0x1cf47318cada656180563507BDd94262cAA29a4a,INSURER,431,IMAGE,2,READ,
w162,2025-12-19T15:01:25.406109Z,1831.049,200,True,0xD6e58dE85e171C0D6BB42Cf4a85fBa7C55ce5618,INSURER,604,FNOL,4,READ,
w163,2025-12-19T15:01:25.406154Z,1831.033,200,True,0xBdfeA99CC2B9e09E4A7e6C7B14808189488E3985,COURT,69,VIDEO,2,READ,
w164,2025-12-19T15:01:25.406189Z,1831.028,200,True,0xC23BB727D3Ae6bD9cd90AC52ee26359F19176de3,INSURER,43,VIDEO,2,READ,
w165,2025-12-19T15:01:25.406225Z,1831.021,200,True,0x40fca3Fa04d657c9879B638C57A2a70683E3efED,REGULATOR,511,MEDICAL_REPORT,5,READ,
w167,2025-12-19T15:01:25.406301Z,1831.198,200,True,0x4395153bc7Ac8ebD080b3C98FE634fcA40E5609F,COURT,678,FNOL,4,READ,
w175,2025-12-19T15:01:25.406560Z,1830.969,403,False,0xDd45386232533D2C209976e678A91A2263676ECB,GARAGE,940,OTHER,1,READ,
w176,2025-12-19T15:01:25.406592Z,1830.960,403,False,0x59760590b1fCF3C846635ae6432DE56ef26298B8,GARAGE,710,TELEMATICS,3,READ,
w177,2025-12-19T15:01:25.406627Z,1830.947,403,False,0xCF5E79F0E2BFC3eb5fe4aB0975E9F0eEc50b54E3,GARAGE,927,OTHER,1,READ,
w180,2025-12-19T15:01:25.406761Z,1830.833,403,False,0x1F98dd762361D7256a816f8086AE6FfB657fa5bC,POLICE,632,MEDICAL_REPORT,5,READ,
w190,2025-12-19T15:01:25.407142Z,1830.474,403,False,0x4BC2c2b671822006a9D592cdd2Db24e8Da3C6adf,GARAGE,533,MEDICAL_REPORT,5,READ,
w192,2025-12-19T15:01:25.407206Z,1830.434,403,False,0xC586D6C2dc89b791ae2AA6ae054c2629891275e1,POLICE,822,TELEMATICS,3,READ,
w198,2025-12-19T15:01:25.407501Z,1830.159,403,False,0x28365792Da71bc8AcAD11a4393049d006EF2E972,GARAGE,754,TELEMATICS,3,READ,
w168,2025-12-19T15:01:25.406332Z,1871.976,200,True,0x5ee06906aF52aEd2c884D505d3a0A7CA7513188D,INSURER,241,VIDEO,2,READ,
w169,2025-12-19T15:01:25.406362Z,1872.153,200,True,0xBC78986794f1658340222E011F7e1Cf375177F95,ADJUSTER,258,IMAGE,2,READ,
w170,2025-12-19T15:01:25.406393Z,1872.171,200,True,0x3E93709810FB754ab4D6A2487344dF504087996D,INSURER,547,MEDICAL_REPORT,5,READ,
w171,2025-12-19T15:01:25.406429Z,1872.410,200,True,0xACaaedBfb07404f2aAf0ccd6503B1529C1A48764,ADJUSTER,242,VIDEO,2,READ,
w172,2025-12-19T15:01:25.406463Z,1872.420,200,True,0x81A893236EFCdC58F1f9421b59Ee21eb7e38f8FB,INSURER,749,TELEMATICS,3,READ,
w173,2025-12-19T15:01:25.406499Z,1872.422,200,True,0xFeC4882fEAf263ac0fD1b9B4271dD1852B413584,INSURER,799,TELEMATICS,3,READ,
w174,2025-12-19T15:01:25.406529Z,1872.426,200,True,0x014E540c98B93f6ce2a6F2D7FE66BeD9a19f7bEC,ADJUSTER,195,VIDEO,2,READ,
w178,2025-12-19T15:01:25.406667Z,1872.321,200,True,0x73E42dF14ff21e7994A37802a292F71830CDA5aF,INSURER,462,IMAGE,2,READ,
w179,2025-12-19T15:01:25.406704Z,1872.319,200,True,0x78273aa663aa16C08590efF5582bb4C9DD30Bb95,INSURER,598,FNOL,4,READ,
w181,2025-12-19T15:01:25.406803Z,1872.255,200,True,0x12DF904699208278b4355b568d47De4F2c9646fe,INSURER,448,IMAGE,2,READ,
w182,2025-12-19T15:01:25.406837Z,1872.536,200,True,0x67A9BC3Fb3B4a392C223A8C644B48346b9Ca5128,COURT,680,MEDICAL_REPORT,5,READ,
w183,2025-12-19T15:01:25.406880Z,1872.535,200,True,0xACaaedBfb07404f2aAf0ccd6503B1529C1A48764,ADJUSTER,912,OTHER,1,READ,
w184,2025-12-19T15:01:25.406927Z,1872.527,200,True,0xd6f5696C80b8cb2D4AAaFdaf8E7C266cf4af4538,COURT,979,OTHER,1,READ,
w185,2025-12-19T15:01:25.406969Z,1872.519,200,True,0x4828419eA02B1D4399E039f8E5F346f37f19fA13,INSURER,224,VIDEO,2,READ,
w186,2025-12-19T15:01:25.407005Z,1872.520,200,True,0xB2241965995ed972D442D6A9461eF3583ecA95B6,INSURER,14,VIDEO,2,READ,
w187,2025-12-19T15:01:25.407038Z,1872.519,200,True,0xC66fE61Fe01B90e3C051c0ED40Dd41fC9347D018,REGULATOR,610,FNOL,4,READ,
w188,2025-12-19T15:01:25.407073Z,1872.514,200,True,0x0172115667882E73749128243A943873087c09D3,INSURER,779,TELEMATICS,3,READ,
w189,2025-12-19T15:01:25.407107Z,1872.515,200,True,0x476ad4Ce50BbD6624855e3d1e12E6cC23654359A,INSURER,906,OTHER,1,READ,
w191,2025-12-19T15:01:25.407173Z,1872.484,200,True,0x3a74Fec63a615BC94b9A47bEa6340935Ab155117,ADJUSTER,516,FNOL,4,READ,
w193,2025-12-19T15:01:25.407349Z,1872.339,200,True,0x29950abd635aF427d5E2fF0DB9f6920fC915bC55,INSURER,378,IMAGE,2,READ,
w194,2025-12-19T15:01:25.407383Z,1872.527,200,True,0x0172115667882E73749128243A943873087c09D3,INSURER,221,VIDEO,2,READ,
w195,2025-12-19T15:01:25.407415Z,1872.533,200,True,0x630ba53C12B20a6EBd04Eb0819a24b1f8C554A01,INSURER,832,TELEMATICS,3,READ,
w196,2025-12-19T15:01:25.407447Z,1872.534,200,True,0xF80B0672A4f16BDe21fA2DF31482dA0fC606A43f,ADJUSTER,596,FNOL,4,READ,
w197,2025-12-19T15:01:25.407474Z,1872.533,200,True,0xE4A8571e1F142Bd99866AA9464c49517B2ac0E01,ADJUSTER,981,OTHER,1,READ,
w199,2025-12-19T15:01:25.407527Z,1872.508,200,True,0x59A67A1183C69AAf8Fe3D746D569392b7d4A5035,ADJUSTER,969,OTHER,1,READ,
