worker,start_time_iso,latency_ms,status,allowed,subject_address,subject_role,resource_id,resource_type,resource_sensitivity,action,error
w34,2025-12-19T15:01:20.588295Z,74.792,403,False,0x38C88185b74B534134345be38916483044075686,POLICE,704,TELEMATICS,3,READ,
w35,2025-12-19T15:01:20.588342Z,75.125,403,False,0x3116De7d4519B71BA014e7EF3e874D3a98B64A91,POLICE,804,TELEMATICS,3,READ,
w10,2025-12-19T15:01:20.586772Z,77.082,403,False,0xafA5Afd00Ec5464DAf96FCe2b09f4e4e157F4A67,POLICE,502,MEDICAL_REPORT,5,READ,
w23,2025-12-19T15:01:20.587348Z,76.679,403,False,0x1EBe67547Da63652edcAE7c36347A6d05ef27c1C,POLICE,927,OTHER,1,READ,
w12,2025-12-19T15:01:20.586867Z,77.302,403,False,0x26b179d013C696c433c0f316E594f7a7AcE77C79,GARAGE,190,VIDEO,2,READ,
w25,2025-12-19T15:01:20.587437Z,76.861,403,False,0x59760590b1fCF3C846635ae6432DE56ef26298B8,GARAGE,2,VIDEO,2,READ,
w13,2025-12-19T15:01:20.586909Z,77.523,403,False,0x23aA93bc659A3e3D0da5434a4088578341D43278,GARAGE,905,OTHER,1,READ,
w1,2025-12-19T15:01:20.585848Z,78.712,403,False,0x59760590b1fCF3C846635ae6432DE56ef26298B8,GARAGE,39,VIDEO,2,READ,
w31,2025-12-19T15:01:20.588020Z,76.664,403,False,0x0Bc81E8481993A5F61D3011a142E1510de00ECae,GARAGE,585,MEDICAL_REPORT,5,READ,
w18,2025-12-19T15:01:20.587128Z,77.664,403,False,0x4BC2c2b671822006a9D592cdd2Db24e8Da3C6adf,GARAGE,84,VIDEO,2,READ,
w19,2025-12-19T15:01:20.587175Z,79.565,403,False,0x1F98dd762361D7256a816f8086AE6FfB657fa5bC,POLICE,738,TELEMATICS,3,READ,
w0,2025-12-19T15:01:20.582921Z,83.989,403,False,0x26b179d013C696c433c0f316E594f7a7AcE77C79,GARAGE,762,TELEMATICS,3,READ,
w47,2025-12-19T15:01:20.589195Z,145.883,200,True,0xeaD317253F31780B00e0Ef360b1ade2Fb83c2b3E,INSURER,304,IMAGE,2,READ,
w33,2025-12-19T15:01:20.588234Z,147.204,200,True,0x46Adf75988C45FBD67a07651b6f684943428c17C,INSURER,575,FNOL,4,READ,
w20,2025-12-19T15:01:20.587218Z,148.399,200,True,0x84FDd0E1F145C20f9451b1eB751c26e76B3232d4,POLICE,110,VIDEO,2,READ,
w6,2025-12-19T15:01:20.586582Z,149.401,200,True,0xC6Ffd174B730f05f52aF93e216103D6C7464cc96,INSURER,787,TELEMATICS,3,READ,
w48,2025-12-19T15:01:20.589243Z,146.886,200,True,0xf9314f31cc38103bC7607a176a804e5C1Ecbf511,INSURER,43,VIDEO,2,READ,
w7,2025-12-19T15:01:20.586630Z,149.623,200,True,0x290FAd62Cb657cBfDA616da814529a670cdad059,POLICE,47,VIDEO,2,READ,
w49,2025-12-19T15:01:20.589296Z,147.070,200,True,0x81A893236EFCdC58F1f9421b59Ee21eb7e38f8FB,INSURER,602,MEDICAL_REPORT,5,READ,
w8,2025-12-19T15:01:20.586678Z,149.796,200,True,0xCaa6A1a26D28f97DEDD4f555dEd43bC607f78384,INSURER,151,VIDEO,2,READ,
w36,2025-12-19T15:01:20.588387Z,148.194,200,True,0x29950abd635aF427d5E2fF0DB9f6920fC915bC55,INSURER,530,FNOL,4,READ,
w21,2025-12-19T15:01:20.587261Z,149.438,200,True,0x27158a264fdA9698B85485706B47BBC87Fa6Db4b,ADJUSTER,266,IMAGE,2,READ,
w9,2025-12-19T15:01:20.586726Z,150.076,200,True,0xC66fE61Fe01B90e3C051c0ED40Dd41fC9347D018,REGULATOR,967,OTHER,1,READ,
w37,2025-12-19T15:01:20.588433Z,148.477,200,True,0x93787a823E3D4Ae295F5a91C0e87325E40B3aa3F,REGULATOR,548,MEDICAL_REPORT,5,READ,
w22,2025-12-19T15:01:20.587304Z,149.707,200,True,0xEcbE69567Cf42475FbE6Ea4523541e58C4d22957,GARAGE,292,IMAGE,2,READ,
w38,2025-12-19T15:01:20.588476Z,148.637,200,True,0x456F6DbE8aF9e05a1918B64f0Bd0690809b23E6B,INSURER,575,FNOL,4,READ,
w11,2025-12-19T15:01:20.586817Z,150.712,200,True,0x0479AcE8E12E22b9751dF7542dd8f225c221EC34,ADJUSTER,918,OTHER,1,READ,
w39,2025-12-19T15:01:20.588521Z,149.153,200,True,0x58e8E907e02C35e581Ed3a4e98906344861E7265,INSURER,420,IMAGE,2,READ,
w24,2025-12-19T15:01:20.587394Z,150.397,200,True,0x42dC03c90d7652B937d26628a86f9317bbf521dc,INSURER,371,IMAGE,2,READ,
w40,2025-12-19T15:01:20.588564Z,149.331,200,True,0x73E42dF14ff21e7994A37802a292F71830CDA5aF,INSURER,855,OTHER,1,READ,
w30,2025-12-19T15:01:20.587898Z,150.130,200,True,0xD32B24Ff4D28e42239EcCd5cbdb456a1565DC083,ADJUSTER,906,OTHER,1,READ,
w41,2025-12-19T15:01:20.588609Z,149.562,200,True,0x0479AcE8E12E22b9751dF7542dd8f225c221EC34,ADJUSTER,932,OTHER,1,READ,
w26,2025-12-19T15:01:20.587480Z,150.836,200,True,0x808936f08CCC0a9C3953Cd3716006fB99825CBa4,COURT,315,IMAGE,2,READ,
w14,2025-12-19T15:01:20.586956Z,151.564,200,True,0x0AbFb230511189A840157bF7FcA43b1b69338dC6,POLICE,30,VIDEO,2,READ,
w42,2025-12-19T15:01:20.588650Z,150.106,200,True,0xF09aBd729B48E734Ad684B93585E8D043D55c967,INSURER,53,VIDEO,2,READ,
w27,2025-12-19T15:01:20.587540Z,151.370,200,True,0x3495fF4A33D3b8aCCB512226B501122064b1e8fe,INSURER,668,FNOL,4,READ,
w15,2025-12-19T15:01:20.587001Z,152.043,200,True,0x2875Aa8C20c095495Ab5d6A1aBE2E2b07077dF55,INSURER,876,OTHER,1,READ,
w43,2025-12-19T15:01:20.588695Z,150.481,200,True,0x467316319C6B5f391c5a6B3b0190d4209202fC25,ADJUSTER,107,VIDEO,2,READ,
w28,2025-12-19T15:01:20.587590Z,151.702,200,True,0xB8954C40b419Ae7332fF39Ce3d458ba1fed03941,REGULATOR,603,FNOL,4,READ,
w16,2025-12-19T15:01:20.587043Z,152.359,200,True,0x065Fd3F8fcF30384f50eceBa324b1EF8411Fa759,COURT,720,TELEMATICS,3,READ,
w2,2025-12-19T15:01:20.586315Z,153.193,200,True,0x12DF904699208278b4355b568d47De4F2c9646fe,INSURER,695,MEDICAL_REPORT,5,READ,
w44,2025-12-19T15:01:20.588997Z,150.871,200,True,0x090F26617cAab81C15934159343Ff688fAf23820,POLICE,42,VIDEO,2,READ,
w29,2025-12-19T15:01:20.587758Z,152.261,200,True,0xF88a95Dd8B84AF76941627AA419BEFc507d88125,ADJUSTER,440,IMAGE,2,READ,
w17,2025-12-19T15:01:20.587085Z,153.059,200,True,0x29Da547ffD477d0d4628d547368EcFDF73054469,ADJUSTER,430,IMAGE,2,READ,
w3,2025-12-19T15:01:20.586405Z,153.860,200,True,0xDA941366d7481DffDAd4458a22913423f40dA1eA,ADJUSTER,116,VIDEO,2,READ,
w45,2025-12-19T15:01:20.589089Z,151.279,200,True,0xBeBf134906e0FCcd85b0D99a4626a7B8584e742c,ADJUSTER,1000,OTHER,1,READ,
w4,2025-12-19T15:01:20.586467Z,154.006,200,True,0x476ad4Ce50BbD6624855e3d1e12E6cC23654359A,INSURER,392,IMAGE,2,READ,
w46,2025-12-19T15:01:20.589149Z,151.440,200,True,0x26b179d013C696c433c0f316E594f7a7AcE77C79,GARAGE,320,IMAGE,2,READ,
w25,2025-12-19T15:01:20.664304Z,76.403,403,False,0xD0Ce1d9D5A9c7E4F03d499A265d3014Ae5da7644,ADJUSTER,555,MEDICAL_REPORT,5,READ,
w32,2025-12-19T15:01:20.588144Z,152.683,200,True,0xF96D07BDd0404b21a6B987cF6C21b9A5E3045f5F,INSURER,655,FNOL,4,READ,
w5,2025-12-19T15:01:20.586526Z,154.414,200,True,0xaCB712DC0982F8B6c52EB4C5D2c205766cE3d00D,INSURER,966,OTHER,1,READ,
w13,2025-12-19T15:01:20.664438Z,76.612,403,False,0xDd45386232533D2C209976e678A91A2263676ECB,GARAGE,86,VIDEO,2,READ,
w31,2025-12-19T15:01:20.664689Z,76.470,403,False,0x0AbFb230511189A840157bF7FcA43b1b69338dC6,POLICE,631,MEDICAL_REPORT,5,READ,
w34,2025-12-19T15:01:20.663105Z,138.842,200,True,0xd86Fa5B280bf58C28aaE39fB535e0e965F0E285B,INSURER,969,OTHER,1,READ,
w35,2025-12-19T15:01:20.663478Z,138.822,200,True,0x7fBAcb835330c3A23597A355A26Cf6E0ee69A0B5,COURT,68,VIDEO,2,READ,
w10,2025-12-19T15:01:20.663862Z,138.617,200,True,0x38C88185b74B534134345be38916483044075686,POLICE,67,VIDEO,2,READ,
w23,2025-12-19T15:01:20.664034Z,138.716,200,True,0x09596bf36cE63dABDeB58d68a52792B7BA13ba84,ADJUSTER,948,OTHER,1,READ,
w12,2025-12-19T15:01:20.664174Z,138.718,200,True,0xd963E5e27CB9872abc2Fbed9107c373Aa59583a4,INSURER,657,MEDICAL_REPORT,5,READ,
w1,2025-12-19T15:01:20.664564Z,138.452,200,True,0xC66fE61Fe01B90e3C051c0ED40Dd41fC9347D018,REGULATOR,936,OTHER,1,READ,
w18,2025-12-19T15:01:20.664796Z,138.340,200,True,0xF96D07BDd0404b21a6B987cF6C21b9A5E3045f5F,INSURER,492,IMAGE,2,READ,
w19,2025-12-19T15:01:20.666747Z,136.499,200,True,0x0479AcE8E12E22b9751dF7542dd8f225c221EC34,ADJUSTER,272,IMAGE,2,READ,
w0,2025-12-19T15:01:20.666915Z,136.449,200,True,0x567dccd668D18B4ACd8A2795151edB162Bc34767,ADJUSTER,744,TELEMATICS,3,READ,
w28,2025-12-19T15:01:20.739298Z,64.259,403,False,0x5C63EFf960008F7F9783957f07533386097149ce,POLICE,770,TELEMATICS,3,READ,
w3,2025-12-19T15:01:20.740269Z,63.413,403,False,0x290FAd62Cb657cBfDA616da814529a670cdad059,POLICE,906,OTHER,1,READ,
w47,2025-12-19T15:01:20.735088Z,132.079,200,True,0x3E93709810FB754ab4D6A2487344dF504087996D,INSURER,151,VIDEO,2,READ,
w33,2025-12-19T15:01:20.735447Z,132.094,200,True,0xa814b4D02E07Daa3235ffc1E4752eCF8f6C2D8d8,ADJUSTER,297,IMAGE,2,READ,
w20,2025-12-19T15:01:20.735623Z,132.099,200,True,0xCaa6A1a26D28f97DEDD4f555dEd43bC607f78384,INSURER,933,OTHER,1,READ,
w6,2025-12-19T15:01:20.735990Z,132.082,200,True,0xB8954C40b419Ae7332fF39Ce3d458ba1fed03941,REGULATOR,154,VIDEO,2,READ,
w48,2025-12-19T15:01:20.736135Z,132.082,200,True,0x14d0cb07D407E25F725b7f9854B98fEEEBb4942F,INSURER,21,VIDEO,2,READ,
w7,2025-12-19T15:01:20.736259Z,132.079,200,True,0xeD60C4758Fab078c38685EeEF9692D8Fa4F3dDB9,INSURER,37,VIDEO,2,READ,
w49,2025-12-19T15:01:20.736372Z,132.085,200,True,0x466ec685AE894BAc153c11350FC488cAAa2C062E,INSURER,237,VIDEO,2,READ,
w8,2025-12-19T15:01:20.736478Z,132.109,200,True,0x11652BF4c5D394F3a46E96f2bE659939a0f6a6ed,INSURER,809,TELEMATICS,3,READ,
w36,2025-12-19T15:01:20.736587Z,132.129,200,True,0xcCC472e2d0eDA52066a80BCFb4577Dc9Fb7CD453,POLICE,149,VIDEO,2,READ,
w21,2025-12-19T15:01:20.736704Z,132.124,200,True,0x3d68C58ebB81123d1Ac10655857193A1cDee90CE,INSURER,130,VIDEO,2,READ,
w9,2025-12-19T15:01:20.736806Z,132.126,200,True,0xd6f5696C80b8cb2D4AAaFdaf8E7C266cf4af4538,COURT,980,OTHER,1,READ,
w37,2025-12-19T15:01:20.736914Z,132.117,200,True,0xF96D07BDd0404b21a6B987cF6C21b9A5E3045f5F,INSURER,999,OTHER,1,READ,
w22,2025-12-19T15:01:20.737015Z,132.114,200,True,0xD0Ce1d9D5A9c7E4F03d499A265d3014Ae5da7644,ADJUSTER,230,VIDEO,2,READ,
w38,2025-12-19T15:01:20.737118Z,132.425,200,True,0x456F6DbE8aF9e05a1918B64f0Bd0690809b23E6B,INSURER,776,TELEMATICS,3,READ,
w11,2025-12-19T15:01:20.737535Z,132.143,200,True,0xC5f6e3512D3B1133da1f88159fDf63dC9f2d43FB,ADJUSTER,730,TELEMATICS,3,READ,
w39,2025-12-19T15:01:20.737680Z,132.111,200,True,0xC23BB727D3Ae6bD9cd90AC52ee26359F19176de3,INSURER,842,TELEMATICS,3,READ,
w24,2025-12-19T15:01:20.737795Z,132.105,200,True,0xC6Ffd174B730f05f52aF93e216103D6C7464cc96,INSURER,866,OTHER,1,READ,
w40,2025-12-19T15:01:20.737899Z,132.102,200,True,0x42dC03c90d7652B937d26628a86f9317bbf521dc,INSURER,598,FNOL,4,READ,
w30,2025-12-19T15:01:20.738036Z,132.071,200,True,0xF96D07BDd0404b21a6B987cF6C21b9A5E3045f5F,INSURER,323,IMAGE,2,READ,
w41,2025-12-19T15:01:20.738177Z,132.032,200,True,0x811FdDFb3340F34AB2b91C97AcB5FAeB6405847E,REGULATOR,198,VIDEO,2,READ,
w26,2025-12-19T15:01:20.738323Z,131.984,200,True,0x182C98818C6b29Ff23d7d1d9766e1B1dEB1aBAeB,INSURER,935,OTHER,1,READ,
w14,2025-12-19T15:01:20.738529Z,131.873,200,True,0x09596bf36cE63dABDeB58d68a52792B7BA13ba84,ADJUSTER,275,IMAGE,2,READ,
w42,2025-12-19T15:01:20.738763Z,131.733,200,True,0x42dC03c90d7652B937d26628a86f9317bbf521dc,INSURER,615,FNOL,4,READ,
w27,2025-12-19T15:01:20.738915Z,131.676,200,True,0x419d3b699AA38c218f3D84f0a3129a6383634f17,ADJUSTER,939,OTHER,1,READ,
w15,2025-12-19T15:01:20.739050Z,131.731,200,True,0x0520cA4f9c2359a2d1cc1B072e4dA8A3587C2088,INSURER,750,TELEMATICS,3,READ,
w43,2025-12-19T15:01:20.739181Z,131.750,200,True,0x476ad4Ce50BbD6624855e3d1e12E6cC23654359A,INSURER,141,VIDEO,2,READ,
w16,2025-12-19T15:01:20.739407Z,131.641,200,True,0xBC78986794f1658340222E011F7e1Cf375177F95,ADJUSTER,490,IMAGE,2,READ,
w2,2025-12-19T15:01:20.739513Z,131.642,200,True,0xe9b50040eeAA45F16fd24222f4a97482737f6C8A,ADJUSTER,968,OTHER,1,READ,
w44,2025-12-19T15:01:20.739874Z,131.402,200,True,0x5C63EFf960008F7F9783957f07533386097149ce,POLICE,432,IMAGE,2,READ,
w29,2025-12-19T15:01:20.740024Z,131.532,200,True,0x044bef4Ff250cBBFE36FEfE3b859D78bA04c1223,INSURER,125,VIDEO,2,READ,
w17,2025-12-19T15:01:20.740149Z,132.155,200,True,0xcE078954f123a07010672Fff05b36f5E43642106,INSURER,929,OTHER,1,READ,
w45,2025-12-19T15:01:20.740372Z,132.241,200,True,0x07DA3024980d3B92Bcf6B8850A7C08F758B5F781,INSURER,455,IMAGE,2,READ,
w4,2025-12-19T15:01:20.740477Z,132.384,200,True,0xd132a79Ca7Be8caaC9A27467EB9B65F7cBD6F50E,ADJUSTER,953,OTHER,1,READ,
w46,2025-12-19T15:01:20.740595Z,132.498,200,True,0xC66fE61Fe01B90e3C051c0ED40Dd41fC9347D018,REGULATOR,635,MEDICAL_REPORT,5,READ,
w25,2025-12-19T15:01:20.740712Z,132.630,200,True,0x14d0cb07D407E25F725b7f9854B98fEEEBb4942F,INSURER,606,MEDICAL_REPORT,5,READ,
w32,2025-12-19T15:01:20.740831Z,132.733,200,True,0x85C720Ae65eF1706A0cf41695a93A34E189D5Ea0,INSURER,94,VIDEO,2,READ,
w5,2025-12-19T15:01:20.740944Z,132.837,200,True,0x3308795A526382DB26cF04047fE2bBd4F56E6CE7,COURT,246,VIDEO,2,READ,
w13,2025-12-19T15:01:20.741055Z,132.939,200,True,0xAA49CCe569366189355225212a2EA06B8172Fa22,ADJUSTER,803,TELEMATICS,3,READ,
w31,2025-12-19T15:01:20.741164Z,133.049,200,True,0x93787a823E3D4Ae295F5a91C0e87325E40B3aa3F,REGULATOR,20,VIDEO,2,READ,
w34,2025-12-19T15:01:20.801959Z,72.481,403,False,0x84FDd0E1F145C20f9451b1eB751c26e76B3232d4,POLICE,743,TELEMATICS,3,READ,
w35,2025-12-19T15:01:20.802308Z,72.348,403,False,0x6B97e16D77504562cB9392834019252f4057F4D5,POLICE,600,MEDICAL_REPORT,5,READ,
w12,2025-12-19T15:01:20.802897Z,71.977,403,False,0x415Ba7B0D983442D5407ABEF5Ebd8e9d2bB533B7,POLICE,524,FNOL,4,READ,
w10,2025-12-19T15:01:20.802487Z,130.485,200,True,0x933be1Be0aF68b62934fE96ADB1AB2Ee1C47B4F0,INSURER,179,VIDEO,2,READ,
w23,2025-12-19T15:01:20.802756Z,130.570,200,True,0xC29Fbef10EC6e6A787036cEA0C9024ce9F435d97,INSURER,499,IMAGE,2,READ,
w1,2025-12-19T15:01:20.803021Z,130.488,200,True,0x50Ed54bf40D96Fda59d7F83abE5551535d7938ac,COURT,442,IMAGE,2,READ,
w18,2025-12-19T15:01:20.803141Z,130.690,200,True,0xE1C502975CC15E22bC10c8a6e352061ef61bBc2A,COURT,343,IMAGE,2,READ,
w19,2025-12-19T15:01:20.803250Z,130.724,200,True,0x4f464925226709cf94C01633A1f468E106AD6413,INSURER,912,OTHER,1,READ,
w0,2025-12-19T15:01:20.803369Z,130.726,200,True,0x3a74Fec63a615BC94b9A47bEa6340935Ab155117,ADJUSTER,103,VIDEO,2,READ,
w28,2025-12-19T15:01:20.803563Z,130.647,200,True,0xd132a79Ca7Be8caaC9A27467EB9B65F7cBD6F50E,ADJUSTER,134,VIDEO,2,READ,
w3,2025-12-19T15:01:20.803686Z,130.632,200,True,0xdBf006c9b4fEA25fFA98161abc660B4643109625,ADJUSTER,347,IMAGE,2,READ,
w33,2025-12-19T15:01:20.867550Z,66.879,403,False,0x4BC2c2b671822006a9D592cdd2Db24e8Da3C6adf,GARAGE,711,TELEMATICS,3,READ,
w6,2025-12-19T15:01:20.868078Z,66.483,403,False,0x2B5dEec5325fd9befC139A2071d830B25FAd52Ef,GARAGE,521,FNOL,4,READ,
w8,2025-12-19T15:01:20.868592Z,66.077,403,False,0xCF5E79F0E2BFC3eb5fe4aB0975E9F0eEc50b54E3,GARAGE,665,FNOL,4,READ,
w37,2025-12-19T15:01:20.869034Z,65.737,403,False,0xE1c2102345d7379f4bb3F114e908e9cC9154A335,POLICE,539,FNOL,4,READ,
w44,2025-12-19T15:01:20.871284Z,63.704,403,False,0xEcbE69567Cf42475FbE6Ea4523541e58C4d22957,GARAGE,940,OTHER,1,READ,
w45,2025-12-19T15:01:20.872623Z,62.485,403,False,0xA75Af013B9CBdf4322e0c459A2fB8B708fbB8Ddc,POLICE,772,TELEMATICS,3,READ,
w12,2025-12-19T15:01:20.874883Z,60.335,403,False,0x26b179d013C696c433c0f316E594f7a7AcE77C79,GARAGE,187,VIDEO,2,READ,
w47,2025-12-19T15:01:20.867180Z,131.031,200,True,0x27158a264fdA9698B85485706B47BBC87Fa6Db4b,ADJUSTER,265,IMAGE,2,READ,
w20,2025-12-19T15:01:20.867728Z,130.823,200,True,0xC5f6e3512D3B1133da1f88159fDf63dC9f2d43FB,ADJUSTER,205,VIDEO,2,READ,
w48,2025-12-19T15:01:20.868222Z,130.694,200,True,0xCC05C551476CDbEfAd79Ed75427937b892aaFE9C,ADJUSTER,500,IMAGE,2,READ,
w7,2025-12-19T15:01:20.868343Z,130.731,200,True,0xb8Fe0E775705824a50658ef111434567024d4310,REGULATOR,958,OTHER,1,READ,
w49,2025-12-19T15:01:20.868462Z,130.753,200,True,0xC66fE61Fe01B90e3C051c0ED40Dd41fC9347D018,REGULATOR,972,OTHER,1,READ,
w36,2025-12-19T15:01:20.868721Z,130.623,200,True,0xD32B24Ff4D28e42239EcCd5cbdb456a1565DC083,ADJUSTER,932,OTHER,1,READ,
w21,2025-12-19T15:01:20.868833Z,130.636,200,True,0x50Ed54bf40D96Fda59d7F83abE5551535d7938ac,COURT,10,VIDEO,2,READ,
w9,2025-12-19T15:01:20.868935Z,130.653,200,True,0x685A29EE8A06E458E58A29d721dFB677cdF8a600,INSURER,282,IMAGE,2,READ,
w22,2025-12-19T15:01:20.869135Z,130.574,200,True,0x50Ed54bf40D96Fda59d7F83abE5551535d7938ac,COURT,518,MEDICAL_REPORT,5,READ,
w38,2025-12-19T15:01:20.869549Z,130.280,200,True,0x4f464925226709cf94C01633A1f468E106AD6413,INSURER,407,IMAGE,2,READ,
w11,2025-12-19T15:01:20.869683Z,130.252,200,True,0xDA941366d7481DffDAd4458a22913423f40dA1eA,ADJUSTER,33,VIDEO,2,READ,
w39,2025-12-19T15:01:20.869797Z,130.243,200,True,0x808936f08CCC0a9C3953Cd3716006fB99825CBa4,COURT,887,OTHER,1,READ,
w24,2025-12-19T15:01:20.869904Z,130.484,200,True,0x685A29EE8A06E458E58A29d721dFB677cdF8a600,INSURER,24,VIDEO,2,READ,
w40,2025-12-19T15:01:20.870006Z,130.529,200,True,0xBdfeA99CC2B9e09E4A7e6C7B14808189488E3985,COURT,934,OTHER,1,READ,
w30,2025-12-19T15:01:20.870111Z,130.544,200,True,0x5173D7F8755FdF3d2f05C01D029A3Dc55EaC0476,POLICE,118,VIDEO,2,READ,
w41,2025-12-19T15:01:20.870213Z,130.550,200,True,0xD6e58dE85e171C0D6BB42Cf4a85fBa7C55ce5618,INSURER,339,IMAGE,2,READ,
w26,2025-12-19T15:01:20.870311Z,130.556,200,True,0xE056D0a60EfEE3e1642D5B2129E2bbBdAf22444c,INSURER,994,OTHER,1,READ,
w14,2025-12-19T15:01:20.870406Z,130.572,200,True,0xD32B24Ff4D28e42239EcCd5cbdb456a1565DC083,ADJUSTER,874,OTHER,1,READ,
w42,2025-12-19T15:01:20.870501Z,130.585,200,True,0xC66fE61Fe01B90e3C051c0ED40Dd41fC9347D018,REGULATOR,413,IMAGE,2,READ,
w27,2025-12-19T15:01:20.870595Z,130.590,200,True,0xFeC4882fEAf263ac0fD1b9B4271dD1852B413584,INSURER,574,MEDICAL_REPORT,5,READ,
w15,2025-12-19T15:01:20.870789Z,130.500,200,True,0x3d9c5458418bD082b010C0F93c3b8FBF9826E0Bf,INSURER,924,OTHER,1,READ,
w43,2025-12-19T15:01:20.870936Z,130.455,200,True,0x933be1Be0aF68b62934fE96ADB1AB2Ee1C47B4F0,INSURER,940,OTHER,1,READ,
w16,2025-12-19T15:01:20.871053Z,130.437,200,True,0x73c07A746181c5256aC8EB8006fFbCF2239bEcC5,COURT,955,OTHER,1,READ,
w2,2025-12-19T15:01:20.871159Z,130.437,200,True,0x044bef4Ff250cBBFE36FEfE3b859D78bA04c1223,INSURER,947,OTHER,1,READ,
w29,2025-12-19T15:01:20.871569Z,130.367,200,True,0x93787a823E3D4Ae295F5a91C0e87325E40B3aa3F,REGULATOR,467,IMAGE,2,READ,
w17,2025-12-19T15:01:20.872317Z,129.756,200,True,0x065Fd3F8fcF30384f50eceBa324b1EF8411Fa759,COURT,80,VIDEO,2,READ,
w4,2025-12-19T15:01:20.872871Z,129.321,200,True,0xCaa6A1a26D28f97DEDD4f555dEd43bC607f78384,INSURER,721,TELEMATICS,3,READ,
w46,2025-12-19T15:01:20.873101Z,129.201,200,True,0xC66fE61Fe01B90e3C051c0ED40Dd41fC9347D018,REGULATOR,934,OTHER,1,READ,
w25,2025-12-19T15:01:20.873350Z,129.076,200,True,0xAF3C604AE7a9E247C368331a22270415269Ef10d,INSURER,654,FNOL,4,READ,
w32,2025-12-19T15:01:20.873571Z,128.966,200,True,0x044bef4Ff250cBBFE36FEfE3b859D78bA04c1223,INSURER,623,FNOL,4,READ,
w5,2025-12-19T15:01:20.873789Z,128.849,200,True,0xd86Fa5B280bf58C28aaE39fB535e0e965F0E285B,INSURER,868,OTHER,1,READ,
w13,2025-12-19T15:01:20.874003Z,128.735,200,True,0xB3e698A67fD5AEeB61b8bE389e7E917Bc2Ea032a,POLICE,74,VIDEO,2,READ,
w31,2025-12-19T15:01:20.874221Z,128.616,200,True,0x4828419eA02B1D4399E039f8E5F346f37f19fA13,INSURER,944,OTHER,1,READ,
w34,2025-12-19T15:01:20.874448Z,128.496,200,True,0x044bef4Ff250cBBFE36FEfE3b859D78bA04c1223,INSURER,853,OTHER,1,READ,
w35,2025-12-19T15:01:20.874665Z,128.381,200,True,0x68cBdE77b98e3AF3281dBC229ee66540Eac3f007,ADJUSTER,302,IMAGE,2,READ,
w18,2025-12-19T15:01:20.933838Z,69.310,403,False,0x27158a264fdA9698B85485706B47BBC87Fa6Db4b,ADJUSTER,633,MEDICAL_REPORT,5,READ,
w19,2025-12-19T15:01:20.933981Z,69.270,403,False,0x415Ba7B0D983442D5407ABEF5Ebd8e9d2bB533B7,POLICE,858,OTHER,1,READ,
w45,2025-12-19T15:01:20.935113Z,68.242,403,False,0x6c2d9F1aEdB2C485CABAF82412f88d5303Fd7B73,GARAGE,767,TELEMATICS,3,READ,
w10,2025-12-19T15:01:20.932984Z,134.536,200,True,0xf5d0314845FCf19022a28FeD6650e58CFc01f243,INSURER,472,IMAGE,2,READ,
w23,2025-12-19T15:01:20.933335Z,134.512,200,True,0x05d1ef5b43268c6a5BD456A953029092795045d9,INSURER,812,TELEMATICS,3,READ,
w1,2025-12-19T15:01:20.933519Z,134.655,200,True,0xACaaedBfb07404f2aAf0ccd6503B1529C1A48764,ADJUSTER,428,IMAGE,2,READ,
w0,2025-12-19T15:01:20.934101Z,134.225,200,True,0xB2241965995ed972D442D6A9461eF3583ecA95B6,INSURER,499,IMAGE,2,READ,
w28,2025-12-19T15:01:20.934215Z,134.238,200,True,0xd132a79Ca7Be8caaC9A27467EB9B65F7cBD6F50E,ADJUSTER,563,FNOL,4,READ,
w3,2025-12-19T15:01:20.934324Z,134.243,200,True,0x73c07A746181c5256aC8EB8006fFbCF2239bEcC5,COURT,65,VIDEO,2,READ,
w33,2025-12-19T15:01:20.934435Z,134.243,200,True,0xf9314f31cc38103bC7607a176a804e5C1Ecbf511,INSURER,931,OTHER,1,READ,
w6,2025-12-19T15:01:20.934566Z,134.221,200,True,0x81daFDe6F70ee2Fb93671DC220cC29F8205ACB57,INSURER,195,VIDEO,2,READ,
w8,2025-12-19T15:01:20.934673Z,134.218,200,True,0xD46492141A5F13412fa59e5F47Ce969c7954E752,INSURER,51,VIDEO,2,READ,
w37,2025-12-19T15:01:20.934776Z,134.234,200,True,0x199baf9971453910adbCD45ae05Dc8f9B68fcB1f,INSURER,858,OTHER,1,READ,
w44,2025-12-19T15:01:20.934994Z,134.147,200,True,0x7fBAcb835330c3A23597A355A26Cf6E0ee69A0B5,COURT,943,OTHER,1,READ,
w12,2025-12-19T15:01:20.935223Z,134.151,200,True,0xE1C502975CC15E22bC10c8a6e352061ef61bBc2A,COURT,803,TELEMATICS,3,READ,
w48,2025-12-19T15:01:20.998924Z,70.568,403,False,0x520F6Be8B20312c8CA4bB2773000A94923A4FaE5,POLICE,662,FNOL,4,READ,
w11,2025-12-19T15:01:20.999941Z,69.662,403,False,0x1EBe67547Da63652edcAE7c36347A6d05ef27c1C,POLICE,503,MEDICAL_REPORT,5,READ,
w27,2025-12-19T15:01:21.001189Z,68.527,403,False,0x5173D7F8755FdF3d2f05C01D029A3Dc55EaC0476,POLICE,826,TELEMATICS,3,READ,
w46,2025-12-19T15:01:21.002307Z,67.516,403,False,0x8D21394c336D57f89564705Aa61307561b63E310,POLICE,504,MEDICAL_REPORT,5,READ,
w31,2025-12-19T15:01:21.002841Z,67.168,403,False,0x0Bc81E8481993A5F61D3011a142E1510de00ECae,GARAGE,893,OTHER,1,READ,
w35,2025-12-19T15:01:21.003049Z,67.077,403,False,0xA75Af013B9CBdf4322e0c459A2fB8B708fbB8Ddc,POLICE,773,TELEMATICS,3,READ,
w47,2025-12-19T15:01:20.998222Z,136.684,200,True,0x3d68C58ebB81123d1Ac10655857193A1cDee90CE,INSURER,815,TELEMATICS,3,READ,
w20,2025-12-19T15:01:20.998560Z,136.698,200,True,0x58f181cd636a8F0a8335240Efc4979212ff45341,INSURER,870,OTHER,1,READ,
w7,2025-12-19T15:01:20.999080Z,136.546,200,True,0xD1ce8183cCf94d1494c99DFC523Af7Bd51494E8d,INSURER,812,TELEMATICS,3,READ,
w49,2025-12-19T15:01:20.999222Z,136.556,200,True,0x1Ab5D0f68133DA5E100635Bdf5030650cA2bE691,ADJUSTER,762,TELEMATICS,3,READ,
w36,2025-12-19T15:01:20.999349Z,136.567,200,True,0x27158a264fdA9698B85485706B47BBC87Fa6Db4b,ADJUSTER,925,OTHER,1,READ,
w21,2025-12-19T15:01:20.999475Z,136.579,200,True,0x02BD9B3b464b98EB353C8f83Eb3b4cB0627A52Ed,COURT,59,VIDEO,2,READ,
w9,2025-12-19T15:01:20.999594Z,136.583,200,True,0x7fBAcb835330c3A23597A355A26Cf6E0ee69A0B5,COURT,808,TELEMATICS,3,READ,
w22,2025-12-19T15:01:20.999714Z,136.572,200,True,0x14d0cb07D407E25F725b7f9854B98fEEEBb4942F,INSURER,203,VIDEO,2,READ,
w38,2025-12-19T15:01:20.999835Z,136.555,200,True,0x4f464925226709cf94C01633A1f468E106AD6413,INSURER,968,OTHER,1,READ,
w39,2025-12-19T15:01:21.000045Z,136.468,200,True,0x89cb551204456FFCd8e595feE394120dD047b57A,INSURER,908,OTHER,1,READ,
w24,2025-12-19T15:01:21.000395Z,136.219,200,True,0x077f45EB3eB6027C0D05Ab77CAC4D29c46cb3a6E,INSURER,862,OTHER,1,READ,
w40,2025-12-19T15:01:21.000540Z,136.182,200,True,0x59A67A1183C69AAf8Fe3D746D569392b7d4A5035,ADJUSTER,597,FNOL,4,READ,
w30,2025-12-19T15:01:21.000660Z,136.405,200,True,0x02BD9B3b464b98EB353C8f83Eb3b4cB0627A52Ed,COURT,648,FNOL,4,READ,
w41,2025-12-19T15:01:21.000768Z,136.425,200,True,0x58f181cd636a8F0a8335240Efc4979212ff45341,INSURER,235,VIDEO,2,READ,
w26,2025-12-19T15:01:21.000872Z,136.431,200,True,0xD756c57480Ea623123AB3a5ad4445875E3309Ac6,INSURER,559,FNOL,4,READ,
w14,2025-12-19T15:01:21.000983Z,136.424,200,True,0xF09aBd729B48E734Ad684B93585E8D043D55c967,INSURER,584,FNOL,4,READ,
w42,2025-12-19T15:01:21.001090Z,136.415,200,True,0x9F6d6682cb1957F9585F9b8AC3469E4D767600D6,INSURER,954,OTHER,1,READ,
w15,2025-12-19T15:01:21.001294Z,136.310,200,True,0xd132a79Ca7Be8caaC9A27467EB9B65F7cBD6F50E,ADJUSTER,462,IMAGE,2,READ,
w43,2025-12-19T15:01:21.001395Z,136.310,200,True,0x630ba53C12B20a6EBd04Eb0819a24b1f8C554A01,INSURER,45,VIDEO,2,READ,
w16,2025-12-19T15:01:21.001495Z,136.313,200,True,0x520F6Be8B20312c8CA4bB2773000A94923A4FaE5,POLICE,403,IMAGE,2,READ,
w2,2025-12-19T15:01:21.001601Z,136.307,200,True,0xfd4Fc17438169bC1228EB21c2cb9b8DE1E97472a,INSURER,746,TELEMATICS,3,READ,
w29,2025-12-19T15:01:21.001942Z,136.121,200,True,0x29Da547ffD477d0d4628d547368EcFDF73054469,ADJUSTER,479,IMAGE,2,READ,
w17,2025-12-19T15:01:21.002077Z,136.139,200,True,0xdBf006c9b4fEA25fFA98161abc660B4643109625,ADJUSTER,5,VIDEO,2,READ,
w4,2025-12-19T15:01:21.002197Z,136.744,200,True,0x3d4Bd094c1894ed38F3EcF0799bE66f83a4199ca,ADJUSTER,784,TELEMATICS,3,READ,
w25,2025-12-19T15:01:21.002431Z,136.790,200,True,0x59A67A1183C69AAf8Fe3D746D569392b7d4A5035,ADJUSTER,240,VIDEO,2,READ,
w32,2025-12-19T15:01:21.002542Z,136.906,200,True,0xcCC472e2d0eDA52066a80BCFb4577Dc9Fb7CD453,POLICE,462,IMAGE,2,READ,
w5,2025-12-19T15:01:21.002642Z,137.010,200,True,0x33F5a90B9400A21046089Aaf44319BA889B0B9ed,INSURER,745,TELEMATICS,3,READ,
w13,2025-12-19T15:01:21.002742Z,137.090,200,True,0x996644d2075D6c96FEB649879534dFAb933903f6,GARAGE,483,IMAGE,2,READ,
w34,2025-12-19T15:01:21.002948Z,137.041,200,True,0xB8954C40b419Ae7332fF39Ce3d458ba1fed03941,REGULATOR,902,OTHER,1,READ,
w18,2025-12-19T15:01:21.003152Z,137.004,200,True,0xcA28195b12c3c8cB960d8423584ee9a8677BD158,POLICE,146,VIDEO,2,READ,
w19,2025-12-19T15:01:21.003255Z,137.057,200,True,0x51A2465dc26f17e37524f93494A8409715ACc9c2,INSURER,406,IMAGE,2,READ,
w45,2025-12-19T15:01:21.003359Z,137.094,200,True,0x18BFB9A0Bf9293D0D3bf9F42bD6e7e7b300Dc391,COURT,782,TELEMATICS,3,READ,
w1,2025-12-19T15:01:21.068180Z,72.395,403,False,0xdBf006c9b4fEA25fFA98161abc660B4643109625,ADJUSTER,659,MEDICAL_REPORT,5,READ,
w28,2025-12-19T15:01:21.068458Z,72.245,403,False,0xE3De53E77787ac96c6f78B3eD0A6Acea23953342,POLICE,913,OTHER,1,READ,
w3,2025-12-19T15:01:21.068572Z,72.251,403,False,0xD261b62ccB398d8100234C5fD641c6D67B10C62B,GARAGE,563,FNOL,4,READ,
w6,2025-12-19T15:01:21.068792Z,72.144,403,False,0x48f8656e15a2FC22Ccd6cDe7c56db39C1B62E770,POLICE,645,MEDICAL_REPORT,5,READ,
w12,2025-12-19T15:01:21.069379Z,71.668,403,False,0x1F022FfD0700E02E8f01B8f05f539f8C7a0339bb,POLICE,947,OTHER,1,READ,
w48,2025-12-19T15:01:21.069497Z,71.667,403,False,0xD261b62ccB398d8100234C5fD641c6D67B10C62B,GARAGE,511,MEDICAL_REPORT,5,READ,
w10,2025-12-19T15:01:21.067532Z,130.386,200,True,0x3A995E7B23E0Fe0f9a5537f57AA80BACa529eFC4,INSURER,603,FNOL,4,READ,
w23,2025-12-19T15:01:21.067855Z,130.422,200,True,0x97910F1306b5414B4C61D9A719B6871f5c77662f,INSURER,464,IMAGE,2,READ,
w0,2025-12-19T15:01:21.068331Z,130.117,200,True,0xcCC472e2d0eDA52066a80BCFb4577Dc9Fb7CD453,POLICE,360,IMAGE,2,READ,
w33,2025-12-19T15:01:21.068684Z,130.098,200,True,0x78b99D5D04232b9650d619DBa5F5600a9242A472,INSURER,140,VIDEO,2,READ,
w8,2025-12-19T15:01:21.068896Z,130.040,200,True,0x89cb551204456FFCd8e595feE394120dD047b57A,INSURER,222,VIDEO,2,READ,
w37,2025-12-19T15:01:21.069025Z,130.042,200,True,0x93787a823E3D4Ae295F5a91C0e87325E40B3aa3F,REGULATOR,677,FNOL,4,READ,
w44,2025-12-19T15:01:21.069145Z,130.038,200,True,0x3A995E7B23E0Fe0f9a5537f57AA80BACa529eFC4,INSURER,578,FNOL,4,READ,
w11,2025-12-19T15:01:21.069608Z,129.689,200,True,0x12DF904699208278b4355b568d47De4F2c9646fe,INSURER,969,OTHER,1,READ,
w27,2025-12-19T15:01:21.069721Z,129.695,200,True,0x58e8E907e02C35e581Ed3a4e98906344861E7265,INSURER,244,VIDEO,2,READ,
w46,2025-12-19T15:01:21.069828Z,129.715,200,True,0x98eAB44F56Ae1f00C301517F1B6fCDb7a452D64b,ADJUSTER,854,OTHER,1,READ,
w31,2025-12-19T15:01:21.070014Z,129.643,200,True,0x077f45EB3eB6027C0D05Ab77CAC4D29c46cb3a6E,INSURER,925,OTHER,1,READ,
w35,2025-12-19T15:01:21.070130Z,129.641,200,True,0x89cb551204456FFCd8e595feE394120dD047b57A,INSURER,364,IMAGE,2,READ,
w36,2025-12-19T15:01:21.135922Z,63.967,403,False,0x57e02f30Dd15545B3A9eC4841D0D58Ee1D829414,GARAGE,186,VIDEO,2,READ,
w21,2025-12-19T15:01:21.136058Z,64.089,403,False,0x419d3b699AA38c218f3D84f0a3129a6383634f17,ADJUSTER,680,MEDICAL_REPORT,5,READ,
w26,2025-12-19T15:01:21.137308Z,62.961,403,False,0xD261b62ccB398d8100234C5fD641c6D67B10C62B,GARAGE,844,TELEMATICS,3,READ,
w42,2025-12-19T15:01:21.137510Z,62.864,403,False,0x1F98dd762361D7256a816f8086AE6FfB657fa5bC,POLICE,987,OTHER,1,READ,
w13,2025-12-19T15:01:21.139839Z,60.638,403,False,0x98eAB44F56Ae1f00C301517F1B6fCDb7a452D64b,ADJUSTER,671,MEDICAL_REPORT,5,READ,
w19,2025-12-19T15:01:21.140319Z,60.272,403,False,0x415Ba7B0D983442D5407ABEF5Ebd8e9d2bB533B7,POLICE,595,FNOL,4,READ,
w1,2025-12-19T15:01:21.140581Z,60.118,403,False,0xDd45386232533D2C209976e678A91A2263676ECB,GARAGE,881,OTHER,1,READ,
w6,2025-12-19T15:01:21.140941Z,59.869,403,False,0x520F6Be8B20312c8CA4bB2773000A94923A4FaE5,POLICE,973,OTHER,1,READ,
w47,2025-12-19T15:01:21.134919Z,132.096,200,True,0x8FA3c986B63dEd44ce62D4aC5b3b0F49FF447700,COURT,878,OTHER,1,READ,
w20,2025-12-19T15:01:21.135266Z,132.119,200,True,0x81A893236EFCdC58F1f9421b59Ee21eb7e38f8FB,INSURER,700,MEDICAL_REPORT,5,READ,
w7,2025-12-19T15:01:21.135633Z,131.942,200,True,0xF88a95Dd8B84AF76941627AA419BEFc507d88125,ADJUSTER,777,TELEMATICS,3,READ,
w49,2025-12-19T15:01:21.135783Z,132.189,200,True,0xD06Cc40e4D98aDc886d652F4253985B5c04282b9,REGULATOR,578,FNOL,4,READ,
w9,2025-12-19T15:01:21.136181Z,131.944,200,True,0xAA49CCe569366189355225212a2EA06B8172Fa22,ADJUSTER,331,IMAGE,2,READ,
w22,2025-12-19T15:01:21.136291Z,131.963,200,True,0x8FA3c986B63dEd44ce62D4aC5b3b0F49FF447700,COURT,419,IMAGE,2,READ,
w38,2025-12-19T15:01:21.136394Z,131.973,200,True,0x68cBdE77b98e3AF3281dBC229ee66540Eac3f007,ADJUSTER,59,VIDEO,2,READ,
w39,2025-12-19T15:01:21.136517Z,131.957,200,True,0x3d9c5458418bD082b010C0F93c3b8FBF9826E0Bf,INSURER,905,OTHER,1,READ,
w24,2025-12-19T15:01:21.136618Z,131.979,200,True,0xF80B0672A4f16BDe21fA2DF31482dA0fC606A43f,ADJUSTER,776,TELEMATICS,3,READ,
w40,2025-12-19T15:01:21.136727Z,131.981,200,True,0x69254de41949D1A246C5c1A168e5e8473D2d50f0,ADJUSTER,948,OTHER,1,READ,
w30,2025-12-19T15:01:21.137071Z,131.754,200,True,0xF88a95Dd8B84AF76941627AA419BEFc507d88125,ADJUSTER,197,VIDEO,2,READ,
w41,2025-12-19T15:01:21.137198Z,131.740,200,True,0x685A29EE8A06E458E58A29d721dFB677cdF8a600,INSURER,124,VIDEO,2,READ,
w14,2025-12-19T15:01:21.137411Z,131.640,200,True,0x93787a823E3D4Ae295F5a91C0e87325E40B3aa3F,REGULATOR,304,IMAGE,2,READ,
w15,2025-12-19T15:01:21.137609Z,131.553,200,True,0x456F6DbE8aF9e05a1918B64f0Bd0690809b23E6B,INSURER,414,IMAGE,2,READ,
w43,2025-12-19T15:01:21.137710Z,132.149,200,True,0xd963E5e27CB9872abc2Fbed9107c373Aa59583a4,INSURER,13,VIDEO,2,READ,
w16,2025-12-19T15:01:21.137813Z,132.199,200,True,0x33F5a90B9400A21046089Aaf44319BA889B0B9ed,INSURER,114,VIDEO,2,READ,
w2,2025-12-19T15:01:21.137913Z,132.227,200,True,0xe9b50040eeAA45F16fd24222f4a97482737f6C8A,ADJUSTER,985,OTHER,1,READ,
w29,2025-12-19T15:01:21.138070Z,132.186,200,True,0x3d9c5458418bD082b010C0F93c3b8FBF9826E0Bf,INSURER,582,MEDICAL_REPORT,5,READ,
w17,2025-12-19T15:01:21.138223Z,132.142,200,True,0x51A2465dc26f17e37524f93494A8409715ACc9c2,INSURER,323,IMAGE,2,READ,
w4,2025-12-19T15:01:21.138954Z,131.516,200,True,0x51A2465dc26f17e37524f93494A8409715ACc9c2,INSURER,999,OTHER,1,READ,
w25,2025-12-19T15:01:21.139229Z,131.367,200,True,0xCC05C551476CDbEfAd79Ed75427937b892aaFE9C,ADJUSTER,620,FNOL,4,READ,
w32,2025-12-19T15:01:21.139456Z,131.256,200,True,0x808936f08CCC0a9C3953Cd3716006fB99825CBa4,COURT,706,TELEMATICS,3,READ,
w5,2025-12-19T15:01:21.139660Z,131.157,200,True,0x1F022FfD0700E02E8f01B8f05f539f8C7a0339bb,POLICE,219,VIDEO,2,READ,
w34,2025-12-19T15:01:21.139996Z,130.928,200,True,0x1F022FfD0700E02E8f01B8f05f539f8C7a0339bb,POLICE,475,IMAGE,2,READ,
w18,2025-12-19T15:01:21.140164Z,130.860,200,True,0x3d68C58ebB81123d1Ac10655857193A1cDee90CE,INSURER,964,OTHER,1,READ,
w45,2025-12-19T15:01:21.140458Z,130.664,200,True,0xd86Fa5B280bf58C28aaE39fB535e0e965F0E285B,INSURER,713,TELEMATICS,3,READ,
w28,2025-12-19T15:01:21.140709Z,130.515,200,True,0x69254de41949D1A246C5c1A168e5e8473D2d50f0,ADJUSTER,774,TELEMATICS,3,READ,
w3,2025-12-19T15:01:21.140827Z,130.514,200,True,0xDD3EceF8307a47a0307E4f44135C61Dd2C75c6d7,POLICE,210,VIDEO,2,READ,
w12,2025-12-19T15:01:21.141052Z,130.441,200,True,0xf5d0314845FCf19022a28FeD6650e58CFc01f243,INSURER,539,FNOL,4,READ,
w48,2025-12-19T15:01:21.141169Z,130.497,200,True,0x8Dd96368f7a8216813107Fe89688AcaafE8Cb76D,INSURER,537,FNOL,4,READ,
w44,2025-12-19T15:01:21.199187Z,72.807,403,False,0x3D8B37E283940B186f3d817371AE9834E2836f7f,GARAGE,604,FNOL,4,READ,
w31,2025-12-19T15:01:21.199662Z,72.481,403,False,0x1F98dd762361D7256a816f8086AE6FfB657fa5bC,POLICE,762,TELEMATICS,3,READ,
w10,2025-12-19T15:01:21.197931Z,125.991,200,True,0xD0Ce1d9D5A9c7E4F03d499A265d3014Ae5da7644,ADJUSTER,224,VIDEO,2,READ,
w23,2025-12-19T15:01:21.198286Z,125.987,200,True,0xd86Fa5B280bf58C28aaE39fB535e0e965F0E285B,INSURER,292,IMAGE,2,READ,
w0,2025-12-19T15:01:21.198454Z,126.210,200,True,0x50Ed54bf40D96Fda59d7F83abE5551535d7938ac,COURT,621,MEDICAL_REPORT,5,READ,
w33,2025-12-19T15:01:21.198788Z,126.043,200,True,0xC23BB727D3Ae6bD9cd90AC52ee26359F19176de3,INSURER,832,TELEMATICS,3,READ,
w8,2025-12-19T15:01:21.198943Z,126.026,200,True,0xAB814b041AB343702D64556Fdb3a3C104daa0445,ADJUSTER,137,VIDEO,2,READ,
w37,2025-12-19T15:01:21.199072Z,126.019,200,True,0x78b99D5D04232b9650d619DBa5F5600a9242A472,INSURER,342,IMAGE,2,READ,
w11,2025-12-19T15:01:21.199302Z,125.901,200,True,0x5cA86E3342DEA0C1a26C49f1a4fA40DeEeAFf8a8,INSURER,20,VIDEO,2,READ,
w27,2025-12-19T15:01:21.199422Z,125.897,200,True,0x8D21394c336D57f89564705Aa61307561b63E310,POLICE,429,IMAGE,2,READ,
w46,2025-12-19T15:01:21.199548Z,125.893,200,True,0x9F6d6682cb1957F9585F9b8AC3469E4D767600D6,INSURER,552,MEDICAL_REPORT,5,READ,
w35,2025-12-19T15:01:21.199776Z,125.797,200,True,0xd86Fa5B280bf58C28aaE39fB535e0e965F0E285B,INSURER,868,OTHER,1,READ,
w36,2025-12-19T15:01:21.199893Z,125.801,200,True,0xDd45386232533D2C209976e678A91A2263676ECB,GARAGE,371,IMAGE,2,READ,
w21,2025-12-19T15:01:21.200153Z,125.658,200,True,0xE4A8571e1F142Bd99866AA9464c49517B2ac0E01,ADJUSTER,949,OTHER,1,READ,
w26,2025-12-19T15:01:21.200273Z,125.651,200,True,0x199baf9971453910adbCD45ae05Dc8f9B68fcB1f,INSURER,313,IMAGE,2,READ,
w42,2025-12-19T15:01:21.200378Z,125.829,200,True,0x3418C54B33ca42d0dF096EaD255791c7B2E2f3d9,ADJUSTER,158,VIDEO,2,READ,
w13,2025-12-19T15:01:21.200481Z,125.857,200,True,0xC6Ffd174B730f05f52aF93e216103D6C7464cc96,INSURER,156,VIDEO,2,READ,
w19,2025-12-19T15:01:21.200597Z,125.862,200,True,0x5e3B546a11dc657CdFa106cd26E2211ee451c0d7,INSURER,815,TELEMATICS,3,READ,
w1,2025-12-19T15:01:21.200703Z,125.868,200,True,0x0520cA4f9c2359a2d1cc1B072e4dA8A3587C2088,INSURER,626,FNOL,4,READ,
w6,2025-12-19T15:01:21.200814Z,125.871,200,True,0x93787a823E3D4Ae295F5a91C0e87325E40B3aa3F,REGULATOR,401,IMAGE,2,READ,
w9,2025-12-19T15:01:21.268131Z,58.663,403,False,0x57e02f30Dd15545B3A9eC4841D0D58Ee1D829414,GARAGE,218,VIDEO,2,READ,
w39,2025-12-19T15:01:21.268478Z,58.420,403,False,0xafA5Afd00Ec5464DAf96FCe2b09f4e4e157F4A67,POLICE,783,TELEMATICS,3,READ,
w14,2025-12-19T15:01:21.269056Z,57.947,403,False,0x59760590b1fCF3C846635ae6432DE56ef26298B8,GARAGE,85,VIDEO,2,READ,
w29,2025-12-19T15:01:21.270261Z,56.847,403,False,0xC586D6C2dc89b791ae2AA6ae054c2629891275e1,POLICE,829,TELEMATICS,3,READ,
w4,2025-12-19T15:01:21.270474Z,56.792,403,False,0xafA5Afd00Ec5464DAf96FCe2b09f4e4e157F4A67,POLICE,767,TELEMATICS,3,READ,
w47,2025-12-19T15:01:21.267028Z,113.015,200,True,0x044bef4Ff250cBBFE36FEfE3b859D78bA04c1223,INSURER,999,OTHER,1,READ,
w20,2025-12-19T15:01:21.267394Z,113.021,200,True,0x89cb551204456FFCd8e595feE394120dD047b57A,INSURER,107,VIDEO,2,READ,
w7,2025-12-19T15:01:21.267581Z,113.257,200,True,0x29950abd635aF427d5E2fF0DB9f6920fC915bC55,INSURER,862,OTHER,1,READ,
w49,2025-12-19T15:01:21.267979Z,113.015,200,True,0xE056D0a60EfEE3e1642D5B2129E2bbBdAf22444c,INSURER,877,OTHER,1,READ,
w22,2025-12-19T15:01:21.268259Z,112.876,200,True,0x42dC03c90d7652B937d26628a86f9317bbf521dc,INSURER,331,IMAGE,2,READ,
w38,2025-12-19T15:01:21.268372Z,112.895,200,True,0xC6Ffd174B730f05f52aF93e216103D6C7464cc96,INSURER,476,IMAGE,2,READ,
w24,2025-12-19T15:01:21.268602Z,112.800,200,True,0x262C7B7B136C441fA055dA7F585a2Ab956c1123C,INSURER,815,TELEMATICS,3,READ,
w40,2025-12-19T15:01:21.268712Z,112.809,200,True,0x38C88185b74B534134345be38916483044075686,POLICE,63,VIDEO,2,READ,
w30,2025-12-19T15:01:21.268831Z,112.808,200,True,0xD756c57480Ea623123AB3a5ad4445875E3309Ac6,INSURER,932,OTHER,1,READ,
w41,2025-12-19T15:01:21.268944Z,112.802,200,True,0xD21eB53384cE472F3DE7527DC9A5820dA80bBB01,INSURER,549,FNOL,4,READ,
w15,2025-12-19T15:01:21.269167Z,112.697,200,True,0xe9b50040eeAA45F16fd24222f4a97482737f6C8A,ADJUSTER,436,IMAGE,2,READ,
w43,2025-12-19T15:01:21.269865Z,112.128,200,True,0x2875Aa8C20c095495Ab5d6A1aBE2E2b07077dF55,INSURER,15,VIDEO,2,READ,
w16,2025-12-19T15:01:21.270018Z,112.089,200,True,0x02BD9B3b464b98EB353C8f83Eb3b4cB0627A52Ed,COURT,819,TELEMATICS,3,READ,
w2,2025-12-19T15:01:21.270144Z,112.357,200,True,0x97910F1306b5414B4C61D9A719B6871f5c77662f,INSURER,222,VIDEO,2,READ,
w17,2025-12-19T15:01:21.270369Z,112.288,200,True,0x4828419eA02B1D4399E039f8E5F346f37f19fA13,INSURER,928,OTHER,1,READ,
w25,2025-12-19T15:01:21.270602Z,112.181,200,True,0x9F6d6682cb1957F9585F9b8AC3469E4D767600D6,INSURER,873,OTHER,1,READ,
w32,2025-12-19T15:01:21.270717Z,112.181,200,True,0x419d3b699AA38c218f3D84f0a3129a6383634f17,ADJUSTER,400,IMAGE,2,READ,
w5,2025-12-19T15:01:21.270821Z,112.186,200,True,0x67A9BC3Fb3B4a392C223A8C644B48346b9Ca5128,COURT,106,VIDEO,2,READ,
w34,2025-12-19T15:01:21.270928Z,112.197,200,True,0x5173D7F8755FdF3d2f05C01D029A3Dc55EaC0476,POLICE,151,VIDEO,2,READ,
w18,2025-12-19T15:01:21.271028Z,112.213,200,True,0xBCb233Ef85EC11C88E20Ea53Bb47f454d116FBe3,ADJUSTER,847,TELEMATICS,3,READ,
w45,2025-12-19T15:01:21.271126Z,112.223,200,True,0xD06Cc40e4D98aDc886d652F4253985B5c04282b9,REGULATOR,884,OTHER,1,READ,
w28,2025-12-19T15:01:21.271229Z,112.225,200,True,0x5cA86E3342DEA0C1a26C49f1a4fA40DeEeAFf8a8,INSURER,829,TELEMATICS,3,READ,
w3,2025-12-19T15:01:21.271348Z,112.211,200,True,0xBC78986794f1658340222E011F7e1Cf375177F95,ADJUSTER,239,VIDEO,2,READ,
w12,2025-12-19T15:01:21.271500Z,112.166,200,True,0xD32B24Ff4D28e42239EcCd5cbdb456a1565DC083,ADJUSTER,628,FNOL,4,READ,
w48,2025-12-19T15:01:21.271674Z,112.092,200,True,0x50Ed54bf40D96Fda59d7F83abE5551535d7938ac,COURT,449,IMAGE,2,READ,
w44,2025-12-19T15:01:21.272000Z,111.874,200,True,0xC23BB727D3Ae6bD9cd90AC52ee26359F19176de3,INSURER,731,TELEMATICS,3,READ,
w31,2025-12-19T15:01:21.272148Z,111.833,200,True,0x8216a92a44877D72a31FA6453e4583a6DCe25752,INSURER,773,TELEMATICS,3,READ,
w10,2025-12-19T15:01:21.323933Z,60.250,403,False,0x28606132Fb05B11eee1fa6ACe3CB39F3EFFFdCCe,ADJUSTER,602,MEDICAL_REPORT,5,READ,
w27,2025-12-19T15:01:21.325324Z,59.009,403,False,0xe9b50040eeAA45F16fd24222f4a97482737f6C8A,ADJUSTER,680,MEDICAL_REPORT,5,READ,
w42,2025-12-19T15:01:21.326212Z,58.246,403,False,0x48f8656e15a2FC22Ccd6cDe7c56db39C1B62E770,POLICE,750,TELEMATICS,3,READ,
w23,2025-12-19T15:01:21.324284Z,119.492,200,True,0x8216a92a44877D72a31FA6453e4583a6DCe25752,INSURER,267,IMAGE,2,READ,
w0,2025-12-19T15:01:21.324672Z,119.472,200,True,0x81A893236EFCdC58F1f9421b59Ee21eb7e38f8FB,INSURER,672,FNOL,4,READ,
w33,2025-12-19T15:01:21.324837Z,119.497,200,True,0x5cA86E3342DEA0C1a26C49f1a4fA40DeEeAFf8a8,INSURER,431,IMAGE,2,READ,
w8,2025-12-19T15:01:21.324974Z,119.702,200,True,0x3db0bD968176A243AC81C5c8Cf02Cf429b04dD57,COURT,348,IMAGE,2,READ,
w37,2025-12-19T15:01:21.325095Z,119.724,200,True,0xF96D07BDd0404b21a6B987cF6C21b9A5E3045f5F,INSURER,846,TELEMATICS,3,READ,
w11,2025-12-19T15:01:21.325207Z,119.734,200,True,0xC586D6C2dc89b791ae2AA6ae054c2629891275e1,POLICE,406,IMAGE,2,READ,
w46,2025-12-19T15:01:21.325447Z,119.612,200,True,0x7B46635cB6cA958f34ae933b93884a5f19b258D7,INSURER,202,VIDEO,2,READ,
w35,2025-12-19T15:01:21.325578Z,119.599,200,True,0xa814b4D02E07Daa3235ffc1E4752eCF8f6C2D8d8,ADJUSTER,856,OTHER,1,READ,
w36,2025-12-19T15:01:21.325699Z,119.616,200,True,0x955f7F1386d8d5FB12bc50876B418e4D206D9530,GARAGE,354,IMAGE,2,READ,
w21,2025-12-19T15:01:21.325816Z,119.618,200,True,0xBdfeA99CC2B9e09E4A7e6C7B14808189488E3985,COURT,258,IMAGE,2,READ,
w26,2025-12-19T15:01:21.325928Z,119.613,200,True,0xaCB712DC0982F8B6c52EB4C5D2c205766cE3d00D,INSURER,611,FNOL,4,READ,
w13,2025-12-19T15:01:21.326344Z,119.300,200,True,0x6032b722b48DC8717A2C437485f2D3d264BD803B,ADJUSTER,459,IMAGE,2,READ,
w19,2025-12-19T15:01:21.326464Z,119.511,200,True,0xeaD317253F31780B00e0Ef360b1ade2Fb83c2b3E,INSURER,505,FNOL,4,READ,
w1,2025-12-19T15:01:21.326577Z,119.532,200,True,0x0479AcE8E12E22b9751dF7542dd8f225c221EC34,ADJUSTER,287,IMAGE,2,READ,
w6,2025-12-19T15:01:21.326689Z,119.540,200,True,0xACaaedBfb07404f2aAf0ccd6503B1529C1A48764,ADJUSTER,838,TELEMATICS,3,READ,
w9,2025-12-19T15:01:21.326799Z,119.540,200,True,0x262C7B7B136C441fA055dA7F585a2Ab956c1123C,INSURER,168,VIDEO,2,READ,
w39,2025-12-19T15:01:21.326902Z,119.542,200,True,0x436f253A31aB81e4427747050f42C4907a6C388D,ADJUSTER,93,VIDEO,2,READ,
w14,2025-12-19T15:01:21.327008Z,119.537,200,True,0xF88a95Dd8B84AF76941627AA419BEFc507d88125,ADJUSTER,142,VIDEO,2,READ,
w29,2025-12-19T15:01:21.327113Z,119.540,200,True,0xCdb11D137710f0a5234b9D3c040668B6D48e59d4,COURT,639,MEDICAL_REPORT,5,READ,
w4,2025-12-19T15:01:21.327272Z,119.483,200,True,0x57e02f30Dd15545B3A9eC4841D0D58Ee1D829414,GARAGE,320,IMAGE,2,READ,
w38,2025-12-19T15:01:21.381273Z,65.595,403,False,0x786da68d54Be22366903D370c34910372Db174c9,POLICE,718,TELEMATICS,3,READ,
w43,2025-12-19T15:01:21.381998Z,64.977,403,False,0x1F98dd762361D7256a816f8086AE6FfB657fa5bC,POLICE,795,TELEMATICS,3,READ,
w28,2025-12-19T15:01:21.383458Z,63.620,403,False,0x1F022FfD0700E02E8f01B8f05f539f8C7a0339bb,POLICE,616,MEDICAL_REPORT,5,READ,
w3,2025-12-19T15:01:21.383564Z,63.635,403,False,0x01891323537Ca8c745Cd76182c9eB81519eaC821,GARAGE,757,TELEMATICS,3,READ,
w47,2025-12-19T15:01:21.380055Z,128.361,200,True,0x29Da547ffD477d0d4628d547368EcFDF73054469,ADJUSTER,930,OTHER,1,READ,
w20,2025-12-19T15:01:21.380426Z,128.368,200,True,0xE056D0a60EfEE3e1642D5B2129E2bbBdAf22444c,INSURER,157,VIDEO,2,READ,
w7,2025-12-19T15:01:21.380845Z,128.132,200,True,0xEcbE69567Cf42475FbE6Ea4523541e58C4d22957,GARAGE,424,IMAGE,2,READ,
w49,2025-12-19T15:01:21.381000Z,128.337,200,True,0xB2241965995ed972D442D6A9461eF3583ecA95B6,INSURER,856,OTHER,1,READ,
w22,2025-12-19T15:01:21.381140Z,128.343,200,True,0xCC05C551476CDbEfAd79Ed75427937b892aaFE9C,ADJUSTER,169,VIDEO,2,READ,
w24,2025-12-19T15:01:21.381407Z,128.201,200,True,0xD21eB53384cE472F3DE7527DC9A5820dA80bBB01,INSURER,38,VIDEO,2,READ,
w40,2025-12-19T15:01:21.381526Z,128.206,200,True,0xDD3EceF8307a47a0307E4f44135C61Dd2C75c6d7,POLICE,118,VIDEO,2,READ,
w30,2025-12-19T15:01:21.381643Z,128.221,200,True,0x466ec685AE894BAc153c11350FC488cAAa2C062E,INSURER,878,OTHER,1,READ,
w41,2025-12-19T15:01:21.381751Z,128.230,200,True,0x5ee06906aF52aEd2c884D505d3a0A7CA7513188D,INSURER,455,IMAGE,2,READ,
w15,2025-12-19T15:01:21.381870Z,128.222,200,True,0xcA28195b12c3c8cB960d8423584ee9a8677BD158,POLICE,78,VIDEO,2,READ,
w16,2025-12-19T15:01:21.382111Z,128.084,200,True,0xfd4Fc17438169bC1228EB21c2cb9b8DE1E97472a,INSURER,902,OTHER,1,READ,
w2,2025-12-19T15:01:21.382508Z,127.802,200,True,0xDD3EceF8307a47a0307E4f44135C61Dd2C75c6d7,POLICE,17,VIDEO,2,READ,
w17,2025-12-19T15:01:21.382663Z,127.754,200,True,0x0520cA4f9c2359a2d1cc1B072e4dA8A3587C2088,INSURER,493,IMAGE,2,READ,
w25,2025-12-19T15:01:21.382789Z,127.730,200,True,0x29Da547ffD477d0d4628d547368EcFDF73054469,ADJUSTER,603,FNOL,4,READ,
w32,2025-12-19T15:01:21.382904Z,128.008,200,True,0x7C8B230898f07628a4f24e2D0ffe62373593dCce,POLICE,426,IMAGE,2,READ,
w5,2025-12-19T15:01:21.383012Z,128.038,200,True,0x199baf9971453910adbCD45ae05Dc8f9B68fcB1f,INSURER,930,OTHER,1,READ,
w34,2025-12-19T15:01:21.383132Z,128.031,200,True,0x6B97e16D77504562cB9392834019252f4057F4D5,POLICE,295,IMAGE,2,READ,
w18,2025-12-19T15:01:21.383245Z,128.026,200,True,0x57e02f30Dd15545B3A9eC4841D0D58Ee1D829414,GARAGE,332,IMAGE,2,READ,
w45,2025-12-19T15:01:21.383354Z,128.023,200,True,0x14d0cb07D407E25F725b7f9854B98fEEEBb4942F,INSURER,381,IMAGE,2,READ,
w12,2025-12-19T15:01:21.383670Z,127.810,200,True,0xAA49CCe569366189355225212a2EA06B8172Fa22,ADJUSTER,160,VIDEO,2,READ,
w48,2025-12-19T15:01:21.383771Z,127.811,200,True,0xBdfeA99CC2B9e09E4A7e6C7B14808189488E3985,COURT,895,OTHER,1,READ,
w44,2025-12-19T15:01:21.383878Z,127.819,200,True,0x3a74Fec63a615BC94b9A47bEa6340935Ab155117,ADJUSTER,347,IMAGE,2,READ,
w31,2025-12-19T15:01:21.383986Z,127.834,200,True,0x33F5a90B9400A21046089Aaf44319BA889B0B9ed,INSURER,65,VIDEO,2,READ,
w10,2025-12-19T15:01:21.384189Z,127.743,200,True,0xCe3b338346378767324b87Cb888eC3F1d6d34940,POLICE,286,IMAGE,2,READ,
w27,2025-12-19T15:01:21.384338Z,127.705,200,True,0x469Bf06C8a44e5E2Bb2752C29B92d88DCA076B8a,POLICE,161,VIDEO,2,READ,
w42,2025-12-19T15:01:21.384463Z,127.681,200,True,0x8FA3c986B63dEd44ce62D4aC5b3b0F49FF447700,COURT,646,MEDICAL_REPORT,5,READ,
w0,2025-12-19T15:01:21.444154Z,68.100,403,False,0xEcbE69567Cf42475FbE6Ea4523541e58C4d22957,GARAGE,72,VIDEO,2,READ,
w9,2025-12-19T15:01:21.446343Z,66.018,403,False,0x955f7F1386d8d5FB12bc50876B418e4D206D9530,GARAGE,769,TELEMATICS,3,READ,
w14,2025-12-19T15:01:21.446549Z,66.023,403,False,0xA75Af013B9CBdf4322e0c459A2fB8B708fbB8Ddc,POLICE,617,FNOL,4,READ,
w29,2025-12-19T15:01:21.446658Z,66.047,403,False,0x1EBe67547Da63652edcAE7c36347A6d05ef27c1C,POLICE,964,OTHER,1,READ,
w43,2025-12-19T15:01:21.446980Z,65.854,403,False,0x3D8B37E283940B186f3d817371AE9834E2836f7f,GARAGE,852,OTHER,1,READ,
w23,2025-12-19T15:01:21.443789Z,133.036,200,True,0x8D21394c336D57f89564705Aa61307561b63E310,POLICE,331,IMAGE,2,READ,
w33,2025-12-19T15:01:21.444341Z,132.831,200,True,0x808936f08CCC0a9C3953Cd3716006fB99825CBa4,COURT,303,IMAGE,2,READ,
w8,2025-12-19T15:01:21.444683Z,132.670,200,True,0x044bef4Ff250cBBFE36FEfE3b859D78bA04c1223,INSURER,29,VIDEO,2,READ,
w37,2025-12-19T15:01:21.444825Z,132.879,200,True,0xD32B24Ff4D28e42239EcCd5cbdb456a1565DC083,ADJUSTER,969,OTHER,1,READ,
w11,2025-12-19T15:01:21.444946Z,132.924,200,True,0x68cBdE77b98e3AF3281dBC229ee66540Eac3f007,ADJUSTER,911,OTHER,1,READ,
w46,2025-12-19T15:01:21.445064Z,132.945,200,True,0x436f253A31aB81e4427747050f42C4907a6C388D,ADJUSTER,140,VIDEO,2,READ,
w35,2025-12-19T15:01:21.445184Z,132.943,200,True,0xD6e58dE85e171C0D6BB42Cf4a85fBa7C55ce5618,INSURER,521,FNOL,4,READ,
w36,2025-12-19T15:01:21.445321Z,132.929,200,True,0x3E93709810FB754ab4D6A2487344dF504087996D,INSURER,758,TELEMATICS,3,READ,
w21,2025-12-19T15:01:21.445438Z,132.942,200,True,0x3418C54B33ca42d0dF096EaD255791c7B2E2f3d9,ADJUSTER,540,FNOL,4,READ,
w26,2025-12-19T15:01:21.445545Z,132.952,200,True,0x51a1E6D900E3e04c169Be84b2D5e5ccB2420B0EB,INSURER,450,IMAGE,2,READ,
w13,2025-12-19T15:01:21.445649Z,132.952,200,True,0x4828419eA02B1D4399E039f8E5F346f37f19fA13,INSURER,475,IMAGE,2,READ,
w19,2025-12-19T15:01:21.445981Z,132.927,200,True,0x1F98dd762361D7256a816f8086AE6FfB657fa5bC,POLICE,231,VIDEO,2,READ,
w1,2025-12-19T15:01:21.446114Z,132.931,200,True,0xAA49CCe569366189355225212a2EA06B8172Fa22,ADJUSTER,976,OTHER,1,READ,
w6,2025-12-19T15:01:21.446235Z,132.938,200,True,0x18BFB9A0Bf9293D0D3bf9F42bD6e7e7b300Dc391,COURT,417,IMAGE,2,READ,
w39,2025-12-19T15:01:21.446448Z,132.837,200,True,0xFeC4882fEAf263ac0fD1b9B4271dD1852B413584,INSURER,343,IMAGE,2,READ,
w4,2025-12-19T15:01:21.446759Z,132.633,200,True,0x11F50254a88A6e26E6Bb5aAE8d74E52372B4270E,COURT,348,IMAGE,2,READ,
w38,2025-12-19T15:01:21.446872Z,132.629,200,True,0x09596bf36cE63dABDeB58d68a52792B7BA13ba84,ADJUSTER,956,OTHER,1,READ,
w28,2025-12-19T15:01:21.447083Z,132.523,200,True,0xD261b62ccB398d8100234C5fD641c6D67B10C62B,GARAGE,427,IMAGE,2,READ,
w3,2025-12-19T15:01:21.447205Z,132.500,200,True,0x78273aa663aa16C08590efF5582bb4C9DD30Bb95,INSURER,110,VIDEO,2,READ,
w41,2025-12-19T15:01:21.509988Z,69.816,403,False,0x23aA93bc659A3e3D0da5434a4088578341D43278,GARAGE,78,VIDEO,2,READ,
w16,2025-12-19T15:01:21.510200Z,69.708,403,False,0xE3De53E77787ac96c6f78B3eD0A6Acea23953342,POLICE,867,OTHER,1,READ,
w17,2025-12-19T15:01:21.510421Z,69.711,403,False,0x3D8B37E283940B186f3d817371AE9834E2836f7f,GARAGE,954,OTHER,1,READ,
w32,2025-12-19T15:01:21.510918Z,69.330,403,False,0xD261b62ccB398d8100234C5fD641c6D67B10C62B,GARAGE,9,VIDEO,2,READ,
w18,2025-12-19T15:01:21.511276Z,69.093,403,False,0xDd45386232533D2C209976e678A91A2263676ECB,GARAGE,873,OTHER,1,READ,
w48,2025-12-19T15:01:21.511586Z,68.902,403,False,0x6c2d9F1aEdB2C485CABAF82412f88d5303Fd7B73,GARAGE,36,VIDEO,2,READ,
w10,2025-12-19T15:01:21.511937Z,68.653,403,False,0x6c2d9F1aEdB2C485CABAF82412f88d5303Fd7B73,GARAGE,839,TELEMATICS,3,READ,
w14,2025-12-19T15:01:21.512578Z,68.115,403,False,0x7B678e542Dec17ab096b423D15262dcD9B8c11D8,POLICE,636,FNOL,4,READ,
w47,2025-12-19T15:01:21.508427Z,140.461,200,True,0xdBf006c9b4fEA25fFA98161abc660B4643109625,ADJUSTER,468,IMAGE,2,READ,
w20,2025-12-19T15:01:21.508805Z,140.431,200,True,0x97910F1306b5414B4C61D9A719B6871f5c77662f,INSURER,884,OTHER,1,READ,
w7,2025-12-19T15:01:21.508982Z,140.637,200,True,0x3D8B37E283940B186f3d817371AE9834E2836f7f,GARAGE,480,IMAGE,2,READ,
w49,2025-12-19T15:01:21.509343Z,140.441,200,True,0x5cA86E3342DEA0C1a26C49f1a4fA40DeEeAFf8a8,INSURER,991,OTHER,1,READ,
w22,2025-12-19T15:01:21.509489Z,140.437,200,True,0xFeC4882fEAf263ac0fD1b9B4271dD1852B413584,INSURER,7,VIDEO,2,READ,
w24,2025-12-19T15:01:21.509614Z,140.444,200,True,0x933be1Be0aF68b62934fE96ADB1AB2Ee1C47B4F0,INSURER,246,VIDEO,2,READ,
w40,2025-12-19T15:01:21.509737Z,140.471,200,True,0x090F26617cAab81C15934159343Ff688fAf23820,POLICE,446,IMAGE,2,READ,
w30,2025-12-19T15:01:21.509870Z,140.504,200,True,0x3d9c5458418bD082b010C0F93c3b8FBF9826E0Bf,INSURER,336,IMAGE,2,READ,
w15,2025-12-19T15:01:21.510096Z,140.440,200,True,0xACaaedBfb07404f2aAf0ccd6503B1529C1A48764,ADJUSTER,996,OTHER,1,READ,
w2,2025-12-19T15:01:21.510315Z,140.333,200,True,0x29950abd635aF427d5E2fF0DB9f6920fC915bC55,INSURER,131,VIDEO,2,READ,
w25,2025-12-19T15:01:21.510523Z,140.263,200,True,0x38C88185b74B534134345be38916483044075686,POLICE,151,VIDEO,2,READ,
w5,2025-12-19T15:01:21.511055Z,139.841,200,True,0x808936f08CCC0a9C3953Cd3716006fB99825CBa4,COURT,239,VIDEO,2,READ,
w34,2025-12-19T15:01:21.511169Z,140.049,200,True,0x14E81fB79823D062AFEEC4B80e0bCCBE578d057e,REGULATOR,354,IMAGE,2,READ,
w45,2025-12-19T15:01:21.511382Z,139.980,200,True,0x567dccd668D18B4ACd8A2795151edB162Bc34767,ADJUSTER,804,TELEMATICS,3,READ,
w12,2025-12-19T15:01:21.511484Z,140.002,200,True,0xB81c8729A121819695CEEDA9b389f559D6398B3C,REGULATOR,302,IMAGE,2,READ,
w44,2025-12-19T15:01:21.511702Z,139.901,200,True,0x419d3b699AA38c218f3D84f0a3129a6383634f17,ADJUSTER,24,VIDEO,2,READ,
w31,2025-12-19T15:01:21.511825Z,139.893,200,True,0x09596bf36cE63dABDeB58d68a52792B7BA13ba84,ADJUSTER,391,IMAGE,2,READ,
w27,2025-12-19T15:01:21.512047Z,139.776,200,True,0x7B678e542Dec17ab096b423D15262dcD9B8c11D8,POLICE,352,IMAGE,2,READ,
w42,2025-12-19T15:01:21.512148Z,139.781,200,True,0x82B01EfD510Bee8680730EEf777526b020e2398B,INSURER,38,VIDEO,2,READ,
w0,2025-12-19T15:01:21.512259Z,139.784,200,True,0xB81c8729A121819695CEEDA9b389f559D6398B3C,REGULATOR,982,OTHER,1,READ,
w9,2025-12-19T15:01:21.512365Z,139.786,200,True,0x290FAd62Cb657cBfDA616da814529a670cdad059,POLICE,189,VIDEO,2,READ,
w29,2025-12-19T15:01:21.512718Z,139.539,200,True,0xBeBf134906e0FCcd85b0D99a4626a7B8584e742c,ADJUSTER,490,IMAGE,2,READ,
w43,2025-12-19T15:01:21.512839Z,139.517,200,True,0xAB814b041AB343702D64556Fdb3a3C104daa0445,ADJUSTER,817,TELEMATICS,3,READ,
w8,2025-12-19T15:01:21.577360Z,75.235,403,False,0x1F022FfD0700E02E8f01B8f05f539f8C7a0339bb,POLICE,973,OTHER,1,READ,
w46,2025-12-19T15:01:21.578013Z,74.698,403,False,0xa96C0E04f38F8dC8842789660AA8C570bfCCFF50,GARAGE,895,OTHER,1,READ,
w28,2025-12-19T15:01:21.579609Z,73.205,403,False,0x7C8B230898f07628a4f24e2D0ffe62373593dCce,POLICE,841,TELEMATICS,3,READ,
w17,2025-12-19T15:01:21.580137Z,72.785,403,False,0x0AbFb230511189A840157bF7FcA43b1b69338dC6,POLICE,544,MEDICAL_REPORT,5,READ,
w23,2025-12-19T15:01:21.576836Z,142.553,200,True,0xa814b4D02E07Daa3235ffc1E4752eCF8f6C2D8d8,ADJUSTER,290,IMAGE,2,READ,
w33,2025-12-19T15:01:21.577182Z,142.594,200,True,0x3a74Fec63a615BC94b9A47bEa6340935Ab155117,ADJUSTER,222,VIDEO,2,READ,
w37,2025-12-19T15:01:21.577712Z,142.270,200,True,0x85C720Ae65eF1706A0cf41695a93A34E189D5Ea0,INSURER,569,MEDICAL_REPORT,5,READ,
w11,2025-12-19T15:01:21.577878Z,142.486,200,True,0xD261b62ccB398d8100234C5fD641c6D67B10C62B,GARAGE,315,IMAGE,2,READ,
w35,2025-12-19T15:01:21.578131Z,142.417,200,True,0x12DF904699208278b4355b568d47De4F2c9646fe,INSURER,392,IMAGE,2,READ,
w36,2025-12-19T15:01:21.578255Z,142.422,200,True,0xA75Af013B9CBdf4322e0c459A2fB8B708fbB8Ddc,POLICE,138,VIDEO,2,READ,
w21,2025-12-19T15:01:21.578386Z,142.407,200,True,0x97910F1306b5414B4C61D9A719B6871f5c77662f,INSURER,252,IMAGE,2,READ,
w26,2025-12-19T15:01:21.578502Z,142.416,200,True,0xCC05C551476CDbEfAd79Ed75427937b892aaFE9C,ADJUSTER,467,IMAGE,2,READ,
w13,2025-12-19T15:01:21.578605Z,142.435,200,True,0xCdb11D137710f0a5234b9D3c040668B6D48e59d4,COURT,547,MEDICAL_REPORT,5,READ,
w19,2025-12-19T15:01:21.578913Z,142.247,200,True,0xf5d0314845FCf19022a28FeD6650e58CFc01f243,INSURER,453,IMAGE,2,READ,
w1,2025-12-19T15:01:21.579051Z,142.229,200,True,0x6032b722b48DC8717A2C437485f2D3d264BD803B,ADJUSTER,203,VIDEO,2,READ,
w6,2025-12-19T15:01:21.579178Z,142.253,200,True,0x89cb551204456FFCd8e595feE394120dD047b57A,INSURER,175,VIDEO,2,READ,
w39,2025-12-19T15:01:21.579290Z,142.305,200,True,0x3d9c5458418bD082b010C0F93c3b8FBF9826E0Bf,INSURER,106,VIDEO,2,READ,
w4,2025-12-19T15:01:21.579397Z,142.369,200,True,0xE1C502975CC15E22bC10c8a6e352061ef61bBc2A,COURT,700,MEDICAL_REPORT,5,READ,
w38,2025-12-19T15:01:21.579506Z,142.796,200,True,0xf5d0314845FCf19022a28FeD6650e58CFc01f243,INSURER,410,IMAGE,2,READ,
w3,2025-12-19T15:01:21.579710Z,142.760,200,True,0x290FAd62Cb657cBfDA616da814529a670cdad059,POLICE,133,VIDEO,2,READ,
w41,2025-12-19T15:01:21.579808Z,142.817,200,True,0xCaa6A1a26D28f97DEDD4f555dEd43bC607f78384,INSURER,527,MEDICAL_REPORT,5,READ,
w16,2025-12-19T15:01:21.579913Z,142.837,200,True,0xBdfeA99CC2B9e09E4A7e6C7B14808189488E3985,COURT,768,TELEMATICS,3,READ,
w32,2025-12-19T15:01:21.580252Z,142.619,200,True,0x12DF904699208278b4355b568d47De4F2c9646fe,INSURER,953,OTHER,1,READ,
w18,2025-12-19T15:01:21.580374Z,142.642,200,True,0xF09aBd729B48E734Ad684B93585E8D043D55c967,INSURER,655,FNOL,4,READ,
w48,2025-12-19T15:01:21.580491Z,142.637,200,True,0xA75Af013B9CBdf4322e0c459A2fB8B708fbB8Ddc,POLICE,429,IMAGE,2,READ,
w10,2025-12-19T15:01:21.580595Z,142.644,200,True,0xE1C502975CC15E22bC10c8a6e352061ef61bBc2A,COURT,188,VIDEO,2,READ,
w14,2025-12-19T15:01:21.580697Z,142.651,200,True,0x67A9BC3Fb3B4a392C223A8C644B48346b9Ca5128,COURT,461,IMAGE,2,READ,
w7,2025-12-19T15:01:21.649628Z,73.834,403,False,0xEcbE69567Cf42475FbE6Ea4523541e58C4d22957,GARAGE,599,MEDICAL_REPORT,5,READ,
w22,2025-12-19T15:01:21.649931Z,73.659,403,False,0x1F98dd762361D7256a816f8086AE6FfB657fa5bC,POLICE,621,MEDICAL_REPORT,5,READ,
w12,2025-12-19T15:01:21.651492Z,72.222,403,False,0x786da68d54Be22366903D370c34910372Db174c9,POLICE,711,TELEMATICS,3,READ,
w43,2025-12-19T15:01:21.652361Z,71.562,403,False,0x6c2d9F1aEdB2C485CABAF82412f88d5303Fd7B73,GARAGE,893,OTHER,1,READ,
w46,2025-12-19T15:01:21.652716Z,71.338,403,False,0x01891323537Ca8c745Cd76182c9eB81519eaC821,GARAGE,634,FNOL,4,READ,
w47,2025-12-19T15:01:21.648901Z,132.234,200,True,0xCe3b338346378767324b87Cb888eC3F1d6d34940,POLICE,306,IMAGE,2,READ,
w20,2025-12-19T15:01:21.649244Z,132.261,200,True,0xFeC4882fEAf263ac0fD1b9B4271dD1852B413584,INSURER,22,VIDEO,2,READ,
w49,2025-12-19T15:01:21.649791Z,131.888,200,True,0x436f253A31aB81e4427747050f42C4907a6C388D,ADJUSTER,952,OTHER,1,READ,
w24,2025-12-19T15:01:21.650063Z,131.984,200,True,0x3418C54B33ca42d0dF096EaD255791c7B2E2f3d9,ADJUSTER,155,VIDEO,2,READ,
w40,2025-12-19T15:01:21.650214Z,131.994,200,True,0xBC78986794f1658340222E011F7e1Cf375177F95,ADJUSTER,801,TELEMATICS,3,READ,
w30,2025-12-19T15:01:21.650406Z,131.931,200,True,0xB8954C40b419Ae7332fF39Ce3d458ba1fed03941,REGULATOR,941,OTHER,1,READ,
w15,2025-12-19T15:01:21.650541Z,131.915,200,True,0xC29Fbef10EC6e6A787036cEA0C9024ce9F435d97,INSURER,773,TELEMATICS,3,READ,
w2,2025-12-19T15:01:21.650652Z,131.913,200,True,0x3B4ab93e0901742BFfc8A18D301F36f820AD3bB9,ADJUSTER,590,FNOL,4,READ,
w25,2025-12-19T15:01:21.650791Z,131.896,200,True,0xE1C502975CC15E22bC10c8a6e352061ef61bBc2A,COURT,453,IMAGE,2,READ,
w5,2025-12-19T15:01:21.650900Z,131.895,200,True,0x415Ba7B0D983442D5407ABEF5Ebd8e9d2bB533B7,POLICE,484,IMAGE,2,READ,
w34,2025-12-19T15:01:21.651224Z,131.678,200,True,0xD06Cc40e4D98aDc886d652F4253985B5c04282b9,REGULATOR,657,MEDICAL_REPORT,5,READ,
w45,2025-12-19T15:01:21.651368Z,131.644,200,True,0x85C720Ae65eF1706A0cf41695a93A34E189D5Ea0,INSURER,916,OTHER,1,READ,
w44,2025-12-19T15:01:21.651607Z,131.523,200,True,0xf9314f31cc38103bC7607a176a804e5C1Ecbf511,INSURER,406,IMAGE,2,READ,
w31,2025-12-19T15:01:21.651722Z,131.518,200,True,0x82B01EfD510Bee8680730EEf777526b020e2398B,INSURER,451,IMAGE,2,READ,
w27,2025-12-19T15:01:21.651828Z,131.515,200,True,0xE3De53E77787ac96c6f78B3eD0A6Acea23953342,POLICE,230,VIDEO,2,READ,
w42,2025-12-19T15:01:21.651934Z,131.686,200,True,0xAB814b041AB343702D64556Fdb3a3C104daa0445,ADJUSTER,654,FNOL,4,READ,
w0,2025-12-19T15:01:21.652048Z,131.689,200,True,0x78273aa663aa16C08590efF5582bb4C9DD30Bb95,INSURER,494,IMAGE,2,READ,
w9,2025-12-19T15:01:21.652155Z,131.686,200,True,0x27158a264fdA9698B85485706B47BBC87Fa6Db4b,ADJUSTER,578,FNOL,4,READ,
w29,2025-12-19T15:01:21.652261Z,131.685,200,True,0x27158a264fdA9698B85485706B47BBC87Fa6Db4b,ADJUSTER,87,VIDEO,2,READ,
w8,2025-12-19T15:01:21.652602Z,131.454,200,True,0x199baf9971453910adbCD45ae05Dc8f9B68fcB1f,INSURER,104,VIDEO,2,READ,
w28,2025-12-19T15:01:21.652818Z,131.344,200,True,0xdBf006c9b4fEA25fFA98161abc660B4643109625,ADJUSTER,994,OTHER,1,READ,
w17,2025-12-19T15:01:21.652927Z,131.340,200,True,0xa814b4D02E07Daa3235ffc1E4752eCF8f6C2D8d8,ADJUSTER,72,VIDEO,2,READ,
w4,2025-12-19T15:01:21.721775Z,62.595,403,False,0x57e02f30Dd15545B3A9eC4841D0D58Ee1D829414,GARAGE,863,OTHER,1,READ,
w43,2025-12-19T15:01:21.723929Z,60.540,403,False,0xafA5Afd00Ec5464DAf96FCe2b09f4e4e157F4A67,POLICE,571,FNOL,4,READ,
w23,2025-12-19T15:01:21.719401Z,124.334,200,True,0x1F022FfD0700E02E8f01B8f05f539f8C7a0339bb,POLICE,351,IMAGE,2,READ,
w33,2025-12-19T15:01:21.719787Z,124.333,200,True,0x51a1E6D900E3e04c169Be84b2D5e5ccB2420B0EB,INSURER,700,MEDICAL_REPORT,5,READ,
w37,2025-12-19T15:01:21.719988Z,124.321,200,True,0x67A9BC3Fb3B4a392C223A8C644B48346b9Ca5128,COURT,835,TELEMATICS,3,READ,
w11,2025-12-19T15:01:21.720372Z,124.284,200,True,0xdBf006c9b4fEA25fFA98161abc660B4643109625,ADJUSTER,868,OTHER,1,READ,
w35,2025-12-19T15:01:21.720555Z,124.246,200,True,0xe9b50040eeAA45F16fd24222f4a97482737f6C8A,ADJUSTER,904,OTHER,1,READ,
w36,2025-12-19T15:01:21.720682Z,124.243,200,True,0x89cb551204456FFCd8e595feE394120dD047b57A,INSURER,611,FNOL,4,READ,
w21,2025-12-19T15:01:21.720798Z,124.240,200,True,0xDA941366d7481DffDAd4458a22913423f40dA1eA,ADJUSTER,218,VIDEO,2,READ,
w26,2025-12-19T15:01:21.720923Z,124.242,200,True,0xD32B24Ff4D28e42239EcCd5cbdb456a1565DC083,ADJUSTER,775,TELEMATICS,3,READ,
w13,2025-12-19T15:01:21.721045Z,124.259,200,True,0x3db0bD968176A243AC81C5c8Cf02Cf429b04dD57,COURT,419,IMAGE,2,READ,
w19,2025-12-19T15:01:21.721166Z,124.261,200,True,0x18BFB9A0Bf9293D0D3bf9F42bD6e7e7b300Dc391,COURT,662,FNOL,4,READ,
w1,2025-12-19T15:01:21.721285Z,124.253,200,True,0xE1C502975CC15E22bC10c8a6e352061ef61bBc2A,COURT,557,FNOL,4,READ,
w6,2025-12-19T15:01:21.721437Z,124.209,200,True,0xCaa6A1a26D28f97DEDD4f555dEd43bC607f78384,INSURER,518,MEDICAL_REPORT,5,READ,
w39,2025-12-19T15:01:21.721602Z,124.147,200,True,0x3db0bD968176A243AC81C5c8Cf02Cf429b04dD57,COURT,849,TELEMATICS,3,READ,
w38,2025-12-19T15:01:21.722309Z,123.774,200,True,0x0479AcE8E12E22b9751dF7542dd8f225c221EC34,ADJUSTER,926,OTHER,1,READ,
w3,2025-12-19T15:01:21.722476Z,123.751,200,True,0xAA49CCe569366189355225212a2EA06B8172Fa22,ADJUSTER,268,IMAGE,2,READ,
w41,2025-12-19T15:01:21.722630Z,123.719,200,True,0xF88a95Dd8B84AF76941627AA419BEFc507d88125,ADJUSTER,964,OTHER,1,READ,
w16,2025-12-19T15:01:21.722755Z,123.707,200,True,0x42dC03c90d7652B937d26628a86f9317bbf521dc,INSURER,82,VIDEO,2,READ,
w32,2025-12-19T15:01:21.722888Z,123.684,200,True,0x09596bf36cE63dABDeB58d68a52792B7BA13ba84,ADJUSTER,829,TELEMATICS,3,READ,
w18,2025-12-19T15:01:21.723022Z,123.655,200,True,0x23aA93bc659A3e3D0da5434a4088578341D43278,GARAGE,328,IMAGE,2,READ,
w48,2025-12-19T15:01:21.723132Z,123.645,200,True,0x11F50254a88A6e26E6Bb5aAE8d74E52372B4270E,COURT,404,IMAGE,2,READ,
w10,2025-12-19T15:01:21.723244Z,123.638,200,True,0xAF3C604AE7a9E247C368331a22270415269Ef10d,INSURER,360,IMAGE,2,READ,
w14,2025-12-19T15:01:21.723352Z,123.643,200,True,0xa814b4D02E07Daa3235ffc1E4752eCF8f6C2D8d8,ADJUSTER,393,IMAGE,2,READ,
w7,2025-12-19T15:01:21.723467Z,123.803,200,True,0x28606132Fb05B11eee1fa6ACe3CB39F3EFFFdCCe,ADJUSTER,722,TELEMATICS,3,READ,
w22,2025-12-19T15:01:21.723595Z,123.850,200,True,0xB8954C40b419Ae7332fF39Ce3d458ba1fed03941,REGULATOR,13,VIDEO,2,READ,
w12,2025-12-19T15:01:21.723718Z,123.863,200,True,0x3E93709810FB754ab4D6A2487344dF504087996D,INSURER,434,IMAGE,2,READ,
w46,2025-12-19T15:01:21.724060Z,123.646,200,True,0x28606132Fb05B11eee1fa6ACe3CB39F3EFFFdCCe,ADJUSTER,636,FNOL,4,READ,
w31,2025-12-19T15:01:21.783244Z,64.677,403,False,0x6c2d9F1aEdB2C485CABAF82412f88d5303Fd7B73,GARAGE,730,TELEMATICS,3,READ,
w27,2025-12-19T15:01:21.783349Z,64.710,403,False,0xa814b4D02E07Daa3235ffc1E4752eCF8f6C2D8d8,ADJUSTER,515,MEDICAL_REPORT,5,READ,
w9,2025-12-19T15:01:21.783845Z,64.325,403,False,0x469Bf06C8a44e5E2Bb2752C29B92d88DCA076B8a,POLICE,743,TELEMATICS,3,READ,
w47,2025-12-19T15:01:21.781147Z,130.227,200,True,0x262C7B7B136C441fA055dA7F585a2Ab956c1123C,INSURER,979,OTHER,1,READ,
w20,2025-12-19T15:01:21.781514Z,130.232,200,True,0xAA49CCe569366189355225212a2EA06B8172Fa22,ADJUSTER,419,IMAGE,2,READ,
w49,2025-12-19T15:01:21.781685Z,130.235,200,True,0x51A2465dc26f17e37524f93494A8409715ACc9c2,INSURER,843,TELEMATICS,3,READ,
w24,2025-12-19T15:01:21.782054Z,130.235,200,True,0x46Adf75988C45FBD67a07651b6f684943428c17C,INSURER,603,FNOL,4,READ,
w40,2025-12-19T15:01:21.782214Z,130.215,200,True,0x0AbFb230511189A840157bF7FcA43b1b69338dC6,POLICE,76,VIDEO,2,READ,
w30,2025-12-19T15:01:21.782342Z,130.208,200,True,0x07DA3024980d3B92Bcf6B8850A7C08F758B5F781,INSURER,798,TELEMATICS,3,READ,
w15,2025-12-19T15:01:21.782461Z,130.202,200,True,0x58e8E907e02C35e581Ed3a4e98906344861E7265,INSURER,934,OTHER,1,READ,
w2,2025-12-19T15:01:21.782571Z,130.200,200,True,0x4828419eA02B1D4399E039f8E5F346f37f19fA13,INSURER,95,VIDEO,2,READ,
w25,2025-12-19T15:01:21.782692Z,130.212,200,True,0xDD3EceF8307a47a0307E4f44135C61Dd2C75c6d7,POLICE,403,IMAGE,2,READ,
w5,2025-12-19T15:01:21.782799Z,130.222,200,True,0xaCB712DC0982F8B6c52EB4C5D2c205766cE3d00D,INSURER,960,OTHER,1,READ,
w34,2025-12-19T15:01:21.782907Z,130.225,200,True,0x077f45EB3eB6027C0D05Ab77CAC4D29c46cb3a6E,INSURER,628,FNOL,4,READ,
w45,2025-12-19T15:01:21.783016Z,130.253,200,True,0x29950abd635aF427d5E2fF0DB9f6920fC915bC55,INSURER,950,OTHER,1,READ,
w44,2025-12-19T15:01:21.783135Z,130.239,200,True,0xa96C0E04f38F8dC8842789660AA8C570bfCCFF50,GARAGE,432,IMAGE,2,READ,
w42,2025-12-19T15:01:21.783626Z,129.855,200,True,0xfd4Fc17438169bC1228EB21c2cb9b8DE1E97472a,INSURER,649,MEDICAL_REPORT,5,READ,
w0,2025-12-19T15:01:21.783741Z,129.844,200,True,0xFeC4882fEAf263ac0fD1b9B4271dD1852B413584,INSURER,3,VIDEO,2,READ,
w29,2025-12-19T15:01:21.783950Z,129.966,200,True,0xe9b50040eeAA45F16fd24222f4a97482737f6C8A,ADJUSTER,274,IMAGE,2,READ,
w8,2025-12-19T15:01:21.784061Z,129.996,200,True,0x58e8E907e02C35e581Ed3a4e98906344861E7265,INSURER,505,FNOL,4,READ,
w28,2025-12-19T15:01:21.784166Z,130.010,200,True,0xCe3b338346378767324b87Cb888eC3F1d6d34940,POLICE,168,VIDEO,2,READ,
w17,2025-12-19T15:01:21.784272Z,130.016,200,True,0xC29Fbef10EC6e6A787036cEA0C9024ce9F435d97,INSURER,706,TELEMATICS,3,READ,
w4,2025-12-19T15:01:21.784374Z,130.021,200,True,0xCe3b338346378767324b87Cb888eC3F1d6d34940,POLICE,176,VIDEO,2,READ,
w43,2025-12-19T15:01:21.784473Z,130.024,200,True,0x090F26617cAab81C15934159343Ff688fAf23820,POLICE,76,VIDEO,2,READ,
w35,2025-12-19T15:01:21.844807Z,69.794,403,False,0xa96C0E04f38F8dC8842789660AA8C570bfCCFF50,GARAGE,235,VIDEO,2,READ,
w19,2025-12-19T15:01:21.845432Z,69.279,403,False,0x1F022FfD0700E02E8f01B8f05f539f8C7a0339bb,POLICE,507,FNOL,4,READ,
w1,2025-12-19T15:01:21.845544Z,69.271,403,False,0x7C8B230898f07628a4f24e2D0ffe62373593dCce,POLICE,618,MEDICAL_REPORT,5,READ,
w6,2025-12-19T15:01:21.845650Z,69.281,403,False,0xE3De53E77787ac96c6f78B3eD0A6Acea23953342,POLICE,692,MEDICAL_REPORT,5,READ,
w3,2025-12-19T15:01:21.846232Z,68.802,403,False,0x23aA93bc659A3e3D0da5434a4088578341D43278,GARAGE,578,FNOL,4,READ,
w31,2025-12-19T15:01:21.847927Z,67.206,403,False,0x5C63EFf960008F7F9783957f07533386097149ce,POLICE,640,MEDICAL_REPORT,5,READ,
w23,2025-12-19T15:01:21.843747Z,120.797,200,True,0xF09aBd729B48E734Ad684B93585E8D043D55c967,INSURER,454,IMAGE,2,READ,
w33,2025-12-19T15:01:21.844129Z,120.804,200,True,0x58f181cd636a8F0a8335240Efc4979212ff45341,INSURER,897,OTHER,1,READ,
w37,2025-12-19T15:01:21.844315Z,120.804,200,True,0xf5d0314845FCf19022a28FeD6650e58CFc01f243,INSURER,761,TELEMATICS,3,READ,
w11,2025-12-19T15:01:21.844662Z,120.842,200,True,0x9F6d6682cb1957F9585F9b8AC3469E4D767600D6,INSURER,142,VIDEO,2,READ,
w36,2025-12-19T15:01:21.844930Z,120.717,200,True,0x436f253A31aB81e4427747050f42C4907a6C388D,ADJUSTER,748,TELEMATICS,3,READ,
w21,2025-12-19T15:01:21.845043Z,120.730,200,True,0x685A29EE8A06E458E58A29d721dFB677cdF8a600,INSURER,744,TELEMATICS,3,READ,
w26,2025-12-19T15:01:21.845170Z,120.722,200,True,0xd963E5e27CB9872abc2Fbed9107c373Aa59583a4,INSURER,67,VIDEO,2,READ,
w13,2025-12-19T15:01:21.845309Z,120.691,200,True,0xB2241965995ed972D442D6A9461eF3583ecA95B6,INSURER,202,VIDEO,2,READ,
w39,2025-12-19T15:01:21.845752Z,120.362,200,True,0xf9314f31cc38103bC7607a176a804e5C1Ecbf511,INSURER,943,OTHER,1,READ,
w38,2025-12-19T15:01:21.846089Z,120.143,200,True,0x0479AcE8E12E22b9751dF7542dd8f225c221EC34,ADJUSTER,611,FNOL,4,READ,
w41,2025-12-19T15:01:21.846355Z,119.986,200,True,0xdBf006c9b4fEA25fFA98161abc660B4643109625,ADJUSTER,188,VIDEO,2,READ,
w16,2025-12-19T15:01:21.846467Z,119.987,200,True,0xD6e58dE85e171C0D6BB42Cf4a85fBa7C55ce5618,INSURER,231,VIDEO,2,READ,
w32,2025-12-19T15:01:21.846576Z,119.980,200,True,0xD21eB53384cE472F3DE7527DC9A5820dA80bBB01,INSURER,588,MEDICAL_REPORT,5,READ,
w18,2025-12-19T15:01:21.846681Z,119.976,200,True,0xd86Fa5B280bf58C28aaE39fB535e0e965F0E285B,INSURER,671,MEDICAL_REPORT,5,READ,
w48,2025-12-19T15:01:21.846781Z,119.976,200,True,0x065Fd3F8fcF30384f50eceBa324b1EF8411Fa759,COURT,496,IMAGE,2,READ,
w10,2025-12-19T15:01:21.846886Z,120.197,200,True,0x2ee7F051BB940423f554ea44742f7c4c8C20Ea59,INSURER,144,VIDEO,2,READ,
w14,2025-12-19T15:01:21.846999Z,120.228,200,True,0x58f181cd636a8F0a8335240Efc4979212ff45341,INSURER,617,FNOL,4,READ,
w7,2025-12-19T15:01:21.847278Z,120.069,200,True,0xB81c8729A121819695CEEDA9b389f559D6398B3C,REGULATOR,43,VIDEO,2,READ,
w22,2025-12-19T15:01:21.847450Z,120.010,200,True,0x69254de41949D1A246C5c1A168e5e8473D2d50f0,ADJUSTER,341,IMAGE,2,READ,
w12,2025-12-19T15:01:21.847587Z,119.976,200,True,0xD6e58dE85e171C0D6BB42Cf4a85fBa7C55ce5618,INSURER,598,FNOL,4,READ,
w46,2025-12-19T15:01:21.847712Z,119.953,200,True,0xF09aBd729B48E734Ad684B93585E8D043D55c967,INSURER,41,VIDEO,2,READ,
w27,2025-12-19T15:01:21.848063Z,119.708,200,True,0x182C98818C6b29Ff23d7d1d9766e1B1dEB1aBAeB,INSURER,600,MEDICAL_REPORT,5,READ,
w9,2025-12-19T15:01:21.848175Z,119.702,200,True,0x199baf9971453910adbCD45ae05Dc8f9B68fcB1f,INSURER,791,TELEMATICS,3,READ,
w24,2025-12-19T15:01:21.912295Z,55.689,403,False,0x4BA98aed0F31F1E56A9bc733FD86aB30e5b88D0E,GARAGE,845,TELEMATICS,3,READ,
w5,2025-12-19T15:01:21.913026Z,55.062,403,False,0x955f7F1386d8d5FB12bc50876B418e4D206D9530,GARAGE,202,VIDEO,2,READ,
w0,2025-12-19T15:01:21.913591Z,54.595,403,False,0x26b179d013C696c433c0f316E594f7a7AcE77C79,GARAGE,882,OTHER,1,READ,
w43,2025-12-19T15:01:21.914501Z,53.785,403,False,0x0AbFb230511189A840157bF7FcA43b1b69338dC6,POLICE,649,MEDICAL_REPORT,5,READ,
w47,2025-12-19T15:01:21.911389Z,128.739,200,True,0xeD60C4758Fab078c38685EeEF9692D8Fa4F3dDB9,INSURER,319,IMAGE,2,READ,
w20,2025-12-19T15:01:21.911756Z,128.843,200,True,0x3A995E7B23E0Fe0f9a5537f57AA80BACa529eFC4,INSURER,702,TELEMATICS,3,READ,
w49,2025-12-19T15:01:21.911927Z,128.861,200,True,0xd6f5696C80b8cb2D4AAaFdaf8E7C266cf4af4538,COURT,686,MEDICAL_REPORT,5,READ,
w40,2025-12-19T15:01:21.912436Z,128.507,200,True,0x476ad4Ce50BbD6624855e3d1e12E6cC23654359A,INSURER,467,IMAGE,2,READ,
w30,2025-12-19T15:01:21.912555Z,128.535,200,True,0x5ee06906aF52aEd2c884D505d3a0A7CA7513188D,INSURER,28,VIDEO,2,READ,
w15,2025-12-19T15:01:21.912669Z,128.547,200,True,0x12DF904699208278b4355b568d47De4F2c9646fe,INSURER,817,TELEMATICS,3,READ,
w2,2025-12-19T15:01:21.912776Z,128.553,200,True,0xD6e58dE85e171C0D6BB42Cf4a85fBa7C55ce5618,INSURER,339,IMAGE,2,READ,
w25,2025-12-19T15:01:21.912909Z,128.528,200,True,0xeaD317253F31780B00e0Ef360b1ade2Fb83c2b3E,INSURER,316,IMAGE,2,READ,
w34,2025-12-19T15:01:21.913157Z,128.400,200,True,0xD32B24Ff4D28e42239EcCd5cbdb456a1565DC083,ADJUSTER,237,VIDEO,2,READ,
w45,2025-12-19T15:01:21.913273Z,128.564,200,True,0x685A29EE8A06E458E58A29d721dFB677cdF8a600,INSURER,735,TELEMATICS,3,READ,
w44,2025-12-19T15:01:21.913378Z,128.607,200,True,0x07DA3024980d3B92Bcf6B8850A7C08F758B5F781,INSURER,492,IMAGE,2,READ,
w42,2025-12-19T15:01:21.913485Z,128.626,200,True,0x0520cA4f9c2359a2d1cc1B072e4dA8A3587C2088,INSURER,90,VIDEO,2,READ,
w29,2025-12-19T15:01:21.913921Z,128.307,200,True,0xfd4Fc17438169bC1228EB21c2cb9b8DE1E97472a,INSURER,993,OTHER,1,READ,
w8,2025-12-19T15:01:21.914062Z,128.275,200,True,0x84FDd0E1F145C20f9451b1eB751c26e76B3232d4,POLICE,220,VIDEO,2,READ,
w28,2025-12-19T15:01:21.914182Z,128.477,200,True,0xCaa6A1a26D28f97DEDD4f555dEd43bC607f78384,INSURER,343,IMAGE,2,READ,
w17,2025-12-19T15:01:21.914292Z,128.508,200,True,0x8D21394c336D57f89564705Aa61307561b63E310,POLICE,447,IMAGE,2,READ,
w4,2025-12-19T15:01:21.914399Z,128.525,200,True,0x98eAB44F56Ae1f00C301517F1B6fCDb7a452D64b,ADJUSTER,473,IMAGE,2,READ,
w35,2025-12-19T15:01:21.914606Z,128.431,200,True,0xF09aBd729B48E734Ad684B93585E8D043D55c967,INSURER,761,TELEMATICS,3,READ,
w19,2025-12-19T15:01:21.914715Z,128.429,200,True,0x014E540c98B93f6ce2a6F2D7FE66BeD9a19f7bEC,ADJUSTER,150,VIDEO,2,READ,
w1,2025-12-19T15:01:21.914819Z,128.432,200,True,0xD06Cc40e4D98aDc886d652F4253985B5c04282b9,REGULATOR,404,IMAGE,2,READ,
w6,2025-12-19T15:01:21.914936Z,128.424,200,True,0xCaa6A1a26D28f97DEDD4f555dEd43bC607f78384,INSURER,917,OTHER,1,READ,
w3,2025-12-19T15:01:21.915038Z,128.462,200,True,0x59A67A1183C69AAf8Fe3D746D569392b7d4A5035,ADJUSTER,815,TELEMATICS,3,READ,
w31,2025-12-19T15:01:21.915137Z,128.498,200,True,0x4828419eA02B1D4399E039f8E5F346f37f19fA13,INSURER,33,VIDEO,2,READ,
w11,2025-12-19T15:01:21.965510Z,78.259,403,False,0xDD3EceF8307a47a0307E4f44135C61Dd2C75c6d7,POLICE,638,MEDICAL_REPORT,5,READ,
w7,2025-12-19T15:01:21.967353Z,76.531,403,False,0xA75Af013B9CBdf4322e0c459A2fB8B708fbB8Ddc,POLICE,545,FNOL,4,READ,
w22,2025-12-19T15:01:21.967465Z,76.524,403,False,0x786da68d54Be22366903D370c34910372Db174c9,POLICE,636,FNOL,4,READ,
w23,2025-12-19T15:01:21.964557Z,152.369,200,True,0xdBf006c9b4fEA25fFA98161abc660B4643109625,ADJUSTER,891,OTHER,1,READ,
w33,2025-12-19T15:01:21.964943Z,152.337,200,True,0x4828419eA02B1D4399E039f8E5F346f37f19fA13,INSURER,267,IMAGE,2,READ,
w37,2025-12-19T15:01:21.965125Z,152.329,200,True,0x0AbFb230511189A840157bF7FcA43b1b69338dC6,POLICE,288,IMAGE,2,READ,
w36,2025-12-19T15:01:21.965653Z,152.166,200,True,0x05d1ef5b43268c6a5BD456A953029092795045d9,INSURER,910,OTHER,1,READ,
w21,2025-12-19T15:01:21.965778Z,152.186,200,True,0x12DF904699208278b4355b568d47De4F2c9646fe,INSURER,886,OTHER,1,READ,
w26,2025-12-19T15:01:21.965896Z,152.189,200,True,0xd963E5e27CB9872abc2Fbed9107c373Aa59583a4,INSURER,274,IMAGE,2,READ,
w13,2025-12-19T15:01:21.966005Z,152.189,200,True,0x58f181cd636a8F0a8335240Efc4979212ff45341,INSURER,212,VIDEO,2,READ,
w39,2025-12-19T15:01:21.966121Z,152.185,200,True,0xB8954C40b419Ae7332fF39Ce3d458ba1fed03941,REGULATOR,319,IMAGE,2,READ,
w38,2025-12-19T15:01:21.966236Z,152.196,200,True,0xB8954C40b419Ae7332fF39Ce3d458ba1fed03941,REGULATOR,620,FNOL,4,READ,
w41,2025-12-19T15:01:21.966346Z,152.218,200,True,0x4395153bc7Ac8ebD080b3C98FE634fcA40E5609F,COURT,183,VIDEO,2,READ,
w16,2025-12-19T15:01:21.966457Z,152.227,200,True,0xF88a95Dd8B84AF76941627AA419BEFc507d88125,ADJUSTER,217,VIDEO,2,READ,
w32,2025-12-19T15:01:21.966561Z,152.229,200,True,0x48c487f18ce4aAFcf592B2eC3611eAa7B1C85918,ADJUSTER,665,FNOL,4,READ,
w18,2025-12-19T15:01:21.966661Z,152.229,200,True,0x077f45EB3eB6027C0D05Ab77CAC4D29c46cb3a6E,INSURER,409,IMAGE,2,READ,
w48,2025-12-19T15:01:21.966762Z,152.238,200,True,0xACaaedBfb07404f2aAf0ccd6503B1529C1A48764,ADJUSTER,889,OTHER,1,READ,
w10,2025-12-19T15:01:21.967091Z,152.012,200,True,0x33F5a90B9400A21046089Aaf44319BA889B0B9ed,INSURER,102,VIDEO,2,READ,
w14,2025-12-19T15:01:21.967232Z,152.190,200,True,0xD6e58dE85e171C0D6BB42Cf4a85fBa7C55ce5618,INSURER,835,TELEMATICS,3,READ,
w12,2025-12-19T15:01:21.967567Z,151.997,200,True,0xD46492141A5F13412fa59e5F47Ce969c7954E752,INSURER,779,TELEMATICS,3,READ,
w46,2025-12-19T15:01:21.967669Z,152.020,200,True,0x14E81fB79823D062AFEEC4B80e0bCCBE578d057e,REGULATOR,50,VIDEO,2,READ,
w27,2025-12-19T15:01:21.967776Z,152.031,200,True,0x8D21394c336D57f89564705Aa61307561b63E310,POLICE,114,VIDEO,2,READ,
w9,2025-12-19T15:01:21.967881Z,152.035,200,True,0x811FdDFb3340F34AB2b91C97AcB5FAeB6405847E,REGULATOR,969,OTHER,1,READ,
w24,2025-12-19T15:01:21.967989Z,152.030,200,True,0x567dccd668D18B4ACd8A2795151edB162Bc34767,ADJUSTER,450,IMAGE,2,READ,
w5,2025-12-19T15:01:21.968092Z,152.031,200,True,0x67A9BC3Fb3B4a392C223A8C644B48346b9Ca5128,COURT,266,IMAGE,2,READ,
w0,2025-12-19T15:01:21.968191Z,152.035,200,True,0xe9b50040eeAA45F16fd24222f4a97482737f6C8A,ADJUSTER,267,IMAGE,2,READ,
w43,2025-12-19T15:01:21.968291Z,152.037,200,True,0x466ec685AE894BAc153c11350FC488cAAa2C062E,INSURER,732,TELEMATICS,3,READ,
w30,2025-12-19T15:01:22.041096Z,79.351,403,False,0x5C63EFf960008F7F9783957f07533386097149ce,POLICE,720,TELEMATICS,3,READ,
w3,2025-12-19T15:01:22.043505Z,77.066,403,False,0x84FDd0E1F145C20f9451b1eB751c26e76B3232d4,POLICE,783,TELEMATICS,3,READ,
w47,2025-12-19T15:01:22.040142Z,130.672,200,True,0xC29Fbef10EC6e6A787036cEA0C9024ce9F435d97,INSURER,535,MEDICAL_REPORT,5,READ,
w20,2025-12-19T15:01:22.040608Z,130.557,200,True,0x1cf47318cada656180563507BDd94262cAA29a4a,INSURER,478,IMAGE,2,READ,
w49,2025-12-19T15:01:22.040795Z,130.913,200,True,0xC29Fbef10EC6e6A787036cEA0C9024ce9F435d97,INSURER,688,FNOL,4,READ,
w40,2025-12-19T15:01:22.040948Z,131.112,200,True,0x3495fF4A33D3b8aCCB512226B501122064b1e8fe,INSURER,668,FNOL,4,READ,
w15,2025-12-19T15:01:22.041221Z,131.049,200,True,0xAB814b041AB343702D64556Fdb3a3C104daa0445,ADJUSTER,101,VIDEO,2,READ,
w2,2025-12-19T15:01:22.041333Z,131.099,200,True,0xD261b62ccB398d8100234C5fD641c6D67B10C62B,GARAGE,399,IMAGE,2,READ,
w25,2025-12-19T15:01:22.041445Z,131.129,200,True,0xC66fE61Fe01B90e3C051c0ED40Dd41fC9347D018,REGULATOR,978,OTHER,1,READ,
w34,2025-12-19T15:01:22.041563Z,131.137,200,True,0x07DA3024980d3B92Bcf6B8850A7C08F758B5F781,INSURER,181,VIDEO,2,READ,
w45,2025-12-19T15:01:22.041843Z,130.980,200,True,0x4828419eA02B1D4399E039f8E5F346f37f19fA13,INSURER,854,OTHER,1,READ,
w44,2025-12-19T15:01:22.041990Z,130.959,200,True,0x7C8B230898f07628a4f24e2D0ffe62373593dCce,POLICE,277,IMAGE,2,READ,
w42,2025-12-19T15:01:22.042117Z,130.970,200,True,0x892Bc4E7F6D9a6aD507664d8A8EEB33b2544f3Ea,COURT,940,OTHER,1,READ,
w29,2025-12-19T15:01:22.042233Z,130.968,200,True,0xd963E5e27CB9872abc2Fbed9107c373Aa59583a4,INSURER,543,MEDICAL_REPORT,5,READ,
w8,2025-12-19T15:01:22.042342Z,131.153,200,True,0x40fca3Fa04d657c9879B638C57A2a70683E3efED,REGULATOR,399,IMAGE,2,READ,
w28,2025-12-19T15:01:22.042665Z,130.959,200,True,0x065Fd3F8fcF30384f50eceBa324b1EF8411Fa759,COURT,853,OTHER,1,READ,
w17,2025-12-19T15:01:22.042805Z,130.931,200,True,0xE056D0a60EfEE3e1642D5B2129E2bbBdAf22444c,INSURER,272,IMAGE,2,READ,
w4,2025-12-19T15:01:22.042929Z,130.915,200,True,0xFf85d9d86E5E1a3792266E2a5BB970C470C1e0c5,COURT,854,OTHER,1,READ,
w35,2025-12-19T15:01:22.043041Z,130.919,200,True,0x630ba53C12B20a6EBd04Eb0819a24b1f8C554A01,INSURER,907,OTHER,1,READ,
w19,2025-12-19T15:01:22.043149Z,130.949,200,True,0xBeBf134906e0FCcd85b0D99a4626a7B8584e742c,ADJUSTER,644,FNOL,4,READ,
w1,2025-12-19T15:01:22.043255Z,131.160,200,True,0xCaa6A1a26D28f97DEDD4f555dEd43bC607f78384,INSURER,274,IMAGE,2,READ,
w6,2025-12-19T15:01:22.043364Z,131.175,200,True,0x290FAd62Cb657cBfDA616da814529a670cdad059,POLICE,23,VIDEO,2,READ,
w31,2025-12-19T15:01:22.043647Z,131.027,200,True,0x27158a264fdA9698B85485706B47BBC87Fa6Db4b,ADJUSTER,271,IMAGE,2,READ,
w11,2025-12-19T15:01:22.043774Z,131.018,200,True,0x3A995E7B23E0Fe0f9a5537f57AA80BACa529eFC4,INSURER,240,VIDEO,2,READ,
w7,2025-12-19T15:01:22.043888Z,131.019,200,True,0x0172115667882E73749128243A943873087c09D3,INSURER,306,IMAGE,2,READ,
w22,2025-12-19T15:01:22.043993Z,131.028,200,True,0xD32B24Ff4D28e42239EcCd5cbdb456a1565DC083,ADJUSTER,464,IMAGE,2,READ,
w37,2025-12-19T15:01:22.117463Z,57.670,403,False,0x3116De7d4519B71BA014e7EF3e874D3a98B64A91,POLICE,538,MEDICAL_REPORT,5,READ,
w13,2025-12-19T15:01:22.118199Z,57.039,403,False,0x26b179d013C696c433c0f316E594f7a7AcE77C79,GARAGE,87,VIDEO,2,READ,
w38,2025-12-19T15:01:22.118437Z,56.906,403,False,0x8D21394c336D57f89564705Aa61307561b63E310,POLICE,620,FNOL,4,READ,
w32,2025-12-19T15:01:22.118794Z,56.662,403,False,0x38C88185b74B534134345be38916483044075686,POLICE,876,OTHER,1,READ,
w10,2025-12-19T15:01:22.119107Z,56.453,403,False,0x23aA93bc659A3e3D0da5434a4088578341D43278,GARAGE,828,TELEMATICS,3,READ,
w27,2025-12-19T15:01:22.119812Z,55.847,403,False,0x620a52535BA00719f0747D42746525D807319996,ADJUSTER,682,MEDICAL_REPORT,5,READ,
w23,2025-12-19T15:01:22.116938Z,115.633,200,True,0x467316319C6B5f391c5a6B3b0190d4209202fC25,ADJUSTER,705,TELEMATICS,3,READ,
w33,2025-12-19T15:01:22.117289Z,115.654,200,True,0xF88a95Dd8B84AF76941627AA419BEFc507d88125,ADJUSTER,701,TELEMATICS,3,READ,
w36,2025-12-19T15:01:22.117826Z,115.309,200,True,0x82B01EfD510Bee8680730EEf777526b020e2398B,INSURER,680,MEDICAL_REPORT,5,READ,
w21,2025-12-19T15:01:22.117970Z,115.552,200,True,0xB81c8729A121819695CEEDA9b389f559D6398B3C,REGULATOR,732,TELEMATICS,3,READ,
w26,2025-12-19T15:01:22.118090Z,115.584,200,True,0x3A995E7B23E0Fe0f9a5537f57AA80BACa529eFC4,INSURER,460,IMAGE,2,READ,
w39,2025-12-19T15:01:22.118312Z,115.493,200,True,0x97910F1306b5414B4C61D9A719B6871f5c77662f,INSURER,177,VIDEO,2,READ,
w41,2025-12-19T15:01:22.118569Z,115.355,200,True,0x29950abd635aF427d5E2fF0DB9f6920fC915bC55,INSURER,784,TELEMATICS,3,READ,
w16,2025-12-19T15:01:22.118689Z,115.357,200,True,0xBC78986794f1658340222E011F7e1Cf375177F95,ADJUSTER,820,TELEMATICS,3,READ,
w18,2025-12-19T15:01:22.118896Z,115.278,200,True,0xDD3EceF8307a47a0307E4f44135C61Dd2C75c6d7,POLICE,153,VIDEO,2,READ,
w48,2025-12-19T15:01:22.119004Z,115.283,200,True,0x11652BF4c5D394F3a46E96f2bE659939a0f6a6ed,INSURER,114,VIDEO,2,READ,
w14,2025-12-19T15:01:22.119427Z,114.982,200,True,0x3d68C58ebB81123d1Ac10655857193A1cDee90CE,INSURER,738,TELEMATICS,3,READ,
w12,2025-12-19T15:01:22.119570Z,114.954,200,True,0x3D8B37E283940B186f3d817371AE9834E2836f7f,GARAGE,352,IMAGE,2,READ,
w46,2025-12-19T15:01:22.119695Z,114.944,200,True,0x50Ed54bf40D96Fda59d7F83abE5551535d7938ac,COURT,70,VIDEO,2,READ,
w9,2025-12-19T15:01:22.119921Z,114.823,200,True,0x78b99D5D04232b9650d619DBa5F5600a9242A472,INSURER,678,FNOL,4,READ,
w24,2025-12-19T15:01:22.120024Z,114.823,200,True,0x3418C54B33ca42d0dF096EaD255791c7B2E2f3d9,ADJUSTER,109,VIDEO,2,READ,
w5,2025-12-19T15:01:22.120127Z,115.060,200,True,0xd132a79Ca7Be8caaC9A27467EB9B65F7cBD6F50E,ADJUSTER,628,FNOL,4,READ,
w0,2025-12-19T15:01:22.120229Z,115.104,200,True,0x811FdDFb3340F34AB2b91C97AcB5FAeB6405847E,REGULATOR,100,VIDEO,2,READ,
w43,2025-12-19T15:01:22.120332Z,115.121,200,True,0x014E540c98B93f6ce2a6F2D7FE66BeD9a19f7bEC,ADJUSTER,184,VIDEO,2,READ,
w30,2025-12-19T15:01:22.120452Z,115.113,200,True,0x09596bf36cE63dABDeB58d68a52792B7BA13ba84,ADJUSTER,335,IMAGE,2,READ,
w3,2025-12-19T15:01:22.120577Z,115.093,200,True,0xD1ce8183cCf94d1494c99DFC523Af7Bd51494E8d,INSURER,856,OTHER,1,READ,
w40,2025-12-19T15:01:22.172068Z,63.699,403,False,0x84FDd0E1F145C20f9451b1eB751c26e76B3232d4,POLICE,741,TELEMATICS,3,READ,
w15,2025-12-19T15:01:22.172276Z,63.590,403,False,0xDd45386232533D2C209976e678A91A2263676ECB,GARAGE,742,TELEMATICS,3,READ,
w2,2025-12-19T15:01:22.172438Z,63.530,403,False,0xe9b50040eeAA45F16fd24222f4a97482737f6C8A,ADJUSTER,581,MEDICAL_REPORT,5,READ,
w42,2025-12-19T15:01:22.173091Z,62.982,403,False,0x23aA93bc659A3e3D0da5434a4088578341D43278,GARAGE,983,OTHER,1,READ,
w29,2025-12-19T15:01:22.173205Z,63.002,403,False,0x520F6Be8B20312c8CA4bB2773000A94923A4FaE5,POLICE,755,TELEMATICS,3,READ,
w19,2025-12-19T15:01:22.174103Z,62.217,403,False,0x3D8B37E283940B186f3d817371AE9834E2836f7f,GARAGE,116,VIDEO,2,READ,
w6,2025-12-19T15:01:22.174544Z,61.878,403,False,0xDd45386232533D2C209976e678A91A2263676ECB,GARAGE,849,TELEMATICS,3,READ,
w22,2025-12-19T15:01:22.175025Z,61.497,403,False,0x955f7F1386d8d5FB12bc50876B418e4D206D9530,GARAGE,906,OTHER,1,READ,
w27,2025-12-19T15:01:22.175662Z,60.961,403,False,0x48f8656e15a2FC22Ccd6cDe7c56db39C1B62E770,POLICE,788,TELEMATICS,3,READ,
w47,2025-12-19T15:01:22.170827Z,122.007,200,True,0x808936f08CCC0a9C3953Cd3716006fB99825CBa4,COURT,111,VIDEO,2,READ,
w20,2025-12-19T15:01:22.171175Z,122.030,200,True,0x3A995E7B23E0Fe0f9a5537f57AA80BACa529eFC4,INSURER,846,TELEMATICS,3,READ,
w49,2025-12-19T15:01:22.171717Z,121.669,200,True,0xC66fE61Fe01B90e3C051c0ED40Dd41fC9347D018,REGULATOR,820,TELEMATICS,3,READ,
w25,2025-12-19T15:01:22.172579Z,121.169,200,True,0xAB814b041AB343702D64556Fdb3a3C104daa0445,ADJUSTER,991,OTHER,1,READ,
w34,2025-12-19T15:01:22.172704Z,121.186,200,True,0x48f8656e15a2FC22Ccd6cDe7c56db39C1B62E770,POLICE,437,IMAGE,2,READ,
w45,2025-12-19T15:01:22.172830Z,121.182,200,True,0x3d68C58ebB81123d1Ac10655857193A1cDee90CE,INSURER,462,IMAGE,2,READ,
w44,2025-12-19T15:01:22.172954Z,121.169,200,True,0x46Adf75988C45FBD67a07651b6f684943428c17C,INSURER,382,IMAGE,2,READ,
w8,2025-12-19T15:01:22.173500Z,120.734,200,True,0xC753D2a5211C57F7C2b4279053b11aEC435b41AB,REGULATOR,273,IMAGE,2,READ,
w28,2025-12-19T15:01:22.173629Z,120.726,200,True,0x97910F1306b5414B4C61D9A719B6871f5c77662f,INSURER,697,FNOL,4,READ,
w17,2025-12-19T15:01:22.173741Z,120.742,200,True,0x4f464925226709cf94C01633A1f468E106AD6413,INSURER,280,IMAGE,2,READ,
w4,2025-12-19T15:01:22.173848Z,120.747,200,True,0x82B01EfD510Bee8680730EEf777526b020e2398B,INSURER,460,IMAGE,2,READ,
w35,2025-12-19T15:01:22.173965Z,120.737,200,True,0x28365792Da71bc8AcAD11a4393049d006EF2E972,GARAGE,385,IMAGE,2,READ,
w1,2025-12-19T15:01:22.174421Z,120.386,200,True,0xfd4Fc17438169bC1228EB21c2cb9b8DE1E97472a,INSURER,640,MEDICAL_REPORT,5,READ,
w31,2025-12-19T15:01:22.174679Z,120.237,200,True,0x7fBAcb835330c3A23597A355A26Cf6E0ee69A0B5,COURT,585,MEDICAL_REPORT,5,READ,
w11,2025-12-19T15:01:22.174798Z,120.401,200,True,0xAF3C604AE7a9E247C368331a22270415269Ef10d,INSURER,502,MEDICAL_REPORT,5,READ,
w7,2025-12-19T15:01:22.174912Z,120.427,200,True,0x50Ed54bf40D96Fda59d7F83abE5551535d7938ac,COURT,389,IMAGE,2,READ,
w37,2025-12-19T15:01:22.175137Z,120.320,200,True,0x58f181cd636a8F0a8335240Efc4979212ff45341,INSURER,869,OTHER,1,READ,
w13,2025-12-19T15:01:22.175242Z,120.327,200,True,0x93787a823E3D4Ae295F5a91C0e87325E40B3aa3F,REGULATOR,869,OTHER,1,READ,
w38,2025-12-19T15:01:22.175348Z,120.326,200,True,0x7B46635cB6cA958f34ae933b93884a5f19b258D7,INSURER,212,VIDEO,2,READ,
w32,2025-12-19T15:01:22.175460Z,120.315,200,True,0x97910F1306b5414B4C61D9A719B6871f5c77662f,INSURER,798,TELEMATICS,3,READ,
w10,2025-12-19T15:01:22.175564Z,120.311,200,True,0x4828419eA02B1D4399E039f8E5F346f37f19fA13,INSURER,920,OTHER,1,READ,
w12,2025-12-19T15:01:22.234529Z,61.447,403,False,0xDd45386232533D2C209976e678A91A2263676ECB,GARAGE,903,OTHER,1,READ,
w27,2025-12-19T15:01:22.236628Z,59.445,403,False,0x5173D7F8755FdF3d2f05C01D029A3Dc55EaC0476,POLICE,760,TELEMATICS,3,READ,
w23,2025-12-19T15:01:22.232584Z,125.845,200,True,0x81A893236EFCdC58F1f9421b59Ee21eb7e38f8FB,INSURER,40,VIDEO,2,READ,
w33,2025-12-19T15:01:22.232953Z,125.846,200,True,0xD21eB53384cE472F3DE7527DC9A5820dA80bBB01,INSURER,332,IMAGE,2,READ,
w36,2025-12-19T15:01:22.233141Z,125.837,200,True,0xc0F601980c6FD898E06229024740eec17abbF5C2,INSURER,208,VIDEO,2,READ,
w21,2025-12-19T15:01:22.233530Z,125.802,200,True,0xA75Af013B9CBdf4322e0c459A2fB8B708fbB8Ddc,POLICE,428,IMAGE,2,READ,
w26,2025-12-19T15:01:22.233679Z,125.793,200,True,0xD46492141A5F13412fa59e5F47Ce969c7954E752,INSURER,870,OTHER,1,READ,
w39,2025-12-19T15:01:22.233811Z,125.781,200,True,0x42dC03c90d7652B937d26628a86f9317bbf521dc,INSURER,226,VIDEO,2,READ,
w41,2025-12-19T15:01:22.233929Z,125.774,200,True,0x1F98dd762361D7256a816f8086AE6FfB657fa5bC,POLICE,265,IMAGE,2,READ,
w16,2025-12-19T15:01:22.234051Z,125.760,200,True,0x50Ed54bf40D96Fda59d7F83abE5551535d7938ac,COURT,719,TELEMATICS,3,READ,
w18,2025-12-19T15:01:22.234179Z,125.750,200,True,0x27158a264fdA9698B85485706B47BBC87Fa6Db4b,ADJUSTER,10,VIDEO,2,READ,
w48,2025-12-19T15:01:22.234293Z,125.769,200,True,0xE056D0a60EfEE3e1642D5B2129E2bbBdAf22444c,INSURER,723,TELEMATICS,3,READ,
w14,2025-12-19T15:01:22.234414Z,125.780,200,True,0xaCB712DC0982F8B6c52EB4C5D2c205766cE3d00D,INSURER,773,TELEMATICS,3,READ,
w46,2025-12-19T15:01:22.234643Z,125.667,200,True,0x46Adf75988C45FBD67a07651b6f684943428c17C,INSURER,318,IMAGE,2,READ,
w9,2025-12-19T15:01:22.234748Z,125.672,200,True,0x09596bf36cE63dABDeB58d68a52792B7BA13ba84,ADJUSTER,651,FNOL,4,READ,
w24,2025-12-19T15:01:22.234852Z,125.674,200,True,0x5ee06906aF52aEd2c884D505d3a0A7CA7513188D,INSURER,624,MEDICAL_REPORT,5,READ,
w5,2025-12-19T15:01:22.235195Z,125.681,200,True,0xC23BB727D3Ae6bD9cd90AC52ee26359F19176de3,INSURER,216,VIDEO,2,READ,
w0,2025-12-19T15:01:22.235339Z,125.680,200,True,0x456F6DbE8aF9e05a1918B64f0Bd0690809b23E6B,INSURER,84,VIDEO,2,READ,
w43,2025-12-19T15:01:22.235458Z,125.682,200,True,0x685A29EE8A06E458E58A29d721dFB677cdF8a600,INSURER,438,IMAGE,2,READ,
w30,2025-12-19T15:01:22.235570Z,125.683,200,True,0xB2241965995ed972D442D6A9461eF3583ecA95B6,INSURER,32,VIDEO,2,READ,
w3,2025-12-19T15:01:22.235674Z,125.685,200,True,0x5C63EFf960008F7F9783957f07533386097149ce,POLICE,15,VIDEO,2,READ,
w40,2025-12-19T15:01:22.235772Z,125.689,200,True,0xE1c2102345d7379f4bb3F114e908e9cC9154A335,POLICE,159,VIDEO,2,READ,
w15,2025-12-19T15:01:22.235870Z,125.694,200,True,0xb8Fe0E775705824a50658ef111434567024d4310,REGULATOR,765,TELEMATICS,3,READ,
w2,2025-12-19T15:01:22.235972Z,125.690,200,True,0x0479AcE8E12E22b9751dF7542dd8f225c221EC34,ADJUSTER,868,OTHER,1,READ,
w42,2025-12-19T15:01:22.236078Z,125.681,200,True,0x3E93709810FB754ab4D6A2487344dF504087996D,INSURER,888,OTHER,1,READ,
w29,2025-12-19T15:01:22.236213Z,125.646,200,True,0x1Ab5D0f68133DA5E100635Bdf5030650cA2bE691,ADJUSTER,862,OTHER,1,READ,
w19,2025-12-19T15:01:22.236325Z,125.651,200,True,0x1Ab5D0f68133DA5E100635Bdf5030650cA2bE691,ADJUSTER,587,FNOL,4,READ,
w6,2025-12-19T15:01:22.236428Z,125.654,200,True,0x73E42dF14ff21e7994A37802a292F71830CDA5aF,INSURER,644,FNOL,4,READ,
w22,2025-12-19T15:01:22.236528Z,125.655,200,True,0x58e8E907e02C35e581Ed3a4e98906344861E7265,INSURER,368,IMAGE,2,READ,
w20,2025-12-19T15:01:22.293214Z,69.073,403,False,0xcA28195b12c3c8cB960d8423584ee9a8677BD158,POLICE,737,TELEMATICS,3,READ,
w32,2025-12-19T15:01:22.295779Z,66.690,403,False,0xDd45386232533D2C209976e678A91A2263676ECB,GARAGE,764,TELEMATICS,3,READ,
w10,2025-12-19T15:01:22.295879Z,66.713,403,False,0x290FAd62Cb657cBfDA616da814529a670cdad059,POLICE,754,TELEMATICS,3,READ,
w47,2025-12-19T15:01:22.292845Z,119.797,200,True,0x69254de41949D1A246C5c1A168e5e8473D2d50f0,ADJUSTER,314,IMAGE,2,READ,
w49,2025-12-19T15:01:22.293394Z,119.587,200,True,0x598405697b464FEbA8C76367b7C75C59D8BE2eCF,COURT,37,VIDEO,2,READ,
w25,2025-12-19T15:01:22.293754Z,119.591,200,True,0x28606132Fb05B11eee1fa6ACe3CB39F3EFFFdCCe,ADJUSTER,705,TELEMATICS,3,READ,
w34,2025-12-19T15:01:22.293896Z,119.597,200,True,0xFeC4882fEAf263ac0fD1b9B4271dD1852B413584,INSURER,305,IMAGE,2,READ,
w45,2025-12-19T15:01:22.294017Z,119.605,200,True,0xF09aBd729B48E734Ad684B93585E8D043D55c967,INSURER,263,IMAGE,2,READ,
w44,2025-12-19T15:01:22.294127Z,119.609,200,True,0xB81c8729A121819695CEEDA9b389f559D6398B3C,REGULATOR,921,OTHER,1,READ,
w8,2025-12-19T15:01:22.294239Z,119.610,200,True,0x4f464925226709cf94C01633A1f468E106AD6413,INSURER,61,VIDEO,2,READ,
w28,2025-12-19T15:01:22.294360Z,119.595,200,True,0xeaD317253F31780B00e0Ef360b1ade2Fb83c2b3E,INSURER,755,TELEMATICS,3,READ,
w17,2025-12-19T15:01:22.294487Z,119.579,200,True,0x933be1Be0aF68b62934fE96ADB1AB2Ee1C47B4F0,INSURER,435,IMAGE,2,READ,
w4,2025-12-19T15:01:22.294600Z,119.591,200,True,0x598405697b464FEbA8C76367b7C75C59D8BE2eCF,COURT,625,FNOL,4,READ,
w35,2025-12-19T15:01:22.294706Z,119.605,200,True,0xeD60C4758Fab078c38685EeEF9692D8Fa4F3dDB9,INSURER,585,MEDICAL_REPORT,5,READ,
w1,2025-12-19T15:01:22.294811Z,119.603,200,True,0x1F022FfD0700E02E8f01B8f05f539f8C7a0339bb,POLICE,330,IMAGE,2,READ,
w31,2025-12-19T15:01:22.294921Z,119.594,200,True,0x182C98818C6b29Ff23d7d1d9766e1B1dEB1aBAeB,INSURER,996,OTHER,1,READ,
w11,2025-12-19T15:01:22.295204Z,119.595,200,True,0x0520cA4f9c2359a2d1cc1B072e4dA8A3587C2088,INSURER,101,VIDEO,2,READ,
w7,2025-12-19T15:01:22.295345Z,119.588,200,True,0xF88a95Dd8B84AF76941627AA419BEFc507d88125,ADJUSTER,876,OTHER,1,READ,
w37,2025-12-19T15:01:22.295463Z,119.582,200,True,0x476ad4Ce50BbD6624855e3d1e12E6cC23654359A,INSURER,38,VIDEO,2,READ,
w13,2025-12-19T15:01:22.295573Z,119.576,200,True,0xC6Ffd174B730f05f52aF93e216103D6C7464cc96,INSURER,683,MEDICAL_REPORT,5,READ,
w38,2025-12-19T15:01:22.295678Z,119.570,200,True,0xc0F601980c6FD898E06229024740eec17abbF5C2,INSURER,308,IMAGE,2,READ,
w12,2025-12-19T15:01:22.295980Z,119.364,200,True,0x8Dd96368f7a8216813107Fe89688AcaafE8Cb76D,INSURER,261,IMAGE,2,READ,
w27,2025-12-19T15:01:22.296077Z,119.362,200,True,0xfd4Fc17438169bC1228EB21c2cb9b8DE1E97472a,INSURER,669,FNOL,4,READ,
w48,2025-12-19T15:01:22.360067Z,55.471,403,False,0xd132a79Ca7Be8caaC9A27467EB9B65F7cBD6F50E,ADJUSTER,650,MEDICAL_REPORT,5,READ,
w30,2025-12-19T15:01:22.361257Z,54.374,403,False,0xe9b50040eeAA45F16fd24222f4a97482737f6C8A,ADJUSTER,522,MEDICAL_REPORT,5,READ,
w23,2025-12-19T15:01:22.358441Z,138.505,200,True,0xE1c2102345d7379f4bb3F114e908e9cC9154A335,POLICE,122,VIDEO,2,READ,
w33,2025-12-19T15:01:22.358807Z,138.478,200,True,0x469Bf06C8a44e5E2Bb2752C29B92d88DCA076B8a,POLICE,276,IMAGE,2,READ,
w36,2025-12-19T15:01:22.358984Z,138.661,200,True,0x620a52535BA00719f0747D42746525D807319996,ADJUSTER,932,OTHER,1,READ,
w21,2025-12-19T15:01:22.359338Z,138.459,200,True,0x02BD9B3b464b98EB353C8f83Eb3b4cB0627A52Ed,COURT,960,OTHER,1,READ,
w26,2025-12-19T15:01:22.359477Z,138.448,200,True,0x69254de41949D1A246C5c1A168e5e8473D2d50f0,ADJUSTER,946,OTHER,1,READ,
w39,2025-12-19T15:01:22.359597Z,138.458,200,True,0x3E93709810FB754ab4D6A2487344dF504087996D,INSURER,989,OTHER,1,READ,
w41,2025-12-19T15:01:22.359708Z,138.459,200,True,0xD32B24Ff4D28e42239EcCd5cbdb456a1565DC083,ADJUSTER,269,IMAGE,2,READ,
w16,2025-12-19T15:01:22.359817Z,138.464,200,True,0x5e3B546a11dc657CdFa106cd26E2211ee451c0d7,INSURER,220,VIDEO,2,READ,
w18,2025-12-19T15:01:22.359935Z,138.470,200,True,0xE056D0a60EfEE3e1642D5B2129E2bbBdAf22444c,INSURER,377,IMAGE,2,READ,
w14,2025-12-19T15:01:22.360199Z,138.338,200,True,0x4f464925226709cf94C01633A1f468E106AD6413,INSURER,346,IMAGE,2,READ,
w46,2025-12-19T15:01:22.360315Z,138.335,200,True,0x02BD9B3b464b98EB353C8f83Eb3b4cB0627A52Ed,COURT,306,IMAGE,2,READ,
w9,2025-12-19T15:01:22.360424Z,138.333,200,True,0x51A2465dc26f17e37524f93494A8409715ACc9c2,INSURER,962,OTHER,1,READ,
w24,2025-12-19T15:01:22.360530Z,138.550,200,True,0xF96D07BDd0404b21a6B987cF6C21b9A5E3045f5F,INSURER,93,VIDEO,2,READ,
w5,2025-12-19T15:01:22.360882Z,138.343,200,True,0x1EBe67547Da63652edcAE7c36347A6d05ef27c1C,POLICE,270,IMAGE,2,READ,
w0,2025-12-19T15:01:22.361024Z,138.326,200,True,0x14E81fB79823D062AFEEC4B80e0bCCBE578d057e,REGULATOR,340,IMAGE,2,READ,
w43,2025-12-19T15:01:22.361145Z,138.318,200,True,0x6032b722b48DC8717A2C437485f2D3d264BD803B,ADJUSTER,536,FNOL,4,READ,
w3,2025-12-19T15:01:22.361364Z,138.210,200,True,0xF80B0672A4f16BDe21fA2DF31482dA0fC606A43f,ADJUSTER,236,VIDEO,2,READ,
w40,2025-12-19T15:01:22.361466Z,138.214,200,True,0xC29Fbef10EC6e6A787036cEA0C9024ce9F435d97,INSURER,744,TELEMATICS,3,READ,
w15,2025-12-19T15:01:22.361568Z,138.229,200,True,0xaCB712DC0982F8B6c52EB4C5D2c205766cE3d00D,INSURER,994,OTHER,1,READ,
w2,2025-12-19T15:01:22.361666Z,138.236,200,True,0x28365792Da71bc8AcAD11a4393049d006EF2E972,GARAGE,271,IMAGE,2,READ,
w42,2025-12-19T15:01:22.361763Z,138.241,200,True,0x3A995E7B23E0Fe0f9a5537f57AA80BACa529eFC4,INSURER,602,MEDICAL_REPORT,5,READ,
w29,2025-12-19T15:01:22.361863Z,138.238,200,True,0x59A67A1183C69AAf8Fe3D746D569392b7d4A5035,ADJUSTER,215,VIDEO,2,READ,
w19,2025-12-19T15:01:22.361981Z,138.414,200,True,0x57e02f30Dd15545B3A9eC4841D0D58Ee1D829414,GARAGE,430,IMAGE,2,READ,
w6,2025-12-19T15:01:22.362086Z,138.440,200,True,0xB8954C40b419Ae7332fF39Ce3d458ba1fed03941,REGULATOR,412,IMAGE,2,READ,
w22,2025-12-19T15:01:22.362187Z,138.459,200,True,0x467316319C6B5f391c5a6B3b0190d4209202fC25,ADJUSTER,545,FNOL,4,READ,
w20,2025-12-19T15:01:22.362292Z,138.464,200,True,0x42dC03c90d7652B937d26628a86f9317bbf521dc,INSURER,321,IMAGE,2,READ,
w32,2025-12-19T15:01:22.362474Z,138.385,200,True,0x3a74Fec63a615BC94b9A47bEa6340935Ab155117,ADJUSTER,864,OTHER,1,READ,
w10,2025-12-19T15:01:22.362597Z,138.363,200,True,0x3D8B37E283940B186f3d817371AE9834E2836f7f,GARAGE,407,IMAGE,2,READ,
w47,2025-12-19T15:01:22.412655Z,88.411,403,False,0x7C8B230898f07628a4f24e2D0ffe62373593dCce,POLICE,703,TELEMATICS,3,READ,
w49,2025-12-19T15:01:22.412989Z,88.179,403,False,0x01891323537Ca8c745Cd76182c9eB81519eaC821,GARAGE,614,FNOL,4,READ,
w17,2025-12-19T15:01:22.414071Z,87.196,403,False,0x59760590b1fCF3C846635ae6432DE56ef26298B8,GARAGE,49,VIDEO,2,READ,
w4,2025-12-19T15:01:22.414196Z,87.183,403,False,0x955f7F1386d8d5FB12bc50876B418e4D206D9530,GARAGE,965,OTHER,1,READ,
w37,2025-12-19T15:01:22.415050Z,86.432,403,False,0xd132a79Ca7Be8caaC9A27467EB9B65F7cBD6F50E,ADJUSTER,671,MEDICAL_REPORT,5,READ,
w25,2025-12-19T15:01:22.413353Z,149.622,200,True,0x27158a264fdA9698B85485706B47BBC87Fa6Db4b,ADJUSTER,909,OTHER,1,READ,
w34,2025-12-19T15:01:22.413499Z,149.816,200,True,0x476ad4Ce50BbD6624855e3d1e12E6cC23654359A,INSURER,81,VIDEO,2,READ,
w45,2025-12-19T15:01:22.413628Z,150.028,200,True,0x14d0cb07D407E25F725b7f9854B98fEEEBb4942F,INSURER,9,VIDEO,2,READ,
w44,2025-12-19T15:01:22.413741Z,150.061,200,True,0x3A995E7B23E0Fe0f9a5537f57AA80BACa529eFC4,INSURER,668,FNOL,4,READ,
w8,2025-12-19T15:01:22.413855Z,150.076,200,True,0x065Fd3F8fcF30384f50eceBa324b1EF8411Fa759,COURT,44,VIDEO,2,READ,
w28,2025-12-19T15:01:22.413960Z,150.096,200,True,0xD21eB53384cE472F3DE7527DC9A5820dA80bBB01,INSURER,27,VIDEO,2,READ,
w35,2025-12-19T15:01:22.414316Z,149.854,200,True,0x892Bc4E7F6D9a6aD507664d8A8EEB33b2544f3Ea,COURT,65,VIDEO,2,READ,
w1,2025-12-19T15:01:22.414419Z,149.863,200,True,0xfd4Fc17438169bC1228EB21c2cb9b8DE1E97472a,INSURER,311,IMAGE,2,READ,
w31,2025-12-19T15:01:22.414519Z,149.872,200,True,0x0479AcE8E12E22b9751dF7542dd8f225c221EC34,ADJUSTER,911,OTHER,1,READ,
w11,2025-12-19T15:01:22.414805Z,149.718,200,True,0x85C720Ae65eF1706A0cf41695a93A34E189D5Ea0,INSURER,649,MEDICAL_REPORT,5,READ,
w7,2025-12-19T15:01:22.414937Z,149.711,200,True,0x5e3B546a11dc657CdFa106cd26E2211ee451c0d7,INSURER,410,IMAGE,2,READ,
w13,2025-12-19T15:01:22.415154Z,149.768,200,True,0x81A893236EFCdC58F1f9421b59Ee21eb7e38f8FB,INSURER,410,IMAGE,2,READ,
w38,2025-12-19T15:01:22.415252Z,149.802,200,True,0xfd4Fc17438169bC1228EB21c2cb9b8DE1E97472a,INSURER,163,VIDEO,2,READ,
w12,2025-12-19T15:01:22.415348Z,149.818,200,True,0xE385ea618340FfE0d7c7e9EB25048F1c1E437F33,INSURER,242,VIDEO,2,READ,
w27,2025-12-19T15:01:22.415444Z,149.840,200,True,0x469Bf06C8a44e5E2Bb2752C29B92d88DCA076B8a,POLICE,413,IMAGE,2,READ,
w48,2025-12-19T15:01:22.415542Z,149.864,200,True,0xC6Ffd174B730f05f52aF93e216103D6C7464cc96,INSURER,851,OTHER,1,READ,
w30,2025-12-19T15:01:22.415635Z,149.878,200,True,0x46Adf75988C45FBD67a07651b6f684943428c17C,INSURER,380,IMAGE,2,READ,
w36,2025-12-19T15:01:22.497652Z,67.966,403,False,0x0Bc81E8481993A5F61D3011a142E1510de00ECae,GARAGE,848,TELEMATICS,3,READ,
w46,2025-12-19T15:01:22.498656Z,67.068,403,False,0x6c2d9F1aEdB2C485CABAF82412f88d5303Fd7B73,GARAGE,17,VIDEO,2,READ,
w42,2025-12-19T15:01:22.500009Z,65.908,403,False,0xEcbE69567Cf42475FbE6Ea4523541e58C4d22957,GARAGE,685,MEDICAL_REPORT,5,READ,
w32,2025-12-19T15:01:22.500863Z,65.185,403,False,0x3116De7d4519B71BA014e7EF3e874D3a98B64A91,POLICE,682,MEDICAL_REPORT,5,READ,
w23,2025-12-19T15:01:22.496958Z,143.181,200,True,0x3d68C58ebB81123d1Ac10655857193A1cDee90CE,INSURER,740,TELEMATICS,3,READ,
w33,2025-12-19T15:01:22.497294Z,143.211,200,True,0x58e8E907e02C35e581Ed3a4e98906344861E7265,INSURER,537,FNOL,4,READ,
w21,2025-12-19T15:01:22.497802Z,143.118,200,True,0x58f181cd636a8F0a8335240Efc4979212ff45341,INSURER,887,OTHER,1,READ,
w26,2025-12-19T15:01:22.497931Z,143.143,200,True,0xC753D2a5211C57F7C2b4279053b11aEC435b41AB,REGULATOR,330,IMAGE,2,READ,
w39,2025-12-19T15:01:22.498060Z,143.144,200,True,0xD06Cc40e4D98aDc886d652F4253985B5c04282b9,REGULATOR,747,TELEMATICS,3,READ,
w41,2025-12-19T15:01:22.498172Z,143.148,200,True,0x3d9c5458418bD082b010C0F93c3b8FBF9826E0Bf,INSURER,208,VIDEO,2,READ,
w16,2025-12-19T15:01:22.498286Z,143.152,200,True,0xeD60C4758Fab078c38685EeEF9692D8Fa4F3dDB9,INSURER,44,VIDEO,2,READ,
w18,2025-12-19T15:01:22.498410Z,143.139,200,True,0x73c07A746181c5256aC8EB8006fFbCF2239bEcC5,COURT,565,MEDICAL_REPORT,5,READ,
w14,2025-12-19T15:01:22.498542Z,143.131,200,True,0x18BFB9A0Bf9293D0D3bf9F42bD6e7e7b300Dc391,COURT,150,VIDEO,2,READ,
w9,2025-12-19T15:01:22.498761Z,143.039,200,True,0x78b99D5D04232b9650d619DBa5F5600a9242A472,INSURER,830,TELEMATICS,3,READ,
w24,2025-12-19T15:01:22.499086Z,142.828,200,True,0xcA28195b12c3c8cB960d8423584ee9a8677BD158,POLICE,297,IMAGE,2,READ,
w5,2025-12-19T15:01:22.499231Z,142.790,200,True,0x8FA3c986B63dEd44ce62D4aC5b3b0F49FF447700,COURT,768,TELEMATICS,3,READ,
w0,2025-12-19T15:01:22.499355Z,142.771,200,True,0x02BD9B3b464b98EB353C8f83Eb3b4cB0627A52Ed,COURT,200,VIDEO,2,READ,
w43,2025-12-19T15:01:22.499468Z,142.983,200,True,0x51a1E6D900E3e04c169Be84b2D5e5ccB2420B0EB,INSURER,823,TELEMATICS,3,READ,
w3,2025-12-19T15:01:22.499578Z,143.022,200,True,0x436f253A31aB81e4427747050f42C4907a6C388D,ADJUSTER,468,IMAGE,2,READ,
w40,2025-12-19T15:01:22.499684Z,143.039,200,True,0x7B678e542Dec17ab096b423D15262dcD9B8c11D8,POLICE,193,VIDEO,2,READ,
w15,2025-12-19T15:01:22.499802Z,143.036,200,True,0x93787a823E3D4Ae295F5a91C0e87325E40B3aa3F,REGULATOR,782,TELEMATICS,3,READ,
w2,2025-12-19T15:01:22.499907Z,143.040,200,True,0xC23BB727D3Ae6bD9cd90AC52ee26359F19176de3,INSURER,795,TELEMATICS,3,READ,
w29,2025-12-19T15:01:22.500107Z,142.946,200,True,0x38C88185b74B534134345be38916483044075686,POLICE,142,VIDEO,2,READ,
w19,2025-12-19T15:01:22.500401Z,142.763,200,True,0x065Fd3F8fcF30384f50eceBa324b1EF8411Fa759,COURT,890,OTHER,1,READ,
w6,2025-12-19T15:01:22.500531Z,142.750,200,True,0x78b99D5D04232b9650d619DBa5F5600a9242A472,INSURER,551,FNOL,4,READ,
w22,2025-12-19T15:01:22.500650Z,142.740,200,True,0xD0Ce1d9D5A9c7E4F03d499A265d3014Ae5da7644,ADJUSTER,474,IMAGE,2,READ,
w20,2025-12-19T15:01:22.500760Z,142.738,200,True,0x51a1E6D900E3e04c169Be84b2D5e5ccB2420B0EB,INSURER,257,IMAGE,2,READ,
w10,2025-12-19T15:01:22.500965Z,142.807,200,True,0xD06Cc40e4D98aDc886d652F4253985B5c04282b9,REGULATOR,583,MEDICAL_REPORT,5,READ,
w47,2025-12-19T15:01:22.501070Z,142.840,200,True,0x476ad4Ce50BbD6624855e3d1e12E6cC23654359A,INSURER,770,TELEMATICS,3,READ,
w49,2025-12-19T15:01:22.501173Z,142.854,200,True,0x7B678e542Dec17ab096b423D15262dcD9B8c11D8,POLICE,183,VIDEO,2,READ,
w17,2025-12-19T15:01:22.501272Z,142.860,200,True,0x630ba53C12B20a6EBd04Eb0819a24b1f8C554A01,INSURER,884,OTHER,1,READ,
w4,2025-12-19T15:01:22.501384Z,142.865,200,True,0x3d68C58ebB81123d1Ac10655857193A1cDee90CE,INSURER,98,VIDEO,2,READ,
w37,2025-12-19T15:01:22.501487Z,142.869,200,True,0x786da68d54Be22366903D370c34910372Db174c9,POLICE,57,VIDEO,2,READ,
w11,2025-12-19T15:01:22.564527Z,79.938,403,False,0x3D8B37E283940B186f3d817371AE9834E2836f7f,GARAGE,614,FNOL,4,READ,
w27,2025-12-19T15:01:22.565289Z,79.283,403,False,0xafA5Afd00Ec5464DAf96FCe2b09f4e4e157F4A67,POLICE,904,OTHER,1,READ,
w25,2025-12-19T15:01:22.562987Z,135.741,200,True,0x466ec685AE894BAc153c11350FC488cAAa2C062E,INSURER,342,IMAGE,2,READ,
w34,2025-12-19T15:01:22.563323Z,135.756,200,True,0x3d68C58ebB81123d1Ac10655857193A1cDee90CE,INSURER,787,TELEMATICS,3,READ,
w45,2025-12-19T15:01:22.563663Z,135.582,200,True,0x01891323537Ca8c745Cd76182c9eB81519eaC821,GARAGE,456,IMAGE,2,READ,
w44,2025-12-19T15:01:22.563807Z,135.793,200,True,0xB8954C40b419Ae7332fF39Ce3d458ba1fed03941,REGULATOR,28,VIDEO,2,READ,
w8,2025-12-19T15:01:22.563936Z,135.809,200,True,0xd86Fa5B280bf58C28aaE39fB535e0e965F0E285B,INSURER,947,OTHER,1,READ,
w28,2025-12-19T15:01:22.564061Z,135.812,200,True,0x48c487f18ce4aAFcf592B2eC3611eAa7B1C85918,ADJUSTER,611,FNOL,4,READ,
w35,2025-12-19T15:01:22.564175Z,135.822,200,True,0x3E93709810FB754ab4D6A2487344dF504087996D,INSURER,528,MEDICAL_REPORT,5,READ,
w1,2025-12-19T15:01:22.564286Z,135.835,200,True,0xa814b4D02E07Daa3235ffc1E4752eCF8f6C2D8d8,ADJUSTER,384,IMAGE,2,READ,
w31,2025-12-19T15:01:22.564396Z,135.852,200,True,0x3116De7d4519B71BA014e7EF3e874D3a98B64A91,POLICE,54,VIDEO,2,READ,
w7,2025-12-19T15:01:22.564653Z,135.715,200,True,0x7fBAcb835330c3A23597A355A26Cf6E0ee69A0B5,COURT,837,TELEMATICS,3,READ,
w13,2025-12-19T15:01:22.564927Z,135.551,200,True,0x18BFB9A0Bf9293D0D3bf9F42bD6e7e7b300Dc391,COURT,156,VIDEO,2,READ,
w38,2025-12-19T15:01:22.565059Z,135.525,200,True,0xB8954C40b419Ae7332fF39Ce3d458ba1fed03941,REGULATOR,219,VIDEO,2,READ,
w12,2025-12-19T15:01:22.565171Z,135.518,200,True,0x51A2465dc26f17e37524f93494A8409715ACc9c2,INSURER,831,TELEMATICS,3,READ,
w48,2025-12-19T15:01:22.565410Z,135.387,200,True,0x2875Aa8C20c095495Ab5d6A1aBE2E2b07077dF55,INSURER,247,VIDEO,2,READ,
w30,2025-12-19T15:01:22.565518Z,135.634,200,True,0x3116De7d4519B71BA014e7EF3e874D3a98B64A91,POLICE,238,VIDEO,2,READ,
w36,2025-12-19T15:01:22.565623Z,135.668,200,True,0x29950abd635aF427d5E2fF0DB9f6920fC915bC55,INSURER,438,IMAGE,2,READ,
w46,2025-12-19T15:01:22.565729Z,135.682,200,True,0x7fBAcb835330c3A23597A355A26Cf6E0ee69A0B5,COURT,102,VIDEO,2,READ,
w42,2025-12-19T15:01:22.565922Z,135.600,200,True,0x2875Aa8C20c095495Ab5d6A1aBE2E2b07077dF55,INSURER,62,VIDEO,2,READ,
w32,2025-12-19T15:01:22.566053Z,135.576,200,True,0xC66fE61Fe01B90e3C051c0ED40Dd41fC9347D018,REGULATOR,518,MEDICAL_REPORT,5,READ,
w26,2025-12-19T15:01:22.641081Z,60.655,403,False,0x0Bc81E8481993A5F61D3011a142E1510de00ECae,GARAGE,685,MEDICAL_REPORT,5,READ,
w41,2025-12-19T15:01:22.641325Z,60.526,403,False,0x4BA98aed0F31F1E56A9bc733FD86aB30e5b88D0E,GARAGE,567,FNOL,4,READ,
w40,2025-12-19T15:01:22.642729Z,59.233,403,False,0xCF5E79F0E2BFC3eb5fe4aB0975E9F0eEc50b54E3,GARAGE,853,OTHER,1,READ,
w22,2025-12-19T15:01:22.643395Z,58.671,403,False,0xE1c2102345d7379f4bb3F114e908e9cC9154A335,POLICE,680,MEDICAL_REPORT,5,READ,
w20,2025-12-19T15:01:22.643502Z,58.671,403,False,0x4BC2c2b671822006a9D592cdd2Db24e8Da3C6adf,GARAGE,699,MEDICAL_REPORT,5,READ,
w10,2025-12-19T15:01:22.643779Z,58.511,403,False,0xAA49CCe569366189355225212a2EA06B8172Fa22,ADJUSTER,621,MEDICAL_REPORT,5,READ,
w47,2025-12-19T15:01:22.643915Z,58.481,403,False,0xD3b3bd4ce4B597519FCE080Ce05805A99cC8C772,GARAGE,95,VIDEO,2,READ,
w4,2025-12-19T15:01:22.644253Z,58.252,403,False,0x38C88185b74B534134345be38916483044075686,POLICE,612,MEDICAL_REPORT,5,READ,
w37,2025-12-19T15:01:22.644361Z,58.326,403,False,0xA75Af013B9CBdf4322e0c459A2fB8B708fbB8Ddc,POLICE,782,TELEMATICS,3,READ,
w23,2025-12-19T15:01:22.640151Z,124.304,200,True,0xCdb11D137710f0a5234b9D3c040668B6D48e59d4,COURT,171,VIDEO,2,READ,
w33,2025-12-19T15:01:22.640515Z,124.306,200,True,0xA75Af013B9CBdf4322e0c459A2fB8B708fbB8Ddc,POLICE,460,IMAGE,2,READ,
w21,2025-12-19T15:01:22.640927Z,124.069,200,True,0x419d3b699AA38c218f3D84f0a3129a6383634f17,ADJUSTER,498,IMAGE,2,READ,
w39,2025-12-19T15:01:22.641209Z,124.148,200,True,0x1cf47318cada656180563507BDd94262cAA29a4a,INSURER,614,FNOL,4,READ,
w16,2025-12-19T15:01:22.641442Z,124.054,200,True,0x7C8B230898f07628a4f24e2D0ffe62373593dCce,POLICE,496,IMAGE,2,READ,
w18,2025-12-19T15:01:22.641553Z,124.077,200,True,0x2875Aa8C20c095495Ab5d6A1aBE2E2b07077dF55,INSURER,692,MEDICAL_REPORT,5,READ,
w14,2025-12-19T15:01:22.641678Z,124.066,200,True,0x044bef4Ff250cBBFE36FEfE3b859D78bA04c1223,INSURER,955,OTHER,1,READ,
w9,2025-12-19T15:01:22.641805Z,124.051,200,True,0x3d4Bd094c1894ed38F3EcF0799bE66f83a4199ca,ADJUSTER,966,OTHER,1,READ,
w24,2025-12-19T15:01:22.641918Z,124.074,200,True,0xD21eB53384cE472F3DE7527DC9A5820dA80bBB01,INSURER,830,TELEMATICS,3,READ,
w5,2025-12-19T15:01:22.642025Z,124.086,200,True,0xACaaedBfb07404f2aAf0ccd6503B1529C1A48764,ADJUSTER,882,OTHER,1,READ,
w0,2025-12-19T15:01:22.642131Z,124.088,200,True,0xCC05C551476CDbEfAd79Ed75427937b892aaFE9C,ADJUSTER,209,VIDEO,2,READ,
w43,2025-12-19T15:01:22.642456Z,123.864,200,True,0xeD60C4758Fab078c38685EeEF9692D8Fa4F3dDB9,INSURER,771,TELEMATICS,3,READ,
w3,2025-12-19T15:01:22.642605Z,123.823,200,True,0x476ad4Ce50BbD6624855e3d1e12E6cC23654359A,INSURER,139,VIDEO,2,READ,
w15,2025-12-19T15:01:22.642843Z,123.689,200,True,0x199baf9971453910adbCD45ae05Dc8f9B68fcB1f,INSURER,794,TELEMATICS,3,READ,
w2,2025-12-19T15:01:22.642952Z,123.679,200,True,0xD6e58dE85e171C0D6BB42Cf4a85fBa7C55ce5618,INSURER,228,VIDEO,2,READ,
w29,2025-12-19T15:01:22.643057Z,123.893,200,True,0xACaaedBfb07404f2aAf0ccd6503B1529C1A48764,ADJUSTER,753,TELEMATICS,3,READ,
w19,2025-12-19T15:01:22.643168Z,123.927,200,True,0x11F50254a88A6e26E6Bb5aAE8d74E52372B4270E,COURT,221,VIDEO,2,READ,
w6,2025-12-19T15:01:22.643286Z,123.929,200,True,0x044bef4Ff250cBBFE36FEfE3b859D78bA04c1223,INSURER,256,IMAGE,2,READ,
w49,2025-12-19T15:01:22.644032Z,123.292,200,True,0xD756c57480Ea623123AB3a5ad4445875E3309Ac6,INSURER,38,VIDEO,2,READ,
w17,2025-12-19T15:01:22.644136Z,123.292,200,True,0xcCC472e2d0eDA52066a80BCFb4577Dc9Fb7CD453,POLICE,35,VIDEO,2,READ,
w11,2025-12-19T15:01:22.644469Z,123.066,200,True,0x520F6Be8B20312c8CA4bB2773000A94923A4FaE5,POLICE,418,IMAGE,2,READ,
w27,2025-12-19T15:01:22.644576Z,123.068,200,True,0xD32B24Ff4D28e42239EcCd5cbdb456a1565DC083,ADJUSTER,178,VIDEO,2,READ,
w34,2025-12-19T15:01:22.699088Z,68.667,403,False,0x0AbFb230511189A840157bF7FcA43b1b69338dC6,POLICE,944,OTHER,1,READ,
w8,2025-12-19T15:01:22.699751Z,68.111,403,False,0xA75Af013B9CBdf4322e0c459A2fB8B708fbB8Ddc,POLICE,689,FNOL,4,READ,
w38,2025-12-19T15:01:22.700589Z,67.388,403,False,0xE3De53E77787ac96c6f78B3eD0A6Acea23953342,POLICE,931,OTHER,1,READ,
w12,2025-12-19T15:01:22.700694Z,67.401,403,False,0x290FAd62Cb657cBfDA616da814529a670cdad059,POLICE,780,TELEMATICS,3,READ,
w20,2025-12-19T15:01:22.702177Z,66.079,403,False,0x48f8656e15a2FC22Ccd6cDe7c56db39C1B62E770,POLICE,923,OTHER,1,READ,
w25,2025-12-19T15:01:22.698740Z,133.631,200,True,0x85C720Ae65eF1706A0cf41695a93A34E189D5Ea0,INSURER,259,IMAGE,2,READ,
w45,2025-12-19T15:01:22.699250Z,133.473,200,True,0xBC78986794f1658340222E011F7e1Cf375177F95,ADJUSTER,967,OTHER,1,READ,
w44,2025-12-19T15:01:22.699606Z,133.500,200,True,0xAA49CCe569366189355225212a2EA06B8172Fa22,ADJUSTER,235,VIDEO,2,READ,
w28,2025-12-19T15:01:22.699878Z,133.389,200,True,0xD46492141A5F13412fa59e5F47Ce969c7954E752,INSURER,439,IMAGE,2,READ,
w35,2025-12-19T15:01:22.700001Z,133.402,200,True,0x933be1Be0aF68b62934fE96ADB1AB2Ee1C47B4F0,INSURER,943,OTHER,1,READ,
w1,2025-12-19T15:01:22.700127Z,133.400,200,True,0xFeC4882fEAf263ac0fD1b9B4271dD1852B413584,INSURER,889,OTHER,1,READ,
w31,2025-12-19T15:01:22.700254Z,133.388,200,True,0xfd4Fc17438169bC1228EB21c2cb9b8DE1E97472a,INSURER,458,IMAGE,2,READ,
w7,2025-12-19T15:01:22.700375Z,133.380,200,True,0x81A893236EFCdC58F1f9421b59Ee21eb7e38f8FB,INSURER,465,IMAGE,2,READ,
w13,2025-12-19T15:01:22.700484Z,133.412,200,True,0xD756c57480Ea623123AB3a5ad4445875E3309Ac6,INSURER,627,MEDICAL_REPORT,5,READ,
w48,2025-12-19T15:01:22.700801Z,133.225,200,True,0xD06Cc40e4D98aDc886d652F4253985B5c04282b9,REGULATOR,493,IMAGE,2,READ,
w30,2025-12-19T15:01:22.701159Z,132.982,200,True,0x4f464925226709cf94C01633A1f468E106AD6413,INSURER,918,OTHER,1,READ,
w36,2025-12-19T15:01:22.701297Z,132.953,200,True,0x93787a823E3D4Ae295F5a91C0e87325E40B3aa3F,REGULATOR,279,IMAGE,2,READ,
w46,2025-12-19T15:01:22.701416Z,132.941,200,True,0x50Ed54bf40D96Fda59d7F83abE5551535d7938ac,COURT,273,IMAGE,2,READ,
w42,2025-12-19T15:01:22.701527Z,133.160,200,True,0x5173D7F8755FdF3d2f05C01D029A3Dc55EaC0476,POLICE,40,VIDEO,2,READ,
w32,2025-12-19T15:01:22.701635Z,133.206,200,True,0xC29Fbef10EC6e6A787036cEA0C9024ce9F435d97,INSURER,861,OTHER,1,READ,
w26,2025-12-19T15:01:22.701740Z,133.233,200,True,0x620a52535BA00719f0747D42746525D807319996,ADJUSTER,551,FNOL,4,READ,
w41,2025-12-19T15:01:22.701855Z,133.232,200,True,0x065Fd3F8fcF30384f50eceBa324b1EF8411Fa759,COURT,340,IMAGE,2,READ,
w40,2025-12-19T15:01:22.701967Z,133.234,200,True,0x09596bf36cE63dABDeB58d68a52792B7BA13ba84,ADJUSTER,347,IMAGE,2,READ,
w22,2025-12-19T15:01:22.702070Z,133.246,200,True,0x4828419eA02B1D4399E039f8E5F346f37f19fA13,INSURER,1,VIDEO,2,READ,
w10,2025-12-19T15:01:22.702294Z,133.131,200,True,0x81A893236EFCdC58F1f9421b59Ee21eb7e38f8FB,INSURER,897,OTHER,1,READ,
w47,2025-12-19T15:01:22.702407Z,133.123,200,True,0x28606132Fb05B11eee1fa6ACe3CB39F3EFFFdCCe,ADJUSTER,346,IMAGE,2,READ,
w4,2025-12-19T15:01:22.702509Z,133.130,200,True,0x73E42dF14ff21e7994A37802a292F71830CDA5aF,INSURER,521,FNOL,4,READ,
w37,2025-12-19T15:01:22.702692Z,133.055,200,True,0x3d9c5458418bD082b010C0F93c3b8FBF9826E0Bf,INSURER,618,MEDICAL_REPORT,5,READ,
w33,2025-12-19T15:01:22.764830Z,71.022,403,False,0x090F26617cAab81C15934159343Ff688fAf23820,POLICE,868,OTHER,1,READ,
w21,2025-12-19T15:01:22.765003Z,70.970,403,False,0x090F26617cAab81C15934159343Ff688fAf23820,POLICE,940,OTHER,1,READ,
w39,2025-12-19T15:01:22.765364Z,70.777,403,False,0x84FDd0E1F145C20f9451b1eB751c26e76B3232d4,POLICE,965,OTHER,1,READ,
w23,2025-12-19T15:01:22.764468Z,139.855,200,True,0xCaa6A1a26D28f97DEDD4f555dEd43bC607f78384,INSURER,385,IMAGE,2,READ,
w16,2025-12-19T15:01:22.765502Z,139.223,200,True,0x3418C54B33ca42d0dF096EaD255791c7B2E2f3d9,ADJUSTER,360,IMAGE,2,READ,
w18,2025-12-19T15:01:22.765635Z,139.765,200,True,0xeaD317253F31780B00e0Ef360b1ade2Fb83c2b3E,INSURER,927,OTHER,1,READ,
w14,2025-12-19T15:01:22.765749Z,139.861,200,True,0x98eAB44F56Ae1f00C301517F1B6fCDb7a452D64b,ADJUSTER,238,VIDEO,2,READ,
w9,2025-12-19T15:01:22.765861Z,139.925,200,True,0x0479AcE8E12E22b9751dF7542dd8f225c221EC34,ADJUSTER,419,IMAGE,2,READ,
w24,2025-12-19T15:01:22.765997Z,139.950,200,True,0x57e02f30Dd15545B3A9eC4841D0D58Ee1D829414,GARAGE,475,IMAGE,2,READ,
w5,2025-12-19T15:01:22.766116Z,139.960,200,True,0xC753D2a5211C57F7C2b4279053b11aEC435b41AB,REGULATOR,16,VIDEO,2,READ,
w0,2025-12-19T15:01:22.766222Z,139.973,200,True,0x78b99D5D04232b9650d619DBa5F5600a9242A472,INSURER,150,VIDEO,2,READ,
w43,2025-12-19T15:01:22.766325Z,139.987,200,True,0x58f181cd636a8F0a8335240Efc4979212ff45341,INSURER,843,TELEMATICS,3,READ,
w3,2025-12-19T15:01:22.766433Z,139.993,200,True,0x14d0cb07D407E25F725b7f9854B98fEEEBb4942F,INSURER,292,IMAGE,2,READ,
w15,2025-12-19T15:01:22.766537Z,140.001,200,True,0xd963E5e27CB9872abc2Fbed9107c373Aa59583a4,INSURER,719,TELEMATICS,3,READ,
w2,2025-12-19T15:01:22.766636Z,140.032,200,True,0xDA941366d7481DffDAd4458a22913423f40dA1eA,ADJUSTER,742,TELEMATICS,3,READ,
w29,2025-12-19T15:01:22.766957Z,139.835,200,True,0x40fca3Fa04d657c9879B638C57A2a70683E3efED,REGULATOR,370,IMAGE,2,READ,
w19,2025-12-19T15:01:22.767100Z,140.047,200,True,0x567dccd668D18B4ACd8A2795151edB162Bc34767,ADJUSTER,411,IMAGE,2,READ,
w6,2025-12-19T15:01:22.767219Z,140.054,200,True,0x3418C54B33ca42d0dF096EaD255791c7B2E2f3d9,ADJUSTER,411,IMAGE,2,READ,
w49,2025-12-19T15:01:22.767329Z,140.068,200,True,0xD32B24Ff4D28e42239EcCd5cbdb456a1565DC083,ADJUSTER,797,TELEMATICS,3,READ,
w17,2025-12-19T15:01:22.767433Z,140.086,200,True,0x48f8656e15a2FC22Ccd6cDe7c56db39C1B62E770,POLICE,127,VIDEO,2,READ,
w11,2025-12-19T15:01:22.767541Z,140.095,200,True,0x51A2465dc26f17e37524f93494A8409715ACc9c2,INSURER,862,OTHER,1,READ,
w27,2025-12-19T15:01:22.767648Z,140.095,200,True,0x0479AcE8E12E22b9751dF7542dd8f225c221EC34,ADJUSTER,854,OTHER,1,READ,
w34,2025-12-19T15:01:22.767760Z,140.098,200,True,0x29950abd635aF427d5E2fF0DB9f6920fC915bC55,INSURER,584,FNOL,4,READ,
w8,2025-12-19T15:01:22.767868Z,140.102,200,True,0x5173D7F8755FdF3d2f05C01D029A3Dc55EaC0476,POLICE,408,IMAGE,2,READ,
w38,2025-12-19T15:01:22.767981Z,140.099,200,True,0x50Ed54bf40D96Fda59d7F83abE5551535d7938ac,COURT,510,MEDICAL_REPORT,5,READ,
w12,2025-12-19T15:01:22.768100Z,140.103,200,True,0x290FAd62Cb657cBfDA616da814529a670cdad059,POLICE,274,IMAGE,2,READ,
w20,2025-12-19T15:01:22.768263Z,140.208,200,True,0x598405697b464FEbA8C76367b7C75C59D8BE2eCF,COURT,681,MEDICAL_REPORT,5,READ,
w25,2025-12-19T15:01:22.832386Z,76.213,403,False,0xC586D6C2dc89b791ae2AA6ae054c2629891275e1,POLICE,978,OTHER,1,READ,
w42,2025-12-19T15:01:22.834693Z,74.018,403,False,0x48c487f18ce4aAFcf592B2eC3611eAa7B1C85918,ADJUSTER,502,MEDICAL_REPORT,5,READ,
w41,2025-12-19T15:01:22.835091Z,73.723,403,False,0xDd45386232533D2C209976e678A91A2263676ECB,GARAGE,555,MEDICAL_REPORT,5,READ,
w40,2025-12-19T15:01:22.835205Z,73.714,403,False,0x48c487f18ce4aAFcf592B2eC3611eAa7B1C85918,ADJUSTER,683,MEDICAL_REPORT,5,READ,
w22,2025-12-19T15:01:22.835321Z,73.716,403,False,0x48c487f18ce4aAFcf592B2eC3611eAa7B1C85918,ADJUSTER,514,MEDICAL_REPORT,5,READ,
w21,2025-12-19T15:01:22.835979Z,73.167,403,False,0x996644d2075D6c96FEB649879534dFAb933903f6,GARAGE,148,VIDEO,2,READ,
w45,2025-12-19T15:01:22.832731Z,128.711,200,True,0x78273aa663aa16C08590efF5582bb4C9DD30Bb95,INSURER,749,TELEMATICS,3,READ,
w44,2025-12-19T15:01:22.833113Z,128.685,200,True,0x2875Aa8C20c095495Ab5d6A1aBE2E2b07077dF55,INSURER,128,VIDEO,2,READ,
w28,2025-12-19T15:01:22.833273Z,128.710,200,True,0xE056D0a60EfEE3e1642D5B2129E2bbBdAf22444c,INSURER,34,VIDEO,2,READ,
w35,2025-12-19T15:01:22.833409Z,128.934,200,True,0x1Ab5D0f68133DA5E100635Bdf5030650cA2bE691,ADJUSTER,870,OTHER,1,READ,
w1,2025-12-19T15:01:22.833532Z,128.960,200,True,0xb8Fe0E775705824a50658ef111434567024d4310,REGULATOR,644,FNOL,4,READ,
w31,2025-12-19T15:01:22.833647Z,128.887,200,True,0x044bef4Ff250cBBFE36FEfE3b859D78bA04c1223,INSURER,60,VIDEO,2,READ,
w7,2025-12-19T15:01:22.833760Z,128.807,200,True,0x7fBAcb835330c3A23597A355A26Cf6E0ee69A0B5,COURT,456,IMAGE,2,READ,
w13,2025-12-19T15:01:22.833901Z,128.694,200,True,0xb8Fe0E775705824a50658ef111434567024d4310,REGULATOR,981,OTHER,1,READ,
w48,2025-12-19T15:01:22.834032Z,128.590,200,True,0x7B46635cB6cA958f34ae933b93884a5f19b258D7,INSURER,146,VIDEO,2,READ,
w30,2025-12-19T15:01:22.834146Z,128.503,200,True,0x2875Aa8C20c095495Ab5d6A1aBE2E2b07077dF55,INSURER,60,VIDEO,2,READ,
w36,2025-12-19T15:01:22.834255Z,128.420,200,True,0xd86Fa5B280bf58C28aaE39fB535e0e965F0E285B,INSURER,951,OTHER,1,READ,
w46,2025-12-19T15:01:22.834362Z,128.337,200,True,0xeD60C4758Fab078c38685EeEF9692D8Fa4F3dDB9,INSURER,316,IMAGE,2,READ,
w32,2025-12-19T15:01:22.834846Z,127.878,200,True,0x2875Aa8C20c095495Ab5d6A1aBE2E2b07077dF55,INSURER,329,IMAGE,2,READ,
w26,2025-12-19T15:01:22.834978Z,127.778,200,True,0xE3De53E77787ac96c6f78B3eD0A6Acea23953342,POLICE,359,IMAGE,2,READ,
w10,2025-12-19T15:01:22.835429Z,127.551,200,True,0x2875Aa8C20c095495Ab5d6A1aBE2E2b07077dF55,INSURER,547,MEDICAL_REPORT,5,READ,
w47,2025-12-19T15:01:22.835535Z,127.476,200,True,0x14d0cb07D407E25F725b7f9854B98fEEEBb4942F,INSURER,775,TELEMATICS,3,READ,
w4,2025-12-19T15:01:22.835645Z,127.394,200,True,0x3a74Fec63a615BC94b9A47bEa6340935Ab155117,ADJUSTER,900,OTHER,1,READ,
w37,2025-12-19T15:01:22.835752Z,127.312,200,True,0x5CdF84465a68A1A9CEfe264b98c0701879D78982,INSURER,359,IMAGE,2,READ,
w33,2025-12-19T15:01:22.835856Z,127.233,200,True,0xFeC4882fEAf263ac0fD1b9B4271dD1852B413584,INSURER,911,OTHER,1,READ,
w39,2025-12-19T15:01:22.836148Z,126.966,200,True,0x469Bf06C8a44e5E2Bb2752C29B92d88DCA076B8a,POLICE,47,VIDEO,2,READ,
w2,2025-12-19T15:01:22.906673Z,56.469,403,False,0x8D21394c336D57f89564705Aa61307561b63E310,POLICE,694,MEDICAL_REPORT,5,READ,
w29,2025-12-19T15:01:22.906796Z,56.370,403,False,0xcCC472e2d0eDA52066a80BCFb4577Dc9Fb7CD453,POLICE,980,OTHER,1,READ,
w49,2025-12-19T15:01:22.907402Z,55.787,403,False,0x2B5dEec5325fd9befC139A2071d830B25FAd52Ef,GARAGE,685,MEDICAL_REPORT,5,READ,
w38,2025-12-19T15:01:22.908085Z,55.128,403,False,0x48f8656e15a2FC22Ccd6cDe7c56db39C1B62E770,POLICE,978,OTHER,1,READ,
w20,2025-12-19T15:01:22.908477Z,54.759,403,False,0xafA5Afd00Ec5464DAf96FCe2b09f4e4e157F4A67,POLICE,973,OTHER,1,READ,
w23,2025-12-19T15:01:22.904335Z,118.521,200,True,0xd963E5e27CB9872abc2Fbed9107c373Aa59583a4,INSURER,388,IMAGE,2,READ,
w16,2025-12-19T15:01:22.904741Z,118.222,200,True,0x476ad4Ce50BbD6624855e3d1e12E6cC23654359A,INSURER,605,FNOL,4,READ,
w18,2025-12-19T15:01:22.905411Z,117.652,200,True,0xD1ce8183cCf94d1494c99DFC523Af7Bd51494E8d,INSURER,808,TELEMATICS,3,READ,
w14,2025-12-19T15:01:22.905618Z,117.481,200,True,0x5cA86E3342DEA0C1a26C49f1a4fA40DeEeAFf8a8,INSURER,764,TELEMATICS,3,READ,
w9,2025-12-19T15:01:22.905792Z,117.399,200,True,0xDA941366d7481DffDAd4458a22913423f40dA1eA,ADJUSTER,814,TELEMATICS,3,READ,
w24,2025-12-19T15:01:22.905952Z,117.272,200,True,0x58e8E907e02C35e581Ed3a4e98906344861E7265,INSURER,833,TELEMATICS,3,READ,
w5,2025-12-19T15:01:22.906081Z,117.235,200,True,0xa814b4D02E07Daa3235ffc1E4752eCF8f6C2D8d8,ADJUSTER,819,TELEMATICS,3,READ,
w0,2025-12-19T15:01:22.906200Z,117.147,200,True,0x51a1E6D900E3e04c169Be84b2D5e5ccB2420B0EB,INSURER,504,MEDICAL_REPORT,5,READ,
w43,2025-12-19T15:01:22.906316Z,117.060,200,True,0x67A9BC3Fb3B4a392C223A8C644B48346b9Ca5128,COURT,662,FNOL,4,READ,
w3,2025-12-19T15:01:22.906430Z,117.020,200,True,0x18BFB9A0Bf9293D0D3bf9F42bD6e7e7b300Dc391,COURT,937,OTHER,1,READ,
w15,2025-12-19T15:01:22.906543Z,116.936,200,True,0xAF3C604AE7a9E247C368331a22270415269Ef10d,INSURER,318,IMAGE,2,READ,
w19,2025-12-19T15:01:22.907152Z,116.414,200,True,0xFeC4882fEAf263ac0fD1b9B4271dD1852B413584,INSURER,452,IMAGE,2,READ,
w6,2025-12-19T15:01:22.907277Z,116.318,200,True,0x78b99D5D04232b9650d619DBa5F5600a9242A472,INSURER,216,VIDEO,2,READ,
w17,2025-12-19T15:01:22.907525Z,116.096,200,True,0x476ad4Ce50BbD6624855e3d1e12E6cC23654359A,INSURER,383,IMAGE,2,READ,
w11,2025-12-19T15:01:22.907640Z,116.073,200,True,0x0172115667882E73749128243A943873087c09D3,INSURER,999,OTHER,1,READ,
w27,2025-12-19T15:01:22.907747Z,115.996,200,True,0xFeC4882fEAf263ac0fD1b9B4271dD1852B413584,INSURER,408,IMAGE,2,READ,
w34,2025-12-19T15:01:22.907862Z,115.908,200,True,0xC5f6e3512D3B1133da1f88159fDf63dC9f2d43FB,ADJUSTER,339,IMAGE,2,READ,
w8,2025-12-19T15:01:22.907975Z,115.911,200,True,0x2875Aa8C20c095495Ab5d6A1aBE2E2b07077dF55,INSURER,687,FNOL,4,READ,
w12,2025-12-19T15:01:22.908208Z,115.716,200,True,0x456F6DbE8aF9e05a1918B64f0Bd0690809b23E6B,INSURER,789,TELEMATICS,3,READ,
w25,2025-12-19T15:01:22.908603Z,115.348,200,True,0x6032b722b48DC8717A2C437485f2D3d264BD803B,ADJUSTER,165,VIDEO,2,READ,
w42,2025-12-19T15:01:22.908716Z,115.262,200,True,0xCF5E79F0E2BFC3eb5fe4aB0975E9F0eEc50b54E3,GARAGE,325,IMAGE,2,READ,
w41,2025-12-19T15:01:22.908818Z,115.185,200,True,0x2ee7F051BB940423f554ea44742f7c4c8C20Ea59,INSURER,129,VIDEO,2,READ,
w40,2025-12-19T15:01:22.908924Z,115.165,200,True,0x5e3B546a11dc657CdFa106cd26E2211ee451c0d7,INSURER,25,VIDEO,2,READ,
w22,2025-12-19T15:01:22.909041Z,115.075,200,True,0x044bef4Ff250cBBFE36FEfE3b859D78bA04c1223,INSURER,51,VIDEO,2,READ,
w21,2025-12-19T15:01:22.909150Z,114.993,200,True,0x3d9c5458418bD082b010C0F93c3b8FBF9826E0Bf,INSURER,200,VIDEO,2,READ,
w45,2025-12-19T15:01:22.961454Z,82.959,200,True,0x51A2465dc26f17e37524f93494A8409715ACc9c2,INSURER,163,VIDEO,2,READ,
w44,2025-12-19T15:01:22.961809Z,82.701,200,True,0x68cBdE77b98e3AF3281dBC229ee66540Eac3f007,ADJUSTER,37,VIDEO,2,READ,
w28,2025-12-19T15:01:22.961990Z,82.601,200,True,0x3495fF4A33D3b8aCCB512226B501122064b1e8fe,INSURER,562,FNOL,4,READ,
w35,2025-12-19T15:01:22.962349Z,82.278,200,True,0x3D8B37E283940B186f3d817371AE9834E2836f7f,GARAGE,486,IMAGE,2,READ,
