worker,start_time_iso,latency_ms,status,allowed,subject_address,subject_role,resource_id,resource_type,resource_sensitivity,action,error
w61,2026-03-26T02:28:15.284075Z,481.428,403,False,0x23164e00C680c815A8886E437558C15425a21040,COURT,532,FNOL,4,READ,
w65,2026-03-26T02:28:15.296341Z,895.711,403,False,0x57D7Dac174cE9ce2c07ADDE286cBfDe51cC50122,INSURER,868,OTHER,1,READ,
w12,2026-03-26T02:28:15.265982Z,927.305,403,False,0x59e91027b0aBD6B839408f96360A4ca0Dc596a98,ADJUSTER,979,OTHER,1,READ,
w67,2026-03-26T02:28:15.296633Z,897.518,403,False,0x631528f50C384c7AeF4ED528554980D850De0283,POLICE,334,IMAGE,2,READ,
w13,2026-03-26T02:28:15.266201Z,929.442,403,False,0x5d47D10E5aaDa092c97f77a2011d225a54e888dE,INSURER,523,FNOL,4,READ,
w68,2026-03-26T02:28:15.296781Z,908.989,403,False,0x71012eDE103b9A85faF1F8b952361232E5A73b6d,COURT,902,OTHER,1,READ,
w70,2026-03-26T02:28:15.297162Z,909.130,403,False,0x85f013a2fE4D618643C6918f0dA731aA62b93420,GARAGE,691,MEDICAL_REPORT,5,READ,
w71,2026-03-26T02:28:15.297284Z,909.484,403,False,0x26Ab584De439e6A70824Fd85dFdc1587DF5D1516,INSURER,741,TELEMATICS,3,READ,
w72,2026-03-26T02:28:15.297424Z,909.840,403,False,0x69b1a8FA8C91e049e9d19bE94bef38769ec28c9D,INSURER,648,MEDICAL_REPORT,5,READ,
w15,2026-03-26T02:28:15.266501Z,941.366,403,False,0xe29a4A0F7cc642F4654E70D8217eDDD2237e5b7f,ADJUSTER,813,TELEMATICS,3,READ,
w73,2026-03-26T02:28:15.297552Z,910.898,403,False,0x7693A9f87027932864A045F6Ed756AA65fdeEc1c,INSURER,591,MEDICAL_REPORT,5,READ,
w16,2026-03-26T02:28:15.266635Z,952.638,403,False,0x668803002755A42bB2BBAD8e73c43b3B5a03eC68,INSURER,646,FNOL,4,READ,
w74,2026-03-26T02:28:15.297663Z,922.517,403,False,0x7E270839240F84dCe86114e7c9A1B5C9751d5fc0,ADJUSTER,887,OTHER,1,READ,
w17,2026-03-26T02:28:15.266779Z,954.117,403,False,0xD8859a86a30f76f3bB902c5710A4172bd799658c,INSURER,879,OTHER,1,READ,
w75,2026-03-26T02:28:15.297773Z,923.735,403,False,0x7e44eb68D57cA35191576B6498CAC17b47001a2b,INSURER,423,IMAGE,2,READ,
w18,2026-03-26T02:28:15.266895Z,955.171,403,False,0x7F37f92080D63E1b76A83FDd5aCa390d46475f17,INSURER,819,TELEMATICS,3,READ,
w76,2026-03-26T02:28:15.297877Z,924.880,403,False,0xB6920469504adDf687AfCe890A39E6EBF76cF88E,POLICE,460,IMAGE,2,READ,
w19,2026-03-26T02:28:15.267052Z,956.289,403,False,0xA0706EA97613c48c8Ee8A39218259d61Ae5A25c1,INSURER,606,FNOL,4,READ,
w77,2026-03-26T02:28:15.298036Z,925.895,403,False,0xAd32d7cB99dFce02DE8A0033cC5fea1262c9840C,INSURER,889,OTHER,1,READ,
w20,2026-03-26T02:28:15.267183Z,968.029,403,False,0xa59ECFb410CCB56f80640CFCfAe5726121Ab2cfa,REGULATOR,737,TELEMATICS,3,READ,
w78,2026-03-26T02:28:15.298163Z,937.555,403,False,0x68a330775019D52b44455B42704E8ad360Bc617E,GARAGE,576,FNOL,4,READ,
w79,2026-03-26T02:28:15.298280Z,938.249,403,False,0x0ab8d94B5Ad9dd3b2aE39785D87c48ef037fEeEe,INSURER,356,IMAGE,2,READ,
w80,2026-03-26T02:28:15.298543Z,939.425,403,False,0x995408770BbdF9C720d131bCfa0bE248c90fA29f,COURT,327,IMAGE,2,READ,
w81,2026-03-26T02:28:15.298680Z,940.036,403,False,0x0Bc69A9CA614967C5D33108DA2C0Afd95130f7ab,POLICE,752,TELEMATICS,3,READ,
w82,2026-03-26T02:28:15.298795Z,940.590,403,False,0x106A9Ba6bde37edc0BadcA9D48C8F8dF69524AD3,INSURER,664,FNOL,4,READ,
w25,2026-03-26T02:28:15.278077Z,961.977,403,False,0xAc46c6cb0d1d810573C55BcB67a854a313D89d5E,POLICE,756,TELEMATICS,3,READ,
w83,2026-03-26T02:28:15.298912Z,952.638,403,False,0xa8c4E2fbBd0417D663e210a6FdD5976F5f906d9C,POLICE,989,OTHER,1,READ,
w84,2026-03-26T02:28:15.299073Z,954.285,403,False,0x5361cD9F3982091dD2C3e79FAb30707aD081b1AA,INSURER,496,IMAGE,2,READ,
w27,2026-03-26T02:28:15.278400Z,977.068,403,False,0x2AA4a29437fF4B945Ac2957FFd6DdB3AF0fEb05b,ADJUSTER,597,MEDICAL_REPORT,5,READ,
w85,2026-03-26T02:28:15.299183Z,967.901,403,False,0x6e2eda1263F3990130d14F0D25bc4b93d5d6D80C,REGULATOR,290,IMAGE,2,READ,
w28,2026-03-26T02:28:15.278629Z,989.349,403,False,0x81946b335d2Cf70a427E23b92bCcC1ACcDDB118A,INSURER,323,IMAGE,2,READ,
w86,2026-03-26T02:28:15.299299Z,969.292,403,False,0xe4Ff9366F4FF38f071D95aA48d3DB306E70De577,POLICE,987,OTHER,1,READ,
w29,2026-03-26T02:28:15.278845Z,990.260,403,False,0x85f013a2fE4D618643C6918f0dA731aA62b93420,GARAGE,756,TELEMATICS,3,READ,
w87,2026-03-26T02:28:15.299422Z,970.195,403,False,0xAc46c6cb0d1d810573C55BcB67a854a313D89d5E,POLICE,925,OTHER,1,READ,
w30,2026-03-26T02:28:15.279167Z,1446.824,403,False,0x5a73100273e2F91b8379DcaEe7505e5294ECd09E,INSURER,375,IMAGE,2,READ,
w31,2026-03-26T02:28:15.279416Z,1447.632,403,False,0xAc46c6cb0d1d810573C55BcB67a854a313D89d5E,POLICE,667,MEDICAL_REPORT,5,READ,
w88,2026-03-26T02:28:15.309238Z,1418.437,403,False,0x0Bc69A9CA614967C5D33108DA2C0Afd95130f7ab,POLICE,524,MEDICAL_REPORT,5,READ,
w89,2026-03-26T02:28:15.309450Z,1418.812,403,False,0xEE47aAeC1ae1eFc7AcE9A2bAB0F5c89c97613D42,POLICE,492,IMAGE,2,READ,
w90,2026-03-26T02:28:15.309591Z,1420.839,403,False,0xe4Ff9366F4FF38f071D95aA48d3DB306E70De577,POLICE,735,TELEMATICS,3,READ,
w33,2026-03-26T02:28:15.279759Z,1451.976,403,False,0x90028B286fD1D933A9D4663B944477413d781ad9,COURT,377,IMAGE,2,READ,
w91,2026-03-26T02:28:15.309717Z,1422.753,403,False,0x1Bc44f70234E2a0FBCb744E2abF6F6931BA6231F,INSURER,518,MEDICAL_REPORT,5,READ,
w34,2026-03-26T02:28:15.279895Z,1453.321,403,False,0x9f26D169621c57Db8eC4B7a3B5D9aF4CdF71085F,INSURER,718,TELEMATICS,3,READ,
w92,2026-03-26T02:28:15.309830Z,1424.074,403,False,0xA2Be70fFcf3281293C1C8Cf71648070736aFEB70,INSURER,783,TELEMATICS,3,READ,
w35,2026-03-26T02:28:15.280078Z,1454.490,403,False,0x23E9FBB7579C74D955604A707C648CA3Db02A0c7,ADJUSTER,300,IMAGE,2,READ,
w37,2026-03-26T02:28:15.280460Z,1466.396,403,False,0xCe261d45B20f7c1ACaE3eAf693D957b5D99D42BD,REGULATOR,995,OTHER,1,READ,
w95,2026-03-26T02:28:15.310347Z,1437.201,403,False,0x995408770BbdF9C720d131bCfa0bE248c90fA29f,COURT,439,IMAGE,2,READ,
w38,2026-03-26T02:28:15.280629Z,1467.526,403,False,0x90937Fa99BC935CfA2aDcB3C0dcde37a9a95af00,INSURER,469,IMAGE,2,READ,
w96,2026-03-26T02:28:15.310463Z,1438.293,403,False,0xEE47aAeC1ae1eFc7AcE9A2bAB0F5c89c97613D42,POLICE,934,OTHER,1,READ,
w39,2026-03-26T02:28:15.280804Z,1468.596,403,False,0x45c4F19a8C6e455e9647ad8aD8a9A9c7733b6Bad,INSURER,353,IMAGE,2,READ,
w40,2026-03-26T02:28:15.281053Z,1468.970,403,False,0x8d1A0bE126b91823D8E5E215116c9351922277f7,INSURER,619,FNOL,4,READ,
w1,2026-03-26T02:28:15.261400Z,1489.220,403,False,0x3A7a82b4A46a2f934834Ca05381528d576A17a70,INSURER,798,TELEMATICS,3,READ,
w41,2026-03-26T02:28:15.281234Z,1470.043,403,False,0x55aC7E86FfE135500754bda7778b3749aE34930B,INSURER,633,FNOL,4,READ,
w98,2026-03-26T02:28:15.310694Z,1441.250,403,False,0x995408770BbdF9C720d131bCfa0bE248c90fA29f,COURT,864,OTHER,1,READ,
w42,2026-03-26T02:28:15.281372Z,1482.595,403,False,0xaFc74D5a37Fc772BA03f377804Ff23eE80c3F0B6,GARAGE,605,MEDICAL_REPORT,5,READ,
w99,2026-03-26T02:28:15.310815Z,1453.682,403,False,0x2681A1fbf737DE9BE4B8ac0DEDe2f71fB64E2284,INSURER,718,TELEMATICS,3,READ,
w3,2026-03-26T02:28:15.262507Z,1502.645,403,False,0xf0C27952Ff3Fa054AC5C5067bA433eE3851F196D,GARAGE,574,FNOL,4,READ,
w43,2026-03-26T02:28:15.281509Z,1484.144,403,False,0xe740840314f9ce0a5F0dB4619861b2B85A08f007,INSURER,475,IMAGE,2,READ,
w44,2026-03-26T02:28:15.281613Z,1496.288,403,False,0x10e284843829f15F74cE6E0abD20284341c6DB9A,INSURER,802,TELEMATICS,3,READ,
w45,2026-03-26T02:28:15.281723Z,1496.800,403,False,0x0ab8d94B5Ad9dd3b2aE39785D87c48ef037fEeEe,INSURER,751,TELEMATICS,3,READ,
w46,2026-03-26T02:28:15.281845Z,1497.610,403,False,0x0Bc69A9CA614967C5D33108DA2C0Afd95130f7ab,POLICE,609,FNOL,4,READ,
w47,2026-03-26T02:28:15.281965Z,1498.370,403,False,0x23E9FBB7579C74D955604A707C648CA3Db02A0c7,ADJUSTER,985,OTHER,1,READ,
w5,2026-03-26T02:28:15.263133Z,1518.055,403,False,0xCe261d45B20f7c1ACaE3eAf693D957b5D99D42BD,REGULATOR,723,TELEMATICS,3,READ,
w49,2026-03-26T02:28:15.282284Z,1511.834,403,False,0x005fc769438eD21e72915650ea3d0Bd0779E1d56,ADJUSTER,656,FNOL,4,READ,
w50,2026-03-26T02:28:15.282480Z,1512.313,403,False,0xaFc74D5a37Fc772BA03f377804Ff23eE80c3F0B6,GARAGE,503,FNOL,4,READ,
w52,2026-03-26T02:28:15.282748Z,1512.705,403,False,0xe68Cd859c32799e54800ffa5C5474912A5C23706,INSURER,359,IMAGE,2,READ,
w53,2026-03-26T02:28:15.282914Z,1513.286,403,False,0xfa0c2c3a58Dc42E7c1266c6Badd86D7001B6c961,INSURER,756,TELEMATICS,3,READ,
w54,2026-03-26T02:28:15.283066Z,1513.606,403,False,0x10d74EEF9a158805e197f451FFcF98B5df6f07B3,POLICE,417,IMAGE,2,READ,
w56,2026-03-26T02:28:15.283335Z,1513.909,403,False,0x8B9C6E42320Cc7c0a0512De5818B2aCc269feef7,INSURER,782,TELEMATICS,3,READ,
w57,2026-03-26T02:28:15.283462Z,1514.406,403,False,0xAc46c6cb0d1d810573C55BcB67a854a313D89d5E,POLICE,959,OTHER,1,READ,
w9,2026-03-26T02:28:15.265383Z,1533.019,403,False,0x3391d15CCe51D9F0a877840266E4784c3b30dF24,POLICE,447,IMAGE,2,READ,
w59,2026-03-26T02:28:15.283727Z,1515.227,403,False,0x85f013a2fE4D618643C6918f0dA731aA62b93420,GARAGE,897,OTHER,1,READ,
w60,2026-03-26T02:28:15.283876Z,1526.610,403,False,0x6e492Bff2B5Fc2351eF247518a6dCD98479E018C,POLICE,464,IMAGE,2,READ,
w11,2026-03-26T02:28:15.265808Z,1545.329,403,False,0xce923F1c1B6DE1A03f42cC378185B0BCCD65256e,POLICE,434,IMAGE,2,READ,
w0,2026-03-26T02:28:15.249242Z,1562.431,403,False,0x88982eB8A9a596fA186A12b47f4F905A2c7516d6,COURT,783,TELEMATICS,3,READ,
w62,2026-03-26T02:28:15.284224Z,1527.967,200,True,0x26Ab584De439e6A70824Fd85dFdc1587DF5D1516,INSURER,207,VIDEO,2,READ,
w61,2026-03-26T02:28:15.765528Z,1047.513,403,False,0xc0c58f42F3d56a359208054C1e3d9EB9FEB181E5,ADJUSTER,279,IMAGE,2,READ,
w63,2026-03-26T02:28:15.284354Z,1763.405,200,True,0x2a44EF6977ec44cB5c6ad5038E54C761723DB5E9,INSURER,192,VIDEO,2,READ,
w66,2026-03-26T02:28:15.296510Z,1752.170,200,True,0x2c8aC86D2D94fC757C38B3E3895F90aa32E7594D,INSURER,107,VIDEO,2,READ,
w69,2026-03-26T02:28:15.297010Z,1752.258,200,True,0xa7eF2a6f2A3eb7A7472DAD889d17dEa48faBca1a,INSURER,225,VIDEO,2,READ,
w14,2026-03-26T02:28:15.266383Z,1783.444,200,True,0x58546e800Dd5EE7E99f22ecB7344138B6dFF55Ce,INSURER,96,VIDEO,2,READ,
w21,2026-03-26T02:28:15.267324Z,1783.233,200,True,0x0B5dF81DC06Bb007c88E04eD2D6826Ca41cBB0A2,GARAGE,248,VIDEO,2,READ,
w22,2026-03-26T02:28:15.277600Z,1773.845,200,True,0xFc3a53f3055e68a2D5fE4aF7E5B5cF92e63F17e7,INSURER,237,VIDEO,2,READ,
w23,2026-03-26T02:28:15.277759Z,1774.813,200,True,0x724d89D8ad84494De12a74615cd5bFFEf3eA18aA,ADJUSTER,69,VIDEO,2,READ,
w24,2026-03-26T02:28:15.277909Z,1775.352,200,True,0x814742D6773D55c02177ca64238a124D39d8CAd0,COURT,32,VIDEO,2,READ,
w26,2026-03-26T02:28:15.278228Z,1775.888,200,True,0xfbffdfBb61e2B0aCC9065D4c9940fAdB3c5Bb4DE,INSURER,149,VIDEO,2,READ,
w12,2026-03-26T02:28:16.193322Z,861.467,403,False,0x7E270839240F84dCe86114e7c9A1B5C9751d5fc0,ADJUSTER,641,MEDICAL_REPORT,5,READ,
w67,2026-03-26T02:28:16.194178Z,861.267,403,False,0xA07ddA082a145D371fc7C88A2cBF3594FcBb51e0,REGULATOR,318,IMAGE,2,READ,
w68,2026-03-26T02:28:16.205792Z,850.218,403,False,0xe4f7B57F3C40B6c829FCf662110800Fe4aBafb37,GARAGE,420,IMAGE,2,READ,
w71,2026-03-26T02:28:16.206788Z,849.732,403,False,0x3539040e9A7AA2F3eb932f8a6523DA9ED746160F,GARAGE,420,IMAGE,2,READ,
w15,2026-03-26T02:28:16.207890Z,849.298,403,False,0x5CBf5c5AcCf319E51A3261361f38b9b09D3A0Cdf,INSURER,612,MEDICAL_REPORT,5,READ,
w73,2026-03-26T02:28:16.208473Z,948.708,403,False,0x828c0FD3Ed54b03A52e62470aF331e95A50BCf09,POLICE,993,OTHER,1,READ,
w16,2026-03-26T02:28:16.219309Z,938.677,403,False,0x8B9C6E42320Cc7c0a0512De5818B2aCc269feef7,INSURER,666,MEDICAL_REPORT,5,READ,
w74,2026-03-26T02:28:16.220212Z,938.709,403,False,0x88982eB8A9a596fA186A12b47f4F905A2c7516d6,COURT,746,TELEMATICS,3,READ,
w75,2026-03-26T02:28:16.221530Z,938.012,403,False,0x23E9FBB7579C74D955604A707C648CA3Db02A0c7,ADJUSTER,985,OTHER,1,READ,
w18,2026-03-26T02:28:16.222091Z,938.142,403,False,0x5361cD9F3982091dD2C3e79FAb30707aD081b1AA,INSURER,468,IMAGE,2,READ,
w76,2026-03-26T02:28:16.222780Z,938.229,403,False,0xA92D4979eB98ad7361AD95Ad1182a54449C093eB,INSURER,380,IMAGE,2,READ,
w19,2026-03-26T02:28:16.223365Z,938.749,403,False,0x62198F0616394D6E59Acc14b43bbe6ABF2f67db8,ADJUSTER,411,IMAGE,2,READ,
w77,2026-03-26T02:28:16.223955Z,938.952,403,False,0x7E270839240F84dCe86114e7c9A1B5C9751d5fc0,ADJUSTER,375,IMAGE,2,READ,
w20,2026-03-26T02:28:16.235233Z,938.641,403,False,0x13C7F80a123954B61876Afba1c5b9DDB5Ac3772D,REGULATOR,951,OTHER,1,READ,
w78,2026-03-26T02:28:16.235745Z,938.884,403,False,0xc9d8268D9C81BA4cF1DBbA40D6dD31d9d29BFe87,COURT,347,IMAGE,2,READ,
w79,2026-03-26T02:28:16.236555Z,939.347,403,False,0x5361cD9F3982091dD2C3e79FAb30707aD081b1AA,INSURER,337,IMAGE,2,READ,
w80,2026-03-26T02:28:16.237991Z,938.649,403,False,0xFc3a53f3055e68a2D5fE4aF7E5B5cF92e63F17e7,INSURER,946,OTHER,1,READ,
w81,2026-03-26T02:28:16.238745Z,939.359,403,False,0x3439804Aa24202062144D2208cAD3E29C04d6CfC,POLICE,539,MEDICAL_REPORT,5,READ,
w25,2026-03-26T02:28:16.240078Z,1025.150,403,False,0x106A9Ba6bde37edc0BadcA9D48C8F8dF69524AD3,INSURER,686,MEDICAL_REPORT,5,READ,
w84,2026-03-26T02:28:16.253414Z,1012.931,403,False,0x5361cD9F3982091dD2C3e79FAb30707aD081b1AA,INSURER,380,IMAGE,2,READ,
w85,2026-03-26T02:28:16.267107Z,999.997,403,False,0xB6eA80cE3349885Ebe955de74Db37883Bb9CB5B9,GARAGE,541,MEDICAL_REPORT,5,READ,
w28,2026-03-26T02:28:16.268009Z,999.666,403,False,0x10e284843829f15F74cE6E0abD20284341c6DB9A,INSURER,723,TELEMATICS,3,READ,
w86,2026-03-26T02:28:16.268616Z,999.581,403,False,0x33733bc2AFfA696339eACE63a29db0850Bae08C6,COURT,978,OTHER,1,READ,
w29,2026-03-26T02:28:16.269134Z,999.865,403,False,0x27Dd09F461d60E509B253B64B9C618ade0B207c2,INSURER,554,FNOL,4,READ,
w87,2026-03-26T02:28:16.269637Z,1007.884,403,False,0xAB90A30F8DBAe40Fd6D9aA11cf1908F4CbC8432D,INSURER,662,MEDICAL_REPORT,5,READ,
w2,2026-03-26T02:28:15.261899Z,10174.602,,,0x4f7D9fAD2de6543311c004C44a061D6E3BF44Bc2,GARAGE,243,VIDEO,2,READ,
w6,2026-03-26T02:28:15.263478Z,10173.561,,,0x57D7Dac174cE9ce2c07ADDE286cBfDe51cC50122,INSURER,149,VIDEO,2,READ,
w126,2026-03-26T02:28:15.315042Z,10122.186,,,0xcB1049e81CC805FeD8B469418aAd2A2A5fCc652A,INSURER,881,OTHER,1,READ,
w125,2026-03-26T02:28:15.314918Z,10122.419,,,0xc9d8268D9C81BA4cF1DBbA40D6dD31d9d29BFe87,COURT,751,TELEMATICS,3,READ,
w124,2026-03-26T02:28:15.314583Z,10122.843,,,0x85ECA10226e8EE3Abb23B282bEBcfD147D3af353,POLICE,954,OTHER,1,READ,
w123,2026-03-26T02:28:15.314459Z,10123.075,,,0x074bE6382e1bAD6f8957dEED880345Efc1bDC58C,POLICE,340,IMAGE,2,READ,
w122,2026-03-26T02:28:15.314358Z,10123.255,,,0x904b7a5cb6e3AAb09C26C16DF2E979FE130D0889,ADJUSTER,771,TELEMATICS,3,READ,
w121,2026-03-26T02:28:15.314247Z,10123.493,,,0xA0D16Db45A3E299D305623eB5499B19F75Fd2E79,COURT,118,VIDEO,2,READ,
w120,2026-03-26T02:28:15.314158Z,10123.729,,,0xD45c19e5e5E1f56DFD5EF10a0DBdBeE64Bb94C5E,POLICE,22,VIDEO,2,READ,
w119,2026-03-26T02:28:15.314069Z,10124.017,,,0xD1ff571869D0436cC7b43A2a2c156085F4c5Efeb,ADJUSTER,476,IMAGE,2,READ,
w58,2026-03-26T02:28:15.283588Z,10154.898,,,0x5d3d41FA5c381DAE4B6Bcdfd09862684aA5Ce3fd,ADJUSTER,248,VIDEO,2,READ,
w118,2026-03-26T02:28:15.313889Z,10124.939,,,0x2b2d95E89Db8d5C9D7a789205F735fffB7738f31,INSURER,39,VIDEO,2,READ,
w117,2026-03-26T02:28:15.313795Z,10125.154,,,0x995408770BbdF9C720d131bCfa0bE248c90fA29f,COURT,373,IMAGE,2,READ,
w116,2026-03-26T02:28:15.313685Z,10125.343,,,0x978CFCe76672e2C96DbfF5705fe29901d2A624d2,ADJUSTER,570,FNOL,4,READ,
w115,2026-03-26T02:28:15.313588Z,10125.514,,,0x6793787989bC3CD4C54f44099Dc75Fb05503EC65,GARAGE,349,IMAGE,2,READ,
w114,2026-03-26T02:28:15.313489Z,10125.706,,,0x98568A32769F002C8A543cc7578A13516D5646a3,INSURER,308,IMAGE,2,READ,
w113,2026-03-26T02:28:15.313387Z,10125.877,,,0x10d74EEF9a158805e197f451FFcF98B5df6f07B3,POLICE,614,FNOL,4,READ,
w55,2026-03-26T02:28:15.283203Z,10156.514,,,0xf0C27952Ff3Fa054AC5C5067bA433eE3851F196D,GARAGE,194,VIDEO,2,READ,
w112,2026-03-26T02:28:15.313219Z,10126.789,,,0xAB90A30F8DBAe40Fd6D9aA11cf1908F4CbC8432D,INSURER,91,VIDEO,2,READ,
w111,2026-03-26T02:28:15.312837Z,10127.368,,,0x69b1a8FA8C91e049e9d19bE94bef38769ec28c9D,INSURER,279,IMAGE,2,READ,
w110,2026-03-26T02:28:15.312600Z,10127.769,,,0x54cFafA03b3780b2bEc02Ba688A6DB581b30e82F,POLICE,257,IMAGE,2,READ,
w109,2026-03-26T02:28:15.312442Z,10128.054,,,0x7693A9f87027932864A045F6Ed756AA65fdeEc1c,INSURER,539,MEDICAL_REPORT,5,READ,
w108,2026-03-26T02:28:15.312138Z,10128.463,,,0xA0706EA97613c48c8Ee8A39218259d61Ae5A25c1,INSURER,262,IMAGE,2,READ,
w107,2026-03-26T02:28:15.311955Z,10128.875,,,0xc073597a01C3BD226F8723F8E91124b57b11BEc8,GARAGE,137,VIDEO,2,READ,
w106,2026-03-26T02:28:15.311782Z,10129.272,,,0xF92d6f9F9322A08d7548d2be3FFFfa7E9307bfF7,POLICE,545,FNOL,4,READ,
w105,2026-03-26T02:28:15.311623Z,10129.666,,,0xa7eF2a6f2A3eb7A7472DAD889d17dEa48faBca1a,INSURER,704,TELEMATICS,3,READ,
w51,2026-03-26T02:28:15.282630Z,10158.888,,,0x907C18fd7B2D156904bC5c25dD4542B69dfe6d54,ADJUSTER,70,VIDEO,2,READ,
w104,2026-03-26T02:28:15.311467Z,10130.204,,,0x1Bc44f70234E2a0FBCb744E2abF6F6931BA6231F,INSURER,132,VIDEO,2,READ,
w103,2026-03-26T02:28:15.311351Z,10130.442,,,0x8d409457EE624A6a1Afb1B789793990026056d7d,REGULATOR,961,OTHER,1,READ,
w102,2026-03-26T02:28:15.311237Z,10130.645,,,0xAB90A30F8DBAe40Fd6D9aA11cf1908F4CbC8432D,INSURER,800,TELEMATICS,3,READ,
w101,2026-03-26T02:28:15.311127Z,10130.842,,,0xF0d558cD42EB081556a20bB9C95157de4966DbEe,INSURER,483,IMAGE,2,READ,
w100,2026-03-26T02:28:15.310997Z,10131.046,,,0x3391d15CCe51D9F0a877840266E4784c3b30dF24,POLICE,129,VIDEO,2,READ,
w199,2026-03-26T02:28:15.344505Z,10097.611,,,0xd4d6f7C907632F87345652fbbA08446B0cAc034d,GARAGE,890,OTHER,1,READ,
w48,2026-03-26T02:28:15.282134Z,10160.177,,,0xe29a4A0F7cc642F4654E70D8217eDDD2237e5b7f,ADJUSTER,203,VIDEO,2,READ,
w198,2026-03-26T02:28:15.344394Z,10098.050,,,0x7F37f92080D63E1b76A83FDd5aCa390d46475f17,INSURER,770,TELEMATICS,3,READ,
w197,2026-03-26T02:28:15.344275Z,10098.264,,,0xaFc74D5a37Fc772BA03f377804Ff23eE80c3F0B6,GARAGE,653,MEDICAL_REPORT,5,READ,
w97,2026-03-26T02:28:15.310580Z,10132.170,,,0xa09383266c25808Ea3362D5DaE160528bB5Fb130,POLICE,253,IMAGE,2,READ,
w196,2026-03-26T02:28:15.344159Z,10098.785,,,0x995408770BbdF9C720d131bCfa0bE248c90fA29f,COURT,904,OTHER,1,READ,
w195,2026-03-26T02:28:15.344040Z,10098.999,,,0x3391d15CCe51D9F0a877840266E4784c3b30dF24,POLICE,80,VIDEO,2,READ,
w194,2026-03-26T02:28:15.343923Z,10099.307,,,0x904b7a5cb6e3AAb09C26C16DF2E979FE130D0889,ADJUSTER,119,VIDEO,2,READ,
w193,2026-03-26T02:28:15.343774Z,10099.543,,,0xA07ddA082a145D371fc7C88A2cBF3594FcBb51e0,REGULATOR,134,VIDEO,2,READ,
w192,2026-03-26T02:28:15.343663Z,10099.727,,,0x7E270839240F84dCe86114e7c9A1B5C9751d5fc0,ADJUSTER,942,OTHER,1,READ,
w191,2026-03-26T02:28:15.343559Z,10099.986,,,0x68a330775019D52b44455B42704E8ad360Bc617E,GARAGE,810,TELEMATICS,3,READ,
w4,2026-03-26T02:28:15.262791Z,10180.985,,,0x12CB40C48B0B23c8B9E9a012e1863b5225A5F311,INSURER,40,VIDEO,2,READ,
w10,2026-03-26T02:28:15.265590Z,10178.396,,,0xf35E98eF2f18881395aAf1Ef3ffB3f31d4b20C25,INSURER,1,VIDEO,2,READ,
w94,2026-03-26T02:28:15.310217Z,10133.996,,,0xa09383266c25808Ea3362D5DaE160528bB5Fb130,POLICE,232,VIDEO,2,READ,
w190,2026-03-26T02:28:15.343448Z,10100.899,,,0x57D7Dac174cE9ce2c07ADDE286cBfDe51cC50122,INSURER,54,VIDEO,2,READ,
w189,2026-03-26T02:28:15.343336Z,10101.096,,,0xA903578836c1E60A93BAd29357D9962aBd7aE0E7,GARAGE,686,MEDICAL_REPORT,5,READ,
w93,2026-03-26T02:28:15.309986Z,10134.620,,,0x2AA4a29437fF4B945Ac2957FFd6DdB3AF0fEb05b,ADJUSTER,233,VIDEO,2,READ,
w188,2026-03-26T02:28:15.343222Z,10101.529,,,0xd0689a028421dC6615C8E2A65363C35d34DCe4CC,COURT,921,OTHER,1,READ,
w187,2026-03-26T02:28:15.343103Z,10101.758,,,0x26Ab584De439e6A70824Fd85dFdc1587DF5D1516,INSURER,563,FNOL,4,READ,
w186,2026-03-26T02:28:15.342879Z,10102.062,,,0xe028327896d2bb4705C2134380bDB1E038DdF2Fc,REGULATOR,342,IMAGE,2,READ,
w185,2026-03-26T02:28:15.342734Z,10102.282,,,0xA2Be70fFcf3281293C1C8Cf71648070736aFEB70,INSURER,231,VIDEO,2,READ,
w184,2026-03-26T02:28:15.342623Z,10102.466,,,0x9dd7F747E30a7Ab727D5AabeC1205fC6FF74891e,INSURER,485,IMAGE,2,READ,
w183,2026-03-26T02:28:15.342514Z,10102.644,,,0x90937Fa99BC935CfA2aDcB3C0dcde37a9a95af00,INSURER,944,OTHER,1,READ,
w182,2026-03-26T02:28:15.342400Z,10102.849,,,0x90937Fa99BC935CfA2aDcB3C0dcde37a9a95af00,INSURER,316,IMAGE,2,READ,
w181,2026-03-26T02:28:15.342293Z,10103.026,,,0x9f26D169621c57Db8eC4B7a3B5D9aF4CdF71085F,INSURER,733,TELEMATICS,3,READ,
w180,2026-03-26T02:28:15.342186Z,10103.216,,,0x6e492Bff2B5Fc2351eF247518a6dCD98479E018C,POLICE,594,FNOL,4,READ,
w179,2026-03-26T02:28:15.342074Z,10103.406,,,0x7e44eb68D57cA35191576B6498CAC17b47001a2b,INSURER,40,VIDEO,2,READ,
w178,2026-03-26T02:28:15.341953Z,10103.594,,,0x7036A61a0c4486ca1acA322940DFE746a02EdBF7,INSURER,76,VIDEO,2,READ,
w177,2026-03-26T02:28:15.341805Z,10103.807,,,0x4939E121036A8AD1643718eFc89097821616931f,POLICE,148,VIDEO,2,READ,
w176,2026-03-26T02:28:15.341694Z,10104.014,,,0xd0689a028421dC6615C8E2A65363C35d34DCe4CC,COURT,31,VIDEO,2,READ,
w175,2026-03-26T02:28:15.341555Z,10104.225,,,0x005fc769438eD21e72915650ea3d0Bd0779E1d56,ADJUSTER,752,TELEMATICS,3,READ,
w174,2026-03-26T02:28:15.341436Z,10104.413,,,0x58546e800Dd5EE7E99f22ecB7344138B6dFF55Ce,INSURER,314,IMAGE,2,READ,
w173,2026-03-26T02:28:15.341290Z,10104.626,,,0x1ed7D08B1bc117C8039A09D7469dCD6b7119ec85,POLICE,509,MEDICAL_REPORT,5,READ,
w172,2026-03-26T02:28:15.341068Z,10104.915,,,0xD45c19e5e5E1f56DFD5EF10a0DBdBeE64Bb94C5E,POLICE,14,VIDEO,2,READ,
w171,2026-03-26T02:28:15.330991Z,10115.058,,,0x62aEE2Fd1DE1f438B8c33F5C551d94d6cbD55160,POLICE,490,IMAGE,2,READ,
w170,2026-03-26T02:28:15.330717Z,10115.396,,,0x0D7022eA8E23540fb4DCD302f796E37E70C4ee18,ADJUSTER,405,IMAGE,2,READ,
w169,2026-03-26T02:28:15.330602Z,10115.575,,,0xD9D6cdEd999CB9B2EC63a0b734693f9a664C9F65,INSURER,556,FNOL,4,READ,
w168,2026-03-26T02:28:15.330419Z,10115.824,,,0xAd32d7cB99dFce02DE8A0033cC5fea1262c9840C,INSURER,974,OTHER,1,READ,
w167,2026-03-26T02:28:15.330255Z,10116.053,,,0xe29a4A0F7cc642F4654E70D8217eDDD2237e5b7f,ADJUSTER,356,IMAGE,2,READ,
w166,2026-03-26T02:28:15.330116Z,10116.259,,,0x074bE6382e1bAD6f8957dEED880345Efc1bDC58C,POLICE,900,OTHER,1,READ,
w165,2026-03-26T02:28:15.329984Z,10116.456,,,0x11d0837E47B208389bc698030a678Bc9261f8156,INSURER,148,VIDEO,2,READ,
w164,2026-03-26T02:28:15.329812Z,10116.692,,,0x8B9C6E42320Cc7c0a0512De5818B2aCc269feef7,INSURER,532,FNOL,4,READ,
w163,2026-03-26T02:28:15.329665Z,10116.903,,,0x4a28FD82865D1625ce719BbE1501981DBEb8775F,ADJUSTER,830,TELEMATICS,3,READ,
w162,2026-03-26T02:28:15.329547Z,10117.087,,,0xf0C27952Ff3Fa054AC5C5067bA433eE3851F196D,GARAGE,543,MEDICAL_REPORT,5,READ,
w161,2026-03-26T02:28:15.329419Z,10117.308,,,0x3Ce62c75582d14D54A1532D0Fd3fcA709D3AB012,ADJUSTER,955,OTHER,1,READ,
w160,2026-03-26T02:28:15.329256Z,10117.538,,,0xa7eF2a6f2A3eb7A7472DAD889d17dEa48faBca1a,INSURER,533,FNOL,4,READ,
w159,2026-03-26T02:28:15.329101Z,10117.758,,,0x763BeD60093Bc3ad989d0E71724B8a30f6629Bf2,ADJUSTER,801,TELEMATICS,3,READ,
w8,2026-03-26T02:28:15.264884Z,10182.148,,,0xd0689a028421dC6615C8E2A65363C35d34DCe4CC,COURT,152,VIDEO,2,READ,
w158,2026-03-26T02:28:15.328835Z,10118.320,,,0xe4Ff9366F4FF38f071D95aA48d3DB306E70De577,POLICE,901,OTHER,1,READ,
w157,2026-03-26T02:28:15.328678Z,10118.567,,,0x09fA524FB632b6004cb5b61705D1Ac8346f5C956,ADJUSTER,303,IMAGE,2,READ,
w156,2026-03-26T02:28:15.328506Z,10118.812,,,0x9455AD24B4CF0dBA6bF671fb827428C8a7D5c62f,ADJUSTER,402,IMAGE,2,READ,
w155,2026-03-26T02:28:15.328179Z,10119.208,,,0xE022AD1Cb2e3f18fD419769921D61166A5F80FB9,POLICE,986,OTHER,1,READ,
w154,2026-03-26T02:28:15.328045Z,10119.545,,,0xc560606Bd2B90Feea8BaAB3270Efd65c17422Ad3,ADJUSTER,496,IMAGE,2,READ,
w153,2026-03-26T02:28:15.327888Z,10119.810,,,0xa69B6a9c2ED6A394a404B91B851C1176b76370Fa,GARAGE,90,VIDEO,2,READ,
w152,2026-03-26T02:28:15.327714Z,10120.057,,,0x074bE6382e1bAD6f8957dEED880345Efc1bDC58C,POLICE,335,IMAGE,2,READ,
w151,2026-03-26T02:28:15.327583Z,10120.255,,,0x034E07D329FcA8aC6b776699af54687288A7fe3E,ADJUSTER,753,TELEMATICS,3,READ,
w36,2026-03-26T02:28:15.280310Z,10167.709,,,0xe8425CD8D02275245734Aa5D064DD1F2B051fA27,INSURER,38,VIDEO,2,READ,
w150,2026-03-26T02:28:15.327455Z,10120.683,,,0x81946b335d2Cf70a427E23b92bCcC1ACcDDB118A,INSURER,943,OTHER,1,READ,
w149,2026-03-26T02:28:15.327330Z,10120.885,,,0x49825196030134F6349A45D6c576684792207592,INSURER,570,FNOL,4,READ,
w148,2026-03-26T02:28:15.327175Z,10121.110,,,0xA07ddA082a145D371fc7C88A2cBF3594FcBb51e0,REGULATOR,310,IMAGE,2,READ,
w147,2026-03-26T02:28:15.327040Z,10121.311,,,0x724d89D8ad84494De12a74615cd5bFFEf3eA18aA,ADJUSTER,360,IMAGE,2,READ,
w146,2026-03-26T02:28:15.326857Z,10121.561,,,0x2E3A06358fFBF425bdBFB9D46d36F4C62cB2C752,ADJUSTER,943,OTHER,1,READ,
w145,2026-03-26T02:28:15.326724Z,10121.759,,,0x8d409457EE624A6a1Afb1B789793990026056d7d,REGULATOR,947,OTHER,1,READ,
w144,2026-03-26T02:28:15.326575Z,10121.994,,,0xC60A6C8Fe339e01d6E76d91B0650A99bd0eA77F1,POLICE,620,FNOL,4,READ,
w143,2026-03-26T02:28:15.326428Z,10122.206,,,0xe9BfB16581647fc6746A690dC658b56D114822f2,POLICE,569,MEDICAL_REPORT,5,READ,
w7,2026-03-26T02:28:15.264388Z,10184.451,,,0x4bde32504e100aaF1Db477c3F0AF1C01be0d3003,POLICE,115,VIDEO,2,READ,
w142,2026-03-26T02:28:15.326298Z,10122.667,,,0x2b2d95E89Db8d5C9D7a789205F735fffB7738f31,INSURER,694,MEDICAL_REPORT,5,READ,
w141,2026-03-26T02:28:15.326129Z,10122.914,,,0xC0B54dC53B9A14ad6199dbB75383AcEe7B50414B,ADJUSTER,399,IMAGE,2,READ,
w140,2026-03-26T02:28:15.325977Z,10123.132,,,0xd4d6f7C907632F87345652fbbA08446B0cAc034d,GARAGE,858,OTHER,1,READ,
w139,2026-03-26T02:28:15.325734Z,10123.441,,,0xA07ddA082a145D371fc7C88A2cBF3594FcBb51e0,REGULATOR,937,OTHER,1,READ,
w138,2026-03-26T02:28:15.325632Z,10123.610,,,0xa7eF2a6f2A3eb7A7472DAD889d17dEa48faBca1a,INSURER,369,IMAGE,2,READ,
w137,2026-03-26T02:28:15.325529Z,10123.798,,,0xe4f7B57F3C40B6c829FCf662110800Fe4aBafb37,GARAGE,382,IMAGE,2,READ,
w136,2026-03-26T02:28:15.325418Z,10123.979,,,0x90937Fa99BC935CfA2aDcB3C0dcde37a9a95af00,INSURER,271,IMAGE,2,READ,
w135,2026-03-26T02:28:15.325323Z,10124.147,,,0x81946b335d2Cf70a427E23b92bCcC1ACcDDB118A,INSURER,140,VIDEO,2,READ,
w134,2026-03-26T02:28:15.325156Z,10124.379,,,0xB6eA80cE3349885Ebe955de74Db37883Bb9CB5B9,GARAGE,540,MEDICAL_REPORT,5,READ,
w133,2026-03-26T02:28:15.315794Z,10133.805,,,0xe9BfB16581647fc6746A690dC658b56D114822f2,POLICE,448,IMAGE,2,READ,
w132,2026-03-26T02:28:15.315680Z,10134.010,,,0x3F80f29E8ee7BD7ab795eaa0ea5834F45d8b4f36,ADJUSTER,82,VIDEO,2,READ,
w131,2026-03-26T02:28:15.315581Z,10134.197,,,0x5dBb83D0d96c168133412CC6e93a25a61Bfb8599,INSURER,41,VIDEO,2,READ,
w130,2026-03-26T02:28:15.315487Z,10134.358,,,0x5dBb83D0d96c168133412CC6e93a25a61Bfb8599,INSURER,413,IMAGE,2,READ,
w129,2026-03-26T02:28:15.315393Z,10134.515,,,0x12CB40C48B0B23c8B9E9a012e1863b5225A5F311,INSURER,995,OTHER,1,READ,
w128,2026-03-26T02:28:15.315269Z,10134.703,,,0x90028B286fD1D933A9D4663B944477413d781ad9,COURT,480,IMAGE,2,READ,
w127,2026-03-26T02:28:15.315141Z,10134.895,,,0x12CB40C48B0B23c8B9E9a012e1863b5225A5F311,INSURER,203,VIDEO,2,READ,
w32,2026-03-26T02:28:15.279600Z,10170.616,,,0x5d3d41FA5c381DAE4B6Bcdfd09862684aA5Ce3fd,ADJUSTER,168,VIDEO,2,READ,
w64,2026-03-26T02:28:15.293358Z,10157.068,,,0x26Ab584De439e6A70824Fd85dFdc1587DF5D1516,INSURER,163,VIDEO,2,READ,
w82,2026-03-26T02:28:16.239412Z,10189.944,,,0x2E3648461e7e88D00d60a2f635D34041487Ae4B0,COURT,233,VIDEO,2,READ,
w17,2026-03-26T02:28:16.220949Z,10208.967,,,0x8818DFB61c2A02e64c74DC651D2b8a152A170140,INSURER,89,VIDEO,2,READ,
w13,2026-03-26T02:28:16.195669Z,10234.823,,,0xaFc74D5a37Fc772BA03f377804Ff23eE80c3F0B6,GARAGE,93,VIDEO,2,READ,
w83,2026-03-26T02:28:16.251629Z,10179.339,,,0xAc46c6cb0d1d810573C55BcB67a854a313D89d5E,POLICE,147,VIDEO,2,READ,
w72,2026-03-26T02:28:16.207287Z,10224.313,,,0x9dd7F747E30a7Ab727D5AabeC1205fC6FF74891e,INSURER,145,VIDEO,2,READ,
w27,2026-03-26T02:28:16.255503Z,10176.864,,,0xe9BfB16581647fc6746A690dC658b56D114822f2,POLICE,209,VIDEO,2,READ,
w65,2026-03-26T02:28:16.192078Z,10241.034,,,0x61315e13CF193804B6c866AeC0205078E4C25a12,COURT,209,VIDEO,2,READ,
w70,2026-03-26T02:28:16.206311Z,10227.595,,,0x83e68Cac649872ca6135aDfEF9A944bbF908ef66,GARAGE,264,IMAGE,2,READ,
w30,2026-03-26T02:28:16.726035Z,10454.141,403,False,0x668803002755A42bB2BBAD8e73c43b3B5a03eC68,INSURER,323,IMAGE,2,READ,
w31,2026-03-26T02:28:16.727082Z,10454.063,403,False,0xc073597a01C3BD226F8723F8E91124b57b11BEc8,GARAGE,852,OTHER,1,READ,
w89,2026-03-26T02:28:16.728283Z,10453.531,403,False,0x90937Fa99BC935CfA2aDcB3C0dcde37a9a95af00,INSURER,461,IMAGE,2,READ,
w33,2026-03-26T02:28:16.731783Z,10450.695,403,False,0x90028B286fD1D933A9D4663B944477413d781ad9,COURT,696,MEDICAL_REPORT,5,READ,
w34,2026-03-26T02:28:16.733242Z,10450.478,403,False,0xe9BfB16581647fc6746A690dC658b56D114822f2,POLICE,345,IMAGE,2,READ,
w35,2026-03-26T02:28:16.734598Z,10449.686,403,False,0xa09383266c25808Ea3362D5DaE160528bB5Fb130,POLICE,285,IMAGE,2,READ,
w37,2026-03-26T02:28:16.746911Z,10437.851,403,False,0xfaB598AD02177fA240d67eae46e2BBf26ba64810,ADJUSTER,680,MEDICAL_REPORT,5,READ,
w95,2026-03-26T02:28:16.747576Z,10438.509,403,False,0xA2Be70fFcf3281293C1C8Cf71648070736aFEB70,INSURER,824,TELEMATICS,3,READ,
w96,2026-03-26T02:28:16.748805Z,10437.978,403,False,0xA92D4979eB98ad7361AD95Ad1182a54449C093eB,INSURER,910,OTHER,1,READ,
w41,2026-03-26T02:28:16.751304Z,10543.941,403,False,0xE49f69335d2600b7983983725650eEc85f260b0E,INSURER,958,OTHER,1,READ,
w98,2026-03-26T02:28:16.761923Z,10534.775,403,False,0x2a44EF6977ec44cB5c6ad5038E54C761723DB5E9,INSURER,607,FNOL,4,READ,
w42,2026-03-26T02:28:16.763990Z,10533.667,403,False,0x9dd7F747E30a7Ab727D5AabeC1205fC6FF74891e,INSURER,971,OTHER,1,READ,
w99,2026-03-26T02:28:16.764536Z,10533.496,403,False,0xd9A6B19e054ef53852110104f8251e86d57f88fe,INSURER,596,FNOL,4,READ,
w3,2026-03-26T02:28:16.765176Z,10539.824,403,False,0x0faad82B330120b20f18ed21fCD7C5e6865C2088,INSURER,757,TELEMATICS,3,READ,
w43,2026-03-26T02:28:16.765673Z,10539.933,403,False,0x90937Fa99BC935CfA2aDcB3C0dcde37a9a95af00,INSURER,937,OTHER,1,READ,
w44,2026-03-26T02:28:16.777927Z,10528.116,403,False,0xB6920469504adDf687AfCe890A39E6EBF76cF88E,POLICE,669,MEDICAL_REPORT,5,READ,
w45,2026-03-26T02:28:16.778546Z,10528.071,403,False,0xe29a4A0F7cc642F4654E70D8217eDDD2237e5b7f,ADJUSTER,413,IMAGE,2,READ,
w46,2026-03-26T02:28:16.779497Z,10527.712,403,False,0x3fC3662b6AbB721C5A8739eBc22914C534242aC2,GARAGE,700,MEDICAL_REPORT,5,READ,
w5,2026-03-26T02:28:16.781249Z,10526.716,403,False,0x3F80f29E8ee7BD7ab795eaa0ea5834F45d8b4f36,ADJUSTER,519,MEDICAL_REPORT,5,READ,
w49,2026-03-26T02:28:16.794145Z,10514.504,403,False,0xD1ff571869D0436cC7b43A2a2c156085F4c5Efeb,ADJUSTER,496,IMAGE,2,READ,
w50,2026-03-26T02:28:16.794821Z,10514.398,403,False,0x2E3648461e7e88D00d60a2f635D34041487Ae4B0,COURT,660,FNOL,4,READ,
w53,2026-03-26T02:28:16.796221Z,10513.463,403,False,0xd0689a028421dC6615C8E2A65363C35d34DCe4CC,COURT,643,MEDICAL_REPORT,5,READ,
w9,2026-03-26T02:28:16.798426Z,10511.693,403,False,0x3F80f29E8ee7BD7ab795eaa0ea5834F45d8b4f36,ADJUSTER,977,OTHER,1,READ,
w59,2026-03-26T02:28:16.798978Z,10511.605,403,False,0x1ed7D08B1bc117C8039A09D7469dCD6b7119ec85,POLICE,835,TELEMATICS,3,READ,
w60,2026-03-26T02:28:16.810508Z,10500.700,403,False,0x3539040e9A7AA2F3eb932f8a6523DA9ED746160F,GARAGE,816,TELEMATICS,3,READ,
w11,2026-03-26T02:28:16.811161Z,10500.658,403,False,0x2b2d95E89Db8d5C9D7a789205F735fffB7738f31,INSURER,415,IMAGE,2,READ,
w61,2026-03-26T02:28:16.813100Z,10499.449,403,False,0x71012eDE103b9A85faF1F8b952361232E5A73b6d,COURT,521,MEDICAL_REPORT,5,READ,
w63,2026-03-26T02:28:17.047787Z,10335.069,403,False,0xa09383266c25808Ea3362D5DaE160528bB5Fb130,POLICE,996,OTHER,1,READ,
w21,2026-03-26T02:28:17.050583Z,10333.206,403,False,0x59e91027b0aBD6B839408f96360A4ca0Dc596a98,ADJUSTER,524,MEDICAL_REPORT,5,READ,
w22,2026-03-26T02:28:17.051471Z,10346.669,403,False,0x09fA524FB632b6004cb5b61705D1Ac8346f5C956,ADJUSTER,339,IMAGE,2,READ,
w23,2026-03-26T02:28:17.052598Z,10346.323,403,False,0x38cBa880d4427ccC9Db01c3d1E1629eC61458b52,COURT,483,IMAGE,2,READ,
w24,2026-03-26T02:28:17.053332Z,10346.242,403,False,0xB7953144C083a54D89d9e4eCB7A2A4151D4007E0,REGULATOR,641,MEDICAL_REPORT,5,READ,
w26,2026-03-26T02:28:17.054153Z,10349.185,403,False,0xD74Bb4A9C118bf6bC73Be08B90542dAab12c5FAe,INSURER,935,OTHER,1,READ,
w12,2026-03-26T02:28:17.054813Z,10349.535,403,False,0x763BeD60093Bc3ad989d0E71724B8a30f6629Bf2,ADJUSTER,514,FNOL,4,READ,
w67,2026-03-26T02:28:17.055466Z,10349.719,403,False,0x81946b335d2Cf70a427E23b92bCcC1ACcDDB118A,INSURER,279,IMAGE,2,READ,
w68,2026-03-26T02:28:17.056031Z,10349.721,403,False,0x61315e13CF193804B6c866AeC0205078E4C25a12,COURT,453,IMAGE,2,READ,
w71,2026-03-26T02:28:17.056548Z,10349.794,403,False,0x9dd7F747E30a7Ab727D5AabeC1205fC6FF74891e,INSURER,268,IMAGE,2,READ,
w15,2026-03-26T02:28:17.057212Z,10351.621,403,False,0xD6DBE4E8f9f2C043d9D69340C893CDc79e6cEaB1,ADJUSTER,349,IMAGE,2,READ,
w66,2026-03-26T02:28:17.048704Z,10380.652,,,0x074bE6382e1bAD6f8957dEED880345Efc1bDC58C,POLICE,30,VIDEO,2,READ,
w88,2026-03-26T02:28:16.727700Z,10702.661,,,0xc9d8268D9C81BA4cF1DBbA40D6dD31d9d29BFe87,COURT,138,VIDEO,2,READ,
w84,2026-03-26T02:28:17.266399Z,10164.701,,,0x5a73100273e2F91b8379DcaEe7505e5294ECd09E,INSURER,678,FNOL,4,READ,
w54,2026-03-26T02:28:16.796716Z,10635.118,,,0xD8859a86a30f76f3bB902c5710A4172bd799658c,INSURER,65,VIDEO,2,READ,
w73,2026-03-26T02:28:17.157209Z,10275.471,,,0x904b7a5cb6e3AAb09C26C16DF2E979FE130D0889,ADJUSTER,457,IMAGE,2,READ,
w47,2026-03-26T02:28:16.780363Z,10653.012,,,0xf35E98eF2f18881395aAf1Ef3ffB3f31d4b20C25,INSURER,169,VIDEO,2,READ,
w57,2026-03-26T02:28:16.797891Z,10636.332,,,0x6793787989bC3CD4C54f44099Dc75Fb05503EC65,GARAGE,51,VIDEO,2,READ,
w56,2026-03-26T02:28:16.797268Z,10637.648,,,0x11d0837E47B208389bc698030a678Bc9261f8156,INSURER,117,VIDEO,2,READ,
w90,2026-03-26T02:28:16.730457Z,10706.563,,,0x85f013a2fE4D618643C6918f0dA731aA62b93420,GARAGE,25,VIDEO,2,READ,
w52,2026-03-26T02:28:16.795517Z,10642.207,,,0x54cFafA03b3780b2bEc02Ba688A6DB581b30e82F,POLICE,194,VIDEO,2,READ,
w92,2026-03-26T02:28:16.733934Z,10704.396,,,0xD9D6cdEd999CB9B2EC63a0b734693f9a664C9F65,INSURER,264,IMAGE,2,READ,
w75,2026-03-26T02:28:17.159564Z,10279.311,,,0xD74Bb4A9C118bf6bC73Be08B90542dAab12c5FAe,INSURER,937,OTHER,1,READ,
w91,2026-03-26T02:28:16.732503Z,10707.751,,,0x97e7867Ce5d3E2726b779578c7097DBB50CbDB95,INSURER,91,VIDEO,2,READ,
w87,2026-03-26T02:28:17.277549Z,10163.847,,,0x68a330775019D52b44455B42704E8ad360Bc617E,GARAGE,776,TELEMATICS,3,READ,
w86,2026-03-26T02:28:17.268221Z,10173.870,,,0x8818DFB61c2A02e64c74DC651D2b8a152A170140,INSURER,783,TELEMATICS,3,READ,
w16,2026-03-26T02:28:17.158047Z,10284.729,,,0x5d3d41FA5c381DAE4B6Bcdfd09862684aA5Ce3fd,ADJUSTER,629,FNOL,4,READ,
w79,2026-03-26T02:28:17.175936Z,10267.406,,,0xa59ECFb410CCB56f80640CFCfAe5726121Ab2cfa,REGULATOR,946,OTHER,1,READ,
w1,2026-03-26T02:28:16.750645Z,10693.885,,,0x005fc769438eD21e72915650ea3d0Bd0779E1d56,ADJUSTER,252,IMAGE,2,READ,
w29,2026-03-26T02:28:17.269027Z,10176.430,,,0x81946b335d2Cf70a427E23b92bCcC1ACcDDB118A,INSURER,475,IMAGE,2,READ,
w80,2026-03-26T02:28:17.176685Z,10269.880,,,0x36599004C3aC0Aa715a49186455E90556EA805cE,GARAGE,565,MEDICAL_REPORT,5,READ,
w14,2026-03-26T02:28:17.049849Z,10404.375,,,0x3539040e9A7AA2F3eb932f8a6523DA9ED746160F,GARAGE,264,IMAGE,2,READ,
w40,2026-03-26T02:28:16.750046Z,10705.004,,,0xfC435D0E00Ae6D11E5Bb3A9cd461B915Edc17F59,REGULATOR,138,VIDEO,2,READ,
w69,2026-03-26T02:28:17.049323Z,10409.110,,,0x0D7022eA8E23540fb4DCD302f796E37E70C4ee18,ADJUSTER,153,VIDEO,2,READ,
w81,2026-03-26T02:28:17.178131Z,10310.219,,,0x8d1A0bE126b91823D8E5E215116c9351922277f7,INSURER,75,VIDEO,2,READ,
w25,2026-03-26T02:28:17.265253Z,10223.695,,,0x9e27Ca8f24DA387fa26EB31284B2cee849f4fDb8,INSURER,623,MEDICAL_REPORT,5,READ,
w85,2026-03-26T02:28:17.267132Z,10222.428,,,0xe4Ff9366F4FF38f071D95aA48d3DB306E70De577,POLICE,758,TELEMATICS,3,READ,
w38,2026-03-26T02:28:16.748179Z,10742.013,,,0xD45c19e5e5E1f56DFD5EF10a0DBdBeE64Bb94C5E,POLICE,205,VIDEO,2,READ,
w74,2026-03-26T02:28:17.158949Z,10332.087,,,0xD9D6cdEd999CB9B2EC63a0b734693f9a664C9F65,INSURER,451,IMAGE,2,READ,
w77,2026-03-26T02:28:17.162933Z,10333.013,,,0x33733bc2AFfA696339eACE63a29db0850Bae08C6,COURT,45,VIDEO,2,READ,
w76,2026-03-26T02:28:17.161039Z,10336.913,,,0x58546e800Dd5EE7E99f22ecB7344138B6dFF55Ce,INSURER,822,TELEMATICS,3,READ,
w0,2026-03-26T02:28:16.811692Z,10687.126,,,0x09fA524FB632b6004cb5b61705D1Ac8346f5C956,ADJUSTER,165,VIDEO,2,READ,
w19,2026-03-26T02:28:17.162145Z,10337.557,,,0x828c0FD3Ed54b03A52e62470aF331e95A50BCf09,POLICE,995,OTHER,1,READ,
w62,2026-03-26T02:28:16.812224Z,10688.353,,,0x005fc769438eD21e72915650ea3d0Bd0779E1d56,ADJUSTER,243,VIDEO,2,READ,
w78,2026-03-26T02:28:17.174659Z,10326.705,,,0x33733bc2AFfA696339eACE63a29db0850Bae08C6,COURT,965,OTHER,1,READ,
w39,2026-03-26T02:28:16.749422Z,10758.902,,,0xfaB598AD02177fA240d67eae46e2BBf26ba64810,ADJUSTER,232,VIDEO,2,READ,
w28,2026-03-26T02:28:17.267699Z,10241.240,,,0xB6920469504adDf687AfCe890A39E6EBF76cF88E,POLICE,860,OTHER,1,READ,
w18,2026-03-26T02:28:17.160290Z,10349.365,,,0xF44A9B02ECE32ED838D00FD3Ce799F3256367eE3,INSURER,375,IMAGE,2,READ,
w20,2026-03-26T02:28:17.173899Z,10336.462,,,0xDce410211947791510C6ABE09E20663d9934397A,INSURER,201,VIDEO,2,READ,
w36,2026-03-26T02:28:25.448028Z,2253.891,403,False,0x074bE6382e1bAD6f8957dEED880345Efc1bDC58C,POLICE,282,IMAGE,2,READ,
w6,2026-03-26T02:28:25.437054Z,2265.769,403,False,0x3539040e9A7AA2F3eb932f8a6523DA9ED746160F,GARAGE,366,IMAGE,2,READ,
w97,2026-03-26T02:28:25.442765Z,2260.917,403,False,0x3439804Aa24202062144D2208cAD3E29C04d6CfC,POLICE,454,IMAGE,2,READ,
w48,2026-03-26T02:28:25.442321Z,2263.396,403,False,0x9A79C72a6b8A1a6F62B7D42810fA4D7d292395BC,POLICE,439,IMAGE,2,READ,
w55,2026-03-26T02:28:25.439738Z,2266.682,403,False,0x2E3A06358fFBF425bdBFB9D46d36F4C62cB2C752,ADJUSTER,640,FNOL,4,READ,
w32,2026-03-26T02:28:25.450236Z,2258.377,403,False,0x8818DFB61c2A02e64c74DC651D2b8a152A170140,INSURER,826,TELEMATICS,3,READ,
w64,2026-03-26T02:28:25.450435Z,2259.042,403,False,0x4bde32504e100aaF1Db477c3F0AF1C01be0d3003,POLICE,712,TELEMATICS,3,READ,
w58,2026-03-26T02:28:25.438528Z,2273.957,403,False,0xD74Bb4A9C118bf6bC73Be08B90542dAab12c5FAe,INSURER,548,FNOL,4,READ,
w94,2026-03-26T02:28:25.444224Z,2269.271,403,False,0x6aFB84B7d3D55C3019fC8120397eabD8507b6877,GARAGE,654,FNOL,4,READ,
w7,2026-03-26T02:28:25.448849Z,2265.241,403,False,0xD8859a86a30f76f3bB902c5710A4172bd799658c,INSURER,979,OTHER,1,READ,
w2,2026-03-26T02:28:25.436517Z,2278.143,403,False,0x99F976CEeE5D5d44F2838f3c8d7c188f183c11E8,COURT,879,OTHER,1,READ,
w82,2026-03-26T02:28:26.429377Z,1390.501,403,False,0x86A27669Dc5B6bA6693B7eBf3cF194eB8C1Ba6a1,INSURER,807,TELEMATICS,3,READ,
w17,2026-03-26T02:28:26.429930Z,1391.369,403,False,0x84201FaB00444122Be75C109644920B9462cD92d,INSURER,998,OTHER,1,READ,
w83,2026-03-26T02:28:26.430984Z,1391.195,403,False,0xC60A6C8Fe339e01d6E76d91B0650A99bd0eA77F1,POLICE,406,IMAGE,2,READ,
w72,2026-03-26T02:28:26.431621Z,1391.293,403,False,0x724d89D8ad84494De12a74615cd5bFFEf3eA18aA,ADJUSTER,944,OTHER,1,READ,
w27,2026-03-26T02:28:26.432389Z,1391.020,403,False,0x2d463F869E51337B7a301382Cc76B1960D09BAd7,ADJUSTER,501,MEDICAL_REPORT,5,READ,
w65,2026-03-26T02:28:26.433137Z,1391.146,403,False,0x9e27Ca8f24DA387fa26EB31284B2cee849f4fDb8,INSURER,528,FNOL,4,READ,
w30,2026-03-26T02:28:27.180204Z,745.343,403,False,0x11d0837E47B208389bc698030a678Bc9261f8156,INSURER,679,FNOL,4,READ,
w31,2026-03-26T02:28:27.181170Z,744.878,403,False,0xCe261d45B20f7c1ACaE3eAf693D957b5D99D42BD,REGULATOR,709,TELEMATICS,3,READ,
w89,2026-03-26T02:28:27.181835Z,744.605,403,False,0x2FFDEE64f54829571565E7991764e0c0B2D31B16,INSURER,399,IMAGE,2,READ,
w33,2026-03-26T02:28:27.182500Z,746.516,403,False,0xaFc74D5a37Fc772BA03f377804Ff23eE80c3F0B6,GARAGE,761,TELEMATICS,3,READ,
w34,2026-03-26T02:28:27.183743Z,745.839,403,False,0x5d47D10E5aaDa092c97f77a2011d225a54e888dE,INSURER,871,OTHER,1,READ,
w35,2026-03-26T02:28:27.184303Z,745.802,403,False,0x005fc769438eD21e72915650ea3d0Bd0779E1d56,ADJUSTER,819,TELEMATICS,3,READ,
w37,2026-03-26T02:28:27.184781Z,752.252,403,False,0x8818DFB61c2A02e64c74DC651D2b8a152A170140,INSURER,575,FNOL,4,READ,
w95,2026-03-26T02:28:27.186108Z,751.741,403,False,0x7036A61a0c4486ca1acA322940DFE746a02EdBF7,INSURER,841,TELEMATICS,3,READ,
w96,2026-03-26T02:28:27.186805Z,751.694,403,False,0xACeC85e12d17bE03cf4d9ac50Db46392aC26A13A,GARAGE,650,FNOL,4,READ,
w41,2026-03-26T02:28:27.295268Z,735.232,403,False,0x3539040e9A7AA2F3eb932f8a6523DA9ED746160F,GARAGE,895,OTHER,1,READ,
w98,2026-03-26T02:28:27.296756Z,737.195,403,False,0x808e36854e0010681FFdE8f615E4a0967A544c06,INSURER,813,TELEMATICS,3,READ,
w99,2026-03-26T02:28:27.298047Z,737.162,403,False,0x034E07D329FcA8aC6b776699af54687288A7fe3E,ADJUSTER,497,IMAGE,2,READ,
w43,2026-03-26T02:28:27.305627Z,730.468,403,False,0x85CB40Edf798FBbfC3e1f8fBA9d60D3aDA9edc66,REGULATOR,446,IMAGE,2,READ,
w44,2026-03-26T02:28:27.306066Z,730.623,403,False,0x62198F0616394D6E59Acc14b43bbe6ABF2f67db8,ADJUSTER,780,TELEMATICS,3,READ,
w45,2026-03-26T02:28:27.306645Z,731.003,403,False,0xA92D4979eB98ad7361AD95Ad1182a54449C093eB,INSURER,999,OTHER,1,READ,
w46,2026-03-26T02:28:27.307235Z,732.887,403,False,0x387bB796cDb51d56531031d8f74b6b071370F649,INSURER,886,OTHER,1,READ,
w5,2026-03-26T02:28:27.307998Z,735.523,403,False,0x20060De9B531866f987DE7123AAb09E3Df40B650,INSURER,566,MEDICAL_REPORT,5,READ,
w49,2026-03-26T02:28:27.308674Z,735.598,403,False,0x45c4F19a8C6e455e9647ad8aD8a9A9c7733b6Bad,INSURER,485,IMAGE,2,READ,
w50,2026-03-26T02:28:27.309264Z,735.917,403,False,0x55aC7E86FfE135500754bda7778b3749aE34930B,INSURER,344,IMAGE,2,READ,
w53,2026-03-26T02:28:27.309702Z,736.255,403,False,0x85ECA10226e8EE3Abb23B282bEBcfD147D3af353,POLICE,659,MEDICAL_REPORT,5,READ,
w9,2026-03-26T02:28:27.310137Z,741.093,403,False,0x10e284843829f15F74cE6E0abD20284341c6DB9A,INSURER,736,TELEMATICS,3,READ,
w60,2026-03-26T02:28:27.311233Z,740.757,403,False,0xD8859a86a30f76f3bB902c5710A4172bd799658c,INSURER,915,OTHER,1,READ,
w11,2026-03-26T02:28:27.311840Z,741.887,403,False,0x9D7C8C9e23D36eC3BFff969f156405253162b9e0,ADJUSTER,593,FNOL,4,READ,
w22,2026-03-26T02:28:27.398168Z,757.899,403,False,0x81D5Aec6843c63328EB7A8D21A676abe6c3EB28b,COURT,879,OTHER,1,READ,
w24,2026-03-26T02:28:27.399601Z,757.255,403,False,0x7E270839240F84dCe86114e7c9A1B5C9751d5fc0,ADJUSTER,738,TELEMATICS,3,READ,
w26,2026-03-26T02:28:27.403365Z,754.064,403,False,0x0ab8d94B5Ad9dd3b2aE39785D87c48ef037fEeEe,INSURER,560,MEDICAL_REPORT,5,READ,
w12,2026-03-26T02:28:27.404372Z,753.991,403,False,0xcB1049e81CC805FeD8B469418aAd2A2A5fCc652A,INSURER,793,TELEMATICS,3,READ,
w71,2026-03-26T02:28:27.406364Z,777.312,403,False,0xa69B6a9c2ED6A394a404B91B851C1176b76370Fa,GARAGE,365,IMAGE,2,READ,
w66,2026-03-26T02:28:27.429387Z,882.219,403,False,0x49825196030134F6349A45D6c576684792207592,INSURER,858,OTHER,1,READ,
w88,2026-03-26T02:28:27.430411Z,882.188,403,False,0x1ed7D08B1bc117C8039A09D7469dCD6b7119ec85,POLICE,442,IMAGE,2,READ,
w84,2026-03-26T02:28:27.431155Z,883.055,403,False,0x3F80f29E8ee7BD7ab795eaa0ea5834F45d8b4f36,ADJUSTER,274,IMAGE,2,READ,
w54,2026-03-26T02:28:27.431864Z,883.179,403,False,0xACeC85e12d17bE03cf4d9ac50Db46392aC26A13A,GARAGE,658,MEDICAL_REPORT,5,READ,
w73,2026-03-26T02:28:27.432703Z,883.021,403,False,0x969F5C531FA570b10b873CE229E1D17C35c80b01,POLICE,463,IMAGE,2,READ,
w47,2026-03-26T02:28:27.433398Z,883.103,403,False,0x711f9Ba03b219CFED557d6c4077c783BdfBEC307,COURT,570,FNOL,4,READ,
w57,2026-03-26T02:28:27.434266Z,883.003,403,False,0x724d89D8ad84494De12a74615cd5bFFEf3eA18aA,ADJUSTER,972,OTHER,1,READ,
w56,2026-03-26T02:28:27.434937Z,882.899,403,False,0x4Bb9AC8aB8c9D213B9d89538B10C1016f8e66773,INSURER,765,TELEMATICS,3,READ,
w90,2026-03-26T02:28:27.437044Z,881.509,403,False,0x907C18fd7B2D156904bC5c25dD4542B69dfe6d54,ADJUSTER,309,IMAGE,2,READ,
w52,2026-03-26T02:28:27.437745Z,883.016,403,False,0x1a03927dCE7C5BDefcc351BCF06A554ABCDf2862,ADJUSTER,833,TELEMATICS,3,READ,
w92,2026-03-26T02:28:27.438350Z,885.690,403,False,0x814742D6773D55c02177ca64238a124D39d8CAd0,COURT,944,OTHER,1,READ,
w75,2026-03-26T02:28:27.438912Z,885.749,403,False,0x0faad82B330120b20f18ed21fCD7C5e6865C2088,INSURER,566,MEDICAL_REPORT,5,READ,
w86,2026-03-26T02:28:27.442113Z,883.221,403,False,0x62aEE2Fd1DE1f438B8c33F5C551d94d6cbD55160,POLICE,331,IMAGE,2,READ,
w16,2026-03-26T02:28:27.442796Z,883.496,403,False,0x2a44EF6977ec44cB5c6ad5038E54C761723DB5E9,INSURER,672,MEDICAL_REPORT,5,READ,
w79,2026-03-26T02:28:27.443379Z,883.492,403,False,0xB7953144C083a54D89d9e4eCB7A2A4151D4007E0,REGULATOR,402,IMAGE,2,READ,
w1,2026-03-26T02:28:27.444556Z,882.816,403,False,0x98568A32769F002C8A543cc7578A13516D5646a3,INSURER,352,IMAGE,2,READ,
w29,2026-03-26T02:28:27.445482Z,883.438,403,False,0x7E270839240F84dCe86114e7c9A1B5C9751d5fc0,ADJUSTER,775,TELEMATICS,3,READ,
w80,2026-03-26T02:28:27.446596Z,883.459,403,False,0xcB1049e81CC805FeD8B469418aAd2A2A5fCc652A,INSURER,592,FNOL,4,READ,
w14,2026-03-26T02:28:27.454248Z,876.348,403,False,0xE022AD1Cb2e3f18fD419769921D61166A5F80FB9,POLICE,443,IMAGE,2,READ,
w40,2026-03-26T02:28:27.455089Z,876.082,403,False,0x6aFB84B7d3D55C3019fC8120397eabD8507b6877,GARAGE,272,IMAGE,2,READ,
w69,2026-03-26T02:28:27.458455Z,873.253,403,False,0x2eda3233Edca92d3CC82824DE958CC1cCE3A80f4,POLICE,311,IMAGE,2,READ,
w25,2026-03-26T02:28:27.488968Z,843.237,403,False,0x6793787989bC3CD4C54f44099Dc75Fb05503EC65,GARAGE,896,OTHER,1,READ,
w85,2026-03-26T02:28:27.489578Z,843.201,403,False,0x0ab8d94B5Ad9dd3b2aE39785D87c48ef037fEeEe,INSURER,416,IMAGE,2,READ,
w38,2026-03-26T02:28:27.490235Z,844.144,403,False,0x68a330775019D52b44455B42704E8ad360Bc617E,GARAGE,496,IMAGE,2,READ,
w74,2026-03-26T02:28:27.491081Z,843.894,403,False,0xacc4fa5f6784C35C0da5bCBEa5f8e3fe401F6323,COURT,375,IMAGE,2,READ,
w77,2026-03-26T02:28:27.495991Z,839.658,403,False,0x7e44eb68D57cA35191576B6498CAC17b47001a2b,INSURER,329,IMAGE,2,READ,
w76,2026-03-26T02:28:27.497986Z,838.255,403,False,0x814742D6773D55c02177ca64238a124D39d8CAd0,COURT,449,IMAGE,2,READ,
w0,2026-03-26T02:28:27.498843Z,838.014,403,False,0xA0D16Db45A3E299D305623eB5499B19F75Fd2E79,COURT,603,FNOL,4,READ,
w62,2026-03-26T02:28:27.500601Z,839.162,403,False,0x10e284843829f15F74cE6E0abD20284341c6DB9A,INSURER,980,OTHER,1,READ,
w78,2026-03-26T02:28:27.501388Z,839.021,403,False,0x0B5dF81DC06Bb007c88E04eD2D6826Ca41cBB0A2,GARAGE,960,OTHER,1,READ,
w39,2026-03-26T02:28:27.508347Z,832.723,403,False,0xa59ECFb410CCB56f80640CFCfAe5726121Ab2cfa,REGULATOR,836,TELEMATICS,3,READ,
w28,2026-03-26T02:28:27.508958Z,842.702,403,False,0xa09383266c25808Ea3362D5DaE160528bB5Fb130,POLICE,547,FNOL,4,READ,
w18,2026-03-26T02:28:27.509698Z,842.604,403,False,0x7693A9f87027932864A045F6Ed756AA65fdeEc1c,INSURER,769,TELEMATICS,3,READ,
w93,2026-03-26T02:28:25.444616Z,3035.467,200,True,0x1ed7D08B1bc117C8039A09D7469dCD6b7119ec85,POLICE,185,VIDEO,2,READ,
w8,2026-03-26T02:28:25.447041Z,3033.844,200,True,0x6e2eda1263F3990130d14F0D25bc4b93d5d6D80C,REGULATOR,88,VIDEO,2,READ,
w51,2026-03-26T02:28:25.441527Z,3039.940,200,True,0x49Fc0F0951a6A354226EEdd0Ec69e2b1c69880E3,ADJUSTER,236,VIDEO,2,READ,
w4,2026-03-26T02:28:25.443785Z,3038.426,200,True,0x85CB40Edf798FBbfC3e1f8fBA9d60D3aDA9edc66,REGULATOR,163,VIDEO,2,READ,
w10,2026-03-26T02:28:25.444007Z,3038.881,200,True,0xa09383266c25808Ea3362D5DaE160528bB5Fb130,POLICE,172,VIDEO,2,READ,
w36,2026-03-26T02:28:27.701947Z,782.432,403,False,0xc30C588825d2d3c37cC645CB5f9D5138F2A54A85,POLICE,982,OTHER,1,READ,
w6,2026-03-26T02:28:27.702853Z,782.216,403,False,0xc78F8e87EFbf9675147C8824EF1242398372eFCC,COURT,644,MEDICAL_REPORT,5,READ,
w48,2026-03-26T02:28:27.705739Z,779.955,403,False,0xFc3a53f3055e68a2D5fE4aF7E5B5cF92e63F17e7,INSURER,473,IMAGE,2,READ,
w64,2026-03-26T02:28:27.709498Z,776.873,403,False,0xD74Bb4A9C118bf6bC73Be08B90542dAab12c5FAe,INSURER,570,FNOL,4,READ,
w58,2026-03-26T02:28:27.712510Z,774.561,403,False,0xD6DBE4E8f9f2C043d9D69340C893CDc79e6cEaB1,ADJUSTER,668,FNOL,4,READ,
w94,2026-03-26T02:28:27.713520Z,790.017,403,False,0x5d47D10E5aaDa092c97f77a2011d225a54e888dE,INSURER,563,FNOL,4,READ,
w7,2026-03-26T02:28:27.714112Z,790.342,403,False,0x20060De9B531866f987DE7123AAb09E3Df40B650,INSURER,588,MEDICAL_REPORT,5,READ,
w13,2026-03-26T02:28:26.430508Z,2116.270,200,True,0xB7953144C083a54D89d9e4eCB7A2A4151D4007E0,REGULATOR,62,VIDEO,2,READ,
w70,2026-03-26T02:28:26.433929Z,2113.599,200,True,0xd9A6B19e054ef53852110104f8251e86d57f88fe,INSURER,78,VIDEO,2,READ,
w82,2026-03-26T02:28:27.819912Z,732.436,403,False,0x4a28FD82865D1625ce719BbE1501981DBEb8775F,ADJUSTER,733,TELEMATICS,3,READ,
w17,2026-03-26T02:28:27.821328Z,731.817,403,False,0xF4B9B002569bC5998B1d5a2309EF921d2ca63BDd,INSURER,916,OTHER,1,READ,
w83,2026-03-26T02:28:27.822200Z,731.574,403,False,0x074bE6382e1bAD6f8957dEED880345Efc1bDC58C,POLICE,494,IMAGE,2,READ,
w72,2026-03-26T02:28:27.822936Z,731.501,403,False,0x7e44eb68D57cA35191576B6498CAC17b47001a2b,INSURER,808,TELEMATICS,3,READ,
w27,2026-03-26T02:28:27.823456Z,741.532,403,False,0xc30C588825d2d3c37cC645CB5f9D5138F2A54A85,POLICE,399,IMAGE,2,READ,
w65,2026-03-26T02:28:27.824306Z,741.597,403,False,0x0ab8d94B5Ad9dd3b2aE39785D87c48ef037fEeEe,INSURER,312,IMAGE,2,READ,
w30,2026-03-26T02:28:27.925569Z,685.371,403,False,0x3A7a82b4A46a2f934834Ca05381528d576A17a70,INSURER,580,FNOL,4,READ,
w31,2026-03-26T02:28:27.926066Z,685.787,403,False,0xAd32d7cB99dFce02DE8A0033cC5fea1262c9840C,INSURER,548,FNOL,4,READ,
w33,2026-03-26T02:28:27.929040Z,683.442,403,False,0xAB90A30F8DBAe40Fd6D9aA11cf1908F4CbC8432D,INSURER,713,TELEMATICS,3,READ,
w34,2026-03-26T02:28:27.929604Z,684.092,403,False,0x6e2eda1263F3990130d14F0D25bc4b93d5d6D80C,REGULATOR,279,IMAGE,2,READ,
w35,2026-03-26T02:28:27.930128Z,684.670,403,False,0x1a03927dCE7C5BDefcc351BCF06A554ABCDf2862,ADJUSTER,356,IMAGE,2,READ,
w37,2026-03-26T02:28:27.937062Z,678.958,403,False,0x86A27669Dc5B6bA6693B7eBf3cF194eB8C1Ba6a1,INSURER,934,OTHER,1,READ,
w95,2026-03-26T02:28:27.937878Z,682.088,403,False,0x5c07a06B115c15b04B988EA559f2FC152b87BE65,INSURER,339,IMAGE,2,READ,
w96,2026-03-26T02:28:27.938523Z,681.931,403,False,0x5d3d41FA5c381DAE4B6Bcdfd09862684aA5Ce3fd,ADJUSTER,377,IMAGE,2,READ,
w42,2026-03-26T02:28:27.297676Z,1491.742,200,True,0x49825196030134F6349A45D6c576684792207592,INSURER,152,VIDEO,2,READ,
w3,2026-03-26T02:28:27.305023Z,1489.905,200,True,0x23164e00C680c815A8886E437558C15425a21040,COURT,203,VIDEO,2,READ,
w41,2026-03-26T02:28:28.030523Z,765.075,403,False,0xa69B6a9c2ED6A394a404B91B851C1176b76370Fa,GARAGE,798,TELEMATICS,3,READ,
w99,2026-03-26T02:28:28.035240Z,761.190,403,False,0x5361cD9F3982091dD2C3e79FAb30707aD081b1AA,INSURER,718,TELEMATICS,3,READ,
w44,2026-03-26T02:28:28.036721Z,760.245,403,False,0x034E07D329FcA8aC6b776699af54687288A7fe3E,ADJUSTER,498,IMAGE,2,READ,
w59,2026-03-26T02:28:27.310614Z,1486.938,200,True,0x4a28FD82865D1625ce719BbE1501981DBEb8775F,ADJUSTER,116,VIDEO,2,READ,
w61,2026-03-26T02:28:27.312579Z,1485.511,200,True,0xe8425CD8D02275245734Aa5D064DD1F2B051fA27,INSURER,61,VIDEO,2,READ,
w46,2026-03-26T02:28:28.040149Z,820.804,403,False,0x24d4D3F0B5de5Fc46A77423dfb1E9b1037BC96a0,INSURER,995,OTHER,1,READ,
w5,2026-03-26T02:28:28.043544Z,818.227,403,False,0xe8425CD8D02275245734Aa5D064DD1F2B051fA27,INSURER,689,FNOL,4,READ,
w53,2026-03-26T02:28:28.045982Z,816.384,403,False,0x3Ce62c75582d14D54A1532D0Fd3fcA709D3AB012,ADJUSTER,777,TELEMATICS,3,READ,
w9,2026-03-26T02:28:28.051255Z,811.922,403,False,0xA92D4979eB98ad7361AD95Ad1182a54449C093eB,INSURER,323,IMAGE,2,READ,
w60,2026-03-26T02:28:28.052013Z,811.803,403,False,0x89536950F14FD6E0f52C88C17D5A8d27A19f7635,INSURER,940,OTHER,1,READ,
w11,2026-03-26T02:28:28.053754Z,823.642,403,False,0x828c0FD3Ed54b03A52e62470aF331e95A50BCf09,POLICE,692,FNOL,4,READ,
w63,2026-03-26T02:28:27.382885Z,1495.220,200,True,0xC60A6C8Fe339e01d6E76d91B0650A99bd0eA77F1,POLICE,181,VIDEO,2,READ,
w21,2026-03-26T02:28:27.383811Z,1494.810,200,True,0x5c07a06B115c15b04B988EA559f2FC152b87BE65,INSURER,105,VIDEO,2,READ,
w23,2026-03-26T02:28:27.398970Z,1548.318,200,True,0xe8425CD8D02275245734Aa5D064DD1F2B051fA27,INSURER,193,VIDEO,2,READ,
w67,2026-03-26T02:28:27.405218Z,1542.770,200,True,0xa7eF2a6f2A3eb7A7472DAD889d17dEa48faBca1a,INSURER,201,VIDEO,2,READ,
w22,2026-03-26T02:28:28.156091Z,792.574,403,False,0x1Bc44f70234E2a0FBCb744E2abF6F6931BA6231F,INSURER,963,OTHER,1,READ,
w24,2026-03-26T02:28:28.156879Z,793.047,403,False,0x2eda3233Edca92d3CC82824DE958CC1cCE3A80f4,POLICE,473,IMAGE,2,READ,
w12,2026-03-26T02:28:28.158389Z,792.214,403,False,0x1a03927dCE7C5BDefcc351BCF06A554ABCDf2862,ADJUSTER,622,FNOL,4,READ,
w68,2026-03-26T02:28:27.405800Z,1574.887,200,True,0xF92d6f9F9322A08d7548d2be3FFFfa7E9307bfF7,POLICE,48,VIDEO,2,READ,
w15,2026-03-26T02:28:27.408864Z,1572.900,200,True,0x668803002755A42bB2BBAD8e73c43b3B5a03eC68,INSURER,153,VIDEO,2,READ,
w71,2026-03-26T02:28:28.183725Z,798.692,403,False,0x89536950F14FD6E0f52C88C17D5A8d27A19f7635,INSURER,877,OTHER,1,READ,
w91,2026-03-26T02:28:27.440279Z,1616.353,200,True,0x7E270839240F84dCe86114e7c9A1B5C9751d5fc0,ADJUSTER,219,VIDEO,2,READ,
w87,2026-03-26T02:28:27.441419Z,1615.985,200,True,0xAd32d7cB99dFce02DE8A0033cC5fea1262c9840C,INSURER,191,VIDEO,2,READ,
w81,2026-03-26T02:28:27.488373Z,1569.703,200,True,0x0faad82B330120b20f18ed21fCD7C5e6865C2088,INSURER,256,IMAGE,2,READ,
w19,2026-03-26T02:28:27.499744Z,1559.006,200,True,0x1ed7D08B1bc117C8039A09D7469dCD6b7119ec85,POLICE,127,VIDEO,2,READ,
w88,2026-03-26T02:28:28.312620Z,750.853,403,False,0x6B44eD6B1692CB06047271f02833671D89f1a4E7,INSURER,944,OTHER,1,READ,
w84,2026-03-26T02:28:28.314270Z,750.009,403,False,0xB6eA80cE3349885Ebe955de74Db37883Bb9CB5B9,GARAGE,522,FNOL,4,READ,
w54,2026-03-26T02:28:28.315066Z,750.712,403,False,0x9f37E319F5290Da8b5C5Cb33369dc41B4E185AB5,ADJUSTER,881,OTHER,1,READ,
w47,2026-03-26T02:28:28.316524Z,756.213,403,False,0xD9D6cdEd999CB9B2EC63a0b734693f9a664C9F65,INSURER,676,FNOL,4,READ,
w57,2026-03-26T02:28:28.317292Z,755.982,403,False,0x97e7867Ce5d3E2726b779578c7097DBB50CbDB95,INSURER,551,MEDICAL_REPORT,5,READ,
w56,2026-03-26T02:28:28.317860Z,756.058,403,False,0x45c4F19a8C6e455e9647ad8aD8a9A9c7733b6Bad,INSURER,750,TELEMATICS,3,READ,
w20,2026-03-26T02:28:27.510383Z,1564.233,200,True,0xB6920469504adDf687AfCe890A39E6EBF76cF88E,POLICE,37,VIDEO,2,READ,
w90,2026-03-26T02:28:28.318577Z,756.741,403,False,0x3439804Aa24202062144D2208cAD3E29C04d6CfC,POLICE,564,MEDICAL_REPORT,5,READ,
w52,2026-03-26T02:28:28.320839Z,755.321,403,False,0x969F5C531FA570b10b873CE229E1D17C35c80b01,POLICE,309,IMAGE,2,READ,
w92,2026-03-26T02:28:28.324069Z,753.125,403,False,0x68a330775019D52b44455B42704E8ad360Bc617E,GARAGE,420,IMAGE,2,READ,
w75,2026-03-26T02:28:28.324688Z,753.103,403,False,0x5361cD9F3982091dD2C3e79FAb30707aD081b1AA,INSURER,947,OTHER,1,READ,
w86,2026-03-26T02:28:28.325362Z,752.976,403,False,0x808e36854e0010681FFdE8f615E4a0967A544c06,INSURER,697,MEDICAL_REPORT,5,READ,
w16,2026-03-26T02:28:28.326317Z,752.724,403,False,0x81946b335d2Cf70a427E23b92bCcC1ACcDDB118A,INSURER,893,OTHER,1,READ,
w79,2026-03-26T02:28:28.326894Z,861.119,403,False,0xE022AD1Cb2e3f18fD419769921D61166A5F80FB9,POLICE,956,OTHER,1,READ,
w1,2026-03-26T02:28:28.327391Z,861.429,403,False,0x3391d15CCe51D9F0a877840266E4784c3b30dF24,POLICE,450,IMAGE,2,READ,
w80,2026-03-26T02:28:28.330078Z,861.943,403,False,0x86A27669Dc5B6bA6693B7eBf3cF194eB8C1Ba6a1,INSURER,473,IMAGE,2,READ,
w40,2026-03-26T02:28:28.331206Z,861.879,403,False,0x5d47D10E5aaDa092c97f77a2011d225a54e888dE,INSURER,311,IMAGE,2,READ,
w25,2026-03-26T02:28:28.332226Z,861.762,403,False,0x38cBa880d4427ccC9Db01c3d1E1629eC61458b52,COURT,990,OTHER,1,READ,
w85,2026-03-26T02:28:28.333046Z,862.139,403,False,0x61315e13CF193804B6c866AeC0205078E4C25a12,COURT,757,TELEMATICS,3,READ,
w38,2026-03-26T02:28:28.334401Z,861.527,403,False,0xc073597a01C3BD226F8723F8E91124b57b11BEc8,GARAGE,891,OTHER,1,READ,
w76,2026-03-26T02:28:28.336265Z,860.295,403,False,0x23164e00C680c815A8886E437558C15425a21040,COURT,325,IMAGE,2,READ,
w0,2026-03-26T02:28:28.336884Z,860.263,403,False,0xa09383266c25808Ea3362D5DaE160528bB5Fb130,POLICE,765,TELEMATICS,3,READ,
w62,2026-03-26T02:28:28.339788Z,857.845,403,False,0x1Bc44f70234E2a0FBCb744E2abF6F6931BA6231F,INSURER,987,OTHER,1,READ,
w78,2026-03-26T02:28:28.340468Z,857.794,403,False,0x8818DFB61c2A02e64c74DC651D2b8a152A170140,INSURER,918,OTHER,1,READ,
w28,2026-03-26T02:28:28.351683Z,851.498,403,False,0x904b7a5cb6e3AAb09C26C16DF2E979FE130D0889,ADJUSTER,348,IMAGE,2,READ,
w18,2026-03-26T02:28:28.352367Z,852.409,403,False,0x27Dd09F461d60E509B253B64B9C618ade0B207c2,INSURER,451,IMAGE,2,READ,
w97,2026-03-26T02:28:27.704711Z,1564.200,200,True,0x4e3024d505B55f3da9f0D7B3a7319EDF7CBAdAdc,INSURER,37,VIDEO,2,READ,
w55,2026-03-26T02:28:27.706441Z,1563.040,200,True,0x5dBb83D0d96c168133412CC6e93a25a61Bfb8599,INSURER,95,VIDEO,2,READ,
w32,2026-03-26T02:28:27.708655Z,1561.626,200,True,0x2FFDEE64f54829571565E7991764e0c0B2D31B16,INSURER,159,VIDEO,2,READ,
w93,2026-03-26T02:28:28.480107Z,790.761,403,False,0x074bE6382e1bAD6f8957dEED880345Efc1bDC58C,POLICE,338,IMAGE,2,READ,
w51,2026-03-26T02:28:28.481489Z,789.891,403,False,0x2FFDEE64f54829571565E7991764e0c0B2D31B16,INSURER,657,MEDICAL_REPORT,5,READ,
w4,2026-03-26T02:28:28.482236Z,790.713,403,False,0x387bB796cDb51d56531031d8f74b6b071370F649,INSURER,975,OTHER,1,READ,
w10,2026-03-26T02:28:28.482918Z,794.860,403,False,0x6aFB84B7d3D55C3019fC8120397eabD8507b6877,GARAGE,870,OTHER,1,READ,
w36,2026-03-26T02:28:28.484409Z,793.725,403,False,0xD6DBE4E8f9f2C043d9D69340C893CDc79e6cEaB1,ADJUSTER,499,IMAGE,2,READ,
w48,2026-03-26T02:28:28.485717Z,792.852,403,False,0x034E07D329FcA8aC6b776699af54687288A7fe3E,ADJUSTER,563,FNOL,4,READ,
w64,2026-03-26T02:28:28.486401Z,792.930,403,False,0x6e492Bff2B5Fc2351eF247518a6dCD98479E018C,POLICE,496,IMAGE,2,READ,
w58,2026-03-26T02:28:28.487093Z,793.822,403,False,0xa69B6a9c2ED6A394a404B91B851C1176b76370Fa,GARAGE,917,OTHER,1,READ,
w2,2026-03-26T02:28:27.714683Z,1577.103,200,True,0x23164e00C680c815A8886E437558C15425a21040,COURT,77,VIDEO,2,READ,
w94,2026-03-26T02:28:28.503568Z,789.120,403,False,0xB3eC418F3094778ae76FC8F0a97898435F0F1768,ADJUSTER,827,TELEMATICS,3,READ,
w7,2026-03-26T02:28:28.504519Z,789.079,403,False,0xce923F1c1B6DE1A03f42cC378185B0BCCD65256e,POLICE,985,OTHER,1,READ,
w13,2026-03-26T02:28:28.546805Z,781.724,403,False,0x2b2d95E89Db8d5C9D7a789205F735fffB7738f31,INSURER,829,TELEMATICS,3,READ,
w70,2026-03-26T02:28:28.547551Z,781.767,403,False,0xc073597a01C3BD226F8723F8E91124b57b11BEc8,GARAGE,318,IMAGE,2,READ,
w82,2026-03-26T02:28:28.552371Z,778.897,403,False,0x98347d3bFE3F67dc6ee387CF9C8DE40578347681,ADJUSTER,878,OTHER,1,READ,
w83,2026-03-26T02:28:28.553828Z,778.515,403,False,0x85f013a2fE4D618643C6918f0dA731aA62b93420,GARAGE,694,MEDICAL_REPORT,5,READ,
w72,2026-03-26T02:28:28.554460Z,778.605,403,False,0x38cBa880d4427ccC9Db01c3d1E1629eC61458b52,COURT,585,MEDICAL_REPORT,5,READ,
w27,2026-03-26T02:28:28.565014Z,771.877,403,False,0x2C633fcDe1FC84a3cab453082dd753A56206d5a5,ADJUSTER,541,MEDICAL_REPORT,5,READ,
w65,2026-03-26T02:28:28.565934Z,771.595,403,False,0x5d3d41FA5c381DAE4B6Bcdfd09862684aA5Ce3fd,ADJUSTER,754,TELEMATICS,3,READ,
w89,2026-03-26T02:28:27.926459Z,1449.068,200,True,0x904b7a5cb6e3AAb09C26C16DF2E979FE130D0889,ADJUSTER,170,VIDEO,2,READ,
w30,2026-03-26T02:28:28.610969Z,765.381,403,False,0xD8859a86a30f76f3bB902c5710A4172bd799658c,INSURER,808,TELEMATICS,3,READ,
w31,2026-03-26T02:28:28.611876Z,765.089,403,False,0x106A9Ba6bde37edc0BadcA9D48C8F8dF69524AD3,INSURER,514,FNOL,4,READ,
w33,2026-03-26T02:28:28.612504Z,765.147,403,False,0x88982eB8A9a596fA186A12b47f4F905A2c7516d6,COURT,949,OTHER,1,READ,
w34,2026-03-26T02:28:28.613727Z,764.624,403,False,0xc560606Bd2B90Feea8BaAB3270Efd65c17422Ad3,ADJUSTER,967,OTHER,1,READ,
w37,2026-03-26T02:28:28.616119Z,762.795,403,False,0x5CBf5c5AcCf319E51A3261361f38b9b09D3A0Cdf,INSURER,393,IMAGE,2,READ,
w95,2026-03-26T02:28:28.620004Z,765.759,403,False,0x97e7867Ce5d3E2726b779578c7097DBB50CbDB95,INSURER,384,IMAGE,2,READ,
w96,2026-03-26T02:28:28.620474Z,765.944,403,False,0x9f37E319F5290Da8b5C5Cb33369dc41B4E185AB5,ADJUSTER,730,TELEMATICS,3,READ,
w98,2026-03-26T02:28:28.033977Z,1386.203,200,True,0x2a44EF6977ec44cB5c6ad5038E54C761723DB5E9,INSURER,233,VIDEO,2,READ,
w43,2026-03-26T02:28:28.036120Z,1384.960,200,True,0x221D1a7739dA73BA8B191C14399776D9C63E6e8F,INSURER,178,VIDEO,2,READ,
w42,2026-03-26T02:28:28.789443Z,632.294,403,False,0xC0B54dC53B9A14ad6199dbB75383AcEe7B50414B,ADJUSTER,898,OTHER,1,READ,
w3,2026-03-26T02:28:28.794958Z,630.477,403,False,0x83e68Cac649872ca6135aDfEF9A944bbF908ef66,GARAGE,484,IMAGE,2,READ,
w41,2026-03-26T02:28:28.795622Z,630.546,403,False,0xB3eC418F3094778ae76FC8F0a97898435F0F1768,ADJUSTER,689,FNOL,4,READ,
w99,2026-03-26T02:28:28.796454Z,630.351,403,False,0x5d3d41FA5c381DAE4B6Bcdfd09862684aA5Ce3fd,ADJUSTER,894,OTHER,1,READ,
w44,2026-03-26T02:28:28.796989Z,630.355,403,False,0x97e7867Ce5d3E2726b779578c7097DBB50CbDB95,INSURER,376,IMAGE,2,READ,
w59,2026-03-26T02:28:28.797575Z,630.312,403,False,0xc78F8e87EFbf9675147C8824EF1242398372eFCC,COURT,289,IMAGE,2,READ,
w61,2026-03-26T02:28:28.798111Z,630.524,403,False,0x98568A32769F002C8A543cc7578A13516D5646a3,INSURER,689,FNOL,4,READ,
w45,2026-03-26T02:28:28.037672Z,1412.435,200,True,0xA07ddA082a145D371fc7C88A2cBF3594FcBb51e0,REGULATOR,167,VIDEO,2,READ,
w49,2026-03-26T02:28:28.044296Z,1406.536,200,True,0x814742D6773D55c02177ca64238a124D39d8CAd0,COURT,117,VIDEO,2,READ,
w50,2026-03-26T02:28:28.045207Z,1406.269,200,True,0x265D84A4A56a37ae42bD3AE43A135660D59CE429,COURT,171,VIDEO,2,READ,
w5,2026-03-26T02:28:28.861810Z,590.394,403,False,0x7036A61a0c4486ca1acA322940DFE746a02EdBF7,INSURER,693,MEDICAL_REPORT,5,READ,
w53,2026-03-26T02:28:28.862391Z,590.238,403,False,0xc30C588825d2d3c37cC645CB5f9D5138F2A54A85,POLICE,538,FNOL,4,READ,
w9,2026-03-26T02:28:28.863200Z,624.472,403,False,0xB3eC418F3094778ae76FC8F0a97898435F0F1768,ADJUSTER,567,FNOL,4,READ,
w60,2026-03-26T02:28:28.863839Z,625.733,403,False,0xfa0c2c3a58Dc42E7c1266c6Badd86D7001B6c961,INSURER,949,OTHER,1,READ,
w11,2026-03-26T02:28:28.877419Z,613.124,403,False,0x86A27669Dc5B6bA6693B7eBf3cF194eB8C1Ba6a1,INSURER,799,TELEMATICS,3,READ,
w26,2026-03-26T02:28:28.157471Z,1349.786,200,True,0xa69B6a9c2ED6A394a404B91B851C1176b76370Fa,GARAGE,8,VIDEO,2,READ,
w23,2026-03-26T02:28:28.947314Z,560.759,403,False,0x0D7022eA8E23540fb4DCD302f796E37E70C4ee18,ADJUSTER,288,IMAGE,2,READ,
w24,2026-03-26T02:28:28.949961Z,559.771,403,False,0xe028327896d2bb4705C2134380bDB1E038DdF2Fc,REGULATOR,535,MEDICAL_REPORT,5,READ,
w12,2026-03-26T02:28:28.950632Z,559.926,403,False,0xf0C27952Ff3Fa054AC5C5067bA433eE3851F196D,GARAGE,768,TELEMATICS,3,READ,
w68,2026-03-26T02:28:28.980722Z,540.309,403,False,0xe68Cd859c32799e54800ffa5C5474912A5C23706,INSURER,422,IMAGE,2,READ,
w15,2026-03-26T02:28:28.981794Z,540.250,403,False,0xa59ECFb410CCB56f80640CFCfAe5726121Ab2cfa,REGULATOR,570,FNOL,4,READ,
w71,2026-03-26T02:28:28.982446Z,540.251,403,False,0x2AA4a29437fF4B945Ac2957FFd6DdB3AF0fEb05b,ADJUSTER,848,TELEMATICS,3,READ,
w66,2026-03-26T02:28:28.311631Z,1275.161,200,True,0x58546e800Dd5EE7E99f22ecB7344138B6dFF55Ce,INSURER,194,VIDEO,2,READ,
w73,2026-03-26T02:28:28.315756Z,1271.975,200,True,0x5d3d41FA5c381DAE4B6Bcdfd09862684aA5Ce3fd,ADJUSTER,108,VIDEO,2,READ,
w91,2026-03-26T02:28:29.056705Z,533.147,403,False,0x9e27Ca8f24DA387fa26EB31284B2cee849f4fDb8,INSURER,846,TELEMATICS,3,READ,
w81,2026-03-26T02:28:29.058103Z,532.692,403,False,0xEE47aAeC1ae1eFc7AcE9A2bAB0F5c89c97613D42,POLICE,942,OTHER,1,READ,
w19,2026-03-26T02:28:29.058778Z,532.732,403,False,0x61315e13CF193804B6c866AeC0205078E4C25a12,COURT,764,TELEMATICS,3,READ,
w84,2026-03-26T02:28:29.064325Z,527.803,403,False,0x265D84A4A56a37ae42bD3AE43A135660D59CE429,COURT,476,IMAGE,2,READ,
w54,2026-03-26T02:28:29.065805Z,526.937,403,False,0x828c0FD3Ed54b03A52e62470aF331e95A50BCf09,POLICE,753,TELEMATICS,3,READ,
w47,2026-03-26T02:28:29.072764Z,520.711,403,False,0x62aEE2Fd1DE1f438B8c33F5C551d94d6cbD55160,POLICE,870,OTHER,1,READ,
w57,2026-03-26T02:28:29.073296Z,520.756,403,False,0x7036A61a0c4486ca1acA322940DFE746a02EdBF7,INSURER,718,TELEMATICS,3,READ,
w56,2026-03-26T02:28:29.073943Z,521.322,403,False,0x86A27669Dc5B6bA6693B7eBf3cF194eB8C1Ba6a1,INSURER,844,TELEMATICS,3,READ,
w20,2026-03-26T02:28:29.074704Z,522.076,403,False,0x98347d3bFE3F67dc6ee387CF9C8DE40578347681,ADJUSTER,753,TELEMATICS,3,READ,
w90,2026-03-26T02:28:29.075341Z,523.268,403,False,0x1ed7D08B1bc117C8039A09D7469dCD6b7119ec85,POLICE,369,IMAGE,2,READ,
w92,2026-03-26T02:28:29.077218Z,522.564,403,False,0xfC435D0E00Ae6D11E5Bb3A9cd461B915Edc17F59,REGULATOR,352,IMAGE,2,READ,
w86,2026-03-26T02:28:29.078377Z,523.343,403,False,0x106A9Ba6bde37edc0BadcA9D48C8F8dF69524AD3,INSURER,817,TELEMATICS,3,READ,
w16,2026-03-26T02:28:29.079061Z,524.269,403,False,0x5a73100273e2F91b8379DcaEe7505e5294ECd09E,INSURER,771,TELEMATICS,3,READ,
w29,2026-03-26T02:28:28.328944Z,1347.664,200,True,0x106A9Ba6bde37edc0BadcA9D48C8F8dF69524AD3,INSURER,235,VIDEO,2,READ,
w14,2026-03-26T02:28:28.330632Z,1346.495,200,True,0xF44A9B02ECE32ED838D00FD3Ce799F3256367eE3,INSURER,21,VIDEO,2,READ,
w69,2026-03-26T02:28:28.331725Z,1345.894,200,True,0xf35E98eF2f18881395aAf1Ef3ffB3f31d4b20C25,INSURER,154,VIDEO,2,READ,
w74,2026-03-26T02:28:28.334999Z,1343.450,200,True,0x6aFB84B7d3D55C3019fC8120397eabD8507b6877,GARAGE,103,VIDEO,2,READ,
w77,2026-03-26T02:28:28.335672Z,1343.663,200,True,0x61315e13CF193804B6c866AeC0205078E4C25a12,COURT,117,VIDEO,2,READ,
w39,2026-03-26T02:28:28.341097Z,1338.867,200,True,0x6B44eD6B1692CB06047271f02833671D89f1a4E7,INSURER,9,VIDEO,2,READ,
w79,2026-03-26T02:28:29.188041Z,492.488,403,False,0xf24f0CD63a9b98E6C44679474b98157587e5608D,INSURER,734,TELEMATICS,3,READ,
w1,2026-03-26T02:28:29.188847Z,492.221,403,False,0x0D7022eA8E23540fb4DCD302f796E37E70C4ee18,ADJUSTER,490,IMAGE,2,READ,
w40,2026-03-26T02:28:29.193111Z,488.451,403,False,0x8818DFB61c2A02e64c74DC651D2b8a152A170140,INSURER,313,IMAGE,2,READ,
w25,2026-03-26T02:28:29.194022Z,488.581,403,False,0x3fC3662b6AbB721C5A8739eBc22914C534242aC2,GARAGE,661,FNOL,4,READ,
w76,2026-03-26T02:28:29.196585Z,542.849,403,False,0xa69B6a9c2ED6A394a404B91B851C1176b76370Fa,GARAGE,381,IMAGE,2,READ,
w0,2026-03-26T02:28:29.197189Z,544.834,403,False,0x7693A9f87027932864A045F6Ed756AA65fdeEc1c,INSURER,489,IMAGE,2,READ,
w62,2026-03-26T02:28:29.197652Z,545.086,403,False,0x24d4D3F0B5de5Fc46A77423dfb1E9b1037BC96a0,INSURER,504,MEDICAL_REPORT,5,READ,
w8,2026-03-26T02:28:28.480925Z,1300.049,200,True,0x7F37f92080D63E1b76A83FDd5aCa390d46475f17,INSURER,123,VIDEO,2,READ,
w6,2026-03-26T02:28:28.485119Z,1296.635,200,True,0xA2Be70fFcf3281293C1C8Cf71648070736aFEB70,INSURER,87,VIDEO,2,READ,
w97,2026-03-26T02:28:29.268935Z,513.357,403,False,0x2FFDEE64f54829571565E7991764e0c0B2D31B16,INSURER,601,MEDICAL_REPORT,5,READ,
w55,2026-03-26T02:28:29.269504Z,513.828,403,False,0x6793787989bC3CD4C54f44099Dc75Fb05503EC65,GARAGE,949,OTHER,1,READ,
w32,2026-03-26T02:28:29.270304Z,516.728,403,False,0x3Ce62c75582d14D54A1532D0Fd3fcA709D3AB012,ADJUSTER,567,FNOL,4,READ,
w93,2026-03-26T02:28:29.270891Z,517.629,403,False,0x68a330775019D52b44455B42704E8ad360Bc617E,GARAGE,727,TELEMATICS,3,READ,
w4,2026-03-26T02:28:29.273147Z,558.103,403,False,0xB6eA80cE3349885Ebe955de74Db37883Bb9CB5B9,GARAGE,764,TELEMATICS,3,READ,
w10,2026-03-26T02:28:29.277802Z,554.242,403,False,0xa09383266c25808Ea3362D5DaE160528bB5Fb130,POLICE,906,OTHER,1,READ,
w48,2026-03-26T02:28:29.278777Z,553.761,403,False,0x12CB40C48B0B23c8B9E9a012e1863b5225A5F311,INSURER,813,TELEMATICS,3,READ,
w64,2026-03-26T02:28:29.279353Z,553.874,403,False,0x763BeD60093Bc3ad989d0E71724B8a30f6629Bf2,ADJUSTER,767,TELEMATICS,3,READ,
w58,2026-03-26T02:28:29.280938Z,553.136,403,False,0x387bB796cDb51d56531031d8f74b6b071370F649,INSURER,606,FNOL,4,READ,
w2,2026-03-26T02:28:29.291814Z,572.209,403,False,0x4e3024d505B55f3da9f0D7B3a7319EDF7CBAdAdc,INSURER,715,TELEMATICS,3,READ,
w7,2026-03-26T02:28:29.293625Z,571.196,403,False,0x6B44eD6B1692CB06047271f02833671D89f1a4E7,INSURER,558,MEDICAL_REPORT,5,READ,
w17,2026-03-26T02:28:28.553172Z,1349.288,200,True,0xc9d8268D9C81BA4cF1DBbA40D6dD31d9d29BFe87,COURT,235,VIDEO,2,READ,
w13,2026-03-26T02:28:29.328552Z,574.807,403,False,0x387bB796cDb51d56531031d8f74b6b071370F649,INSURER,691,MEDICAL_REPORT,5,READ,
w70,2026-03-26T02:28:29.329360Z,574.769,403,False,0xc560606Bd2B90Feea8BaAB3270Efd65c17422Ad3,ADJUSTER,594,FNOL,4,READ,
w82,2026-03-26T02:28:29.331294Z,573.600,403,False,0x5c07a06B115c15b04B988EA559f2FC152b87BE65,INSURER,903,OTHER,1,READ,
w83,2026-03-26T02:28:29.332367Z,598.364,403,False,0x68a330775019D52b44455B42704E8ad360Bc617E,GARAGE,983,OTHER,1,READ,
w27,2026-03-26T02:28:29.336916Z,594.503,403,False,0xfa05901804C21448e6980BbDFa52ED18dc9d3B21,ADJUSTER,762,TELEMATICS,3,READ,
w65,2026-03-26T02:28:29.337582Z,594.327,403,False,0xfC435D0E00Ae6D11E5Bb3A9cd461B915Edc17F59,REGULATOR,889,OTHER,1,READ,
w35,2026-03-26T02:28:28.614815Z,1317.899,200,True,0xC60A6C8Fe339e01d6E76d91B0650A99bd0eA77F1,POLICE,166,VIDEO,2,READ,
w30,2026-03-26T02:28:29.376378Z,556.853,403,False,0x90028B286fD1D933A9D4663B944477413d781ad9,COURT,417,IMAGE,2,READ,
w31,2026-03-26T02:28:29.376987Z,556.839,403,False,0x074bE6382e1bAD6f8957dEED880345Efc1bDC58C,POLICE,894,OTHER,1,READ,
w34,2026-03-26T02:28:29.378397Z,556.062,403,False,0x5d3d41FA5c381DAE4B6Bcdfd09862684aA5Ce3fd,ADJUSTER,424,IMAGE,2,READ,
w37,2026-03-26T02:28:29.378937Z,556.090,403,False,0x90028B286fD1D933A9D4663B944477413d781ad9,COURT,936,OTHER,1,READ,
w95,2026-03-26T02:28:29.385786Z,567.956,403,False,0x5dBb83D0d96c168133412CC6e93a25a61Bfb8599,INSURER,817,TELEMATICS,3,READ,
w96,2026-03-26T02:28:29.386438Z,568.084,403,False,0xe4f7B57F3C40B6c829FCf662110800Fe4aBafb37,GARAGE,701,TELEMATICS,3,READ,
w98,2026-03-26T02:28:29.420204Z,579.032,403,False,0xACeC85e12d17bE03cf4d9ac50Db46392aC26A13A,GARAGE,290,IMAGE,2,READ,
w43,2026-03-26T02:28:29.421109Z,579.032,403,False,0x88982eB8A9a596fA186A12b47f4F905A2c7516d6,COURT,360,IMAGE,2,READ,
w42,2026-03-26T02:28:29.421762Z,579.003,403,False,0x034E07D329FcA8aC6b776699af54687288A7fe3E,ADJUSTER,762,TELEMATICS,3,READ,
w3,2026-03-26T02:28:29.425461Z,576.094,403,False,0x668803002755A42bB2BBAD8e73c43b3B5a03eC68,INSURER,271,IMAGE,2,READ,
w41,2026-03-26T02:28:29.426203Z,576.246,403,False,0xacc4fa5f6784C35C0da5bCBEa5f8e3fe401F6323,COURT,812,TELEMATICS,3,READ,
w99,2026-03-26T02:28:29.426854Z,576.138,403,False,0x8d1A0bE126b91823D8E5E215116c9351922277f7,INSURER,620,FNOL,4,READ,
w59,2026-03-26T02:28:29.427909Z,575.872,403,False,0x5d47D10E5aaDa092c97f77a2011d225a54e888dE,INSURER,940,OTHER,1,READ,
w46,2026-03-26T02:28:28.861000Z,1177.185,200,True,0xd0689a028421dC6615C8E2A65363C35d34DCe4CC,COURT,162,VIDEO,2,READ,
w45,2026-03-26T02:28:29.450131Z,590.933,403,False,0xE022AD1Cb2e3f18fD419769921D61166A5F80FB9,POLICE,961,OTHER,1,READ,
w49,2026-03-26T02:28:29.450856Z,590.920,403,False,0x7F99cBFcC9a6cBf31E66d657377B3C4D260ce4BE,ADJUSTER,710,TELEMATICS,3,READ,
w50,2026-03-26T02:28:29.451499Z,590.935,403,False,0xD6DBE4E8f9f2C043d9D69340C893CDc79e6cEaB1,ADJUSTER,753,TELEMATICS,3,READ,
w5,2026-03-26T02:28:29.452224Z,590.813,403,False,0xA0706EA97613c48c8Ee8A39218259d61Ae5A25c1,INSURER,796,TELEMATICS,3,READ,
w63,2026-03-26T02:28:28.878126Z,1195.504,200,True,0xfaB598AD02177fA240d67eae46e2BBf26ba64810,ADJUSTER,213,VIDEO,2,READ,
w21,2026-03-26T02:28:28.878640Z,1199.316,200,True,0x9e27Ca8f24DA387fa26EB31284B2cee849f4fDb8,INSURER,30,VIDEO,2,READ,
w9,2026-03-26T02:28:29.487697Z,591.115,403,False,0x2b2d95E89Db8d5C9D7a789205F735fffB7738f31,INSURER,803,TELEMATICS,3,READ,
w60,2026-03-26T02:28:29.489602Z,590.026,403,False,0x2FFDEE64f54829571565E7991764e0c0B2D31B16,INSURER,273,IMAGE,2,READ,
w67,2026-03-26T02:28:28.948012Z,1132.177,200,True,0x0Bc69A9CA614967C5D33108DA2C0Afd95130f7ab,POLICE,119,VIDEO,2,READ,
w22,2026-03-26T02:28:28.948687Z,1131.943,200,True,0x814742D6773D55c02177ca64238a124D39d8CAd0,COURT,60,VIDEO,2,READ,
w26,2026-03-26T02:28:29.507280Z,607.462,403,False,0xD9D6cdEd999CB9B2EC63a0b734693f9a664C9F65,INSURER,306,IMAGE,2,READ,
w24,2026-03-26T02:28:29.509756Z,605.929,403,False,0xB3eC418F3094778ae76FC8F0a97898435F0F1768,ADJUSTER,901,OTHER,1,READ,
w12,2026-03-26T02:28:29.510583Z,605.842,403,False,0x5d3d41FA5c381DAE4B6Bcdfd09862684aA5Ce3fd,ADJUSTER,837,TELEMATICS,3,READ,
w68,2026-03-26T02:28:29.521059Z,596.159,403,False,0xFc3a53f3055e68a2D5fE4aF7E5B5cF92e63F17e7,INSURER,419,IMAGE,2,READ,
w71,2026-03-26T02:28:29.522717Z,595.293,403,False,0xce923F1c1B6DE1A03f42cC378185B0BCCD65256e,POLICE,530,FNOL,4,READ,
w87,2026-03-26T02:28:29.057428Z,1153.614,200,True,0xACeC85e12d17bE03cf4d9ac50Db46392aC26A13A,GARAGE,5,VIDEO,2,READ,
w88,2026-03-26T02:28:29.063511Z,1148.568,200,True,0x6e2eda1263F3990130d14F0D25bc4b93d5d6D80C,REGULATOR,258,IMAGE,2,READ,
w52,2026-03-26T02:28:29.076186Z,1136.643,200,True,0x23164e00C680c815A8886E437558C15425a21040,COURT,31,VIDEO,2,READ,
w75,2026-03-26T02:28:29.077816Z,1135.640,200,True,0x6B44eD6B1692CB06047271f02833671D89f1a4E7,INSURER,46,VIDEO,2,READ,
w66,2026-03-26T02:28:29.586818Z,627.310,403,False,0xAc46c6cb0d1d810573C55BcB67a854a313D89d5E,POLICE,794,TELEMATICS,3,READ,
w81,2026-03-26T02:28:29.590820Z,623.860,403,False,0x98347d3bFE3F67dc6ee387CF9C8DE40578347681,ADJUSTER,369,IMAGE,2,READ,
w19,2026-03-26T02:28:29.591541Z,623.602,403,False,0x90937Fa99BC935CfA2aDcB3C0dcde37a9a95af00,INSURER,291,IMAGE,2,READ,
w56,2026-03-26T02:28:29.595289Z,620.458,403,False,0xACeC85e12d17bE03cf4d9ac50Db46392aC26A13A,GARAGE,650,FNOL,4,READ,
w20,2026-03-26T02:28:29.597241Z,619.251,403,False,0xD1ff571869D0436cC7b43A2a2c156085F4c5Efeb,ADJUSTER,649,MEDICAL_REPORT,5,READ,
w90,2026-03-26T02:28:29.598632Z,618.493,403,False,0x106A9Ba6bde37edc0BadcA9D48C8F8dF69524AD3,INSURER,408,IMAGE,2,READ,
w92,2026-03-26T02:28:29.599831Z,618.027,403,False,0xacc4fa5f6784C35C0da5bCBEa5f8e3fe401F6323,COURT,891,OTHER,1,READ,
w86,2026-03-26T02:28:29.601758Z,616.985,403,False,0xfaB598AD02177fA240d67eae46e2BBf26ba64810,ADJUSTER,385,IMAGE,2,READ,
w16,2026-03-26T02:28:29.603357Z,626.577,403,False,0xD45c19e5e5E1f56DFD5EF10a0DBdBeE64Bb94C5E,POLICE,722,TELEMATICS,3,READ,
w80,2026-03-26T02:28:29.192054Z,1092.833,200,True,0x81D5Aec6843c63328EB7A8D21A676abe6c3EB28b,COURT,44,VIDEO,2,READ,
w69,2026-03-26T02:28:29.677641Z,608.143,403,False,0x808e36854e0010681FFdE8f615E4a0967A544c06,INSURER,427,IMAGE,2,READ,
w74,2026-03-26T02:28:29.678472Z,607.914,403,False,0xa8c4E2fbBd0417D663e210a6FdD5976F5f906d9C,POLICE,851,OTHER,1,READ,
w77,2026-03-26T02:28:29.679363Z,608.000,403,False,0xf24f0CD63a9b98E6C44679474b98157587e5608D,INSURER,768,TELEMATICS,3,READ,
w39,2026-03-26T02:28:29.680011Z,608.123,403,False,0xc560606Bd2B90Feea8BaAB3270Efd65c17422Ad3,ADJUSTER,682,FNOL,4,READ,
w79,2026-03-26T02:28:29.680552Z,608.608,403,False,0x0a32D28155a778b375C162F8999D8D0d760896b8,ADJUSTER,828,TELEMATICS,3,READ,
w1,2026-03-26T02:28:29.681109Z,608.741,403,False,0x005fc769438eD21e72915650ea3d0Bd0779E1d56,ADJUSTER,599,MEDICAL_REPORT,5,READ,
w25,2026-03-26T02:28:29.682634Z,628.894,403,False,0x23164e00C680c815A8886E437558C15425a21040,COURT,574,FNOL,4,READ,
w85,2026-03-26T02:28:29.195220Z,1137.800,200,True,0x5CBf5c5AcCf319E51A3261361f38b9b09D3A0Cdf,INSURER,124,VIDEO,2,READ,
w38,2026-03-26T02:28:29.195956Z,1141.203,200,True,0x0ab8d94B5Ad9dd3b2aE39785D87c48ef037fEeEe,INSURER,100,VIDEO,2,READ,
w78,2026-03-26T02:28:29.198287Z,1139.561,200,True,0x005fc769438eD21e72915650ea3d0Bd0779E1d56,ADJUSTER,65,VIDEO,2,READ,
w28,2026-03-26T02:28:29.203218Z,1135.226,200,True,0xf0C27952Ff3Fa054AC5C5067bA433eE3851F196D,GARAGE,1,VIDEO,2,READ,
w18,2026-03-26T02:28:29.204798Z,1134.344,200,True,0xA0706EA97613c48c8Ee8A39218259d61Ae5A25c1,INSURER,13,VIDEO,2,READ,
w76,2026-03-26T02:28:29.739467Z,600.341,403,False,0x49Fc0F0951a6A354226EEdd0Ec69e2b1c69880E3,ADJUSTER,527,FNOL,4,READ,
w0,2026-03-26T02:28:29.742048Z,598.294,403,False,0x0D7022eA8E23540fb4DCD302f796E37E70C4ee18,ADJUSTER,523,FNOL,4,READ,
w62,2026-03-26T02:28:29.742762Z,598.227,403,False,0xC737C4f48DDAf3A5015F6461cCC3152074B1adDc,INSURER,838,TELEMATICS,3,READ,
w8,2026-03-26T02:28:29.781000Z,598.612,403,False,0xE49f69335d2600b7983983725650eEc85f260b0E,INSURER,997,OTHER,1,READ,
w6,2026-03-26T02:28:29.781777Z,598.582,403,False,0xc0c58f42F3d56a359208054C1e3d9EB9FEB181E5,ADJUSTER,882,OTHER,1,READ,
w97,2026-03-26T02:28:29.782315Z,598.672,403,False,0x106A9Ba6bde37edc0BadcA9D48C8F8dF69524AD3,INSURER,558,MEDICAL_REPORT,5,READ,
w32,2026-03-26T02:28:29.787677Z,594.135,403,False,0x59e91027b0aBD6B839408f96360A4ca0Dc596a98,ADJUSTER,270,IMAGE,2,READ,
w51,2026-03-26T02:28:29.272339Z,1145.644,200,True,0x9A79C72a6b8A1a6F62B7D42810fA4D7d292395BC,POLICE,12,VIDEO,2,READ,
w36,2026-03-26T02:28:29.278145Z,1140.428,200,True,0x98347d3bFE3F67dc6ee387CF9C8DE40578347681,ADJUSTER,10,VIDEO,2,READ,
w10,2026-03-26T02:28:29.832065Z,587.259,403,False,0xe028327896d2bb4705C2134380bDB1E038DdF2Fc,REGULATOR,451,IMAGE,2,READ,
w48,2026-03-26T02:28:29.832556Z,587.682,403,False,0x5106911D638802a025a43feF48b5836d711BcfDC,GARAGE,646,FNOL,4,READ,
w58,2026-03-26T02:28:29.834098Z,587.548,403,False,0x09fA524FB632b6004cb5b61705D1Ac8346f5C956,ADJUSTER,355,IMAGE,2,READ,
w94,2026-03-26T02:28:29.292716Z,1135.506,200,True,0x4939E121036A8AD1643718eFc89097821616931f,POLICE,81,VIDEO,2,READ,
w2,2026-03-26T02:28:29.864048Z,564.845,403,False,0xf35E98eF2f18881395aAf1Ef3ffB3f31d4b20C25,INSURER,935,OTHER,1,READ,
w72,2026-03-26T02:28:29.333088Z,1123.792,200,True,0xc560606Bd2B90Feea8BaAB3270Efd65c17422Ad3,ADJUSTER,211,VIDEO,2,READ,
w17,2026-03-26T02:28:29.902486Z,558.619,403,False,0x814742D6773D55c02177ca64238a124D39d8CAd0,COURT,548,FNOL,4,READ,
w13,2026-03-26T02:28:29.903466Z,558.363,403,False,0x1a03927dCE7C5BDefcc351BCF06A554ABCDf2862,ADJUSTER,552,FNOL,4,READ,
w70,2026-03-26T02:28:29.904155Z,562.118,403,False,0x7E772D98853416cD822D23bF2d9D89Bd3FCF7Af6,INSURER,577,FNOL,4,READ,
w82,2026-03-26T02:28:29.904917Z,563.787,403,False,0x09fA524FB632b6004cb5b61705D1Ac8346f5C956,ADJUSTER,972,OTHER,1,READ,
w89,2026-03-26T02:28:29.375554Z,1093.920,200,True,0x62aEE2Fd1DE1f438B8c33F5C551d94d6cbD55160,POLICE,226,VIDEO,2,READ,
w33,2026-03-26T02:28:29.377675Z,1092.450,200,True,0x10d74EEF9a158805e197f451FFcF98B5df6f07B3,POLICE,246,VIDEO,2,READ,
w83,2026-03-26T02:28:29.930771Z,578.363,403,False,0x5d3d41FA5c381DAE4B6Bcdfd09862684aA5Ce3fd,ADJUSTER,643,MEDICAL_REPORT,5,READ,
w31,2026-03-26T02:28:29.933859Z,576.139,403,False,0x54cFafA03b3780b2bEc02Ba688A6DB581b30e82F,POLICE,912,OTHER,1,READ,
w34,2026-03-26T02:28:29.934480Z,576.264,403,False,0x98347d3bFE3F67dc6ee387CF9C8DE40578347681,ADJUSTER,910,OTHER,1,READ,
w95,2026-03-26T02:28:29.953768Z,559.570,403,False,0xA2Be70fFcf3281293C1C8Cf71648070736aFEB70,INSURER,731,TELEMATICS,3,READ,
w96,2026-03-26T02:28:29.954546Z,562.133,403,False,0x0faad82B330120b20f18ed21fCD7C5e6865C2088,INSURER,328,IMAGE,2,READ,
w44,2026-03-26T02:28:29.427384Z,1118.582,200,True,0x99F976CEeE5D5d44F2838f3c8d7c188f183c11E8,COURT,4,VIDEO,2,READ,
w61,2026-03-26T02:28:29.428662Z,1118.133,200,True,0x2E3648461e7e88D00d60a2f635D34041487Ae4B0,COURT,219,VIDEO,2,READ,
w98,2026-03-26T02:28:29.999267Z,548.199,403,False,0x45c4F19a8C6e455e9647ad8aD8a9A9c7733b6Bad,INSURER,753,TELEMATICS,3,READ,
w43,2026-03-26T02:28:30.000199Z,548.050,403,False,0x09fA524FB632b6004cb5b61705D1Ac8346f5C956,ADJUSTER,759,TELEMATICS,3,READ,
w3,2026-03-26T02:28:30.001583Z,571.628,403,False,0x97e7867Ce5d3E2726b779578c7097DBB50CbDB95,INSURER,376,IMAGE,2,READ,
w41,2026-03-26T02:28:30.002470Z,574.076,403,False,0xA07ddA082a145D371fc7C88A2cBF3594FcBb51e0,REGULATOR,716,TELEMATICS,3,READ,
w99,2026-03-26T02:28:30.003014Z,574.013,403,False,0x86A27669Dc5B6bA6693B7eBf3cF194eB8C1Ba6a1,INSURER,303,IMAGE,2,READ,
w53,2026-03-26T02:28:29.452645Z,1136.664,200,True,0xA903578836c1E60A93BAd29357D9962aBd7aE0E7,GARAGE,259,IMAGE,2,READ,
w46,2026-03-26T02:28:30.038263Z,552.015,403,False,0x9A79C72a6b8A1a6F62B7D42810fA4D7d292395BC,POLICE,577,FNOL,4,READ,
w45,2026-03-26T02:28:30.041092Z,549.866,403,False,0xA92D4979eB98ad7361AD95Ad1182a54449C093eB,INSURER,645,MEDICAL_REPORT,5,READ,
w49,2026-03-26T02:28:30.041801Z,549.840,403,False,0x90937Fa99BC935CfA2aDcB3C0dcde37a9a95af00,INSURER,988,OTHER,1,READ,
w50,2026-03-26T02:28:30.042464Z,550.553,403,False,0x1ed7D08B1bc117C8039A09D7469dCD6b7119ec85,POLICE,343,IMAGE,2,READ,
w5,2026-03-26T02:28:30.043063Z,551.157,403,False,0xA0706EA97613c48c8Ee8A39218259d61Ae5A25c1,INSURER,679,FNOL,4,READ,
w11,2026-03-26T02:28:29.490585Z,1146.649,200,True,0xf24f0CD63a9b98E6C44679474b98157587e5608D,INSURER,244,VIDEO,2,READ,
w63,2026-03-26T02:28:30.077335Z,560.699,403,False,0x86A27669Dc5B6bA6693B7eBf3cF194eB8C1Ba6a1,INSURER,945,OTHER,1,READ,
w9,2026-03-26T02:28:30.078834Z,559.787,403,False,0xa69B6a9c2ED6A394a404B91B851C1176b76370Fa,GARAGE,898,OTHER,1,READ,
w60,2026-03-26T02:28:30.079665Z,559.671,403,False,0x7036A61a0c4486ca1acA322940DFE746a02EdBF7,INSURER,505,MEDICAL_REPORT,5,READ,
w67,2026-03-26T02:28:30.080208Z,559.937,403,False,0x10d74EEF9a158805e197f451FFcF98B5df6f07B3,POLICE,280,IMAGE,2,READ,
w22,2026-03-26T02:28:30.080666Z,560.156,403,False,0x2681A1fbf737DE9BE4B8ac0DEDe2f71fB64E2284,INSURER,925,OTHER,1,READ,
w23,2026-03-26T02:28:29.508097Z,1159.229,200,True,0xe740840314f9ce0a5F0dB4619861b2B85A08f007,INSURER,192,VIDEO,2,READ,
w15,2026-03-26T02:28:29.522091Z,1146.067,200,True,0xcB1049e81CC805FeD8B469418aAd2A2A5fCc652A,INSURER,157,VIDEO,2,READ,
w26,2026-03-26T02:28:30.114768Z,554.163,403,False,0x3A7a82b4A46a2f934834Ca05381528d576A17a70,INSURER,766,TELEMATICS,3,READ,
w24,2026-03-26T02:28:30.115711Z,553.933,403,False,0xc073597a01C3BD226F8723F8E91124b57b11BEc8,GARAGE,624,MEDICAL_REPORT,5,READ,
w12,2026-03-26T02:28:30.116449Z,554.226,403,False,0x33733bc2AFfA696339eACE63a29db0850Bae08C6,COURT,565,MEDICAL_REPORT,5,READ,
w68,2026-03-26T02:28:30.117243Z,554.082,403,False,0x5CBf5c5AcCf319E51A3261361f38b9b09D3A0Cdf,INSURER,426,IMAGE,2,READ,
w73,2026-03-26T02:28:29.587758Z,1108.222,200,True,0xF4B9B002569bC5998B1d5a2309EF921d2ca63BDd,INSURER,229,VIDEO,2,READ,
w91,2026-03-26T02:28:29.589952Z,1106.956,200,True,0x5d3d41FA5c381DAE4B6Bcdfd09862684aA5Ce3fd,ADJUSTER,235,VIDEO,2,READ,
w84,2026-03-26T02:28:29.592152Z,1105.340,200,True,0x221D1a7739dA73BA8B191C14399776D9C63E6e8F,INSURER,150,VIDEO,2,READ,
w54,2026-03-26T02:28:29.592761Z,1105.508,200,True,0xACeC85e12d17bE03cf4d9ac50Db46392aC26A13A,GARAGE,182,VIDEO,2,READ,
w47,2026-03-26T02:28:29.593496Z,1105.662,200,True,0xF44A9B02ECE32ED838D00FD3Ce799F3256367eE3,INSURER,125,VIDEO,2,READ,
w57,2026-03-26T02:28:29.594082Z,1105.691,200,True,0xa09383266c25808Ea3362D5DaE160528bB5Fb130,POLICE,122,VIDEO,2,READ,
w87,2026-03-26T02:28:30.211065Z,489.318,403,False,0x2eda3233Edca92d3CC82824DE958CC1cCE3A80f4,POLICE,558,MEDICAL_REPORT,5,READ,
w88,2026-03-26T02:28:30.212107Z,518.565,403,False,0xE49f69335d2600b7983983725650eEc85f260b0E,INSURER,623,MEDICAL_REPORT,5,READ,
w52,2026-03-26T02:28:30.212857Z,518.830,403,False,0xc560606Bd2B90Feea8BaAB3270Efd65c17422Ad3,ADJUSTER,650,FNOL,4,READ,
w75,2026-03-26T02:28:30.213481Z,518.728,403,False,0x265D84A4A56a37ae42bD3AE43A135660D59CE429,COURT,942,OTHER,1,READ,
w66,2026-03-26T02:28:30.214169Z,518.677,403,False,0xa8c4E2fbBd0417D663e210a6FdD5976F5f906d9C,POLICE,414,IMAGE,2,READ,
w81,2026-03-26T02:28:30.214700Z,518.736,403,False,0xB3eC418F3094778ae76FC8F0a97898435F0F1768,ADJUSTER,539,MEDICAL_REPORT,5,READ,
w19,2026-03-26T02:28:30.215162Z,519.096,403,False,0x10e284843829f15F74cE6E0abD20284341c6DB9A,INSURER,738,TELEMATICS,3,READ,
w56,2026-03-26T02:28:30.215771Z,519.259,403,False,0x2d463F869E51337B7a301382Cc76B1960D09BAd7,ADJUSTER,456,IMAGE,2,READ,
w92,2026-03-26T02:28:30.217880Z,544.266,403,False,0x11d0837E47B208389bc698030a678Bc9261f8156,INSURER,881,OTHER,1,READ,
w16,2026-03-26T02:28:30.229960Z,532.724,403,False,0x8B9C6E42320Cc7c0a0512De5818B2aCc269feef7,INSURER,497,IMAGE,2,READ,
w29,2026-03-26T02:28:29.676630Z,1112.902,200,True,0x85CB40Edf798FBbfC3e1f8fBA9d60D3aDA9edc66,REGULATOR,15,VIDEO,2,READ,
w14,2026-03-26T02:28:29.677148Z,1113.186,200,True,0xf24f0CD63a9b98E6C44679474b98157587e5608D,INSURER,240,VIDEO,2,READ,
w69,2026-03-26T02:28:30.285825Z,505.387,403,False,0x0a32D28155a778b375C162F8999D8D0d760896b8,ADJUSTER,932,OTHER,1,READ,
w74,2026-03-26T02:28:30.286410Z,506.067,403,False,0xF0d558cD42EB081556a20bB9C95157de4966DbEe,INSURER,813,TELEMATICS,3,READ,
w40,2026-03-26T02:28:29.681581Z,1119.633,200,True,0xd4d6f7C907632F87345652fbbA08446B0cAc034d,GARAGE,12,VIDEO,2,READ,
w77,2026-03-26T02:28:30.287390Z,515.054,403,False,0x724d89D8ad84494De12a74615cd5bFFEf3eA18aA,ADJUSTER,621,FNOL,4,READ,
w39,2026-03-26T02:28:30.288160Z,514.924,403,False,0x71012eDE103b9A85faF1F8b952361232E5A73b6d,COURT,612,MEDICAL_REPORT,5,READ,
w79,2026-03-26T02:28:30.289205Z,514.674,403,False,0x6B44eD6B1692CB06047271f02833671D89f1a4E7,INSURER,442,IMAGE,2,READ,
w1,2026-03-26T02:28:30.289873Z,514.901,403,False,0x11d0837E47B208389bc698030a678Bc9261f8156,INSURER,932,OTHER,1,READ,
w25,2026-03-26T02:28:30.311560Z,494.038,403,False,0x8d409457EE624A6a1Afb1B789793990026056d7d,REGULATOR,284,IMAGE,2,READ,
w85,2026-03-26T02:28:30.333043Z,506.127,403,False,0x3F80f29E8ee7BD7ab795eaa0ea5834F45d8b4f36,ADJUSTER,725,TELEMATICS,3,READ,
w38,2026-03-26T02:28:30.337188Z,502.876,403,False,0x9A79C72a6b8A1a6F62B7D42810fA4D7d292395BC,POLICE,606,FNOL,4,READ,
w78,2026-03-26T02:28:30.337873Z,502.805,403,False,0xc9d8268D9C81BA4cF1DBbA40D6dD31d9d29BFe87,COURT,918,OTHER,1,READ,
w28,2026-03-26T02:28:30.338524Z,502.995,403,False,0x978CFCe76672e2C96DbfF5705fe29901d2A624d2,ADJUSTER,518,MEDICAL_REPORT,5,READ,
w18,2026-03-26T02:28:30.339169Z,510.304,403,False,0x8d409457EE624A6a1Afb1B789793990026056d7d,REGULATOR,470,IMAGE,2,READ,
w76,2026-03-26T02:28:30.339833Z,510.295,403,False,0x7693A9f87027932864A045F6Ed756AA65fdeEc1c,INSURER,457,IMAGE,2,READ,
w0,2026-03-26T02:28:30.340364Z,510.361,403,False,0xA07ddA082a145D371fc7C88A2cBF3594FcBb51e0,REGULATOR,345,IMAGE,2,READ,
w62,2026-03-26T02:28:30.341019Z,510.523,403,False,0x4bde32504e100aaF1Db477c3F0AF1C01be0d3003,POLICE,417,IMAGE,2,READ,
w55,2026-03-26T02:28:29.783359Z,1108.838,200,True,0x2E3648461e7e88D00d60a2f635D34041487Ae4B0,COURT,34,VIDEO,2,READ,
w93,2026-03-26T02:28:29.788578Z,1106.155,200,True,0xF92d6f9F9322A08d7548d2be3FFFfa7E9307bfF7,POLICE,97,VIDEO,2,READ,
w8,2026-03-26T02:28:30.379636Z,516.047,403,False,0x2FFDEE64f54829571565E7991764e0c0B2D31B16,INSURER,596,FNOL,4,READ,
w6,2026-03-26T02:28:30.380383Z,515.957,403,False,0xDce410211947791510C6ABE09E20663d9934397A,INSURER,492,IMAGE,2,READ,
w4,2026-03-26T02:28:29.831274Z,1097.947,200,True,0x7693A9f87027932864A045F6Ed756AA65fdeEc1c,INSURER,265,IMAGE,2,READ,
w64,2026-03-26T02:28:29.833248Z,1096.812,200,True,0x0faad82B330120b20f18ed21fCD7C5e6865C2088,INSURER,100,VIDEO,2,READ,
w51,2026-03-26T02:28:30.418010Z,512.674,403,False,0x3F80f29E8ee7BD7ab795eaa0ea5834F45d8b4f36,ADJUSTER,998,OTHER,1,READ,
w36,2026-03-26T02:28:30.418612Z,512.617,403,False,0xAB90A30F8DBAe40Fd6D9aA11cf1908F4CbC8432D,INSURER,294,IMAGE,2,READ,
w10,2026-03-26T02:28:30.419345Z,512.707,403,False,0x71012eDE103b9A85faF1F8b952361232E5A73b6d,COURT,551,MEDICAL_REPORT,5,READ,
w58,2026-03-26T02:28:30.421671Z,511.108,403,False,0xc78F8e87EFbf9675147C8824EF1242398372eFCC,COURT,857,OTHER,1,READ,
w7,2026-03-26T02:28:29.864847Z,1068.454,200,True,0x1a03927dCE7C5BDefcc351BCF06A554ABCDf2862,ADJUSTER,260,IMAGE,2,READ,
w94,2026-03-26T02:28:30.428246Z,515.787,403,False,0x23164e00C680c815A8886E437558C15425a21040,COURT,798,TELEMATICS,3,READ,
w2,2026-03-26T02:28:30.428916Z,515.878,403,False,0x0Bc69A9CA614967C5D33108DA2C0Afd95130f7ab,POLICE,531,FNOL,4,READ,
w72,2026-03-26T02:28:30.456908Z,515.919,403,False,0x7E270839240F84dCe86114e7c9A1B5C9751d5fc0,ADJUSTER,796,TELEMATICS,3,READ,
w70,2026-03-26T02:28:30.467364Z,507.773,403,False,0xAd32d7cB99dFce02DE8A0033cC5fea1262c9840C,INSURER,492,IMAGE,2,READ,
w89,2026-03-26T02:28:30.469495Z,506.837,403,False,0x1ed7D08B1bc117C8039A09D7469dCD6b7119ec85,POLICE,354,IMAGE,2,READ,
w27,2026-03-26T02:28:29.931441Z,1083.114,200,True,0xD8859a86a30f76f3bB902c5710A4172bd799658c,INSURER,124,VIDEO,2,READ,
w65,2026-03-26T02:28:29.931927Z,1083.741,200,True,0x4f7D9fAD2de6543311c004C44a061D6E3BF44Bc2,GARAGE,212,VIDEO,2,READ,
w35,2026-03-26T02:28:29.932736Z,1083.552,200,True,0xfC435D0E00Ae6D11E5Bb3A9cd461B915Edc17F59,REGULATOR,5,VIDEO,2,READ,
w30,2026-03-26T02:28:29.933257Z,1083.577,200,True,0xc560606Bd2B90Feea8BaAB3270Efd65c17422Ad3,ADJUSTER,137,VIDEO,2,READ,
w37,2026-03-26T02:28:29.935078Z,1082.544,200,True,0xB3eC418F3094778ae76FC8F0a97898435F0F1768,ADJUSTER,239,VIDEO,2,READ,
w83,2026-03-26T02:28:30.509160Z,509.028,403,False,0x0B5dF81DC06Bb007c88E04eD2D6826Ca41cBB0A2,GARAGE,641,MEDICAL_REPORT,5,READ,
w34,2026-03-26T02:28:30.510766Z,508.101,403,False,0x4e3024d505B55f3da9f0D7B3a7319EDF7CBAdAdc,INSURER,764,TELEMATICS,3,READ,
w95,2026-03-26T02:28:30.513371Z,506.226,403,False,0xC60A6C8Fe339e01d6E76d91B0650A99bd0eA77F1,POLICE,909,OTHER,1,READ,
w96,2026-03-26T02:28:30.516709Z,503.461,403,False,0x6B44eD6B1692CB06047271f02833671D89f1a4E7,INSURER,714,TELEMATICS,3,READ,
w42,2026-03-26T02:28:30.000795Z,1034.889,200,True,0x5dBb83D0d96c168133412CC6e93a25a61Bfb8599,INSURER,153,VIDEO,2,READ,
w44,2026-03-26T02:28:30.545990Z,490.643,403,False,0x4Bb9AC8aB8c9D213B9d89538B10C1016f8e66773,INSURER,735,TELEMATICS,3,READ,
w61,2026-03-26T02:28:30.546816Z,490.560,403,False,0x5c07a06B115c15b04B988EA559f2FC152b87BE65,INSURER,750,TELEMATICS,3,READ,
w98,2026-03-26T02:28:30.547506Z,490.646,403,False,0x6e492Bff2B5Fc2351eF247518a6dCD98479E018C,POLICE,667,MEDICAL_REPORT,5,READ,
w43,2026-03-26T02:28:30.548274Z,490.627,403,False,0xfC435D0E00Ae6D11E5Bb3A9cd461B915Edc17F59,REGULATOR,282,IMAGE,2,READ,
w59,2026-03-26T02:28:30.003812Z,1043.002,200,True,0xD8859a86a30f76f3bB902c5710A4172bd799658c,INSURER,177,VIDEO,2,READ,
w3,2026-03-26T02:28:30.573241Z,474.259,403,False,0x24d4D3F0B5de5Fc46A77423dfb1E9b1037BC96a0,INSURER,897,OTHER,1,READ,
w41,2026-03-26T02:28:30.576569Z,471.522,403,False,0x6B44eD6B1692CB06047271f02833671D89f1a4E7,INSURER,376,IMAGE,2,READ,
w99,2026-03-26T02:28:30.577047Z,471.690,403,False,0x3A7a82b4A46a2f934834Ca05381528d576A17a70,INSURER,915,OTHER,1,READ,
w53,2026-03-26T02:28:30.589332Z,500.263,403,False,0xAd32d7cB99dFce02DE8A0033cC5fea1262c9840C,INSURER,484,IMAGE,2,READ,
w5,2026-03-26T02:28:30.594256Z,497.786,403,False,0x7693A9f87027932864A045F6Ed756AA65fdeEc1c,INSURER,988,OTHER,1,READ,
w21,2026-03-26T02:28:30.077985Z,1066.104,200,True,0xC0B54dC53B9A14ad6199dbB75383AcEe7B50414B,ADJUSTER,2,VIDEO,2,READ,
w11,2026-03-26T02:28:30.637260Z,507.442,403,False,0x3Ce62c75582d14D54A1532D0Fd3fcA709D3AB012,ADJUSTER,934,OTHER,1,READ,
w9,2026-03-26T02:28:30.638643Z,506.663,403,False,0x0B5dF81DC06Bb007c88E04eD2D6826Ca41cBB0A2,GARAGE,413,IMAGE,2,READ,
w60,2026-03-26T02:28:30.639378Z,506.507,403,False,0x7E270839240F84dCe86114e7c9A1B5C9751d5fc0,ADJUSTER,424,IMAGE,2,READ,
w67,2026-03-26T02:28:30.640195Z,506.306,403,False,0x36599004C3aC0Aa715a49186455E90556EA805cE,GARAGE,848,TELEMATICS,3,READ,
w71,2026-03-26T02:28:30.118033Z,1060.384,200,True,0x2FFDEE64f54829571565E7991764e0c0B2D31B16,INSURER,101,VIDEO,2,READ,
w15,2026-03-26T02:28:30.668185Z,510.858,403,False,0x09fA524FB632b6004cb5b61705D1Ac8346f5C956,ADJUSTER,415,IMAGE,2,READ,
w26,2026-03-26T02:28:30.668954Z,511.754,403,False,0x90937Fa99BC935CfA2aDcB3C0dcde37a9a95af00,INSURER,705,TELEMATICS,3,READ,
w24,2026-03-26T02:28:30.669689Z,515.041,403,False,0x10e284843829f15F74cE6E0abD20284341c6DB9A,INSURER,708,TELEMATICS,3,READ,
w12,2026-03-26T02:28:30.670705Z,514.787,403,False,0x4f7D9fAD2de6543311c004C44a061D6E3BF44Bc2,GARAGE,884,OTHER,1,READ,
w68,2026-03-26T02:28:30.671342Z,515.287,403,False,0x36599004C3aC0Aa715a49186455E90556EA805cE,GARAGE,466,IMAGE,2,READ,
w73,2026-03-26T02:28:30.696017Z,523.182,403,False,0xACeC85e12d17bE03cf4d9ac50Db46392aC26A13A,GARAGE,427,IMAGE,2,READ,
w91,2026-03-26T02:28:30.696933Z,523.216,403,False,0xCe261d45B20f7c1ACaE3eAf693D957b5D99D42BD,REGULATOR,365,IMAGE,2,READ,
w84,2026-03-26T02:28:30.697515Z,523.227,403,False,0xF44A9B02ECE32ED838D00FD3Ce799F3256367eE3,INSURER,322,IMAGE,2,READ,
w54,2026-03-26T02:28:30.698294Z,523.004,403,False,0x7F37f92080D63E1b76A83FDd5aCa390d46475f17,INSURER,459,IMAGE,2,READ,
w47,2026-03-26T02:28:30.699180Z,522.652,403,False,0x61315e13CF193804B6c866AeC0205078E4C25a12,COURT,363,IMAGE,2,READ,
w57,2026-03-26T02:28:30.699800Z,522.751,403,False,0xF92d6f9F9322A08d7548d2be3FFFfa7E9307bfF7,POLICE,575,FNOL,4,READ,
w20,2026-03-26T02:28:30.216516Z,1049.948,200,True,0x074bE6382e1bAD6f8957dEED880345Efc1bDC58C,POLICE,15,VIDEO,2,READ,
w88,2026-03-26T02:28:30.730717Z,536.420,403,False,0x221D1a7739dA73BA8B191C14399776D9C63E6e8F,INSURER,509,MEDICAL_REPORT,5,READ,
w52,2026-03-26T02:28:30.731712Z,535.994,403,False,0xE49f69335d2600b7983983725650eEc85f260b0E,INSURER,921,OTHER,1,READ,
w66,2026-03-26T02:28:30.732869Z,535.336,403,False,0x5c07a06B115c15b04B988EA559f2FC152b87BE65,INSURER,733,TELEMATICS,3,READ,
w81,2026-03-26T02:28:30.733466Z,535.218,403,False,0x24d4D3F0B5de5Fc46A77423dfb1E9b1037BC96a0,INSURER,945,OTHER,1,READ,
w56,2026-03-26T02:28:30.735077Z,534.164,403,False,0x59e91027b0aBD6B839408f96360A4ca0Dc596a98,ADJUSTER,944,OTHER,1,READ,
w90,2026-03-26T02:28:30.217148Z,1064.644,200,True,0x978CFCe76672e2C96DbfF5705fe29901d2A624d2,ADJUSTER,67,VIDEO,2,READ,
w86,2026-03-26T02:28:30.228168Z,1054.501,200,True,0xA0D16Db45A3E299D305623eB5499B19F75Fd2E79,COURT,169,VIDEO,2,READ,
w92,2026-03-26T02:28:30.762167Z,521.212,403,False,0x727e45e23f8594c57Cf3FE94b94fC6DC8eBD7A92,INSURER,647,MEDICAL_REPORT,5,READ,
w16,2026-03-26T02:28:30.762705Z,521.690,403,False,0x5a73100273e2F91b8379DcaEe7505e5294ECd09E,INSURER,365,IMAGE,2,READ,
w80,2026-03-26T02:28:30.284918Z,1035.054,200,True,0xD6DBE4E8f9f2C043d9D69340C893CDc79e6cEaB1,ADJUSTER,243,VIDEO,2,READ,
w29,2026-03-26T02:28:30.789557Z,530.985,403,False,0x61315e13CF193804B6c866AeC0205078E4C25a12,COURT,335,IMAGE,2,READ,
w14,2026-03-26T02:28:30.790425Z,530.642,403,False,0x6e492Bff2B5Fc2351eF247518a6dCD98479E018C,POLICE,608,FNOL,4,READ,
w74,2026-03-26T02:28:30.792505Z,529.734,403,False,0x20060De9B531866f987DE7123AAb09E3Df40B650,INSURER,573,MEDICAL_REPORT,5,READ,
w40,2026-03-26T02:28:30.801243Z,541.311,403,False,0x0D7022eA8E23540fb4DCD302f796E37E70C4ee18,ADJUSTER,902,OTHER,1,READ,
w77,2026-03-26T02:28:30.802469Z,541.058,403,False,0x13C7F80a123954B61876Afba1c5b9DDB5Ac3772D,REGULATOR,944,OTHER,1,READ,
w39,2026-03-26T02:28:30.803108Z,541.057,403,False,0xC60A6C8Fe339e01d6E76d91B0650A99bd0eA77F1,POLICE,461,IMAGE,2,READ,
w79,2026-03-26T02:28:30.803911Z,541.059,403,False,0xD6DBE4E8f9f2C043d9D69340C893CDc79e6cEaB1,ADJUSTER,641,MEDICAL_REPORT,5,READ,
w1,2026-03-26T02:28:30.804801Z,543.996,403,False,0x81946b335d2Cf70a427E23b92bCcC1ACcDDB118A,INSURER,752,TELEMATICS,3,READ,
w85,2026-03-26T02:28:30.839195Z,542.628,403,False,0xB6eA80cE3349885Ebe955de74Db37883Bb9CB5B9,GARAGE,746,TELEMATICS,3,READ,
w38,2026-03-26T02:28:30.840110Z,542.480,403,False,0x3A7a82b4A46a2f934834Ca05381528d576A17a70,INSURER,587,MEDICAL_REPORT,5,READ,
w78,2026-03-26T02:28:30.840707Z,542.873,403,False,0xA2Be70fFcf3281293C1C8Cf71648070736aFEB70,INSURER,855,OTHER,1,READ,
w76,2026-03-26T02:28:30.850150Z,534.059,403,False,0xfbffdfBb61e2B0aCC9065D4c9940fAdB3c5Bb4DE,INSURER,815,TELEMATICS,3,READ,
w97,2026-03-26T02:28:30.381013Z,1032.611,200,True,0x9455AD24B4CF0dBA6bF671fb827428C8a7D5c62f,ADJUSTER,242,VIDEO,2,READ,
w32,2026-03-26T02:28:30.381835Z,1032.630,200,True,0x2c8aC86D2D94fC757C38B3E3895F90aa32E7594D,INSURER,125,VIDEO,2,READ,
w8,2026-03-26T02:28:30.895710Z,519.399,403,False,0x978CFCe76672e2C96DbfF5705fe29901d2A624d2,ADJUSTER,279,IMAGE,2,READ,
w6,2026-03-26T02:28:30.896406Z,520.210,403,False,0xc9d8268D9C81BA4cF1DBbA40D6dD31d9d29BFe87,COURT,428,IMAGE,2,READ,
w48,2026-03-26T02:28:30.420261Z,1006.656,200,True,0x7e44eb68D57cA35191576B6498CAC17b47001a2b,INSURER,29,VIDEO,2,READ,
w4,2026-03-26T02:28:30.929245Z,498.393,403,False,0x8d409457EE624A6a1Afb1B789793990026056d7d,REGULATOR,517,FNOL,4,READ,
w64,2026-03-26T02:28:30.930085Z,498.146,403,False,0xc9d8268D9C81BA4cF1DBbA40D6dD31d9d29BFe87,COURT,974,OTHER,1,READ,
w51,2026-03-26T02:28:30.930709Z,498.127,403,False,0x4Bb9AC8aB8c9D213B9d89538B10C1016f8e66773,INSURER,568,MEDICAL_REPORT,5,READ,
w192,2026-03-26T02:28:25.443444Z,10991.303,,,0x2a44EF6977ec44cB5c6ad5038E54C761723DB5E9,INSURER,642,FNOL,4,READ,
w180,2026-03-26T02:28:25.445409Z,10989.634,,,0xA2Be70fFcf3281293C1C8Cf71648070736aFEB70,INSURER,795,TELEMATICS,3,READ,
w133,2026-03-26T02:28:25.449604Z,10985.634,,,0xE022AD1Cb2e3f18fD419769921D61166A5F80FB9,POLICE,600,MEDICAL_REPORT,5,READ,
w168,2026-03-26T02:28:25.446248Z,10989.331,,,0x7E270839240F84dCe86114e7c9A1B5C9751d5fc0,ADJUSTER,617,FNOL,4,READ,
w166,2026-03-26T02:28:25.446379Z,10989.464,,,0x5c07a06B115c15b04B988EA559f2FC152b87BE65,INSURER,794,TELEMATICS,3,READ,
w134,2026-03-26T02:28:25.449541Z,10986.510,,,0x7F37f92080D63E1b76A83FDd5aCa390d46475f17,INSURER,2,VIDEO,2,READ,
w128,2026-03-26T02:28:25.449978Z,10986.129,,,0x814742D6773D55c02177ca64238a124D39d8CAd0,COURT,789,TELEMATICS,3,READ,
w170,2026-03-26T02:28:25.446118Z,10990.025,,,0xc30C588825d2d3c37cC645CB5f9D5138F2A54A85,POLICE,608,FNOL,4,READ,
w173,2026-03-26T02:28:25.445923Z,10990.253,,,0x6B44eD6B1692CB06047271f02833671D89f1a4E7,INSURER,333,IMAGE,2,READ,
w172,2026-03-26T02:28:25.445988Z,10990.218,,,0x904b7a5cb6e3AAb09C26C16DF2E979FE130D0889,ADJUSTER,624,MEDICAL_REPORT,5,READ,
w176,2026-03-26T02:28:25.445714Z,10990.572,,,0xcB1049e81CC805FeD8B469418aAd2A2A5fCc652A,INSURER,199,VIDEO,2,READ,
w174,2026-03-26T02:28:25.445855Z,10990.475,,,0x1a03927dCE7C5BDefcc351BCF06A554ABCDf2862,ADJUSTER,543,MEDICAL_REPORT,5,READ,
w140,2026-03-26T02:28:25.449114Z,10987.256,,,0xD8859a86a30f76f3bB902c5710A4172bd799658c,INSURER,812,TELEMATICS,3,READ,
w181,2026-03-26T02:28:25.445325Z,10991.090,,,0x5d47D10E5aaDa092c97f77a2011d225a54e888dE,INSURER,539,MEDICAL_REPORT,5,READ,
w178,2026-03-26T02:28:25.445552Z,10990.908,,,0x8818DFB61c2A02e64c74DC651D2b8a152A170140,INSURER,832,TELEMATICS,3,READ,
w182,2026-03-26T02:28:25.445255Z,10991.240,,,0x8d1A0bE126b91823D8E5E215116c9351922277f7,INSURER,903,OTHER,1,READ,
w105,2026-03-26T02:28:25.441300Z,10995.228,,,0x2d463F869E51337B7a301382Cc76B1960D09BAd7,ADJUSTER,555,FNOL,4,READ,
w144,2026-03-26T02:28:25.448575Z,10988.010,,,0x26Ab584De439e6A70824Fd85dFdc1587DF5D1516,INSURER,687,MEDICAL_REPORT,5,READ,
w184,2026-03-26T02:28:25.445095Z,10991.524,,,0xA540c09f6c140651CA79CFFa797D92DF979aE483,ADJUSTER,212,VIDEO,2,READ,
w147,2026-03-26T02:28:25.448357Z,10988.293,,,0x3fC3662b6AbB721C5A8739eBc22914C534242aC2,GARAGE,695,FNOL,4,READ,
w186,2026-03-26T02:28:25.444948Z,10991.731,,,0xd4d6f7C907632F87345652fbbA08446B0cAc034d,GARAGE,555,FNOL,4,READ,
w193,2026-03-26T02:28:25.443324Z,10993.389,,,0xA92D4979eB98ad7361AD95Ad1182a54449C093eB,INSURER,380,IMAGE,2,READ,
w152,2026-03-26T02:28:25.447778Z,10988.980,,,0x4bde32504e100aaF1Db477c3F0AF1C01be0d3003,POLICE,418,IMAGE,2,READ,
w189,2026-03-26T02:28:25.444438Z,10992.362,,,0x23E9FBB7579C74D955604A707C648CA3Db02A0c7,ADJUSTER,434,IMAGE,2,READ,
w188,2026-03-26T02:28:25.444758Z,10992.074,,,0xC0B54dC53B9A14ad6199dbB75383AcEe7B50414B,ADJUSTER,629,FNOL,4,READ,
w196,2026-03-26T02:28:25.442953Z,10993.918,,,0x62aEE2Fd1DE1f438B8c33F5C551d94d6cbD55160,POLICE,870,OTHER,1,READ,
w159,2026-03-26T02:28:25.446864Z,10990.043,,,0x7693A9f87027932864A045F6Ed756AA65fdeEc1c,INSURER,780,TELEMATICS,3,READ,
w194,2026-03-26T02:28:25.443240Z,10993.706,,,0xD1ff571869D0436cC7b43A2a2c156085F4c5Efeb,ADJUSTER,100,VIDEO,2,READ,
w163,2026-03-26T02:28:25.446573Z,10990.406,,,0x90937Fa99BC935CfA2aDcB3C0dcde37a9a95af00,INSURER,350,IMAGE,2,READ,
w130,2026-03-26T02:28:25.449850Z,10987.163,,,0xEE47aAeC1ae1eFc7AcE9A2bAB0F5c89c97613D42,POLICE,819,TELEMATICS,3,READ,
w102,2026-03-26T02:28:25.441890Z,10995.164,,,0x7E772D98853416cD822D23bF2d9D89Bd3FCF7Af6,INSURER,666,MEDICAL_REPORT,5,READ,
w197,2026-03-26T02:28:25.442546Z,10994.542,,,0x6aFB84B7d3D55C3019fC8120397eabD8507b6877,GARAGE,382,IMAGE,2,READ,
w167,2026-03-26T02:28:25.446313Z,10990.810,,,0x57D7Dac174cE9ce2c07ADDE286cBfDe51cC50122,INSURER,146,VIDEO,2,READ,
w169,2026-03-26T02:28:25.446182Z,10990.978,,,0xe4Ff9366F4FF38f071D95aA48d3DB306E70De577,POLICE,189,VIDEO,2,READ,
w199,2026-03-26T02:28:25.442122Z,10995.074,,,0x4939E121036A8AD1643718eFc89097821616931f,POLICE,675,MEDICAL_REPORT,5,READ,
w171,2026-03-26T02:28:25.446054Z,10991.185,,,0xc073597a01C3BD226F8723F8E91124b57b11BEc8,GARAGE,581,MEDICAL_REPORT,5,READ,
w138,2026-03-26T02:28:25.449247Z,10988.036,,,0x85f013a2fE4D618643C6918f0dA731aA62b93420,GARAGE,725,TELEMATICS,3,READ,
w119,2026-03-26T02:28:25.438114Z,10999.210,,,0x668803002755A42bB2BBAD8e73c43b3B5a03eC68,INSURER,802,TELEMATICS,3,READ,
w135,2026-03-26T02:28:25.449476Z,10987.896,,,0x4939E121036A8AD1643718eFc89097821616931f,POLICE,429,IMAGE,2,READ,
w132,2026-03-26T02:28:25.449697Z,10987.715,,,0x904b7a5cb6e3AAb09C26C16DF2E979FE130D0889,ADJUSTER,42,VIDEO,2,READ,
w107,2026-03-26T02:28:25.440848Z,10996.608,,,0x074bE6382e1bAD6f8957dEED880345Efc1bDC58C,POLICE,638,FNOL,4,READ,
w100,2026-03-26T02:28:25.442049Z,10995.446,,,0xd9A6B19e054ef53852110104f8251e86d57f88fe,INSURER,985,OTHER,1,READ,
w175,2026-03-26T02:28:25.445787Z,10991.755,,,0x7036A61a0c4486ca1acA322940DFE746a02EdBF7,INSURER,877,OTHER,1,READ,
w142,2026-03-26T02:28:25.448975Z,10988.644,,,0xB7953144C083a54D89d9e4eCB7A2A4151D4007E0,REGULATOR,863,OTHER,1,READ,
w103,2026-03-26T02:28:25.441800Z,10995.862,,,0xC0B54dC53B9A14ad6199dbB75383AcEe7B50414B,ADJUSTER,910,OTHER,1,READ,
w177,2026-03-26T02:28:25.445618Z,10992.083,,,0x3439804Aa24202062144D2208cAD3E29C04d6CfC,POLICE,777,TELEMATICS,3,READ,
w141,2026-03-26T02:28:25.449048Z,10988.691,,,0x20060De9B531866f987DE7123AAb09E3Df40B650,INSURER,833,TELEMATICS,3,READ,
w109,2026-03-26T02:28:25.440503Z,10997.277,,,0x71012eDE103b9A85faF1F8b952361232E5A73b6d,COURT,733,TELEMATICS,3,READ,
w104,2026-03-26T02:28:25.441680Z,10996.141,,,0x8B9C6E42320Cc7c0a0512De5818B2aCc269feef7,INSURER,738,TELEMATICS,3,READ,
w179,2026-03-26T02:28:25.445486Z,10992.395,,,0x2681A1fbf737DE9BE4B8ac0DEDe2f71fB64E2284,INSURER,960,OTHER,1,READ,
w145,2026-03-26T02:28:25.448503Z,10989.450,,,0xF92d6f9F9322A08d7548d2be3FFFfa7E9307bfF7,POLICE,201,VIDEO,2,READ,
w108,2026-03-26T02:28:25.440611Z,10997.387,,,0xFc3a53f3055e68a2D5fE4aF7E5B5cF92e63F17e7,INSURER,888,OTHER,1,READ,
w183,2026-03-26T02:28:25.445180Z,10992.842,,,0x1a03927dCE7C5BDefcc351BCF06A554ABCDf2862,ADJUSTER,950,OTHER,1,READ,
w149,2026-03-26T02:28:25.448222Z,10989.838,,,0x5CBf5c5AcCf319E51A3261361f38b9b09D3A0Cdf,INSURER,862,OTHER,1,READ,
w106,2026-03-26T02:28:25.441096Z,10996.992,,,0x2FFDEE64f54829571565E7991764e0c0B2D31B16,INSURER,121,VIDEO,2,READ,
w113,2026-03-26T02:28:25.439271Z,10998.836,,,0xA540c09f6c140651CA79CFFa797D92DF979aE483,ADJUSTER,873,OTHER,1,READ,
w110,2026-03-26T02:28:25.440382Z,10997.741,,,0xA2Be70fFcf3281293C1C8Cf71648070736aFEB70,INSURER,651,MEDICAL_REPORT,5,READ,
w185,2026-03-26T02:28:25.445023Z,10993.115,,,0x668803002755A42bB2BBAD8e73c43b3B5a03eC68,INSURER,35,VIDEO,2,READ,
w148,2026-03-26T02:28:25.448291Z,10989.863,,,0xe9BfB16581647fc6746A690dC658b56D114822f2,POLICE,408,IMAGE,2,READ,
w111,2026-03-26T02:28:25.440219Z,10997.948,,,0x631528f50C384c7AeF4ED528554980D850De0283,POLICE,353,IMAGE,2,READ,
w187,2026-03-26T02:28:25.444868Z,10993.327,,,0x3439804Aa24202062144D2208cAD3E29C04d6CfC,POLICE,46,VIDEO,2,READ,
w156,2026-03-26T02:28:25.447325Z,10990.885,,,0x9f26D169621c57Db8eC4B7a3B5D9aF4CdF71085F,INSURER,288,IMAGE,2,READ,
w116,2026-03-26T02:28:25.439034Z,10999.191,,,0xfaB598AD02177fA240d67eae46e2BBf26ba64810,ADJUSTER,503,FNOL,4,READ,
w114,2026-03-26T02:28:25.439201Z,10999.044,,,0xB7953144C083a54D89d9e4eCB7A2A4151D4007E0,REGULATOR,845,TELEMATICS,3,READ,
w151,2026-03-26T02:28:25.447844Z,10990.417,,,0xc0c58f42F3d56a359208054C1e3d9EB9FEB181E5,ADJUSTER,478,IMAGE,2,READ,
w190,2026-03-26T02:28:25.444354Z,10993.923,,,0x631528f50C384c7AeF4ED528554980D850De0283,POLICE,121,VIDEO,2,READ,
w117,2026-03-26T02:28:25.438957Z,10999.338,,,0xd4d6f7C907632F87345652fbbA08446B0cAc034d,GARAGE,129,VIDEO,2,READ,
w191,2026-03-26T02:28:25.443557Z,10994.752,,,0x3Ce62c75582d14D54A1532D0Fd3fcA709D3AB012,ADJUSTER,433,IMAGE,2,READ,
w127,2026-03-26T02:28:25.450042Z,10988.284,,,0x11d0837E47B208389bc698030a678Bc9261f8156,INSURER,336,IMAGE,2,READ,
w164,2026-03-26T02:28:25.446510Z,10991.830,,,0x9f26D169621c57Db8eC4B7a3B5D9aF4CdF71085F,INSURER,810,TELEMATICS,3,READ,
w131,2026-03-26T02:28:25.449784Z,10988.576,,,0x3539040e9A7AA2F3eb932f8a6523DA9ED746160F,GARAGE,718,TELEMATICS,3,READ,
w136,2026-03-26T02:28:25.449409Z,10988.966,,,0x85CB40Edf798FBbfC3e1f8fBA9d60D3aDA9edc66,REGULATOR,909,OTHER,1,READ,
w118,2026-03-26T02:28:25.438843Z,10999.547,,,0xd9A6B19e054ef53852110104f8251e86d57f88fe,INSURER,328,IMAGE,2,READ,
w195,2026-03-26T02:28:25.443048Z,10995.356,,,0x631528f50C384c7AeF4ED528554980D850De0283,POLICE,213,VIDEO,2,READ,
w198,2026-03-26T02:28:25.442462Z,10995.957,,,0x4bde32504e100aaF1Db477c3F0AF1C01be0d3003,POLICE,344,IMAGE,2,READ,
w120,2026-03-26T02:28:25.437904Z,11000.529,,,0x69b1a8FA8C91e049e9d19bE94bef38769ec28c9D,INSURER,685,FNOL,4,READ,
w101,2026-03-26T02:28:25.441976Z,10996.472,,,0xE022AD1Cb2e3f18fD419769921D61166A5F80FB9,POLICE,346,IMAGE,2,READ,
w112,2026-03-26T02:28:25.440027Z,10998.434,,,0x1ed7D08B1bc117C8039A09D7469dCD6b7119ec85,POLICE,287,IMAGE,2,READ,
w123,2026-03-26T02:28:25.437541Z,11000.935,,,0x9dd7F747E30a7Ab727D5AabeC1205fC6FF74891e,INSURER,945,OTHER,1,READ,
w121,2026-03-26T02:28:25.437747Z,11000.743,,,0x62aEE2Fd1DE1f438B8c33F5C551d94d6cbD55160,POLICE,197,VIDEO,2,READ,
w115,2026-03-26T02:28:25.439126Z,10999.382,,,0xe4Ff9366F4FF38f071D95aA48d3DB306E70De577,POLICE,499,IMAGE,2,READ,
w139,2026-03-26T02:28:25.449182Z,10989.340,,,0xf24f0CD63a9b98E6C44679474b98157587e5608D,INSURER,15,VIDEO,2,READ,
w125,2026-03-26T02:28:25.437344Z,11001.192,,,0x24d4D3F0B5de5Fc46A77423dfb1E9b1037BC96a0,INSURER,615,FNOL,4,READ,
w122,2026-03-26T02:28:25.437620Z,11000.929,,,0x4a28FD82865D1625ce719BbE1501981DBEb8775F,ADJUSTER,726,TELEMATICS,3,READ,
w143,2026-03-26T02:28:25.448659Z,10989.944,,,0x45c4F19a8C6e455e9647ad8aD8a9A9c7733b6Bad,INSURER,450,IMAGE,2,READ,
w129,2026-03-26T02:28:25.449914Z,10988.707,,,0x3391d15CCe51D9F0a877840266E4784c3b30dF24,POLICE,164,VIDEO,2,READ,
w150,2026-03-26T02:28:25.448148Z,10990.489,,,0x387bB796cDb51d56531031d8f74b6b071370F649,INSURER,574,FNOL,4,READ,
w153,2026-03-26T02:28:25.447705Z,10990.946,,,0x7F37f92080D63E1b76A83FDd5aCa390d46475f17,INSURER,319,IMAGE,2,READ,
w124,2026-03-26T02:28:25.437450Z,11001.216,,,0x3fC3662b6AbB721C5A8739eBc22914C534242aC2,GARAGE,383,IMAGE,2,READ,
w146,2026-03-26T02:28:25.448423Z,10990.257,,,0x84201FaB00444122Be75C109644920B9462cD92d,INSURER,941,OTHER,1,READ,
w158,2026-03-26T02:28:25.447162Z,10991.544,,,0x4e3024d505B55f3da9f0D7B3a7319EDF7CBAdAdc,INSURER,119,VIDEO,2,READ,
w126,2026-03-26T02:28:25.437237Z,11001.484,,,0xcB1049e81CC805FeD8B469418aAd2A2A5fCc652A,INSURER,749,TELEMATICS,3,READ,
w154,2026-03-26T02:28:25.447600Z,10991.136,,,0x668803002755A42bB2BBAD8e73c43b3B5a03eC68,INSURER,718,TELEMATICS,3,READ,
w157,2026-03-26T02:28:25.447252Z,10991.497,,,0x98347d3bFE3F67dc6ee387CF9C8DE40578347681,ADJUSTER,399,IMAGE,2,READ,
w160,2026-03-26T02:28:25.446799Z,10991.964,,,0x58546e800Dd5EE7E99f22ecB7344138B6dFF55Ce,INSURER,874,OTHER,1,READ,
w155,2026-03-26T02:28:25.447392Z,10991.384,,,0x0B5dF81DC06Bb007c88E04eD2D6826Ca41cBB0A2,GARAGE,307,IMAGE,2,READ,
w161,2026-03-26T02:28:25.446733Z,10992.056,,,0x2C633fcDe1FC84a3cab453082dd753A56206d5a5,ADJUSTER,119,VIDEO,2,READ,
w137,2026-03-26T02:28:25.449332Z,10989.469,,,0x9dd7F747E30a7Ab727D5AabeC1205fC6FF74891e,INSURER,694,MEDICAL_REPORT,5,READ,
w162,2026-03-26T02:28:25.446639Z,10992.175,,,0x5d3d41FA5c381DAE4B6Bcdfd09862684aA5Ce3fd,ADJUSTER,822,TELEMATICS,3,READ,
w165,2026-03-26T02:28:25.446445Z,10992.383,,,0x09fA524FB632b6004cb5b61705D1Ac8346f5C956,ADJUSTER,861,OTHER,1,READ,
w48,2026-03-26T02:28:31.426940Z,7183.520,500,,0x0B5dF81DC06Bb007c88E04eD2D6826Ca41cBB0A2,GARAGE,9,VIDEO,2,READ,
w4,2026-03-26T02:28:31.427665Z,7183.336,500,,0x5dBb83D0d96c168133412CC6e93a25a61Bfb8599,INSURER,495,IMAGE,2,READ,
w64,2026-03-26T02:28:31.428255Z,7183.297,500,,0x7036A61a0c4486ca1acA322940DFE746a02EdBF7,INSURER,128,VIDEO,2,READ,
w51,2026-03-26T02:28:31.428877Z,7185.191,500,,0xe68Cd859c32799e54800ffa5C5474912A5C23706,INSURER,179,VIDEO,2,READ,
w10,2026-03-26T02:28:30.932078Z,7687.602,403,False,0x7036A61a0c4486ca1acA322940DFE746a02EdBF7,INSURER,477,IMAGE,2,READ,
w58,2026-03-26T02:28:30.932802Z,7691.410,403,False,0x7e44eb68D57cA35191576B6498CAC17b47001a2b,INSURER,891,OTHER,1,READ,
w94,2026-03-26T02:28:30.944061Z,7680.609,403,False,0x978CFCe76672e2C96DbfF5705fe29901d2A624d2,ADJUSTER,663,FNOL,4,READ,
w17,2026-03-26T02:28:30.461134Z,8197.520,200,True,0x3391d15CCe51D9F0a877840266E4784c3b30dF24,POLICE,141,VIDEO,2,READ,
w13,2026-03-26T02:28:30.461854Z,8197.120,200,True,0x4Bb9AC8aB8c9D213B9d89538B10C1016f8e66773,INSURER,150,VIDEO,2,READ,
w82,2026-03-26T02:28:30.468743Z,8190.472,200,True,0x38cBa880d4427ccC9Db01c3d1E1629eC61458b52,COURT,120,VIDEO,2,READ,
w70,2026-03-26T02:28:30.975158Z,7684.440,403,False,0x85CB40Edf798FBbfC3e1f8fBA9d60D3aDA9edc66,REGULATOR,834,TELEMATICS,3,READ,
w89,2026-03-26T02:28:30.976354Z,7683.471,403,False,0xf24f0CD63a9b98E6C44679474b98157587e5608D,INSURER,459,IMAGE,2,READ,
w33,2026-03-26T02:28:30.470149Z,8189.867,200,True,0xf0C27952Ff3Fa054AC5C5067bA433eE3851F196D,GARAGE,104,VIDEO,2,READ,
w31,2026-03-26T02:28:30.510023Z,8180.159,200,True,0x27Dd09F461d60E509B253B64B9C618ade0B207c2,INSURER,56,VIDEO,2,READ,
w27,2026-03-26T02:28:31.014583Z,7675.882,403,False,0xAd32d7cB99dFce02DE8A0033cC5fea1262c9840C,INSURER,987,OTHER,1,READ,
w30,2026-03-26T02:28:31.016857Z,7673.850,403,False,0xd9A6B19e054ef53852110104f8251e86d57f88fe,INSURER,958,OTHER,1,READ,
w37,2026-03-26T02:28:31.017654Z,7673.361,403,False,0x83e68Cac649872ca6135aDfEF9A944bbF908ef66,GARAGE,511,MEDICAL_REPORT,5,READ,
w83,2026-03-26T02:28:31.018211Z,7673.059,403,False,0x3539040e9A7AA2F3eb932f8a6523DA9ED746160F,GARAGE,409,IMAGE,2,READ,
w34,2026-03-26T02:28:31.018888Z,7672.905,403,False,0xF92d6f9F9322A08d7548d2be3FFFfa7E9307bfF7,POLICE,984,OTHER,1,READ,
w95,2026-03-26T02:28:31.019638Z,7673.506,403,False,0xe8425CD8D02275245734Aa5D064DD1F2B051fA27,INSURER,497,IMAGE,2,READ,
w96,2026-03-26T02:28:31.020192Z,7674.038,403,False,0x8818DFB61c2A02e64c74DC651D2b8a152A170140,INSURER,627,FNOL,4,READ,
w44,2026-03-26T02:28:31.036672Z,7684.624,403,False,0x6aFB84B7d3D55C3019fC8120397eabD8507b6877,GARAGE,338,IMAGE,2,READ,
w98,2026-03-26T02:28:31.038223Z,7683.355,403,False,0x8d1A0bE126b91823D8E5E215116c9351922277f7,INSURER,615,FNOL,4,READ,
w3,2026-03-26T02:28:31.047524Z,7699.965,403,False,0x90028B286fD1D933A9D4663B944477413d781ad9,COURT,423,IMAGE,2,READ,
w41,2026-03-26T02:28:31.048113Z,7699.879,403,False,0xfbffdfBb61e2B0aCC9065D4c9940fAdB3c5Bb4DE,INSURER,554,FNOL,4,READ,
w99,2026-03-26T02:28:31.048793Z,7699.415,403,False,0xf24f0CD63a9b98E6C44679474b98157587e5608D,INSURER,969,OTHER,1,READ,
w46,2026-03-26T02:28:30.590303Z,8165.347,200,True,0x4e3024d505B55f3da9f0D7B3a7319EDF7CBAdAdc,INSURER,234,VIDEO,2,READ,
w45,2026-03-26T02:28:30.590983Z,8165.251,200,True,0xA07ddA082a145D371fc7C88A2cBF3594FcBb51e0,REGULATOR,87,VIDEO,2,READ,
w49,2026-03-26T02:28:30.591707Z,8164.890,200,True,0x3fC3662b6AbB721C5A8739eBc22914C534242aC2,GARAGE,88,VIDEO,2,READ,
w50,2026-03-26T02:28:30.593038Z,8164.205,200,True,0xc30C588825d2d3c37cC645CB5f9D5138F2A54A85,POLICE,264,IMAGE,2,READ,
w53,2026-03-26T02:28:31.089619Z,7667.901,403,False,0xa09383266c25808Ea3362D5DaE160528bB5Fb130,POLICE,836,TELEMATICS,3,READ,
w5,2026-03-26T02:28:31.092065Z,7665.689,403,False,0x2eda3233Edca92d3CC82824DE958CC1cCE3A80f4,POLICE,529,MEDICAL_REPORT,5,READ,
w63,2026-03-26T02:28:30.638059Z,8137.640,200,True,0x034E07D329FcA8aC6b776699af54687288A7fe3E,ADJUSTER,197,VIDEO,2,READ,
w22,2026-03-26T02:28:30.640848Z,8135.150,200,True,0x221D1a7739dA73BA8B191C14399776D9C63E6e8F,INSURER,167,VIDEO,2,READ,
w21,2026-03-26T02:28:31.144112Z,7632.140,403,False,0x2a44EF6977ec44cB5c6ad5038E54C761723DB5E9,INSURER,820,TELEMATICS,3,READ,
w9,2026-03-26T02:28:31.145332Z,7631.349,403,False,0x62aEE2Fd1DE1f438B8c33F5C551d94d6cbD55160,POLICE,867,OTHER,1,READ,
w60,2026-03-26T02:28:31.145909Z,7630.991,403,False,0x969F5C531FA570b10b873CE229E1D17C35c80b01,POLICE,499,IMAGE,2,READ,
w67,2026-03-26T02:28:31.146524Z,7630.584,403,False,0x5d47D10E5aaDa092c97f77a2011d225a54e888dE,INSURER,937,OTHER,1,READ,
w23,2026-03-26T02:28:30.667350Z,8127.213,200,True,0x1Bc44f70234E2a0FBCb744E2abF6F6931BA6231F,INSURER,188,VIDEO,2,READ,
w71,2026-03-26T02:28:31.178444Z,7616.327,403,False,0xC737C4f48DDAf3A5015F6461cCC3152074B1adDc,INSURER,526,MEDICAL_REPORT,5,READ,
w24,2026-03-26T02:28:31.184757Z,7616.860,403,False,0xD74Bb4A9C118bf6bC73Be08B90542dAab12c5FAe,INSURER,357,IMAGE,2,READ,
w68,2026-03-26T02:28:31.186656Z,7615.380,403,False,0xD9D6cdEd999CB9B2EC63a0b734693f9a664C9F65,INSURER,827,TELEMATICS,3,READ,
w87,2026-03-26T02:28:30.700406Z,8126.065,200,True,0x57D7Dac174cE9ce2c07ADDE286cBfDe51cC50122,INSURER,222,VIDEO,2,READ,
w73,2026-03-26T02:28:31.219225Z,7607.606,403,False,0xF0d558cD42EB081556a20bB9C95157de4966DbEe,INSURER,365,IMAGE,2,READ,
w84,2026-03-26T02:28:31.220768Z,7606.451,403,False,0x5CBf5c5AcCf319E51A3261361f38b9b09D3A0Cdf,INSURER,571,MEDICAL_REPORT,5,READ,
w54,2026-03-26T02:28:31.221320Z,7606.277,403,False,0x4bde32504e100aaF1Db477c3F0AF1C01be0d3003,POLICE,868,OTHER,1,READ,
w57,2026-03-26T02:28:31.222576Z,7609.219,403,False,0xc560606Bd2B90Feea8BaAB3270Efd65c17422Ad3,ADJUSTER,849,TELEMATICS,3,READ,
w75,2026-03-26T02:28:30.732229Z,8114.697,200,True,0xc30C588825d2d3c37cC645CB5f9D5138F2A54A85,POLICE,19,VIDEO,2,READ,
w19,2026-03-26T02:28:30.734283Z,8112.824,200,True,0x2eda3233Edca92d3CC82824DE958CC1cCE3A80f4,POLICE,231,VIDEO,2,READ,
w20,2026-03-26T02:28:31.266519Z,7580.733,403,False,0x33733bc2AFfA696339eACE63a29db0850Bae08C6,COURT,967,OTHER,1,READ,
w52,2026-03-26T02:28:31.267727Z,7579.656,403,False,0x57D7Dac174cE9ce2c07ADDE286cBfDe51cC50122,INSURER,541,MEDICAL_REPORT,5,READ,
w66,2026-03-26T02:28:31.268224Z,7579.325,403,False,0xf35E98eF2f18881395aAf1Ef3ffB3f31d4b20C25,INSURER,563,FNOL,4,READ,
w81,2026-03-26T02:28:31.268704Z,7578.985,403,False,0xd4d6f7C907632F87345652fbbA08446B0cAc034d,GARAGE,989,OTHER,1,READ,
w56,2026-03-26T02:28:31.269265Z,7578.588,403,False,0xaFc74D5a37Fc772BA03f377804Ff23eE80c3F0B6,GARAGE,301,IMAGE,2,READ,
w90,2026-03-26T02:28:31.281818Z,7582.792,403,False,0xE022AD1Cb2e3f18fD419769921D61166A5F80FB9,POLICE,481,IMAGE,2,READ,
w86,2026-03-26T02:28:31.282700Z,7582.027,403,False,0x6793787989bC3CD4C54f44099Dc75Fb05503EC65,GARAGE,316,IMAGE,2,READ,
w92,2026-03-26T02:28:31.283487Z,7581.531,403,False,0x2eda3233Edca92d3CC82824DE958CC1cCE3A80f4,POLICE,345,IMAGE,2,READ,
w69,2026-03-26T02:28:30.791238Z,8096.702,200,True,0x7e44eb68D57cA35191576B6498CAC17b47001a2b,INSURER,228,VIDEO,2,READ,
w80,2026-03-26T02:28:31.320009Z,7568.064,403,False,0x24d4D3F0B5de5Fc46A77423dfb1E9b1037BC96a0,INSURER,468,IMAGE,2,READ,
w14,2026-03-26T02:28:31.321085Z,7567.089,403,False,0xf0C27952Ff3Fa054AC5C5067bA433eE3851F196D,GARAGE,724,TELEMATICS,3,READ,
w25,2026-03-26T02:28:30.805621Z,8113.039,200,True,0xc0c58f42F3d56a359208054C1e3d9EB9FEB181E5,ADJUSTER,244,VIDEO,2,READ,
w77,2026-03-26T02:28:31.343557Z,7575.331,403,False,0xe4Ff9366F4FF38f071D95aA48d3DB306E70De577,POLICE,868,OTHER,1,READ,
w39,2026-03-26T02:28:31.344193Z,7575.059,403,False,0x99F976CEeE5D5d44F2838f3c8d7c188f183c11E8,COURT,746,TELEMATICS,3,READ,
w79,2026-03-26T02:28:31.344995Z,7574.518,403,False,0x0D7022eA8E23540fb4DCD302f796E37E70C4ee18,ADJUSTER,409,IMAGE,2,READ,
w28,2026-03-26T02:28:30.841545Z,8117.413,200,True,0x7E270839240F84dCe86114e7c9A1B5C9751d5fc0,ADJUSTER,9,VIDEO,2,READ,
w18,2026-03-26T02:28:30.849497Z,8109.635,200,True,0x2d463F869E51337B7a301382Cc76B1960D09BAd7,ADJUSTER,200,VIDEO,2,READ,
w0,2026-03-26T02:28:30.850749Z,8109.286,200,True,0xD74Bb4A9C118bf6bC73Be08B90542dAab12c5FAe,INSURER,103,VIDEO,2,READ,
w62,2026-03-26T02:28:30.851567Z,8118.886,200,True,0x6793787989bC3CD4C54f44099Dc75Fb05503EC65,GARAGE,237,VIDEO,2,READ,
w38,2026-03-26T02:28:31.382636Z,7588.152,403,False,0x727e45e23f8594c57Cf3FE94b94fC6DC8eBD7A92,INSURER,759,TELEMATICS,3,READ,
w78,2026-03-26T02:28:31.383608Z,7587.341,403,False,0xE49f69335d2600b7983983725650eEc85f260b0E,INSURER,449,IMAGE,2,READ,
w55,2026-03-26T02:28:30.892221Z,8093.185,200,True,0xD9D6cdEd999CB9B2EC63a0b734693f9a664C9F65,INSURER,35,VIDEO,2,READ,
w93,2026-03-26T02:28:30.894762Z,8090.879,200,True,0x2eda3233Edca92d3CC82824DE958CC1cCE3A80f4,POLICE,62,VIDEO,2,READ,
w97,2026-03-26T02:28:31.413648Z,7572.196,403,False,0xe68Cd859c32799e54800ffa5C5474912A5C23706,INSURER,757,TELEMATICS,3,READ,
w8,2026-03-26T02:28:31.415134Z,7571.079,403,False,0x7036A61a0c4486ca1acA322940DFE746a02EdBF7,INSURER,852,OTHER,1,READ,
w6,2026-03-26T02:28:31.416643Z,7569.721,403,False,0x668803002755A42bB2BBAD8e73c43b3B5a03eC68,INSURER,316,IMAGE,2,READ,
w192,2026-03-26T02:28:36.434773Z,2590.955,403,False,0xD6DBE4E8f9f2C043d9D69340C893CDc79e6cEaB1,ADJUSTER,854,OTHER,1,READ,
w133,2026-03-26T02:28:36.435254Z,2590.769,403,False,0x9f26D169621c57Db8eC4B7a3B5D9aF4CdF71085F,INSURER,879,OTHER,1,READ,
w36,2026-03-26T02:28:30.931252Z,8095.092,200,True,0x8d409457EE624A6a1Afb1B789793990026056d7d,REGULATOR,154,VIDEO,2,READ,
w7,2026-03-26T02:28:30.933407Z,8095.165,200,True,0x33733bc2AFfA696339eACE63a29db0850Bae08C6,COURT,143,VIDEO,2,READ,
w2,2026-03-26T02:28:30.944818Z,8083.930,200,True,0xe028327896d2bb4705C2134380bDB1E038DdF2Fc,REGULATOR,175,VIDEO,2,READ,
w166,2026-03-26T02:28:36.435860Z,2594.659,403,False,0x2c8aC86D2D94fC757C38B3E3895F90aa32E7594D,INSURER,700,MEDICAL_REPORT,5,READ,
w72,2026-03-26T02:28:30.972860Z,8064.693,200,True,0x106A9Ba6bde37edc0BadcA9D48C8F8dF69524AD3,INSURER,226,VIDEO,2,READ,
w65,2026-03-26T02:28:31.015694Z,8027.252,200,True,0x034E07D329FcA8aC6b776699af54687288A7fe3E,ADJUSTER,226,VIDEO,2,READ,
w35,2026-03-26T02:28:31.016311Z,8027.298,200,True,0x2FFDEE64f54829571565E7991764e0c0B2D31B16,INSURER,216,VIDEO,2,READ,
w42,2026-03-26T02:28:31.035711Z,8019.232,200,True,0x90937Fa99BC935CfA2aDcB3C0dcde37a9a95af00,INSURER,92,VIDEO,2,READ,
w61,2026-03-26T02:28:31.037403Z,8018.318,200,True,0x2FFDEE64f54829571565E7991764e0c0B2D31B16,INSURER,127,VIDEO,2,READ,
w11,2026-03-26T02:28:31.144723Z,7928.051,200,True,0x62198F0616394D6E59Acc14b43bbe6ABF2f67db8,ADJUSTER,247,VIDEO,2,READ,
w43,2026-03-26T02:28:31.038924Z,8043.233,200,True,0xe4Ff9366F4FF38f071D95aA48d3DB306E70De577,POLICE,240,VIDEO,2,READ,
w59,2026-03-26T02:28:31.046841Z,8036.129,200,True,0x724d89D8ad84494De12a74615cd5bFFEf3eA18aA,ADJUSTER,125,VIDEO,2,READ,
w15,2026-03-26T02:28:31.179066Z,7918.267,200,True,0xF4B9B002569bC5998B1d5a2309EF921d2ca63BDd,INSURER,63,VIDEO,2,READ,
w26,2026-03-26T02:28:31.180758Z,7916.803,200,True,0x2681A1fbf737DE9BE4B8ac0DEDe2f71fB64E2284,INSURER,66,VIDEO,2,READ,
w12,2026-03-26T02:28:31.185516Z,7912.193,200,True,0x2d463F869E51337B7a301382Cc76B1960D09BAd7,ADJUSTER,54,VIDEO,2,READ,
w91,2026-03-26T02:28:31.220174Z,7884.075,200,True,0xe4Ff9366F4FF38f071D95aA48d3DB306E70De577,POLICE,192,VIDEO,2,READ,
w47,2026-03-26T02:28:31.221855Z,7882.758,200,True,0x727e45e23f8594c57Cf3FE94b94fC6DC8eBD7A92,INSURER,171,VIDEO,2,READ,
w88,2026-03-26T02:28:31.267161Z,7838.069,200,True,0x2b2d95E89Db8d5C9D7a789205F735fffB7738f31,INSURER,47,VIDEO,2,READ,
w16,2026-03-26T02:28:31.284423Z,7822.414,200,True,0xc560606Bd2B90Feea8BaAB3270Efd65c17422Ad3,ADJUSTER,219,VIDEO,2,READ,
w29,2026-03-26T02:28:31.320572Z,7790.676,200,True,0x9D7C8C9e23D36eC3BFff969f156405253162b9e0,ADJUSTER,239,VIDEO,2,READ,
w74,2026-03-26T02:28:31.322266Z,7789.512,200,True,0x33733bc2AFfA696339eACE63a29db0850Bae08C6,COURT,181,VIDEO,2,READ,
w40,2026-03-26T02:28:31.342581Z,7776.321,200,True,0xc0c58f42F3d56a359208054C1e3d9EB9FEB181E5,ADJUSTER,265,IMAGE,2,READ,
w1,2026-03-26T02:28:31.348823Z,7770.217,200,True,0x2eda3233Edca92d3CC82824DE958CC1cCE3A80f4,POLICE,203,VIDEO,2,READ,
w85,2026-03-26T02:28:31.381850Z,7742.283,200,True,0x90028B286fD1D933A9D4663B944477413d781ad9,COURT,93,VIDEO,2,READ,
w76,2026-03-26T02:28:31.384232Z,7740.385,200,True,0x5a73100273e2F91b8379DcaEe7505e5294ECd09E,INSURER,187,VIDEO,2,READ,
w32,2026-03-26T02:28:31.414514Z,7711.897,200,True,0x0faad82B330120b20f18ed21fCD7C5e6865C2088,INSURER,187,VIDEO,2,READ,
w180,2026-03-26T02:28:36.435061Z,2696.027,200,True,0x8d1A0bE126b91823D8E5E215116c9351922277f7,INSURER,27,VIDEO,2,READ,
w168,2026-03-26T02:28:36.435600Z,2696.513,200,True,0xE49f69335d2600b7983983725650eEc85f260b0E,INSURER,138,VIDEO,2,READ,
