worker,start_time_iso,latency_ms,status,allowed,subject_address,subject_role,resource_id,resource_type,resource_sensitivity,action,error
w64,2026-03-26T02:27:48.849237Z,882.082,403,False,0x8d1A0bE126b91823D8E5E215116c9351922277f7,INSURER,348,IMAGE,2,READ,
w65,2026-03-26T02:27:48.849298Z,882.812,403,False,0x8B9C6E42320Cc7c0a0512De5818B2aCc269feef7,INSURER,748,TELEMATICS,3,READ,
w66,2026-03-26T02:27:48.849354Z,883.673,403,False,0xa09383266c25808Ea3362D5DaE160528bB5Fb130,POLICE,886,OTHER,1,READ,
w68,2026-03-26T02:27:48.849838Z,883.793,403,False,0x83e68Cac649872ca6135aDfEF9A944bbF908ef66,GARAGE,726,TELEMATICS,3,READ,
w69,2026-03-26T02:27:48.849917Z,884.276,403,False,0xc560606Bd2B90Feea8BaAB3270Efd65c17422Ad3,ADJUSTER,347,IMAGE,2,READ,
w14,2026-03-26T02:27:48.841805Z,892.909,403,False,0x62aEE2Fd1DE1f438B8c33F5C551d94d6cbD55160,POLICE,666,MEDICAL_REPORT,5,READ,
w72,2026-03-26T02:27:48.850103Z,885.401,403,False,0xAc46c6cb0d1d810573C55BcB67a854a313D89d5E,POLICE,281,IMAGE,2,READ,
w16,2026-03-26T02:27:48.842179Z,898.182,403,False,0x4f7D9fAD2de6543311c004C44a061D6E3BF44Bc2,GARAGE,399,IMAGE,2,READ,
w73,2026-03-26T02:27:48.850184Z,890.815,403,False,0xB7953144C083a54D89d9e4eCB7A2A4151D4007E0,REGULATOR,390,IMAGE,2,READ,
w17,2026-03-26T02:27:48.842350Z,899.356,403,False,0x7E270839240F84dCe86114e7c9A1B5C9751d5fc0,ADJUSTER,935,OTHER,1,READ,
w75,2026-03-26T02:27:48.850423Z,892.431,403,False,0x86A27669Dc5B6bA6693B7eBf3cF194eB8C1Ba6a1,INSURER,293,IMAGE,2,READ,
w19,2026-03-26T02:27:48.842735Z,900.688,403,False,0x7F99cBFcC9a6cBf31E66d657377B3C4D260ce4BE,ADJUSTER,982,OTHER,1,READ,
w76,2026-03-26T02:27:48.850542Z,893.445,403,False,0xc560606Bd2B90Feea8BaAB3270Efd65c17422Ad3,ADJUSTER,717,TELEMATICS,3,READ,
w20,2026-03-26T02:27:48.843095Z,901.376,403,False,0xd4d6f7C907632F87345652fbbA08446B0cAc034d,GARAGE,730,TELEMATICS,3,READ,
w78,2026-03-26T02:27:48.850674Z,894.426,403,False,0x8d1A0bE126b91823D8E5E215116c9351922277f7,INSURER,697,MEDICAL_REPORT,5,READ,
w22,2026-03-26T02:27:48.843627Z,902.010,403,False,0xAB90A30F8DBAe40Fd6D9aA11cf1908F4CbC8432D,INSURER,798,TELEMATICS,3,READ,
w79,2026-03-26T02:27:48.850738Z,896.286,403,False,0x9A79C72a6b8A1a6F62B7D42810fA4D7d292395BC,POLICE,889,OTHER,1,READ,
w23,2026-03-26T02:27:48.843858Z,903.763,403,False,0xD1ff571869D0436cC7b43A2a2c156085F4c5Efeb,ADJUSTER,593,FNOL,4,READ,
w81,2026-03-26T02:27:48.852757Z,895.568,403,False,0x808e36854e0010681FFdE8f615E4a0967A544c06,INSURER,600,MEDICAL_REPORT,5,READ,
w24,2026-03-26T02:27:48.844305Z,904.539,403,False,0x9f37E319F5290Da8b5C5Cb33369dc41B4E185AB5,ADJUSTER,809,TELEMATICS,3,READ,
w25,2026-03-26T02:27:48.844608Z,904.938,403,False,0xC0B54dC53B9A14ad6199dbB75383AcEe7B50414B,ADJUSTER,380,IMAGE,2,READ,
w26,2026-03-26T02:27:48.844903Z,905.276,403,False,0x11d0837E47B208389bc698030a678Bc9261f8156,INSURER,644,MEDICAL_REPORT,5,READ,
w84,2026-03-26T02:27:48.853167Z,897.620,403,False,0xc78F8e87EFbf9675147C8824EF1242398372eFCC,COURT,920,OTHER,1,READ,
w85,2026-03-26T02:27:48.853259Z,898.147,403,False,0x9dd7F747E30a7Ab727D5AabeC1205fC6FF74891e,INSURER,328,IMAGE,2,READ,
w28,2026-03-26T02:27:48.845657Z,916.580,403,False,0xd4d6f7C907632F87345652fbbA08446B0cAc034d,GARAGE,908,OTHER,1,READ,
w86,2026-03-26T02:27:48.853347Z,909.343,403,False,0xD1ff571869D0436cC7b43A2a2c156085F4c5Efeb,ADJUSTER,395,IMAGE,2,READ,
w29,2026-03-26T02:27:48.845882Z,917.318,403,False,0x2C633fcDe1FC84a3cab453082dd753A56206d5a5,ADJUSTER,311,IMAGE,2,READ,
w87,2026-03-26T02:27:48.853476Z,910.186,403,False,0xfC435D0E00Ae6D11E5Bb3A9cd461B915Edc17F59,REGULATOR,967,OTHER,1,READ,
w31,2026-03-26T02:27:48.846254Z,917.845,403,False,0x387bB796cDb51d56531031d8f74b6b071370F649,INSURER,722,TELEMATICS,3,READ,
w89,2026-03-26T02:27:48.853672Z,910.841,403,False,0x90937Fa99BC935CfA2aDcB3C0dcde37a9a95af00,INSURER,365,IMAGE,2,READ,
w32,2026-03-26T02:27:48.846406Z,918.587,403,False,0x724d89D8ad84494De12a74615cd5bFFEf3eA18aA,ADJUSTER,933,OTHER,1,READ,
w33,2026-03-26T02:27:48.846577Z,918.866,403,False,0x0Bc69A9CA614967C5D33108DA2C0Afd95130f7ab,POLICE,480,IMAGE,2,READ,
w90,2026-03-26T02:27:48.853763Z,912.145,403,False,0x808e36854e0010681FFdE8f615E4a0967A544c06,INSURER,820,TELEMATICS,3,READ,
w80,2026-03-26T02:27:48.850802Z,915.572,403,False,0x3Ce62c75582d14D54A1532D0Fd3fcA709D3AB012,ADJUSTER,593,FNOL,4,READ,
w91,2026-03-26T02:27:48.853865Z,914.834,403,False,0xc9d8268D9C81BA4cF1DBbA40D6dD31d9d29BFe87,COURT,314,IMAGE,2,READ,
w92,2026-03-26T02:27:48.853960Z,915.297,403,False,0x38cBa880d4427ccC9Db01c3d1E1629eC61458b52,COURT,589,FNOL,4,READ,
w2,2026-03-26T02:27:48.840391Z,929.351,403,False,0x7F99cBFcC9a6cBf31E66d657377B3C4D260ce4BE,ADJUSTER,867,OTHER,1,READ,
w36,2026-03-26T02:27:48.847059Z,923.191,403,False,0x98347d3bFE3F67dc6ee387CF9C8DE40578347681,ADJUSTER,379,IMAGE,2,READ,
w93,2026-03-26T02:27:48.854097Z,916.778,403,False,0x074bE6382e1bAD6f8957dEED880345Efc1bDC58C,POLICE,357,IMAGE,2,READ,
w37,2026-03-26T02:27:48.847184Z,924.294,403,False,0x3F80f29E8ee7BD7ab795eaa0ea5834F45d8b4f36,ADJUSTER,514,FNOL,4,READ,
w95,2026-03-26T02:27:48.854322Z,928.663,403,False,0xD8859a86a30f76f3bB902c5710A4172bd799658c,INSURER,847,TELEMATICS,3,READ,
w38,2026-03-26T02:27:48.847400Z,936.087,403,False,0xDce410211947791510C6ABE09E20663d9934397A,INSURER,440,IMAGE,2,READ,
w96,2026-03-26T02:27:48.854547Z,930.296,403,False,0xA2Be70fFcf3281293C1C8Cf71648070736aFEB70,INSURER,343,IMAGE,2,READ,
w39,2026-03-26T02:27:48.847518Z,937.863,403,False,0xD74Bb4A9C118bf6bC73Be08B90542dAab12c5FAe,INSURER,962,OTHER,1,READ,
w97,2026-03-26T02:27:48.854659Z,931.165,403,False,0x074bE6382e1bAD6f8957dEED880345Efc1bDC58C,POLICE,360,IMAGE,2,READ,
w98,2026-03-26T02:27:48.854761Z,931.585,403,False,0xe4f7B57F3C40B6c829FCf662110800Fe4aBafb37,GARAGE,460,IMAGE,2,READ,
w41,2026-03-26T02:27:48.847667Z,939.249,403,False,0xF92d6f9F9322A08d7548d2be3FFFfa7E9307bfF7,POLICE,354,IMAGE,2,READ,
w3,2026-03-26T02:27:48.840591Z,946.931,403,False,0x727e45e23f8594c57Cf3FE94b94fC6DC8eBD7A92,INSURER,410,IMAGE,2,READ,
w4,2026-03-26T02:27:48.840708Z,947.412,403,False,0xd0689a028421dC6615C8E2A65363C35d34DCe4CC,COURT,721,TELEMATICS,3,READ,
w44,2026-03-26T02:27:48.847856Z,940.693,403,False,0x23E9FBB7579C74D955604A707C648CA3Db02A0c7,ADJUSTER,462,IMAGE,2,READ,
w6,2026-03-26T02:27:48.840891Z,948.087,403,False,0x88982eB8A9a596fA186A12b47f4F905A2c7516d6,COURT,940,OTHER,1,READ,
w46,2026-03-26T02:27:48.848000Z,941.435,403,False,0x23E9FBB7579C74D955604A707C648CA3Db02A0c7,ADJUSTER,658,MEDICAL_REPORT,5,READ,
w47,2026-03-26T02:27:48.848063Z,941.775,403,False,0xfbffdfBb61e2B0aCC9065D4c9940fAdB3c5Bb4DE,INSURER,624,MEDICAL_REPORT,5,READ,
w7,2026-03-26T02:27:48.840971Z,949.255,403,False,0x9455AD24B4CF0dBA6bF671fb827428C8a7D5c62f,ADJUSTER,302,IMAGE,2,READ,
w50,2026-03-26T02:27:48.848236Z,942.358,403,False,0xC737C4f48DDAf3A5015F6461cCC3152074B1adDc,INSURER,559,MEDICAL_REPORT,5,READ,
w52,2026-03-26T02:27:48.848355Z,942.604,403,False,0xD45c19e5e5E1f56DFD5EF10a0DBdBeE64Bb94C5E,POLICE,535,MEDICAL_REPORT,5,READ,
w53,2026-03-26T02:27:48.848505Z,942.867,403,False,0x2E3A06358fFBF425bdBFB9D46d36F4C62cB2C752,ADJUSTER,705,TELEMATICS,3,READ,
w9,2026-03-26T02:27:48.841106Z,950.659,403,False,0x10e284843829f15F74cE6E0abD20284341c6DB9A,INSURER,871,OTHER,1,READ,
w55,2026-03-26T02:27:48.848676Z,943.518,403,False,0x2eda3233Edca92d3CC82824DE958CC1cCE3A80f4,POLICE,381,IMAGE,2,READ,
w57,2026-03-26T02:27:48.848799Z,943.841,403,False,0x58546e800Dd5EE7E99f22ecB7344138B6dFF55Ce,INSURER,844,TELEMATICS,3,READ,
w10,2026-03-26T02:27:48.841354Z,1070.286,403,False,0xfbffdfBb61e2B0aCC9065D4c9940fAdB3c5Bb4DE,INSURER,267,IMAGE,2,READ,
w59,2026-03-26T02:27:48.848934Z,1064.345,403,False,0x2b2d95E89Db8d5C9D7a789205F735fffB7738f31,INSURER,490,IMAGE,2,READ,
w11,2026-03-26T02:27:48.841448Z,1073.436,403,False,0x90937Fa99BC935CfA2aDcB3C0dcde37a9a95af00,INSURER,971,OTHER,1,READ,
w61,2026-03-26T02:27:48.849058Z,1068.735,403,False,0x5c07a06B115c15b04B988EA559f2FC152b87BE65,INSURER,952,OTHER,1,READ,
w13,2026-03-26T02:27:48.841669Z,1082.948,403,False,0xF44A9B02ECE32ED838D00FD3Ce799F3256367eE3,INSURER,755,TELEMATICS,3,READ,
w62,2026-03-26T02:27:48.849122Z,1077.760,403,False,0x7F99cBFcC9a6cBf31E66d657377B3C4D260ce4BE,ADJUSTER,323,IMAGE,2,READ,
w63,2026-03-26T02:27:48.849180Z,1078.189,403,False,0xA07ddA082a145D371fc7C88A2cBF3594FcBb51e0,REGULATOR,346,IMAGE,2,READ,
w0,2026-03-26T02:27:48.836472Z,1091.381,403,False,0xe4Ff9366F4FF38f071D95aA48d3DB306E70De577,POLICE,701,TELEMATICS,3,READ,
w67,2026-03-26T02:27:48.849501Z,1485.561,200,True,0xe4f7B57F3C40B6c829FCf662110800Fe4aBafb37,GARAGE,45,VIDEO,2,READ,
w70,2026-03-26T02:27:48.849988Z,1485.923,200,True,0xc78F8e87EFbf9675147C8824EF1242398372eFCC,COURT,5,VIDEO,2,READ,
w71,2026-03-26T02:27:48.850050Z,1486.372,200,True,0x81946b335d2Cf70a427E23b92bCcC1ACcDDB118A,INSURER,167,VIDEO,2,READ,
w15,2026-03-26T02:27:48.842002Z,1494.917,200,True,0xA0706EA97613c48c8Ee8A39218259d61Ae5A25c1,INSURER,69,VIDEO,2,READ,
w74,2026-03-26T02:27:48.850353Z,1489.647,200,True,0x38cBa880d4427ccC9Db01c3d1E1629eC61458b52,COURT,239,VIDEO,2,READ,
w18,2026-03-26T02:27:48.842533Z,1498.013,200,True,0x631528f50C384c7AeF4ED528554980D850De0283,POLICE,76,VIDEO,2,READ,
w77,2026-03-26T02:27:48.850612Z,1490.534,200,True,0x2b2d95E89Db8d5C9D7a789205F735fffB7738f31,INSURER,203,VIDEO,2,READ,
w21,2026-03-26T02:27:48.843352Z,1498.259,200,True,0x20060De9B531866f987DE7123AAb09E3Df40B650,INSURER,57,VIDEO,2,READ,
w82,2026-03-26T02:27:48.852946Z,1489.120,200,True,0x6aFB84B7d3D55C3019fC8120397eabD8507b6877,GARAGE,224,VIDEO,2,READ,
w83,2026-03-26T02:27:48.853054Z,1490.544,200,True,0x23164e00C680c815A8886E437558C15425a21040,COURT,217,VIDEO,2,READ,
w27,2026-03-26T02:27:48.845324Z,1499.071,200,True,0x5c07a06B115c15b04B988EA559f2FC152b87BE65,INSURER,178,VIDEO,2,READ,
w30,2026-03-26T02:27:48.846046Z,1499.627,200,True,0x978CFCe76672e2C96DbfF5705fe29901d2A624d2,ADJUSTER,201,VIDEO,2,READ,
w88,2026-03-26T02:27:48.853578Z,1492.610,200,True,0xe8425CD8D02275245734Aa5D064DD1F2B051fA27,INSURER,251,IMAGE,2,READ,
w1,2026-03-26T02:27:48.839967Z,1506.756,200,True,0xC0B54dC53B9A14ad6199dbB75383AcEe7B50414B,ADJUSTER,207,VIDEO,2,READ,
w34,2026-03-26T02:27:48.846711Z,1500.702,200,True,0x2C633fcDe1FC84a3cab453082dd753A56206d5a5,ADJUSTER,98,VIDEO,2,READ,
w35,2026-03-26T02:27:48.846831Z,1501.005,200,True,0x6793787989bC3CD4C54f44099Dc75Fb05503EC65,GARAGE,261,IMAGE,2,READ,
w94,2026-03-26T02:27:48.854226Z,1494.045,200,True,0x814742D6773D55c02177ca64238a124D39d8CAd0,COURT,158,VIDEO,2,READ,
w40,2026-03-26T02:27:48.847592Z,1501.066,200,True,0xE2694287D484e8aE315B0F637DD87846ff5d7AdB,COURT,83,VIDEO,2,READ,
w42,2026-03-26T02:27:48.847733Z,1501.440,200,True,0xF92d6f9F9322A08d7548d2be3FFFfa7E9307bfF7,POLICE,229,VIDEO,2,READ,
w99,2026-03-26T02:27:48.854856Z,1496.823,200,True,0x3539040e9A7AA2F3eb932f8a6523DA9ED746160F,GARAGE,205,VIDEO,2,READ,
w43,2026-03-26T02:27:48.847800Z,1504.567,200,True,0x2eda3233Edca92d3CC82824DE958CC1cCE3A80f4,POLICE,106,VIDEO,2,READ,
w5,2026-03-26T02:27:48.840809Z,1512.067,200,True,0x11d0837E47B208389bc698030a678Bc9261f8156,INSURER,177,VIDEO,2,READ,
w45,2026-03-26T02:27:48.847928Z,1511.486,200,True,0xB6eA80cE3349885Ebe955de74Db37883Bb9CB5B9,GARAGE,86,VIDEO,2,READ,
w48,2026-03-26T02:27:48.848118Z,1511.871,200,True,0xD6DBE4E8f9f2C043d9D69340C893CDc79e6cEaB1,ADJUSTER,182,VIDEO,2,READ,
w49,2026-03-26T02:27:48.848178Z,1512.533,200,True,0x5CBf5c5AcCf319E51A3261361f38b9b09D3A0Cdf,INSURER,221,VIDEO,2,READ,
w8,2026-03-26T02:27:48.841037Z,1520.368,200,True,0x2681A1fbf737DE9BE4B8ac0DEDe2f71fB64E2284,INSURER,73,VIDEO,2,READ,
w51,2026-03-26T02:27:48.848288Z,1513.779,200,True,0x98347d3bFE3F67dc6ee387CF9C8DE40578347681,ADJUSTER,251,IMAGE,2,READ,
w54,2026-03-26T02:27:48.848607Z,1514.253,200,True,0xe29a4A0F7cc642F4654E70D8217eDDD2237e5b7f,ADJUSTER,54,VIDEO,2,READ,
w56,2026-03-26T02:27:48.848731Z,1514.683,200,True,0x11d0837E47B208389bc698030a678Bc9261f8156,INSURER,262,IMAGE,2,READ,
w58,2026-03-26T02:27:48.848866Z,1515.138,200,True,0xc560606Bd2B90Feea8BaAB3270Efd65c17422Ad3,ADJUSTER,251,IMAGE,2,READ,
w64,2026-03-26T02:27:49.731344Z,633.239,403,False,0x0B5dF81DC06Bb007c88E04eD2D6826Ca41cBB0A2,GARAGE,816,TELEMATICS,3,READ,
w65,2026-03-26T02:27:49.732132Z,633.057,403,False,0x68a330775019D52b44455B42704E8ad360Bc617E,GARAGE,827,TELEMATICS,3,READ,
w66,2026-03-26T02:27:49.733049Z,632.664,403,False,0x38cBa880d4427ccC9Db01c3d1E1629eC61458b52,COURT,502,MEDICAL_REPORT,5,READ,
w69,2026-03-26T02:27:49.734216Z,632.454,403,False,0xF0d558cD42EB081556a20bB9C95157de4966DbEe,INSURER,606,FNOL,4,READ,
w14,2026-03-26T02:27:49.734735Z,632.477,403,False,0x7F99cBFcC9a6cBf31E66d657377B3C4D260ce4BE,ADJUSTER,370,IMAGE,2,READ,
w16,2026-03-26T02:27:49.740396Z,627.388,403,False,0xDce410211947791510C6ABE09E20663d9934397A,INSURER,731,TELEMATICS,3,READ,
w73,2026-03-26T02:27:49.741045Z,627.298,403,False,0x3Ce62c75582d14D54A1532D0Fd3fcA709D3AB012,ADJUSTER,594,FNOL,4,READ,
w17,2026-03-26T02:27:49.741730Z,627.158,403,False,0x5106911D638802a025a43feF48b5836d711BcfDC,GARAGE,428,IMAGE,2,READ,
w75,2026-03-26T02:27:49.742877Z,627.432,403,False,0xd4d6f7C907632F87345652fbbA08446B0cAc034d,GARAGE,446,IMAGE,2,READ,
w19,2026-03-26T02:27:49.743445Z,627.578,403,False,0xc78F8e87EFbf9675147C8824EF1242398372eFCC,COURT,353,IMAGE,2,READ,
w20,2026-03-26T02:27:49.744492Z,628.256,403,False,0x88982eB8A9a596fA186A12b47f4F905A2c7516d6,COURT,364,IMAGE,2,READ,
w22,2026-03-26T02:27:49.745658Z,627.609,403,False,0x3539040e9A7AA2F3eb932f8a6523DA9ED746160F,GARAGE,973,OTHER,1,READ,
w79,2026-03-26T02:27:49.747047Z,627.965,403,False,0x89536950F14FD6E0f52C88C17D5A8d27A19f7635,INSURER,536,FNOL,4,READ,
w23,2026-03-26T02:27:49.747645Z,627.967,403,False,0x763BeD60093Bc3ad989d0E71724B8a30f6629Bf2,ADJUSTER,545,FNOL,4,READ,
w81,2026-03-26T02:27:49.748347Z,628.095,403,False,0x71012eDE103b9A85faF1F8b952361232E5A73b6d,COURT,469,IMAGE,2,READ,
w24,2026-03-26T02:27:49.748876Z,628.004,403,False,0xfa05901804C21448e6980BbDFa52ED18dc9d3B21,ADJUSTER,475,IMAGE,2,READ,
w25,2026-03-26T02:27:49.749618Z,627.903,403,False,0x3Ce62c75582d14D54A1532D0Fd3fcA709D3AB012,ADJUSTER,929,OTHER,1,READ,
w26,2026-03-26T02:27:49.750239Z,627.801,403,False,0xC737C4f48DDAf3A5015F6461cCC3152074B1adDc,INSURER,539,MEDICAL_REPORT,5,READ,
w85,2026-03-26T02:27:49.751431Z,627.253,403,False,0xC0B54dC53B9A14ad6199dbB75383AcEe7B50414B,ADJUSTER,395,IMAGE,2,READ,
w28,2026-03-26T02:27:49.762268Z,617.039,403,False,0x4bde32504e100aaF1Db477c3F0AF1C01be0d3003,POLICE,966,OTHER,1,READ,
w86,2026-03-26T02:27:49.762709Z,617.168,403,False,0x763BeD60093Bc3ad989d0E71724B8a30f6629Bf2,ADJUSTER,457,IMAGE,2,READ,
w29,2026-03-26T02:27:49.763218Z,617.288,403,False,0xA07ddA082a145D371fc7C88A2cBF3594FcBb51e0,REGULATOR,625,FNOL,4,READ,
w87,2026-03-26T02:27:49.763697Z,617.356,403,False,0xF0d558cD42EB081556a20bB9C95157de4966DbEe,INSURER,687,MEDICAL_REPORT,5,READ,
w32,2026-03-26T02:27:49.765013Z,616.594,403,False,0x668803002755A42bB2BBAD8e73c43b3B5a03eC68,INSURER,362,IMAGE,2,READ,
w90,2026-03-26T02:27:49.765929Z,616.238,403,False,0x2b2d95E89Db8d5C9D7a789205F735fffB7738f31,INSURER,721,TELEMATICS,3,READ,
w80,2026-03-26T02:27:49.766392Z,616.339,403,False,0x8818DFB61c2A02e64c74DC651D2b8a152A170140,INSURER,681,MEDICAL_REPORT,5,READ,
w91,2026-03-26T02:27:49.768738Z,614.496,403,False,0x4Bb9AC8aB8c9D213B9d89538B10C1016f8e66773,INSURER,842,TELEMATICS,3,READ,
w92,2026-03-26T02:27:49.769276Z,614.604,403,False,0x81D5Aec6843c63328EB7A8D21A676abe6c3EB28b,COURT,523,FNOL,4,READ,
w2,2026-03-26T02:27:49.769762Z,614.729,403,False,0x71012eDE103b9A85faF1F8b952361232E5A73b6d,COURT,753,TELEMATICS,3,READ,
w36,2026-03-26T02:27:49.770271Z,614.867,403,False,0xEE47aAeC1ae1eFc7AcE9A2bAB0F5c89c97613D42,POLICE,520,MEDICAL_REPORT,5,READ,
w93,2026-03-26T02:27:49.770901Z,622.446,403,False,0xF44A9B02ECE32ED838D00FD3Ce799F3256367eE3,INSURER,539,MEDICAL_REPORT,5,READ,
w37,2026-03-26T02:27:49.771501Z,873.275,403,False,0x90937Fa99BC935CfA2aDcB3C0dcde37a9a95af00,INSURER,431,IMAGE,2,READ,
w95,2026-03-26T02:27:49.783007Z,862.459,403,False,0xa7eF2a6f2A3eb7A7472DAD889d17dEa48faBca1a,INSURER,692,FNOL,4,READ,
w38,2026-03-26T02:27:49.783513Z,862.617,403,False,0xC60A6C8Fe339e01d6E76d91B0650A99bd0eA77F1,POLICE,638,FNOL,4,READ,
w96,2026-03-26T02:27:49.784864Z,861.716,403,False,0x49Fc0F0951a6A354226EEdd0Ec69e2b1c69880E3,ADJUSTER,829,TELEMATICS,3,READ,
w97,2026-03-26T02:27:49.785845Z,861.188,403,False,0x7F37f92080D63E1b76A83FDd5aCa390d46475f17,INSURER,616,FNOL,4,READ,
w98,2026-03-26T02:27:49.786369Z,861.484,403,False,0x9D7C8C9e23D36eC3BFff969f156405253162b9e0,ADJUSTER,266,IMAGE,2,READ,
w41,2026-03-26T02:27:49.786940Z,861.383,403,False,0x904b7a5cb6e3AAb09C26C16DF2E979FE130D0889,ADJUSTER,669,MEDICAL_REPORT,5,READ,
w3,2026-03-26T02:27:49.787550Z,861.211,403,False,0x2FFDEE64f54829571565E7991764e0c0B2D31B16,INSURER,533,FNOL,4,READ,
w44,2026-03-26T02:27:49.788568Z,860.783,403,False,0x68a330775019D52b44455B42704E8ad360Bc617E,GARAGE,432,IMAGE,2,READ,
w52,2026-03-26T02:27:49.790976Z,858.836,403,False,0x49825196030134F6349A45D6c576684792207592,INSURER,835,TELEMATICS,3,READ,
w53,2026-03-26T02:27:49.791390Z,858.941,403,False,0x83e68Cac649872ca6135aDfEF9A944bbF908ef66,GARAGE,462,IMAGE,2,READ,
w9,2026-03-26T02:27:49.791783Z,859.296,403,False,0xB6920469504adDf687AfCe890A39E6EBF76cF88E,POLICE,541,MEDICAL_REPORT,5,READ,
w55,2026-03-26T02:27:49.792213Z,861.207,403,False,0x58546e800Dd5EE7E99f22ecB7344138B6dFF55Ce,INSURER,455,IMAGE,2,READ,
w60,2026-03-26T02:27:48.848993Z,1812.356,200,True,0xC60A6C8Fe339e01d6E76d91B0650A99bd0eA77F1,POLICE,41,VIDEO,2,READ,
w12,2026-03-26T02:27:48.841583Z,1820.394,200,True,0xA903578836c1E60A93BAd29357D9962aBd7aE0E7,GARAGE,80,VIDEO,2,READ,
w10,2026-03-26T02:27:49.911668Z,877.201,403,False,0xD1ff571869D0436cC7b43A2a2c156085F4c5Efeb,ADJUSTER,553,MEDICAL_REPORT,5,READ,
w59,2026-03-26T02:27:49.913312Z,876.523,403,False,0x5a73100273e2F91b8379DcaEe7505e5294ECd09E,INSURER,318,IMAGE,2,READ,
w61,2026-03-26T02:27:49.917818Z,872.578,403,False,0x45c4F19a8C6e455e9647ad8aD8a9A9c7733b6Bad,INSURER,459,IMAGE,2,READ,
w13,2026-03-26T02:27:49.924653Z,866.332,403,False,0xB3eC418F3094778ae76FC8F0a97898435F0F1768,ADJUSTER,528,FNOL,4,READ,
w62,2026-03-26T02:27:49.926905Z,864.679,403,False,0x727e45e23f8594c57Cf3FE94b94fC6DC8eBD7A92,INSURER,448,IMAGE,2,READ,
w63,2026-03-26T02:27:49.927388Z,864.919,403,False,0xe8425CD8D02275245734Aa5D064DD1F2B051fA27,INSURER,452,IMAGE,2,READ,
w68,2026-03-26T02:27:49.733653Z,1288.380,200,True,0xacc4fa5f6784C35C0da5bCBEa5f8e3fe401F6323,COURT,18,VIDEO,2,READ,
w72,2026-03-26T02:27:49.735529Z,1287.064,200,True,0xC60A6C8Fe339e01d6E76d91B0650A99bd0eA77F1,POLICE,95,VIDEO,2,READ,
w76,2026-03-26T02:27:49.744009Z,1279.041,200,True,0x978CFCe76672e2C96DbfF5705fe29901d2A624d2,ADJUSTER,108,VIDEO,2,READ,
w78,2026-03-26T02:27:49.745122Z,1278.366,200,True,0x99F976CEeE5D5d44F2838f3c8d7c188f183c11E8,COURT,142,VIDEO,2,READ,
w84,2026-03-26T02:27:49.750811Z,1273.031,200,True,0x3Ce62c75582d14D54A1532D0Fd3fcA709D3AB012,ADJUSTER,151,VIDEO,2,READ,
w31,2026-03-26T02:27:49.764116Z,1260.162,200,True,0xc073597a01C3BD226F8723F8E91124b57b11BEc8,GARAGE,188,VIDEO,2,READ,
w89,2026-03-26T02:27:49.764533Z,1260.111,200,True,0x49825196030134F6349A45D6c576684792207592,INSURER,107,VIDEO,2,READ,
w33,2026-03-26T02:27:49.765494Z,1259.987,200,True,0xe29a4A0F7cc642F4654E70D8217eDDD2237e5b7f,ADJUSTER,239,VIDEO,2,READ,
w67,2026-03-26T02:27:50.335091Z,690.941,403,False,0x4f7D9fAD2de6543311c004C44a061D6E3BF44Bc2,GARAGE,752,TELEMATICS,3,READ,
w74,2026-03-26T02:27:50.340024Z,686.522,403,False,0xA0706EA97613c48c8Ee8A39218259d61Ae5A25c1,INSURER,751,TELEMATICS,3,READ,
w77,2026-03-26T02:27:50.341185Z,685.806,403,False,0x1a03927dCE7C5BDefcc351BCF06A554ABCDf2862,ADJUSTER,705,TELEMATICS,3,READ,
w21,2026-03-26T02:27:50.341628Z,685.808,403,False,0x54cFafA03b3780b2bEc02Ba688A6DB581b30e82F,POLICE,646,FNOL,4,READ,
w82,2026-03-26T02:27:50.342093Z,685.751,403,False,0x6793787989bC3CD4C54f44099Dc75Fb05503EC65,GARAGE,881,OTHER,1,READ,
w83,2026-03-26T02:27:50.343626Z,684.580,403,False,0x3391d15CCe51D9F0a877840266E4784c3b30dF24,POLICE,708,TELEMATICS,3,READ,
w27,2026-03-26T02:27:50.344432Z,684.151,403,False,0x3F80f29E8ee7BD7ab795eaa0ea5834F45d8b4f36,ADJUSTER,917,OTHER,1,READ,
w30,2026-03-26T02:27:50.345705Z,683.451,403,False,0x49Fc0F0951a6A354226EEdd0Ec69e2b1c69880E3,ADJUSTER,894,OTHER,1,READ,
w88,2026-03-26T02:27:50.346207Z,683.436,403,False,0x90937Fa99BC935CfA2aDcB3C0dcde37a9a95af00,INSURER,884,OTHER,1,READ,
w35,2026-03-26T02:27:50.347853Z,692.632,403,False,0xc30C588825d2d3c37cC645CB5f9D5138F2A54A85,POLICE,876,OTHER,1,READ,
w94,2026-03-26T02:27:50.348294Z,692.942,403,False,0x0B5dF81DC06Bb007c88E04eD2D6826Ca41cBB0A2,GARAGE,872,OTHER,1,READ,
w42,2026-03-26T02:27:50.349192Z,692.882,403,False,0xD74Bb4A9C118bf6bC73Be08B90542dAab12c5FAe,INSURER,932,OTHER,1,READ,
w99,2026-03-26T02:27:50.351703Z,933.817,403,False,0xEE47aAeC1ae1eFc7AcE9A2bAB0F5c89c97613D42,POLICE,512,MEDICAL_REPORT,5,READ,
w43,2026-03-26T02:27:50.352390Z,933.723,403,False,0x13C7F80a123954B61876Afba1c5b9DDB5Ac3772D,REGULATOR,322,IMAGE,2,READ,
w5,2026-03-26T02:27:50.352896Z,933.759,403,False,0xB3eC418F3094778ae76FC8F0a97898435F0F1768,ADJUSTER,785,TELEMATICS,3,READ,
w48,2026-03-26T02:27:50.360011Z,927.306,403,False,0x3fC3662b6AbB721C5A8739eBc22914C534242aC2,GARAGE,902,OTHER,1,READ,
w56,2026-03-26T02:27:50.363437Z,924.548,403,False,0x005fc769438eD21e72915650ea3d0Bd0779E1d56,ADJUSTER,695,FNOL,4,READ,
w64,2026-03-26T02:27:50.364606Z,933.801,403,False,0xD1ff571869D0436cC7b43A2a2c156085F4c5Efeb,ADJUSTER,585,MEDICAL_REPORT,5,READ,
w65,2026-03-26T02:27:50.365212Z,933.837,403,False,0x2FFDEE64f54829571565E7991764e0c0B2D31B16,INSURER,769,TELEMATICS,3,READ,
w69,2026-03-26T02:27:50.366691Z,932.979,403,False,0x2a44EF6977ec44cB5c6ad5038E54C761723DB5E9,INSURER,533,FNOL,4,READ,
w14,2026-03-26T02:27:50.367230Z,933.033,403,False,0x265D84A4A56a37ae42bD3AE43A135660D59CE429,COURT,976,OTHER,1,READ,
w16,2026-03-26T02:27:50.367806Z,933.214,403,False,0x074bE6382e1bAD6f8957dEED880345Efc1bDC58C,POLICE,373,IMAGE,2,READ,
w73,2026-03-26T02:27:50.368388Z,933.150,403,False,0xD45c19e5e5E1f56DFD5EF10a0DBdBeE64Bb94C5E,POLICE,626,FNOL,4,READ,
w17,2026-03-26T02:27:50.368911Z,933.119,403,False,0x59e91027b0aBD6B839408f96360A4ca0Dc596a98,ADJUSTER,457,IMAGE,2,READ,
w75,2026-03-26T02:27:50.370334Z,932.110,403,False,0x4e3024d505B55f3da9f0D7B3a7319EDF7CBAdAdc,INSURER,778,TELEMATICS,3,READ,
w19,2026-03-26T02:27:50.371046Z,943.207,403,False,0x10e284843829f15F74cE6E0abD20284341c6DB9A,INSURER,686,MEDICAL_REPORT,5,READ,
w20,2026-03-26T02:27:50.372771Z,941.978,403,False,0xd0689a028421dC6615C8E2A65363C35d34DCe4CC,COURT,440,IMAGE,2,READ,
w79,2026-03-26T02:27:50.375038Z,940.298,403,False,0xD9D6cdEd999CB9B2EC63a0b734693f9a664C9F65,INSURER,444,IMAGE,2,READ,
w23,2026-03-26T02:27:50.375635Z,940.253,403,False,0x387bB796cDb51d56531031d8f74b6b071370F649,INSURER,341,IMAGE,2,READ,
w81,2026-03-26T02:27:50.376465Z,939.952,403,False,0x034E07D329FcA8aC6b776699af54687288A7fe3E,ADJUSTER,556,FNOL,4,READ,
w24,2026-03-26T02:27:50.376896Z,940.123,403,False,0xacc4fa5f6784C35C0da5bCBEa5f8e3fe401F6323,COURT,380,IMAGE,2,READ,
w25,2026-03-26T02:27:50.377557Z,1110.736,403,False,0xB3eC418F3094778ae76FC8F0a97898435F0F1768,ADJUSTER,499,IMAGE,2,READ,
w26,2026-03-26T02:27:50.378067Z,1111.138,403,False,0x265D84A4A56a37ae42bD3AE43A135660D59CE429,COURT,974,OTHER,1,READ,
w85,2026-03-26T02:27:50.378709Z,1111.393,403,False,0xc9d8268D9C81BA4cF1DBbA40D6dD31d9d29BFe87,COURT,742,TELEMATICS,3,READ,
w28,2026-03-26T02:27:50.379331Z,1111.355,403,False,0x9f26D169621c57Db8eC4B7a3B5D9aF4CdF71085F,INSURER,767,TELEMATICS,3,READ,
w86,2026-03-26T02:27:50.379902Z,1111.261,403,False,0x23164e00C680c815A8886E437558C15425a21040,COURT,500,IMAGE,2,READ,
w29,2026-03-26T02:27:50.380531Z,1111.315,403,False,0x2d463F869E51337B7a301382Cc76B1960D09BAd7,ADJUSTER,839,TELEMATICS,3,READ,
w32,2026-03-26T02:27:50.381630Z,1111.107,403,False,0xa59ECFb410CCB56f80640CFCfAe5726121Ab2cfa,REGULATOR,762,TELEMATICS,3,READ,
w80,2026-03-26T02:27:50.382753Z,1110.579,403,False,0x10d74EEF9a158805e197f451FFcF98B5df6f07B3,POLICE,350,IMAGE,2,READ,
w92,2026-03-26T02:27:50.383904Z,1109.962,403,False,0x978CFCe76672e2C96DbfF5705fe29901d2A624d2,ADJUSTER,649,MEDICAL_REPORT,5,READ,
w2,2026-03-26T02:27:50.384515Z,1109.892,403,False,0x11d0837E47B208389bc698030a678Bc9261f8156,INSURER,682,FNOL,4,READ,
w36,2026-03-26T02:27:50.385163Z,1109.877,403,False,0x71012eDE103b9A85faF1F8b952361232E5A73b6d,COURT,986,OTHER,1,READ,
w39,2026-03-26T02:27:49.785401Z,1786.777,200,True,0x3Ce62c75582d14D54A1532D0Fd3fcA709D3AB012,ADJUSTER,206,VIDEO,2,READ,
w4,2026-03-26T02:27:49.788142Z,1784.773,200,True,0xf35E98eF2f18881395aAf1Ef3ffB3f31d4b20C25,INSURER,36,VIDEO,2,READ,
w6,2026-03-26T02:27:49.788994Z,1785.635,200,True,0x995408770BbdF9C720d131bCfa0bE248c90fA29f,COURT,36,VIDEO,2,READ,
w46,2026-03-26T02:27:49.789457Z,1787.382,200,True,0x97e7867Ce5d3E2726b779578c7097DBB50CbDB95,INSURER,153,VIDEO,2,READ,
w47,2026-03-26T02:27:49.789855Z,1788.152,200,True,0x81946b335d2Cf70a427E23b92bCcC1ACcDDB118A,INSURER,123,VIDEO,2,READ,
w7,2026-03-26T02:27:49.790244Z,1788.454,200,True,0x3fC3662b6AbB721C5A8739eBc22914C534242aC2,GARAGE,180,VIDEO,2,READ,
w50,2026-03-26T02:27:49.790623Z,1788.707,200,True,0x8d409457EE624A6a1Afb1B789793990026056d7d,REGULATOR,126,VIDEO,2,READ,
w57,2026-03-26T02:27:49.792659Z,1787.311,200,True,0xa09383266c25808Ea3362D5DaE160528bB5Fb130,POLICE,170,VIDEO,2,READ,
w37,2026-03-26T02:27:50.644799Z,935.768,403,False,0xd9A6B19e054ef53852110104f8251e86d57f88fe,INSURER,342,IMAGE,2,READ,
w95,2026-03-26T02:27:50.645490Z,936.765,403,False,0xf35E98eF2f18881395aAf1Ef3ffB3f31d4b20C25,INSURER,294,IMAGE,2,READ,
w38,2026-03-26T02:27:50.646151Z,938.756,403,False,0xe8425CD8D02275245734Aa5D064DD1F2B051fA27,INSURER,549,MEDICAL_REPORT,5,READ,
w96,2026-03-26T02:27:50.646598Z,944.076,403,False,0xC737C4f48DDAf3A5015F6461cCC3152074B1adDc,INSURER,284,IMAGE,2,READ,
w97,2026-03-26T02:27:50.647054Z,944.256,403,False,0xD6DBE4E8f9f2C043d9D69340C893CDc79e6cEaB1,ADJUSTER,678,FNOL,4,READ,
w41,2026-03-26T02:27:50.648342Z,943.411,403,False,0xe29a4A0F7cc642F4654E70D8217eDDD2237e5b7f,ADJUSTER,791,TELEMATICS,3,READ,
w44,2026-03-26T02:27:50.649373Z,942.829,403,False,0x4939E121036A8AD1643718eFc89097821616931f,POLICE,348,IMAGE,2,READ,
w52,2026-03-26T02:27:50.649830Z,942.819,403,False,0x265D84A4A56a37ae42bD3AE43A135660D59CE429,COURT,594,FNOL,4,READ,
w53,2026-03-26T02:27:50.650355Z,942.992,403,False,0x86A27669Dc5B6bA6693B7eBf3cF194eB8C1Ba6a1,INSURER,940,OTHER,1,READ,
w9,2026-03-26T02:27:50.651118Z,942.694,403,False,0x5a73100273e2F91b8379DcaEe7505e5294ECd09E,INSURER,586,FNOL,4,READ,
w55,2026-03-26T02:27:50.653447Z,941.073,403,False,0x88982eB8A9a596fA186A12b47f4F905A2c7516d6,COURT,643,MEDICAL_REPORT,5,READ,
w60,2026-03-26T02:27:50.661378Z,933.681,403,False,0xce923F1c1B6DE1A03f42cC378185B0BCCD65256e,POLICE,969,OTHER,1,READ,
w12,2026-03-26T02:27:50.661999Z,933.590,403,False,0x36599004C3aC0Aa715a49186455E90556EA805cE,GARAGE,452,IMAGE,2,READ,
w11,2026-03-26T02:27:49.914911Z,1759.037,200,True,0x668803002755A42bB2BBAD8e73c43b3B5a03eC68,INSURER,173,VIDEO,2,READ,
w0,2026-03-26T02:27:49.927871Z,1746.918,200,True,0xA07ddA082a145D371fc7C88A2cBF3594FcBb51e0,REGULATOR,122,VIDEO,2,READ,
w10,2026-03-26T02:27:50.788989Z,886.328,403,False,0x074bE6382e1bAD6f8957dEED880345Efc1bDC58C,POLICE,421,IMAGE,2,READ,
w62,2026-03-26T02:27:50.791610Z,884.213,403,False,0x11d0837E47B208389bc698030a678Bc9261f8156,INSURER,501,MEDICAL_REPORT,5,READ,
w63,2026-03-26T02:27:50.792330Z,883.978,403,False,0x3F80f29E8ee7BD7ab795eaa0ea5834F45d8b4f36,ADJUSTER,482,IMAGE,2,READ,
w70,2026-03-26T02:27:50.335933Z,1490.490,200,True,0x90028B286fD1D933A9D4663B944477413d781ad9,COURT,200,VIDEO,2,READ,
w71,2026-03-26T02:27:50.336441Z,1490.849,200,True,0x7E270839240F84dCe86114e7c9A1B5C9751d5fc0,ADJUSTER,179,VIDEO,2,READ,
w15,2026-03-26T02:27:50.338186Z,1489.723,200,True,0x12CB40C48B0B23c8B9E9a012e1863b5225A5F311,INSURER,144,VIDEO,2,READ,
w18,2026-03-26T02:27:50.340568Z,1491.299,200,True,0xE2694287D484e8aE315B0F637DD87846ff5d7AdB,COURT,159,VIDEO,2,READ,
w1,2026-03-26T02:27:50.346742Z,1485.889,200,True,0xF4B9B002569bC5998B1d5a2309EF921d2ca63BDd,INSURER,174,VIDEO,2,READ,
w34,2026-03-26T02:27:50.347434Z,1485.857,200,True,0x98568A32769F002C8A543cc7578A13516D5646a3,INSURER,235,VIDEO,2,READ,
w40,2026-03-26T02:27:50.348676Z,1485.327,200,True,0x5d47D10E5aaDa092c97f77a2011d225a54e888dE,INSURER,165,VIDEO,2,READ,
w68,2026-03-26T02:27:51.022057Z,812.936,403,False,0x13C7F80a123954B61876Afba1c5b9DDB5Ac3772D,REGULATOR,515,FNOL,4,READ,
w76,2026-03-26T02:27:51.023068Z,812.458,403,False,0x2eda3233Edca92d3CC82824DE958CC1cCE3A80f4,POLICE,291,IMAGE,2,READ,
w31,2026-03-26T02:27:51.024295Z,811.769,403,False,0xc073597a01C3BD226F8723F8E91124b57b11BEc8,GARAGE,655,MEDICAL_REPORT,5,READ,
w67,2026-03-26T02:27:51.026053Z,810.519,403,False,0x0D7022eA8E23540fb4DCD302f796E37E70C4ee18,ADJUSTER,290,IMAGE,2,READ,
w74,2026-03-26T02:27:51.026568Z,810.946,403,False,0x38cBa880d4427ccC9Db01c3d1E1629eC61458b52,COURT,795,TELEMATICS,3,READ,
w77,2026-03-26T02:27:51.027013Z,811.685,403,False,0xD45c19e5e5E1f56DFD5EF10a0DBdBeE64Bb94C5E,POLICE,987,OTHER,1,READ,
w21,2026-03-26T02:27:51.027456Z,811.828,403,False,0x99F976CEeE5D5d44F2838f3c8d7c188f183c11E8,COURT,390,IMAGE,2,READ,
w83,2026-03-26T02:27:51.028249Z,811.609,403,False,0x33733bc2AFfA696339eACE63a29db0850Bae08C6,COURT,418,IMAGE,2,READ,
w27,2026-03-26T02:27:51.028607Z,811.889,403,False,0x0faad82B330120b20f18ed21fCD7C5e6865C2088,INSURER,727,TELEMATICS,3,READ,
w30,2026-03-26T02:27:51.029176Z,811.674,403,False,0x6e492Bff2B5Fc2351eF247518a6dCD98479E018C,POLICE,289,IMAGE,2,READ,
w94,2026-03-26T02:27:51.041442Z,800.317,403,False,0xF0d558cD42EB081556a20bB9C95157de4966DbEe,INSURER,424,IMAGE,2,READ,
w42,2026-03-26T02:27:51.042102Z,800.179,403,False,0x2a44EF6977ec44cB5c6ad5038E54C761723DB5E9,INSURER,630,FNOL,4,READ,
w45,2026-03-26T02:27:50.359435Z,1677.982,200,True,0x4e3024d505B55f3da9f0D7B3a7319EDF7CBAdAdc,INSURER,200,VIDEO,2,READ,
w49,2026-03-26T02:27:50.360735Z,1677.255,200,True,0x106A9Ba6bde37edc0BadcA9D48C8F8dF69524AD3,INSURER,240,VIDEO,2,READ,
w8,2026-03-26T02:27:50.361426Z,1677.140,200,True,0x711f9Ba03b219CFED557d6c4077c783BdfBEC307,COURT,129,VIDEO,2,READ,
w51,2026-03-26T02:27:50.362094Z,1676.970,200,True,0x2C633fcDe1FC84a3cab453082dd753A56206d5a5,ADJUSTER,53,VIDEO,2,READ,
w54,2026-03-26T02:27:50.362881Z,1676.706,200,True,0x85ECA10226e8EE3Abb23B282bEBcfD147D3af353,POLICE,231,VIDEO,2,READ,
w58,2026-03-26T02:27:50.364035Z,1676.124,200,True,0x61315e13CF193804B6c866AeC0205078E4C25a12,COURT,143,VIDEO,2,READ,
w66,2026-03-26T02:27:50.365735Z,1675.148,200,True,0xc560606Bd2B90Feea8BaAB3270Efd65c17422Ad3,ADJUSTER,171,VIDEO,2,READ,
w22,2026-03-26T02:27:50.373285Z,1668.144,200,True,0x55aC7E86FfE135500754bda7778b3749aE34930B,INSURER,71,VIDEO,2,READ,
w99,2026-03-26T02:27:51.285545Z,756.507,403,False,0xf0C27952Ff3Fa054AC5C5067bA433eE3851F196D,GARAGE,517,FNOL,4,READ,
w43,2026-03-26T02:27:51.286137Z,756.524,403,False,0x7E270839240F84dCe86114e7c9A1B5C9751d5fc0,ADJUSTER,757,TELEMATICS,3,READ,
w5,2026-03-26T02:27:51.286681Z,756.613,403,False,0x3439804Aa24202062144D2208cAD3E29C04d6CfC,POLICE,390,IMAGE,2,READ,
w48,2026-03-26T02:27:51.287342Z,756.535,403,False,0x8B9C6E42320Cc7c0a0512De5818B2aCc269feef7,INSURER,626,FNOL,4,READ,
w56,2026-03-26T02:27:51.297326Z,747.111,403,False,0x12CB40C48B0B23c8B9E9a012e1863b5225A5F311,INSURER,823,TELEMATICS,3,READ,
w65,2026-03-26T02:27:51.299083Z,886.334,403,False,0x2C633fcDe1FC84a3cab453082dd753A56206d5a5,ADJUSTER,523,FNOL,4,READ,
w69,2026-03-26T02:27:51.299727Z,887.391,403,False,0xfa0c2c3a58Dc42E7c1266c6Badd86D7001B6c961,INSURER,590,FNOL,4,READ,
w14,2026-03-26T02:27:51.300285Z,888.405,403,False,0xEE47aAeC1ae1eFc7AcE9A2bAB0F5c89c97613D42,POLICE,931,OTHER,1,READ,
w16,2026-03-26T02:27:51.301048Z,889.432,403,False,0xFc3a53f3055e68a2D5fE4aF7E5B5cF92e63F17e7,INSURER,583,FNOL,4,READ,
w75,2026-03-26T02:27:51.302463Z,888.620,403,False,0xEE47aAeC1ae1eFc7AcE9A2bAB0F5c89c97613D42,POLICE,996,OTHER,1,READ,
w19,2026-03-26T02:27:51.314276Z,877.342,403,False,0x2a44EF6977ec44cB5c6ad5038E54C761723DB5E9,INSURER,430,IMAGE,2,READ,
w20,2026-03-26T02:27:51.314824Z,877.295,403,False,0x45c4F19a8C6e455e9647ad8aD8a9A9c7733b6Bad,INSURER,824,TELEMATICS,3,READ,
w79,2026-03-26T02:27:51.315357Z,877.351,403,False,0x5c07a06B115c15b04B988EA559f2FC152b87BE65,INSURER,368,IMAGE,2,READ,
w23,2026-03-26T02:27:51.315910Z,877.814,403,False,0x2b2d95E89Db8d5C9D7a789205F735fffB7738f31,INSURER,871,OTHER,1,READ,
w81,2026-03-26T02:27:51.316443Z,907.149,403,False,0xfa05901804C21448e6980BbDFa52ED18dc9d3B21,ADJUSTER,433,IMAGE,2,READ,
w24,2026-03-26T02:27:51.317042Z,908.292,403,False,0x4e3024d505B55f3da9f0D7B3a7319EDF7CBAdAdc,INSURER,692,FNOL,4,READ,
w87,2026-03-26T02:27:50.381075Z,1914.385,200,True,0xD6DBE4E8f9f2C043d9D69340C893CDc79e6cEaB1,ADJUSTER,193,VIDEO,2,READ,
w90,2026-03-26T02:27:50.382189Z,1913.979,200,True,0x2C633fcDe1FC84a3cab453082dd753A56206d5a5,ADJUSTER,250,VIDEO,2,READ,
w91,2026-03-26T02:27:50.383305Z,1913.740,200,True,0xA07ddA082a145D371fc7C88A2cBF3594FcBb51e0,REGULATOR,232,VIDEO,2,READ,
w93,2026-03-26T02:27:50.393370Z,1904.308,200,True,0xcB1049e81CC805FeD8B469418aAd2A2A5fCc652A,INSURER,191,VIDEO,2,READ,
w25,2026-03-26T02:27:51.488318Z,809.943,403,False,0xf0C27952Ff3Fa054AC5C5067bA433eE3851F196D,GARAGE,810,TELEMATICS,3,READ,
w26,2026-03-26T02:27:51.489230Z,809.680,403,False,0x2AA4a29437fF4B945Ac2957FFd6DdB3AF0fEb05b,ADJUSTER,815,TELEMATICS,3,READ,
w28,2026-03-26T02:27:51.490709Z,808.630,403,False,0xFc3a53f3055e68a2D5fE4aF7E5B5cF92e63F17e7,INSURER,518,MEDICAL_REPORT,5,READ,
w29,2026-03-26T02:27:51.491888Z,898.902,403,False,0xe740840314f9ce0a5F0dB4619861b2B85A08f007,INSURER,639,MEDICAL_REPORT,5,READ,
w32,2026-03-26T02:27:51.492766Z,898.776,403,False,0x23E9FBB7579C74D955604A707C648CA3Db02A0c7,ADJUSTER,406,IMAGE,2,READ,
w92,2026-03-26T02:27:51.493889Z,898.260,403,False,0xB6920469504adDf687AfCe890A39E6EBF76cF88E,POLICE,556,FNOL,4,READ,
w98,2026-03-26T02:27:50.647899Z,1841.774,200,True,0x97e7867Ce5d3E2726b779578c7097DBB50CbDB95,INSURER,90,VIDEO,2,READ,
w3,2026-03-26T02:27:50.648778Z,1841.747,200,True,0x88982eB8A9a596fA186A12b47f4F905A2c7516d6,COURT,131,VIDEO,2,READ,
w39,2026-03-26T02:27:51.572205Z,918.956,403,False,0x2FFDEE64f54829571565E7991764e0c0B2D31B16,INSURER,365,IMAGE,2,READ,
w4,2026-03-26T02:27:51.572971Z,918.913,403,False,0x62198F0616394D6E59Acc14b43bbe6ABF2f67db8,ADJUSTER,699,FNOL,4,READ,
w6,2026-03-26T02:27:51.574652Z,917.917,403,False,0x57D7Dac174cE9ce2c07ADDE286cBfDe51cC50122,INSURER,994,OTHER,1,READ,
w47,2026-03-26T02:27:51.578055Z,915.498,403,False,0xD1ff571869D0436cC7b43A2a2c156085F4c5Efeb,ADJUSTER,798,TELEMATICS,3,READ,
w7,2026-03-26T02:27:51.578727Z,915.424,403,False,0x2a44EF6977ec44cB5c6ad5038E54C761723DB5E9,INSURER,951,OTHER,1,READ,
w50,2026-03-26T02:27:51.579355Z,915.301,403,False,0x814742D6773D55c02177ca64238a124D39d8CAd0,COURT,395,IMAGE,2,READ,
w37,2026-03-26T02:27:51.580619Z,914.614,403,False,0x26Ab584De439e6A70824Fd85dFdc1587DF5D1516,INSURER,338,IMAGE,2,READ,
w95,2026-03-26T02:27:51.582284Z,913.437,403,False,0x2FFDEE64f54829571565E7991764e0c0B2D31B16,INSURER,506,FNOL,4,READ,
w96,2026-03-26T02:27:51.590695Z,987.663,403,False,0xa7eF2a6f2A3eb7A7472DAD889d17dEa48faBca1a,INSURER,852,OTHER,1,READ,
w97,2026-03-26T02:27:51.591330Z,987.786,403,False,0x387bB796cDb51d56531031d8f74b6b071370F649,INSURER,620,FNOL,4,READ,
w41,2026-03-26T02:27:51.591773Z,987.807,403,False,0x4939E121036A8AD1643718eFc89097821616931f,POLICE,402,IMAGE,2,READ,
w44,2026-03-26T02:27:51.592233Z,988.091,403,False,0xe29a4A0F7cc642F4654E70D8217eDDD2237e5b7f,ADJUSTER,467,IMAGE,2,READ,
w52,2026-03-26T02:27:51.592669Z,988.241,403,False,0xC0B54dC53B9A14ad6199dbB75383AcEe7B50414B,ADJUSTER,932,OTHER,1,READ,
w53,2026-03-26T02:27:51.593371Z,988.143,403,False,0x7F37f92080D63E1b76A83FDd5aCa390d46475f17,INSURER,793,TELEMATICS,3,READ,
w9,2026-03-26T02:27:51.593829Z,988.340,403,False,0x7E270839240F84dCe86114e7c9A1B5C9751d5fc0,ADJUSTER,832,TELEMATICS,3,READ,
w55,2026-03-26T02:27:51.594545Z,988.144,403,False,0xB7953144C083a54D89d9e4eCB7A2A4151D4007E0,REGULATOR,610,MEDICAL_REPORT,5,READ,
w12,2026-03-26T02:27:51.595614Z,987.576,403,False,0x6e492Bff2B5Fc2351eF247518a6dCD98479E018C,POLICE,770,TELEMATICS,3,READ,
w59,2026-03-26T02:27:50.789859Z,1898.645,200,True,0x6B44eD6B1692CB06047271f02833671D89f1a4E7,INSURER,20,VIDEO,2,READ,
w61,2026-03-26T02:27:50.790421Z,1898.691,200,True,0xDce410211947791510C6ABE09E20663d9934397A,INSURER,86,VIDEO,2,READ,
w13,2026-03-26T02:27:50.791008Z,1898.589,200,True,0x8B9C6E42320Cc7c0a0512De5818B2aCc269feef7,INSURER,238,VIDEO,2,READ,
w11,2026-03-26T02:27:51.673973Z,1016.118,403,False,0x97e7867Ce5d3E2726b779578c7097DBB50CbDB95,INSURER,719,TELEMATICS,3,READ,
w62,2026-03-26T02:27:51.675864Z,1014.682,403,False,0x6B44eD6B1692CB06047271f02833671D89f1a4E7,INSURER,800,TELEMATICS,3,READ,
w63,2026-03-26T02:27:51.676324Z,1015.047,403,False,0x2a44EF6977ec44cB5c6ad5038E54C761723DB5E9,INSURER,464,IMAGE,2,READ,
w72,2026-03-26T02:27:51.022615Z,1718.823,200,True,0x58546e800Dd5EE7E99f22ecB7344138B6dFF55Ce,INSURER,27,VIDEO,2,READ,
w78,2026-03-26T02:27:51.023505Z,1719.119,200,True,0xd9A6B19e054ef53852110104f8251e86d57f88fe,INSURER,102,VIDEO,2,READ,
w84,2026-03-26T02:27:51.023869Z,1719.318,200,True,0x3539040e9A7AA2F3eb932f8a6523DA9ED746160F,GARAGE,23,VIDEO,2,READ,
w89,2026-03-26T02:27:51.024668Z,1719.248,200,True,0x3Ce62c75582d14D54A1532D0Fd3fcA709D3AB012,ADJUSTER,258,IMAGE,2,READ,
w33,2026-03-26T02:27:51.025516Z,1719.224,200,True,0x9dd7F747E30a7Ab727D5AabeC1205fC6FF74891e,INSURER,176,VIDEO,2,READ,
w82,2026-03-26T02:27:51.027861Z,1717.691,200,True,0x89536950F14FD6E0f52C88C17D5A8d27A19f7635,INSURER,187,VIDEO,2,READ,
w88,2026-03-26T02:27:51.029671Z,1716.266,200,True,0xc0c58f42F3d56a359208054C1e3d9EB9FEB181E5,ADJUSTER,11,VIDEO,2,READ,
w70,2026-03-26T02:27:51.826451Z,919.867,403,False,0x631528f50C384c7AeF4ED528554980D850De0283,POLICE,382,IMAGE,2,READ,
w71,2026-03-26T02:27:51.827313Z,919.886,403,False,0x0ab8d94B5Ad9dd3b2aE39785D87c48ef037fEeEe,INSURER,701,TELEMATICS,3,READ,
w15,2026-03-26T02:27:51.827934Z,921.951,403,False,0x0Bc69A9CA614967C5D33108DA2C0Afd95130f7ab,POLICE,289,IMAGE,2,READ,
w35,2026-03-26T02:27:51.040510Z,1709.971,200,True,0x38cBa880d4427ccC9Db01c3d1E1629eC61458b52,COURT,243,VIDEO,2,READ,
w18,2026-03-26T02:27:51.831890Z,919.005,403,False,0xd4d6f7C907632F87345652fbbA08446B0cAc034d,GARAGE,449,IMAGE,2,READ,
w1,2026-03-26T02:27:51.832653Z,918.549,403,False,0x86A27669Dc5B6bA6693B7eBf3cF194eB8C1Ba6a1,INSURER,977,OTHER,1,READ,
w34,2026-03-26T02:27:51.833324Z,918.248,403,False,0x24d4D3F0B5de5Fc46A77423dfb1E9b1037BC96a0,INSURER,511,MEDICAL_REPORT,5,READ,
w40,2026-03-26T02:27:51.834036Z,917.929,403,False,0x711f9Ba03b219CFED557d6c4077c783BdfBEC307,COURT,827,TELEMATICS,3,READ,
w68,2026-03-26T02:27:51.835017Z,917.565,403,False,0xd0689a028421dC6615C8E2A65363C35d34DCe4CC,COURT,434,IMAGE,2,READ,
w76,2026-03-26T02:27:51.835587Z,917.512,403,False,0x7e44eb68D57cA35191576B6498CAC17b47001a2b,INSURER,454,IMAGE,2,READ,
w31,2026-03-26T02:27:51.836107Z,917.434,403,False,0x005fc769438eD21e72915650ea3d0Bd0779E1d56,ADJUSTER,672,MEDICAL_REPORT,5,READ,
w67,2026-03-26T02:27:51.836593Z,917.363,403,False,0xE49f69335d2600b7983983725650eEc85f260b0E,INSURER,347,IMAGE,2,READ,
w21,2026-03-26T02:27:51.839310Z,978.922,403,False,0x1Bc44f70234E2a0FBCb744E2abF6F6931BA6231F,INSURER,472,IMAGE,2,READ,
w83,2026-03-26T02:27:51.839882Z,978.918,403,False,0x68a330775019D52b44455B42704E8ad360Bc617E,GARAGE,483,IMAGE,2,READ,
w27,2026-03-26T02:27:51.840527Z,978.924,403,False,0xf35E98eF2f18881395aAf1Ef3ffB3f31d4b20C25,INSURER,598,FNOL,4,READ,
w30,2026-03-26T02:27:51.840863Z,978.993,403,False,0x71012eDE103b9A85faF1F8b952361232E5A73b6d,COURT,550,MEDICAL_REPORT,5,READ,
w94,2026-03-26T02:27:51.841782Z,978.421,403,False,0xc30C588825d2d3c37cC645CB5f9D5138F2A54A85,POLICE,317,IMAGE,2,READ,
w42,2026-03-26T02:27:51.842338Z,978.168,403,False,0xce923F1c1B6DE1A03f42cC378185B0BCCD65256e,POLICE,517,FNOL,4,READ,
w64,2026-03-26T02:27:51.298428Z,1641.883,200,True,0x98347d3bFE3F67dc6ee387CF9C8DE40578347681,ADJUSTER,157,VIDEO,2,READ,
w49,2026-03-26T02:27:52.038012Z,903.210,403,False,0x005fc769438eD21e72915650ea3d0Bd0779E1d56,ADJUSTER,298,IMAGE,2,READ,
w51,2026-03-26T02:27:52.039084Z,902.625,403,False,0x904b7a5cb6e3AAb09C26C16DF2E979FE130D0889,ADJUSTER,620,FNOL,4,READ,
w54,2026-03-26T02:27:52.039608Z,902.611,403,False,0x1Bc44f70234E2a0FBCb744E2abF6F6931BA6231F,INSURER,945,OTHER,1,READ,
w58,2026-03-26T02:27:52.040180Z,902.592,403,False,0x005fc769438eD21e72915650ea3d0Bd0779E1d56,ADJUSTER,775,TELEMATICS,3,READ,
w66,2026-03-26T02:27:52.040904Z,902.742,403,False,0x3439804Aa24202062144D2208cAD3E29C04d6CfC,POLICE,536,FNOL,4,READ,
w99,2026-03-26T02:27:52.042079Z,902.233,403,False,0x668803002755A42bB2BBAD8e73c43b3B5a03eC68,INSURER,485,IMAGE,2,READ,
w5,2026-03-26T02:27:52.043316Z,901.476,403,False,0x13C7F80a123954B61876Afba1c5b9DDB5Ac3772D,REGULATOR,776,TELEMATICS,3,READ,
w48,2026-03-26T02:27:52.043909Z,901.442,403,False,0x13C7F80a123954B61876Afba1c5b9DDB5Ac3772D,REGULATOR,403,IMAGE,2,READ,
w73,2026-03-26T02:27:51.301558Z,1895.909,200,True,0x90937Fa99BC935CfA2aDcB3C0dcde37a9a95af00,INSURER,62,VIDEO,2,READ,
w17,2026-03-26T02:27:51.302054Z,1896.389,200,True,0xa8c4E2fbBd0417D663e210a6FdD5976F5f906d9C,POLICE,63,VIDEO,2,READ,
w65,2026-03-26T02:27:52.185440Z,1013.543,403,False,0x88982eB8A9a596fA186A12b47f4F905A2c7516d6,COURT,926,OTHER,1,READ,
w69,2026-03-26T02:27:52.187142Z,1012.334,403,False,0xF0d558cD42EB081556a20bB9C95157de4966DbEe,INSURER,347,IMAGE,2,READ,
w14,2026-03-26T02:27:52.188712Z,1011.448,403,False,0xf24f0CD63a9b98E6C44679474b98157587e5608D,INSURER,751,TELEMATICS,3,READ,
w75,2026-03-26T02:27:52.191105Z,1010.528,403,False,0x58546e800Dd5EE7E99f22ecB7344138B6dFF55Ce,INSURER,649,MEDICAL_REPORT,5,READ,
w20,2026-03-26T02:27:52.192141Z,1010.208,403,False,0x3fC3662b6AbB721C5A8739eBc22914C534242aC2,GARAGE,661,FNOL,4,READ,
w79,2026-03-26T02:27:52.192730Z,1014.884,403,False,0x61315e13CF193804B6c866AeC0205078E4C25a12,COURT,728,TELEMATICS,3,READ,
w23,2026-03-26T02:27:52.193747Z,1027.441,403,False,0x074bE6382e1bAD6f8957dEED880345Efc1bDC58C,POLICE,614,FNOL,4,READ,
w81,2026-03-26T02:27:52.223616Z,1012.659,403,False,0x8B9C6E42320Cc7c0a0512De5818B2aCc269feef7,INSURER,570,FNOL,4,READ,
w24,2026-03-26T02:27:52.225368Z,1011.713,403,False,0xe4f7B57F3C40B6c829FCf662110800Fe4aBafb37,GARAGE,943,OTHER,1,READ,
w85,2026-03-26T02:27:51.490129Z,1847.110,200,True,0xB3eC418F3094778ae76FC8F0a97898435F0F1768,ADJUSTER,135,VIDEO,2,READ,
w91,2026-03-26T02:27:52.297069Z,1040.949,403,False,0x85ECA10226e8EE3Abb23B282bEBcfD147D3af353,POLICE,284,IMAGE,2,READ,
w25,2026-03-26T02:27:52.298282Z,1040.331,403,False,0xB7953144C083a54D89d9e4eCB7A2A4151D4007E0,REGULATOR,717,TELEMATICS,3,READ,
w26,2026-03-26T02:27:52.298929Z,1040.282,403,False,0x54cFafA03b3780b2bEc02Ba688A6DB581b30e82F,POLICE,922,OTHER,1,READ,
w28,2026-03-26T02:27:52.299355Z,1040.519,403,False,0x85ECA10226e8EE3Abb23B282bEBcfD147D3af353,POLICE,436,IMAGE,2,READ,
w86,2026-03-26T02:27:51.491185Z,1907.876,200,True,0xc0c58f42F3d56a359208054C1e3d9EB9FEB181E5,ADJUSTER,87,VIDEO,2,READ,
w80,2026-03-26T02:27:51.493362Z,1906.514,200,True,0x4e3024d505B55f3da9f0D7B3a7319EDF7CBAdAdc,INSURER,53,VIDEO,2,READ,
w2,2026-03-26T02:27:51.494434Z,1905.988,200,True,0x074bE6382e1bAD6f8957dEED880345Efc1bDC58C,POLICE,1,VIDEO,2,READ,
w36,2026-03-26T02:27:51.495064Z,1905.994,200,True,0x034E07D329FcA8aC6b776699af54687288A7fe3E,ADJUSTER,114,VIDEO,2,READ,
w32,2026-03-26T02:27:52.391568Z,1010.186,403,False,0x828c0FD3Ed54b03A52e62470aF331e95A50BCf09,POLICE,961,OTHER,1,READ,
w92,2026-03-26T02:27:52.392173Z,1010.240,403,False,0x2AA4a29437fF4B945Ac2957FFd6DdB3AF0fEb05b,ADJUSTER,567,FNOL,4,READ,
w46,2026-03-26T02:27:51.576867Z,1979.276,200,True,0xF4B9B002569bC5998B1d5a2309EF921d2ca63BDd,INSURER,222,VIDEO,2,READ,
w57,2026-03-26T02:27:51.579993Z,1977.207,200,True,0x49Fc0F0951a6A354226EEdd0Ec69e2b1c69880E3,ADJUSTER,230,VIDEO,2,READ,
w98,2026-03-26T02:27:52.489704Z,1068.053,403,False,0x034E07D329FcA8aC6b776699af54687288A7fe3E,ADJUSTER,365,IMAGE,2,READ,
w39,2026-03-26T02:27:52.491194Z,1067.012,403,False,0x88982eB8A9a596fA186A12b47f4F905A2c7516d6,COURT,561,MEDICAL_REPORT,5,READ,
w4,2026-03-26T02:27:52.491912Z,1066.800,403,False,0x978CFCe76672e2C96DbfF5705fe29901d2A624d2,ADJUSTER,401,IMAGE,2,READ,
w37,2026-03-26T02:27:52.495276Z,1063.931,403,False,0xe68Cd859c32799e54800ffa5C5474912A5C23706,INSURER,981,OTHER,1,READ,
w95,2026-03-26T02:27:52.495741Z,1063.806,403,False,0x4bde32504e100aaF1Db477c3F0AF1C01be0d3003,POLICE,530,FNOL,4,READ,
w56,2026-03-26T02:27:52.044461Z,10373.437,,,0xA0706EA97613c48c8Ee8A39218259d61Ae5A25c1,INSURER,91,VIDEO,2,READ,
w43,2026-03-26T02:27:52.042711Z,10376.090,,,0x2FFDEE64f54829571565E7991764e0c0B2D31B16,INSURER,102,VIDEO,2,READ,
w90,2026-03-26T02:27:52.296191Z,10123.084,,,0xfbffdfBb61e2B0aCC9065D4c9940fAdB3c5Bb4DE,INSURER,12,VIDEO,2,READ,
w22,2026-03-26T02:27:52.041505Z,10378.129,,,0x9A79C72a6b8A1a6F62B7D42810fA4D7d292395BC,POLICE,123,VIDEO,2,READ,
w8,2026-03-26T02:27:52.038589Z,10381.381,,,0x71012eDE103b9A85faF1F8b952361232E5A73b6d,COURT,54,VIDEO,2,READ,
w45,2026-03-26T02:27:52.037441Z,10382.940,,,0x5106911D638802a025a43feF48b5836d711BcfDC,GARAGE,150,VIDEO,2,READ,
w93,2026-03-26T02:27:52.297708Z,10123.070,,,0xB3eC418F3094778ae76FC8F0a97898435F0F1768,ADJUSTER,78,VIDEO,2,READ,
w77,2026-03-26T02:27:51.838727Z,10582.539,,,0xC60A6C8Fe339e01d6E76d91B0650A99bd0eA77F1,POLICE,82,VIDEO,2,READ,
w74,2026-03-26T02:27:51.837537Z,10584.122,,,0x814742D6773D55c02177ca64238a124D39d8CAd0,COURT,34,VIDEO,2,READ,
w87,2026-03-26T02:27:52.295484Z,10126.503,,,0xC0B54dC53B9A14ad6199dbB75383AcEe7B50414B,ADJUSTER,129,VIDEO,2,READ,
w19,2026-03-26T02:27:52.191640Z,10230.801,,,0x3Ce62c75582d14D54A1532D0Fd3fcA709D3AB012,ADJUSTER,182,VIDEO,2,READ,
w10,2026-03-26T02:27:51.675337Z,10747.568,,,0x265D84A4A56a37ae42bD3AE43A135660D59CE429,COURT,101,VIDEO,2,READ,
w0,2026-03-26T02:27:51.674810Z,10748.633,,,0xf35E98eF2f18881395aAf1Ef3ffB3f31d4b20C25,INSURER,238,VIDEO,2,READ,
w29,2026-03-26T02:27:52.390814Z,10033.027,,,0x45c4F19a8C6e455e9647ad8aD8a9A9c7733b6Bad,INSURER,33,VIDEO,2,READ,
w60,2026-03-26T02:27:51.595081Z,10829.319,,,0x7E772D98853416cD822D23bF2d9D89Bd3FCF7Af6,INSURER,34,VIDEO,2,READ,
w16,2026-03-26T02:27:52.190537Z,10234.572,,,0xc073597a01C3BD226F8723F8E91124b57b11BEc8,GARAGE,83,VIDEO,2,READ,
w38,2026-03-26T02:27:51.586183Z,10839.500,,,0xa7eF2a6f2A3eb7A7472DAD889d17dEa48faBca1a,INSURER,265,IMAGE,2,READ,
w96,2026-03-26T02:27:52.578382Z,9859.020,403,False,0xc9d8268D9C81BA4cF1DBbA40D6dD31d9d29BFe87,COURT,672,MEDICAL_REPORT,5,READ,
w97,2026-03-26T02:27:52.579146Z,9859.015,403,False,0x9455AD24B4CF0dBA6bF671fb827428C8a7D5c62f,ADJUSTER,826,TELEMATICS,3,READ,
w41,2026-03-26T02:27:52.579600Z,9859.166,403,False,0x81D5Aec6843c63328EB7A8D21A676abe6c3EB28b,COURT,944,OTHER,1,READ,
w44,2026-03-26T02:27:52.580347Z,9859.148,403,False,0x9D7C8C9e23D36eC3BFff969f156405253162b9e0,ADJUSTER,378,IMAGE,2,READ,
w52,2026-03-26T02:27:52.580990Z,9859.109,403,False,0xF4B9B002569bC5998B1d5a2309EF921d2ca63BDd,INSURER,968,OTHER,1,READ,
w53,2026-03-26T02:27:52.581537Z,9859.235,403,False,0x7E772D98853416cD822D23bF2d9D89Bd3FCF7Af6,INSURER,522,FNOL,4,READ,
w55,2026-03-26T02:27:52.582710Z,9858.943,403,False,0x97e7867Ce5d3E2726b779578c7097DBB50CbDB95,INSURER,681,MEDICAL_REPORT,5,READ,
w12,2026-03-26T02:27:52.583210Z,9859.228,403,False,0xc560606Bd2B90Feea8BaAB3270Efd65c17422Ad3,ADJUSTER,610,MEDICAL_REPORT,5,READ,
w13,2026-03-26T02:27:52.689620Z,9871.975,403,False,0x808e36854e0010681FFdE8f615E4a0967A544c06,INSURER,917,OTHER,1,READ,
w11,2026-03-26T02:27:52.690110Z,9872.084,403,False,0xc073597a01C3BD226F8723F8E91124b57b11BEc8,GARAGE,953,OTHER,1,READ,
w62,2026-03-26T02:27:52.690566Z,9872.180,403,False,0xfa05901804C21448e6980BbDFa52ED18dc9d3B21,ADJUSTER,679,FNOL,4,READ,
w63,2026-03-26T02:27:52.691393Z,9871.920,403,False,0x7E772D98853416cD822D23bF2d9D89Bd3FCF7Af6,INSURER,943,OTHER,1,READ,
w72,2026-03-26T02:27:52.741467Z,9966.952,403,False,0x3439804Aa24202062144D2208cAD3E29C04d6CfC,POLICE,751,TELEMATICS,3,READ,
w78,2026-03-26T02:27:52.742645Z,9966.386,403,False,0xc073597a01C3BD226F8723F8E91124b57b11BEc8,GARAGE,499,IMAGE,2,READ,
w33,2026-03-26T02:27:52.744763Z,9964.666,403,False,0x907C18fd7B2D156904bC5c25dD4542B69dfe6d54,ADJUSTER,636,MEDICAL_REPORT,5,READ,
w82,2026-03-26T02:27:52.745573Z,9964.107,403,False,0x978CFCe76672e2C96DbfF5705fe29901d2A624d2,ADJUSTER,709,TELEMATICS,3,READ,
w88,2026-03-26T02:27:52.745960Z,9963.962,403,False,0x828c0FD3Ed54b03A52e62470aF331e95A50BCf09,POLICE,900,OTHER,1,READ,
w70,2026-03-26T02:27:52.746335Z,9964.048,403,False,0x4bde32504e100aaF1Db477c3F0AF1C01be0d3003,POLICE,881,OTHER,1,READ,
w15,2026-03-26T02:27:52.749918Z,9960.923,403,False,0xe740840314f9ce0a5F0dB4619861b2B85A08f007,INSURER,346,IMAGE,2,READ,
w35,2026-03-26T02:27:52.750520Z,9960.826,403,False,0xA540c09f6c140651CA79CFFa797D92DF979aE483,ADJUSTER,451,IMAGE,2,READ,
w18,2026-03-26T02:27:52.750909Z,9960.915,403,False,0x89536950F14FD6E0f52C88C17D5A8d27A19f7635,INSURER,798,TELEMATICS,3,READ,
w76,2026-03-26T02:27:52.753117Z,10009.632,403,False,0x8d409457EE624A6a1Afb1B789793990026056d7d,REGULATOR,374,IMAGE,2,READ,
w31,2026-03-26T02:27:52.753559Z,10009.885,403,False,0xfaB598AD02177fA240d67eae46e2BBf26ba64810,ADJUSTER,988,OTHER,1,READ,
w21,2026-03-26T02:27:52.818262Z,9978.522,403,False,0x3F80f29E8ee7BD7ab795eaa0ea5834F45d8b4f36,ADJUSTER,437,IMAGE,2,READ,
w27,2026-03-26T02:27:52.819471Z,9978.196,403,False,0x8B9C6E42320Cc7c0a0512De5818B2aCc269feef7,INSURER,748,TELEMATICS,3,READ,
w30,2026-03-26T02:27:52.819880Z,9978.757,403,False,0xD1ff571869D0436cC7b43A2a2c156085F4c5Efeb,ADJUSTER,960,OTHER,1,READ,
w94,2026-03-26T02:27:52.820217Z,9979.052,403,False,0x85f013a2fE4D618643C6918f0dA731aA62b93420,GARAGE,376,IMAGE,2,READ,
w64,2026-03-26T02:27:52.940341Z,9895.675,403,False,0x978CFCe76672e2C96DbfF5705fe29901d2A624d2,ADJUSTER,543,MEDICAL_REPORT,5,READ,
w49,2026-03-26T02:27:52.941245Z,9895.565,403,False,0xAd32d7cB99dFce02DE8A0033cC5fea1262c9840C,INSURER,501,MEDICAL_REPORT,5,READ,
w51,2026-03-26T02:27:52.941729Z,9897.382,403,False,0x23E9FBB7579C74D955604A707C648CA3Db02A0c7,ADJUSTER,989,OTHER,1,READ,
w54,2026-03-26T02:27:52.942239Z,9906.774,403,False,0xa69B6a9c2ED6A394a404B91B851C1176b76370Fa,GARAGE,521,MEDICAL_REPORT,5,READ,
w58,2026-03-26T02:27:52.942792Z,9907.043,403,False,0xAd32d7cB99dFce02DE8A0033cC5fea1262c9840C,INSURER,838,TELEMATICS,3,READ,
w5,2026-03-26T02:27:52.944812Z,9905.677,403,False,0x9455AD24B4CF0dBA6bF671fb827428C8a7D5c62f,ADJUSTER,642,FNOL,4,READ,
w48,2026-03-26T02:27:52.945406Z,9905.679,403,False,0x2681A1fbf737DE9BE4B8ac0DEDe2f71fB64E2284,INSURER,460,IMAGE,2,READ,
w73,2026-03-26T02:27:53.197529Z,9702.046,403,False,0x808e36854e0010681FFdE8f615E4a0967A544c06,INSURER,534,FNOL,4,READ,
w17,2026-03-26T02:27:53.198470Z,9701.815,403,False,0xB6920469504adDf687AfCe890A39E6EBF76cF88E,POLICE,700,MEDICAL_REPORT,5,READ,
w65,2026-03-26T02:27:53.199012Z,9710.020,403,False,0x221D1a7739dA73BA8B191C14399776D9C63E6e8F,INSURER,424,IMAGE,2,READ,
w69,2026-03-26T02:27:53.199495Z,9710.234,403,False,0x265D84A4A56a37ae42bD3AE43A135660D59CE429,COURT,986,OTHER,1,READ,
w75,2026-03-26T02:27:53.201657Z,9708.637,403,False,0x5a73100273e2F91b8379DcaEe7505e5294ECd09E,INSURER,480,IMAGE,2,READ,
w20,2026-03-26T02:27:53.202397Z,9711.827,403,False,0x89536950F14FD6E0f52C88C17D5A8d27A19f7635,INSURER,440,IMAGE,2,READ,
w79,2026-03-26T02:27:53.207638Z,9707.237,403,False,0x0a32D28155a778b375C162F8999D8D0d760896b8,ADJUSTER,595,MEDICAL_REPORT,5,READ,
w23,2026-03-26T02:27:53.221214Z,9723.588,403,False,0x81D5Aec6843c63328EB7A8D21A676abe6c3EB28b,COURT,814,TELEMATICS,3,READ,
w24,2026-03-26T02:27:53.237114Z,9708.500,403,False,0xe8425CD8D02275245734Aa5D064DD1F2B051fA27,INSURER,938,OTHER,1,READ,
w91,2026-03-26T02:27:53.338044Z,9651.616,403,False,0x98568A32769F002C8A543cc7578A13516D5646a3,INSURER,887,OTHER,1,READ,
w25,2026-03-26T02:27:53.338635Z,9651.494,403,False,0x09fA524FB632b6004cb5b61705D1Ac8346f5C956,ADJUSTER,553,MEDICAL_REPORT,5,READ,
w26,2026-03-26T02:27:53.339232Z,9652.138,403,False,0xB3eC418F3094778ae76FC8F0a97898435F0F1768,ADJUSTER,568,MEDICAL_REPORT,5,READ,
w28,2026-03-26T02:27:53.339900Z,9652.287,403,False,0x904b7a5cb6e3AAb09C26C16DF2E979FE130D0889,ADJUSTER,697,MEDICAL_REPORT,5,READ,
w86,2026-03-26T02:27:53.399102Z,9630.452,403,False,0xd0689a028421dC6615C8E2A65363C35d34DCe4CC,COURT,420,IMAGE,2,READ,
w80,2026-03-26T02:27:53.399902Z,9630.686,403,False,0x5c07a06B115c15b04B988EA559f2FC152b87BE65,INSURER,657,MEDICAL_REPORT,5,READ,
w2,2026-03-26T02:27:53.400444Z,9630.772,403,False,0x2FFDEE64f54829571565E7991764e0c0B2D31B16,INSURER,528,FNOL,4,READ,
w36,2026-03-26T02:27:53.401080Z,9630.794,403,False,0x6aFB84B7d3D55C3019fC8120397eabD8507b6877,GARAGE,579,FNOL,4,READ,
w92,2026-03-26T02:27:53.402441Z,9630.384,403,False,0xe9BfB16581647fc6746A690dC658b56D114822f2,POLICE,967,OTHER,1,READ,
w3,2026-03-26T02:27:52.490551Z,10607.353,200,True,0xe29a4A0F7cc642F4654E70D8217eDDD2237e5b7f,ADJUSTER,128,VIDEO,2,READ,
w6,2026-03-26T02:27:52.492602Z,10606.056,200,True,0x5d3d41FA5c381DAE4B6Bcdfd09862684aA5Ce3fd,ADJUSTER,62,VIDEO,2,READ,
w47,2026-03-26T02:27:52.493575Z,10605.592,200,True,0xc30C588825d2d3c37cC645CB5f9D5138F2A54A85,POLICE,238,VIDEO,2,READ,
w7,2026-03-26T02:27:52.494173Z,10605.636,200,True,0x9455AD24B4CF0dBA6bF671fb827428C8a7D5c62f,ADJUSTER,39,VIDEO,2,READ,
w50,2026-03-26T02:27:52.494681Z,10606.012,200,True,0xc78F8e87EFbf9675147C8824EF1242398372eFCC,COURT,243,VIDEO,2,READ,
w57,2026-03-26T02:27:53.557222Z,9544.522,403,False,0xd0689a028421dC6615C8E2A65363C35d34DCe4CC,COURT,535,MEDICAL_REPORT,5,READ,
w98,2026-03-26T02:27:53.557775Z,9547.909,403,False,0x71012eDE103b9A85faF1F8b952361232E5A73b6d,COURT,693,MEDICAL_REPORT,5,READ,
w39,2026-03-26T02:27:53.558225Z,9547.899,403,False,0xa7eF2a6f2A3eb7A7472DAD889d17dEa48faBca1a,INSURER,917,OTHER,1,READ,
w4,2026-03-26T02:27:53.558750Z,9547.869,403,False,0xaFc74D5a37Fc772BA03f377804Ff23eE80c3F0B6,GARAGE,867,OTHER,1,READ,
w9,2026-03-26T02:27:52.582193Z,10570.346,200,True,0x69b1a8FA8C91e049e9d19bE94bef38769ec28c9D,INSURER,101,VIDEO,2,READ,
w96,2026-03-26T02:28:02.437459Z,719.281,403,False,0xe740840314f9ce0a5F0dB4619861b2B85A08f007,INSURER,681,MEDICAL_REPORT,5,READ,
w97,2026-03-26T02:28:02.438188Z,719.130,403,False,0xa7eF2a6f2A3eb7A7472DAD889d17dEa48faBca1a,INSURER,336,IMAGE,2,READ,
w41,2026-03-26T02:28:02.438796Z,720.097,403,False,0x13C7F80a123954B61876Afba1c5b9DDB5Ac3772D,REGULATOR,639,MEDICAL_REPORT,5,READ,
w44,2026-03-26T02:28:02.439522Z,720.727,403,False,0x99F976CEeE5D5d44F2838f3c8d7c188f183c11E8,COURT,724,TELEMATICS,3,READ,
w53,2026-03-26T02:28:02.440812Z,720.031,403,False,0x808e36854e0010681FFdE8f615E4a0967A544c06,INSURER,411,IMAGE,2,READ,
w55,2026-03-26T02:28:02.441682Z,719.823,403,False,0xB6eA80cE3349885Ebe955de74Db37883Bb9CB5B9,GARAGE,931,OTHER,1,READ,
w12,2026-03-26T02:28:02.442471Z,731.194,403,False,0x5c07a06B115c15b04B988EA559f2FC152b87BE65,INSURER,823,TELEMATICS,3,READ,
w59,2026-03-26T02:27:52.688527Z,10485.685,200,True,0x2681A1fbf737DE9BE4B8ac0DEDe2f71fB64E2284,INSURER,255,IMAGE,2,READ,
w61,2026-03-26T02:27:52.689134Z,10485.513,200,True,0xA0706EA97613c48c8Ee8A39218259d61Ae5A25c1,INSURER,121,VIDEO,2,READ,
w13,2026-03-26T02:28:02.561622Z,659.749,403,False,0x808e36854e0010681FFdE8f615E4a0967A544c06,INSURER,379,IMAGE,2,READ,
w11,2026-03-26T02:28:02.562217Z,659.910,403,False,0x83e68Cac649872ca6135aDfEF9A944bbF908ef66,GARAGE,439,IMAGE,2,READ,
w63,2026-03-26T02:28:02.563336Z,659.570,403,False,0x265D84A4A56a37ae42bD3AE43A135660D59CE429,COURT,515,FNOL,4,READ,
w0,2026-03-26T02:28:02.423467Z,800.078,403,False,0x2eda3233Edca92d3CC82824DE958CC1cCE3A80f4,POLICE,290,IMAGE,2,READ,
w16,2026-03-26T02:28:02.425144Z,804.503,403,False,0x6e2eda1263F3990130d14F0D25bc4b93d5d6D80C,REGULATOR,421,IMAGE,2,READ,
w74,2026-03-26T02:28:02.421681Z,808.571,403,False,0x034E07D329FcA8aC6b776699af54687288A7fe3E,ADJUSTER,591,MEDICAL_REPORT,5,READ,
w93,2026-03-26T02:28:02.420803Z,845.233,403,False,0x62aEE2Fd1DE1f438B8c33F5C551d94d6cbD55160,POLICE,922,OTHER,1,READ,
w22,2026-03-26T02:28:02.419654Z,847.244,403,False,0x68a330775019D52b44455B42704E8ad360Bc617E,GARAGE,341,IMAGE,2,READ,
w90,2026-03-26T02:28:02.419299Z,848.179,403,False,0x62aEE2Fd1DE1f438B8c33F5C551d94d6cbD55160,POLICE,655,MEDICAL_REPORT,5,READ,
w8,2026-03-26T02:28:02.419988Z,890.355,403,False,0x83e68Cac649872ca6135aDfEF9A944bbF908ef66,GARAGE,817,TELEMATICS,3,READ,
w38,2026-03-26T02:28:02.425714Z,886.850,403,False,0x2681A1fbf737DE9BE4B8ac0DEDe2f71fB64E2284,INSURER,732,TELEMATICS,3,READ,
w19,2026-03-26T02:28:02.422469Z,899.719,403,False,0x3Ce62c75582d14D54A1532D0Fd3fcA709D3AB012,ADJUSTER,536,FNOL,4,READ,
w45,2026-03-26T02:28:02.420403Z,902.562,403,False,0x62198F0616394D6E59Acc14b43bbe6ABF2f67db8,ADJUSTER,919,OTHER,1,READ,
w77,2026-03-26T02:28:02.421303Z,968.293,403,False,0xe740840314f9ce0a5F0dB4619861b2B85A08f007,INSURER,712,TELEMATICS,3,READ,
w42,2026-03-26T02:27:52.820519Z,10589.240,,,0xC60A6C8Fe339e01d6E76d91B0650A99bd0eA77F1,POLICE,73,VIDEO,2,READ,
w81,2026-03-26T02:27:53.236301Z,10174.251,,,0x11d0837E47B208389bc698030a678Bc9261f8156,INSURER,223,VIDEO,2,READ,
w89,2026-03-26T02:27:52.743936Z,10667.713,,,0xc0c58f42F3d56a359208054C1e3d9EB9FEB181E5,ADJUSTER,122,VIDEO,2,READ,
w71,2026-03-26T02:27:52.747224Z,10665.229,,,0x1Bc44f70234E2a0FBCb744E2abF6F6931BA6231F,INSURER,35,VIDEO,2,READ,
w32,2026-03-26T02:27:53.401778Z,10011.592,,,0x9455AD24B4CF0dBA6bF671fb827428C8a7D5c62f,ADJUSTER,126,VIDEO,2,READ,
w84,2026-03-26T02:27:52.743205Z,10671.029,,,0x62aEE2Fd1DE1f438B8c33F5C551d94d6cbD55160,POLICE,199,VIDEO,2,READ,
w68,2026-03-26T02:27:52.752602Z,10662.272,,,0xC0B54dC53B9A14ad6199dbB75383AcEe7B50414B,ADJUSTER,155,VIDEO,2,READ,
w99,2026-03-26T02:27:52.944331Z,10471.377,,,0xA0706EA97613c48c8Ee8A39218259d61Ae5A25c1,INSURER,86,VIDEO,2,READ,
w85,2026-03-26T02:27:53.337268Z,10079.234,,,0x9e27Ca8f24DA387fa26EB31284B2cee849f4fDb8,INSURER,137,VIDEO,2,READ,
w67,2026-03-26T02:27:52.753974Z,10671.120,,,0x3F80f29E8ee7BD7ab795eaa0ea5834F45d8b4f36,ADJUSTER,235,VIDEO,2,READ,
w34,2026-03-26T02:27:52.751588Z,10675.305,,,0x81946b335d2Cf70a427E23b92bCcC1ACcDDB118A,INSURER,217,VIDEO,2,READ,
w40,2026-03-26T02:27:52.751980Z,10675.683,,,0x13C7F80a123954B61876Afba1c5b9DDB5Ac3772D,REGULATOR,183,VIDEO,2,READ,
w83,2026-03-26T02:27:52.818863Z,10609.512,,,0xacc4fa5f6784C35C0da5bCBEa5f8e3fe401F6323,COURT,172,VIDEO,2,READ,
w1,2026-03-26T02:27:52.751215Z,10677.951,,,0x5d47D10E5aaDa092c97f77a2011d225a54e888dE,INSURER,76,VIDEO,2,READ,
w66,2026-03-26T02:27:52.943685Z,10491.000,,,0xd0689a028421dC6615C8E2A65363C35d34DCe4CC,COURT,217,VIDEO,2,READ,
w14,2026-03-26T02:27:53.200188Z,10235.171,,,0xe8425CD8D02275245734Aa5D064DD1F2B051fA27,INSURER,132,VIDEO,2,READ,
w72,2026-03-26T02:28:02.708448Z,993.086,403,False,0x58546e800Dd5EE7E99f22ecB7344138B6dFF55Ce,INSURER,889,OTHER,1,READ,
w78,2026-03-26T02:28:02.709055Z,993.024,403,False,0xF92d6f9F9322A08d7548d2be3FFFfa7E9307bfF7,POLICE,859,OTHER,1,READ,
w33,2026-03-26T02:28:02.709443Z,993.768,403,False,0xD45c19e5e5E1f56DFD5EF10a0DBdBeE64Bb94C5E,POLICE,550,MEDICAL_REPORT,5,READ,
w82,2026-03-26T02:28:02.709697Z,994.205,403,False,0x5d3d41FA5c381DAE4B6Bcdfd09862684aA5Ce3fd,ADJUSTER,323,IMAGE,2,READ,
w88,2026-03-26T02:28:02.709939Z,994.877,403,False,0x0B5dF81DC06Bb007c88E04eD2D6826Ca41cBB0A2,GARAGE,558,MEDICAL_REPORT,5,READ,
w70,2026-03-26T02:28:02.710410Z,995.139,403,False,0x0Bc69A9CA614967C5D33108DA2C0Afd95130f7ab,POLICE,796,TELEMATICS,3,READ,
w15,2026-03-26T02:28:02.710863Z,995.471,403,False,0xAc46c6cb0d1d810573C55BcB67a854a313D89d5E,POLICE,270,IMAGE,2,READ,
w31,2026-03-26T02:28:02.763467Z,1065.510,403,False,0x2eda3233Edca92d3CC82824DE958CC1cCE3A80f4,POLICE,270,IMAGE,2,READ,
w21,2026-03-26T02:28:02.796812Z,1047.936,403,False,0x904b7a5cb6e3AAb09C26C16DF2E979FE130D0889,ADJUSTER,529,MEDICAL_REPORT,5,READ,
w27,2026-03-26T02:28:02.797692Z,1047.782,403,False,0xf0C27952Ff3Fa054AC5C5067bA433eE3851F196D,GARAGE,922,OTHER,1,READ,
w30,2026-03-26T02:28:02.798662Z,1047.651,403,False,0x2C633fcDe1FC84a3cab453082dd753A56206d5a5,ADJUSTER,624,MEDICAL_REPORT,5,READ,
w94,2026-03-26T02:28:02.799293Z,1047.566,403,False,0x828c0FD3Ed54b03A52e62470aF331e95A50BCf09,POLICE,386,IMAGE,2,READ,
w49,2026-03-26T02:28:02.836836Z,1064.514,403,False,0x631528f50C384c7AeF4ED528554980D850De0283,POLICE,394,IMAGE,2,READ,
w51,2026-03-26T02:28:02.839140Z,1062.994,403,False,0x3A7a82b4A46a2f934834Ca05381528d576A17a70,INSURER,959,OTHER,1,READ,
w5,2026-03-26T02:28:02.850541Z,1096.743,403,False,0x33733bc2AFfA696339eACE63a29db0850Bae08C6,COURT,695,FNOL,4,READ,
w48,2026-03-26T02:28:02.851110Z,1097.130,403,False,0xd9A6B19e054ef53852110104f8251e86d57f88fe,INSURER,646,FNOL,4,READ,
w73,2026-03-26T02:28:02.899601Z,1072.395,403,False,0xA92D4979eB98ad7361AD95Ad1182a54449C093eB,INSURER,691,MEDICAL_REPORT,5,READ,
w17,2026-03-26T02:28:02.900306Z,1072.761,403,False,0xa09383266c25808Ea3362D5DaE160528bB5Fb130,POLICE,682,FNOL,4,READ,
w65,2026-03-26T02:28:02.909059Z,1073.745,403,False,0x10e284843829f15F74cE6E0abD20284341c6DB9A,INSURER,990,OTHER,1,READ,
w69,2026-03-26T02:28:02.909750Z,1073.793,403,False,0xd0689a028421dC6615C8E2A65363C35d34DCe4CC,COURT,931,OTHER,1,READ,
w75,2026-03-26T02:28:02.910326Z,1073.871,403,False,0xfa0c2c3a58Dc42E7c1266c6Badd86D7001B6c961,INSURER,940,OTHER,1,READ,
w20,2026-03-26T02:28:02.914248Z,1070.525,403,False,0xA0706EA97613c48c8Ee8A39218259d61Ae5A25c1,INSURER,677,MEDICAL_REPORT,5,READ,
w23,2026-03-26T02:28:02.944828Z,1074.854,403,False,0x55aC7E86FfE135500754bda7778b3749aE34930B,INSURER,400,IMAGE,2,READ,
w24,2026-03-26T02:28:02.945646Z,1074.932,403,False,0x9e27Ca8f24DA387fa26EB31284B2cee849f4fDb8,INSURER,421,IMAGE,2,READ,
w91,2026-03-26T02:28:02.989687Z,1072.114,403,False,0x5106911D638802a025a43feF48b5836d711BcfDC,GARAGE,996,OTHER,1,READ,
w25,2026-03-26T02:28:02.990149Z,1072.443,403,False,0x5c07a06B115c15b04B988EA559f2FC152b87BE65,INSURER,798,TELEMATICS,3,READ,
w26,2026-03-26T02:28:02.991395Z,1071.951,403,False,0x2C633fcDe1FC84a3cab453082dd753A56206d5a5,ADJUSTER,712,TELEMATICS,3,READ,
w28,2026-03-26T02:28:02.992216Z,1072.368,403,False,0xD45c19e5e5E1f56DFD5EF10a0DBdBeE64Bb94C5E,POLICE,273,IMAGE,2,READ,
w80,2026-03-26T02:28:03.030615Z,1267.298,403,False,0x2eda3233Edca92d3CC82824DE958CC1cCE3A80f4,POLICE,695,FNOL,4,READ,
w92,2026-03-26T02:28:03.032848Z,1265.832,403,False,0xe8425CD8D02275245734Aa5D064DD1F2B051fA27,INSURER,304,IMAGE,2,READ,
w46,2026-03-26T02:27:53.556176Z,10799.166,200,True,0x763BeD60093Bc3ad989d0E71724B8a30f6629Bf2,ADJUSTER,35,VIDEO,2,READ,
w37,2026-03-26T02:27:53.559226Z,10796.912,200,True,0x23E9FBB7579C74D955604A707C648CA3Db02A0c7,ADJUSTER,105,VIDEO,2,READ,
w95,2026-03-26T02:27:53.559564Z,10797.103,200,True,0x88982eB8A9a596fA186A12b47f4F905A2c7516d6,COURT,222,VIDEO,2,READ,
w3,2026-03-26T02:28:03.097927Z,1259.553,403,False,0x7036A61a0c4486ca1acA322940DFE746a02EdBF7,INSURER,617,FNOL,4,READ,
w7,2026-03-26T02:28:03.099830Z,1263.161,403,False,0x81D5Aec6843c63328EB7A8D21A676abe6c3EB28b,COURT,802,TELEMATICS,3,READ,
w50,2026-03-26T02:28:03.100720Z,1592.750,403,False,0x0a32D28155a778b375C162F8999D8D0d760896b8,ADJUSTER,809,TELEMATICS,3,READ,
w39,2026-03-26T02:28:03.106143Z,1587.980,403,False,0x7e44eb68D57cA35191576B6498CAC17b47001a2b,INSURER,980,OTHER,1,READ,
w4,2026-03-26T02:28:03.106659Z,1588.277,403,False,0xe028327896d2bb4705C2134380bDB1E038DdF2Fc,REGULATOR,454,IMAGE,2,READ,
w52,2026-03-26T02:28:02.440124Z,2424.577,200,True,0x4Bb9AC8aB8c9D213B9d89538B10C1016f8e66773,INSURER,253,IMAGE,2,READ,
w97,2026-03-26T02:28:03.157339Z,1708.209,403,False,0xd9A6B19e054ef53852110104f8251e86d57f88fe,INSURER,527,FNOL,4,READ,
w44,2026-03-26T02:28:03.160273Z,1711.267,403,False,0xc560606Bd2B90Feea8BaAB3270Efd65c17422Ad3,ADJUSTER,495,IMAGE,2,READ,
w53,2026-03-26T02:28:03.160866Z,1711.385,403,False,0x727e45e23f8594c57Cf3FE94b94fC6DC8eBD7A92,INSURER,681,MEDICAL_REPORT,5,READ,
w55,2026-03-26T02:28:03.161527Z,1711.292,403,False,0x61315e13CF193804B6c866AeC0205078E4C25a12,COURT,895,OTHER,1,READ,
w12,2026-03-26T02:28:03.173688Z,1705.021,403,False,0x90937Fa99BC935CfA2aDcB3C0dcde37a9a95af00,INSURER,836,TELEMATICS,3,READ,
w59,2026-03-26T02:28:03.174233Z,1714.920,403,False,0xc9d8268D9C81BA4cF1DBbA40D6dD31d9d29BFe87,COURT,465,IMAGE,2,READ,
w61,2026-03-26T02:28:03.174683Z,1715.029,403,False,0x3539040e9A7AA2F3eb932f8a6523DA9ED746160F,GARAGE,779,TELEMATICS,3,READ,
w62,2026-03-26T02:28:02.562771Z,2372.158,200,True,0x2a44EF6977ec44cB5c6ad5038E54C761723DB5E9,INSURER,151,VIDEO,2,READ,
w13,2026-03-26T02:28:03.221397Z,1716.554,403,False,0xfaB598AD02177fA240d67eae46e2BBf26ba64810,ADJUSTER,599,MEDICAL_REPORT,5,READ,
w11,2026-03-26T02:28:03.222159Z,1716.350,403,False,0x36599004C3aC0Aa715a49186455E90556EA805cE,GARAGE,802,TELEMATICS,3,READ,
w63,2026-03-26T02:28:03.222930Z,1716.311,403,False,0x995408770BbdF9C720d131bCfa0bE248c90fA29f,COURT,823,TELEMATICS,3,READ,
w0,2026-03-26T02:28:03.223566Z,1716.395,403,False,0x97e7867Ce5d3E2726b779578c7097DBB50CbDB95,INSURER,960,OTHER,1,READ,
w10,2026-03-26T02:28:02.422932Z,2517.739,200,True,0xc30C588825d2d3c37cC645CB5f9D5138F2A54A85,POLICE,171,VIDEO,2,READ,
w16,2026-03-26T02:28:03.229670Z,1804.121,403,False,0x6e492Bff2B5Fc2351eF247518a6dCD98479E018C,POLICE,997,OTHER,1,READ,
w93,2026-03-26T02:28:03.266060Z,1768.581,403,False,0x2b2d95E89Db8d5C9D7a789205F735fffB7738f31,INSURER,964,OTHER,1,READ,
w22,2026-03-26T02:28:03.266920Z,1776.354,403,False,0x90937Fa99BC935CfA2aDcB3C0dcde37a9a95af00,INSURER,766,TELEMATICS,3,READ,
w87,2026-03-26T02:28:02.422041Z,2699.048,200,True,0x6e492Bff2B5Fc2351eF247518a6dCD98479E018C,POLICE,151,VIDEO,2,READ,
w60,2026-03-26T02:28:02.424432Z,2697.312,200,True,0x88982eB8A9a596fA186A12b47f4F905A2c7516d6,COURT,187,VIDEO,2,READ,
w43,2026-03-26T02:28:02.418825Z,2703.791,200,True,0xF92d6f9F9322A08d7548d2be3FFFfa7E9307bfF7,POLICE,120,VIDEO,2,READ,
w8,2026-03-26T02:28:03.310534Z,1812.678,403,False,0x90937Fa99BC935CfA2aDcB3C0dcde37a9a95af00,INSURER,955,OTHER,1,READ,
w38,2026-03-26T02:28:03.312591Z,1811.325,403,False,0xaFc74D5a37Fc772BA03f377804Ff23eE80c3F0B6,GARAGE,733,TELEMATICS,3,READ,
w29,2026-03-26T02:28:02.423865Z,2739.065,200,True,0x9D7C8C9e23D36eC3BFff969f156405253162b9e0,ADJUSTER,218,VIDEO,2,READ,
w56,2026-03-26T02:28:02.417946Z,2745.713,200,True,0x2d463F869E51337B7a301382Cc76B1960D09BAd7,ADJUSTER,27,VIDEO,2,READ,
w89,2026-03-26T02:28:03.411675Z,2000.674,403,False,0x23E9FBB7579C74D955604A707C648CA3Db02A0c7,ADJUSTER,287,IMAGE,2,READ,
w71,2026-03-26T02:28:03.412477Z,2002.541,403,False,0xe29a4A0F7cc642F4654E70D8217eDDD2237e5b7f,ADJUSTER,713,TELEMATICS,3,READ,
w68,2026-03-26T02:28:03.414932Z,2000.578,403,False,0x83e68Cac649872ca6135aDfEF9A944bbF908ef66,GARAGE,294,IMAGE,2,READ,
w85,2026-03-26T02:28:03.416528Z,1999.426,403,False,0xA903578836c1E60A93BAd29357D9962aBd7aE0E7,GARAGE,924,OTHER,1,READ,
w67,2026-03-26T02:28:03.425132Z,1991.383,403,False,0x5CBf5c5AcCf319E51A3261361f38b9b09D3A0Cdf,INSURER,601,MEDICAL_REPORT,5,READ,
w40,2026-03-26T02:28:03.427689Z,1989.484,403,False,0xA2Be70fFcf3281293C1C8Cf71648070736aFEB70,INSURER,769,TELEMATICS,3,READ,
w83,2026-03-26T02:28:03.428401Z,1989.364,403,False,0xA0D16Db45A3E299D305623eB5499B19F75Fd2E79,COURT,411,IMAGE,2,READ,
w66,2026-03-26T02:28:03.434714Z,1983.654,403,False,0xA2Be70fFcf3281293C1C8Cf71648070736aFEB70,INSURER,990,OTHER,1,READ,
w35,2026-03-26T02:28:02.711370Z,2786.232,200,True,0xAd32d7cB99dFce02DE8A0033cC5fea1262c9840C,INSURER,170,VIDEO,2,READ,
w18,2026-03-26T02:28:02.711847Z,2786.723,200,True,0x7e44eb68D57cA35191576B6498CAC17b47001a2b,INSURER,79,VIDEO,2,READ,
w72,2026-03-26T02:28:03.701556Z,1797.643,403,False,0x969F5C531FA570b10b873CE229E1D17C35c80b01,POLICE,933,OTHER,1,READ,
w78,2026-03-26T02:28:03.702097Z,1797.655,403,False,0x0Bc69A9CA614967C5D33108DA2C0Afd95130f7ab,POLICE,735,TELEMATICS,3,READ,
w82,2026-03-26T02:28:03.703931Z,1796.378,403,False,0x9e27Ca8f24DA387fa26EB31284B2cee849f4fDb8,INSURER,846,TELEMATICS,3,READ,
w88,2026-03-26T02:28:03.704854Z,1796.042,403,False,0x8d409457EE624A6a1Afb1B789793990026056d7d,REGULATOR,398,IMAGE,2,READ,
w70,2026-03-26T02:28:03.705580Z,1796.225,403,False,0x4a28FD82865D1625ce719BbE1501981DBEb8775F,ADJUSTER,570,FNOL,4,READ,
w15,2026-03-26T02:28:03.706402Z,1803.136,403,False,0xA0D16Db45A3E299D305623eB5499B19F75Fd2E79,COURT,380,IMAGE,2,READ,
w76,2026-03-26T02:28:02.762771Z,2767.077,200,True,0x85ECA10226e8EE3Abb23B282bEBcfD147D3af353,POLICE,1,VIDEO,2,READ,
w31,2026-03-26T02:28:03.829072Z,1726.244,403,False,0x81D5Aec6843c63328EB7A8D21A676abe6c3EB28b,COURT,547,FNOL,4,READ,
w21,2026-03-26T02:28:03.844776Z,1734.073,403,False,0x2eda3233Edca92d3CC82824DE958CC1cCE3A80f4,POLICE,485,IMAGE,2,READ,
w27,2026-03-26T02:28:03.845496Z,1734.110,403,False,0x1ed7D08B1bc117C8039A09D7469dCD6b7119ec85,POLICE,874,OTHER,1,READ,
w30,2026-03-26T02:28:03.846336Z,1734.270,403,False,0x711f9Ba03b219CFED557d6c4077c783BdfBEC307,COURT,587,MEDICAL_REPORT,5,READ,
w64,2026-03-26T02:28:02.836040Z,2770.099,200,True,0xB3eC418F3094778ae76FC8F0a97898435F0F1768,ADJUSTER,81,VIDEO,2,READ,
w54,2026-03-26T02:28:02.849059Z,2773.529,200,True,0x6B44eD6B1692CB06047271f02833671D89f1a4E7,INSURER,250,VIDEO,2,READ,
w58,2026-03-26T02:28:02.849860Z,2773.415,200,True,0x2C633fcDe1FC84a3cab453082dd753A56206d5a5,ADJUSTER,255,IMAGE,2,READ,
w48,2026-03-26T02:28:03.948268Z,1675.590,403,False,0x3439804Aa24202062144D2208cAD3E29C04d6CfC,POLICE,857,OTHER,1,READ,
w79,2026-03-26T02:28:02.914912Z,2728.554,200,True,0x33733bc2AFfA696339eACE63a29db0850Bae08C6,COURT,15,VIDEO,2,READ,
w73,2026-03-26T02:28:03.972024Z,1672.267,403,False,0xce923F1c1B6DE1A03f42cC378185B0BCCD65256e,POLICE,268,IMAGE,2,READ,
w17,2026-03-26T02:28:03.973097Z,1679.452,403,False,0x85CB40Edf798FBbfC3e1f8fBA9d60D3aDA9edc66,REGULATOR,806,TELEMATICS,3,READ,
w65,2026-03-26T02:28:03.982830Z,1670.409,403,False,0xe68Cd859c32799e54800ffa5C5474912A5C23706,INSURER,938,OTHER,1,READ,
w69,2026-03-26T02:28:03.983590Z,1670.300,403,False,0xa59ECFb410CCB56f80640CFCfAe5726121Ab2cfa,REGULATOR,344,IMAGE,2,READ,
w75,2026-03-26T02:28:03.984222Z,1670.129,403,False,0xA540c09f6c140651CA79CFFa797D92DF979aE483,ADJUSTER,421,IMAGE,2,READ,
w20,2026-03-26T02:28:03.984795Z,1669.981,403,False,0x8B9C6E42320Cc7c0a0512De5818B2aCc269feef7,INSURER,587,MEDICAL_REPORT,5,READ,
w23,2026-03-26T02:28:04.019706Z,1658.278,403,False,0x6e2eda1263F3990130d14F0D25bc4b93d5d6D80C,REGULATOR,440,IMAGE,2,READ,
w24,2026-03-26T02:28:04.020607Z,1660.663,403,False,0x0faad82B330120b20f18ed21fCD7C5e6865C2088,INSURER,374,IMAGE,2,READ,
w91,2026-03-26T02:28:04.061824Z,1642.588,403,False,0x2C633fcDe1FC84a3cab453082dd753A56206d5a5,ADJUSTER,337,IMAGE,2,READ,
w25,2026-03-26T02:28:04.062614Z,1642.716,403,False,0x1ed7D08B1bc117C8039A09D7469dCD6b7119ec85,POLICE,666,MEDICAL_REPORT,5,READ,
w26,2026-03-26T02:28:04.063369Z,1642.567,403,False,0x4939E121036A8AD1643718eFc89097821616931f,POLICE,294,IMAGE,2,READ,
w86,2026-03-26T02:28:03.029578Z,2709.007,200,True,0xA92D4979eB98ad7361AD95Ad1182a54449C093eB,INSURER,119,VIDEO,2,READ,
w2,2026-03-26T02:28:03.031239Z,2708.236,200,True,0x9f26D169621c57Db8eC4B7a3B5D9aF4CdF71085F,INSURER,69,VIDEO,2,READ,
w36,2026-03-26T02:28:03.031927Z,2708.122,200,True,0xFc3a53f3055e68a2D5fE4aF7E5B5cF92e63F17e7,INSURER,245,VIDEO,2,READ,
w80,2026-03-26T02:28:04.297936Z,1442.741,403,False,0x3391d15CCe51D9F0a877840266E4784c3b30dF24,POLICE,882,OTHER,1,READ,
w92,2026-03-26T02:28:04.298722Z,1442.666,403,False,0x9dd7F747E30a7Ab727D5AabeC1205fC6FF74891e,INSURER,584,MEDICAL_REPORT,5,READ,
w6,2026-03-26T02:28:03.098679Z,2703.277,200,True,0xA540c09f6c140651CA79CFFa797D92DF979aE483,ADJUSTER,22,VIDEO,2,READ,
w47,2026-03-26T02:28:03.099189Z,2703.295,200,True,0xa8c4E2fbBd0417D663e210a6FdD5976F5f906d9C,POLICE,33,VIDEO,2,READ,
w95,2026-03-26T02:28:04.356690Z,1446.503,403,False,0x5d47D10E5aaDa092c97f77a2011d225a54e888dE,INSURER,948,OTHER,1,READ,
w3,2026-03-26T02:28:04.357506Z,1446.306,403,False,0x8B9C6E42320Cc7c0a0512De5818B2aCc269feef7,INSURER,403,IMAGE,2,READ,
w7,2026-03-26T02:28:04.363018Z,1441.522,403,False,0x907C18fd7B2D156904bC5c25dD4542B69dfe6d54,ADJUSTER,317,IMAGE,2,READ,
w57,2026-03-26T02:28:03.105091Z,2760.334,200,True,0x3A7a82b4A46a2f934834Ca05381528d576A17a70,INSURER,143,VIDEO,2,READ,
w98,2026-03-26T02:28:03.105705Z,2760.924,200,True,0xc560606Bd2B90Feea8BaAB3270Efd65c17422Ad3,ADJUSTER,133,VIDEO,2,READ,
w50,2026-03-26T02:28:04.693503Z,1173.764,403,False,0x2a44EF6977ec44cB5c6ad5038E54C761723DB5E9,INSURER,940,OTHER,1,READ,
w4,2026-03-26T02:28:04.694966Z,1173.104,403,False,0x4939E121036A8AD1643718eFc89097821616931f,POLICE,572,MEDICAL_REPORT,5,READ,
w9,2026-03-26T02:28:03.152563Z,2761.631,200,True,0x9D7C8C9e23D36eC3BFff969f156405253162b9e0,ADJUSTER,198,VIDEO,2,READ,
w96,2026-03-26T02:28:03.156762Z,2765.547,200,True,0x84201FaB00444122Be75C109644920B9462cD92d,INSURER,100,VIDEO,2,READ,
w41,2026-03-26T02:28:03.158916Z,2765.204,200,True,0xACeC85e12d17bE03cf4d9ac50Db46392aC26A13A,GARAGE,22,VIDEO,2,READ,
w52,2026-03-26T02:28:04.864725Z,1060.453,403,False,0xe68Cd859c32799e54800ffa5C5474912A5C23706,INSURER,646,FNOL,4,READ,
w97,2026-03-26T02:28:04.865587Z,1060.218,403,False,0x7693A9f87027932864A045F6Ed756AA65fdeEc1c,INSURER,854,OTHER,1,READ,
w53,2026-03-26T02:28:04.872278Z,1097.440,403,False,0xa59ECFb410CCB56f80640CFCfAe5726121Ab2cfa,REGULATOR,441,IMAGE,2,READ,
w12,2026-03-26T02:28:04.878735Z,1091.980,403,False,0xCe261d45B20f7c1ACaE3eAf693D957b5D99D42BD,REGULATOR,717,TELEMATICS,3,READ,
w59,2026-03-26T02:28:04.889176Z,1093.994,403,False,0x9A79C72a6b8A1a6F62B7D42810fA4D7d292395BC,POLICE,481,IMAGE,2,READ,
w61,2026-03-26T02:28:04.889735Z,1094.432,403,False,0x83e68Cac649872ca6135aDfEF9A944bbF908ef66,GARAGE,520,MEDICAL_REPORT,5,READ,
w62,2026-03-26T02:28:04.934954Z,1117.776,403,False,0xe4Ff9366F4FF38f071D95aA48d3DB306E70De577,POLICE,979,OTHER,1,READ,
w13,2026-03-26T02:28:04.937975Z,1115.582,403,False,0x3F80f29E8ee7BD7ab795eaa0ea5834F45d8b4f36,ADJUSTER,427,IMAGE,2,READ,
w11,2026-03-26T02:28:04.938533Z,1115.591,403,False,0x12CB40C48B0B23c8B9E9a012e1863b5225A5F311,INSURER,924,OTHER,1,READ,
w0,2026-03-26T02:28:04.939989Z,1114.773,403,False,0x4Bb9AC8aB8c9D213B9d89538B10C1016f8e66773,INSURER,660,FNOL,4,READ,
w74,2026-03-26T02:28:03.230273Z,2857.111,200,True,0xfbffdfBb61e2B0aCC9065D4c9940fAdB3c5Bb4DE,INSURER,164,VIDEO,2,READ,
w16,2026-03-26T02:28:05.033820Z,1054.752,403,False,0x005fc769438eD21e72915650ea3d0Bd0779E1d56,ADJUSTER,776,TELEMATICS,3,READ,
w90,2026-03-26T02:28:03.267501Z,2821.741,200,True,0x81D5Aec6843c63328EB7A8D21A676abe6c3EB28b,COURT,60,VIDEO,2,READ,
w93,2026-03-26T02:28:05.034671Z,1055.185,403,False,0x7E772D98853416cD822D23bF2d9D89Bd3FCF7Af6,INSURER,354,IMAGE,2,READ,
w19,2026-03-26T02:28:03.322213Z,2796.720,200,True,0x2E3A06358fFBF425bdBFB9D46d36F4C62cB2C752,ADJUSTER,201,VIDEO,2,READ,
w45,2026-03-26T02:28:03.322988Z,2796.554,200,True,0xfa0c2c3a58Dc42E7c1266c6Badd86D7001B6c961,INSURER,147,VIDEO,2,READ,
w87,2026-03-26T02:28:05.121112Z,999.118,403,False,0x6aFB84B7d3D55C3019fC8120397eabD8507b6877,GARAGE,954,OTHER,1,READ,
w60,2026-03-26T02:28:05.121766Z,999.012,403,False,0x2C633fcDe1FC84a3cab453082dd753A56206d5a5,ADJUSTER,709,TELEMATICS,3,READ,
w43,2026-03-26T02:28:05.122639Z,998.799,403,False,0xAd32d7cB99dFce02DE8A0033cC5fea1262c9840C,INSURER,529,MEDICAL_REPORT,5,READ,
w8,2026-03-26T02:28:05.123242Z,998.760,403,False,0x995408770BbdF9C720d131bCfa0bE248c90fA29f,COURT,875,OTHER,1,READ,
w38,2026-03-26T02:28:05.123966Z,998.568,403,False,0x8d409457EE624A6a1Afb1B789793990026056d7d,REGULATOR,957,OTHER,1,READ,
w77,2026-03-26T02:28:03.389624Z,2745.044,200,True,0x387bB796cDb51d56531031d8f74b6b071370F649,INSURER,53,VIDEO,2,READ,
w29,2026-03-26T02:28:05.162952Z,973.724,403,False,0xaFc74D5a37Fc772BA03f377804Ff23eE80c3F0B6,GARAGE,772,TELEMATICS,3,READ,
w56,2026-03-26T02:28:05.163680Z,973.819,403,False,0x7693A9f87027932864A045F6Ed756AA65fdeEc1c,INSURER,772,TELEMATICS,3,READ,
w42,2026-03-26T02:28:03.409785Z,2776.311,200,True,0x2b2d95E89Db8d5C9D7a789205F735fffB7738f31,INSURER,132,VIDEO,2,READ,
w81,2026-03-26T02:28:03.410577Z,2776.839,200,True,0x3A7a82b4A46a2f934834Ca05381528d576A17a70,INSURER,187,VIDEO,2,READ,
w32,2026-03-26T02:28:03.413485Z,2774.662,200,True,0xc0c58f42F3d56a359208054C1e3d9EB9FEB181E5,ADJUSTER,78,VIDEO,2,READ,
w84,2026-03-26T02:28:03.414267Z,2774.452,200,True,0x005fc769438eD21e72915650ea3d0Bd0779E1d56,ADJUSTER,209,VIDEO,2,READ,
w99,2026-03-26T02:28:03.415731Z,2775.396,200,True,0x6e492Bff2B5Fc2351eF247518a6dCD98479E018C,POLICE,158,VIDEO,2,READ,
w34,2026-03-26T02:28:03.426928Z,2765.062,200,True,0x074bE6382e1bAD6f8957dEED880345Efc1bDC58C,POLICE,15,VIDEO,2,READ,
w1,2026-03-26T02:28:03.429193Z,2763.266,200,True,0x6e492Bff2B5Fc2351eF247518a6dCD98479E018C,POLICE,184,VIDEO,2,READ,
w14,2026-03-26T02:28:03.435383Z,2757.641,200,True,0xd9A6B19e054ef53852110104f8251e86d57f88fe,INSURER,145,VIDEO,2,READ,
w89,2026-03-26T02:28:05.412389Z,781.726,403,False,0xB6eA80cE3349885Ebe955de74Db37883Bb9CB5B9,GARAGE,884,OTHER,1,READ,
w71,2026-03-26T02:28:05.415040Z,780.175,403,False,0x6946334781F193CD26a1b9026c1980aa92c80Fd4,ADJUSTER,900,OTHER,1,READ,
w68,2026-03-26T02:28:05.415529Z,780.445,403,False,0xDce410211947791510C6ABE09E20663d9934397A,INSURER,859,OTHER,1,READ,
w85,2026-03-26T02:28:05.415974Z,780.517,403,False,0x387bB796cDb51d56531031d8f74b6b071370F649,INSURER,364,IMAGE,2,READ,
w67,2026-03-26T02:28:05.416536Z,791.793,403,False,0x3539040e9A7AA2F3eb932f8a6523DA9ED746160F,GARAGE,563,FNOL,4,READ,
w40,2026-03-26T02:28:05.417198Z,792.139,403,False,0x2681A1fbf737DE9BE4B8ac0DEDe2f71fB64E2284,INSURER,459,IMAGE,2,READ,
w83,2026-03-26T02:28:05.417789Z,792.414,403,False,0x904b7a5cb6e3AAb09C26C16DF2E979FE130D0889,ADJUSTER,417,IMAGE,2,READ,
w66,2026-03-26T02:28:05.418414Z,792.446,403,False,0x98347d3bFE3F67dc6ee387CF9C8DE40578347681,ADJUSTER,450,IMAGE,2,READ,
w33,2026-03-26T02:28:03.703236Z,2545.736,200,True,0x54cFafA03b3780b2bEc02Ba688A6DB581b30e82F,POLICE,74,VIDEO,2,READ,
w35,2026-03-26T02:28:05.497632Z,752.193,403,False,0x33733bc2AFfA696339eACE63a29db0850Bae08C6,COURT,569,MEDICAL_REPORT,5,READ,
w18,2026-03-26T02:28:05.498597Z,752.009,403,False,0xB6920469504adDf687AfCe890A39E6EBF76cF88E,POLICE,494,IMAGE,2,READ,
w72,2026-03-26T02:28:05.499223Z,751.991,403,False,0x58546e800Dd5EE7E99f22ecB7344138B6dFF55Ce,INSURER,400,IMAGE,2,READ,
w78,2026-03-26T02:28:05.499774Z,805.744,403,False,0x3391d15CCe51D9F0a877840266E4784c3b30dF24,POLICE,843,TELEMATICS,3,READ,
w82,2026-03-26T02:28:05.500332Z,805.778,403,False,0x83e68Cac649872ca6135aDfEF9A944bbF908ef66,GARAGE,307,IMAGE,2,READ,
w70,2026-03-26T02:28:05.501828Z,804.858,403,False,0xFc3a53f3055e68a2D5fE4aF7E5B5cF92e63F17e7,INSURER,433,IMAGE,2,READ,
w76,2026-03-26T02:28:05.529873Z,777.645,403,False,0xE2694287D484e8aE315B0F637DD87846ff5d7AdB,COURT,921,OTHER,1,READ,
w31,2026-03-26T02:28:05.555356Z,764.327,403,False,0x8d1A0bE126b91823D8E5E215116c9351922277f7,INSURER,526,MEDICAL_REPORT,5,READ,
w94,2026-03-26T02:28:03.846879Z,2495.951,200,True,0xa59ECFb410CCB56f80640CFCfAe5726121Ab2cfa,REGULATOR,105,VIDEO,2,READ,
w21,2026-03-26T02:28:05.578872Z,764.699,403,False,0x6793787989bC3CD4C54f44099Dc75Fb05503EC65,GARAGE,541,MEDICAL_REPORT,5,READ,
w27,2026-03-26T02:28:05.579629Z,764.509,403,False,0xe028327896d2bb4705C2134380bDB1E038DdF2Fc,REGULATOR,337,IMAGE,2,READ,
w30,2026-03-26T02:28:05.580707Z,764.129,403,False,0x7E270839240F84dCe86114e7c9A1B5C9751d5fc0,ADJUSTER,366,IMAGE,2,READ,
w49,2026-03-26T02:28:03.901375Z,2480.436,200,True,0xA540c09f6c140651CA79CFFa797D92DF979aE483,ADJUSTER,74,VIDEO,2,READ,
w51,2026-03-26T02:28:03.902156Z,2481.740,200,True,0xD6DBE4E8f9f2C043d9D69340C893CDc79e6cEaB1,ADJUSTER,14,VIDEO,2,READ,
w64,2026-03-26T02:28:05.606167Z,778.920,403,False,0x9D7C8C9e23D36eC3BFff969f156405253162b9e0,ADJUSTER,690,MEDICAL_REPORT,5,READ,
w5,2026-03-26T02:28:03.947314Z,2438.497,200,True,0x6793787989bC3CD4C54f44099Dc75Fb05503EC65,GARAGE,55,VIDEO,2,READ,
w54,2026-03-26T02:28:05.622613Z,771.741,403,False,0xe4f7B57F3C40B6c829FCf662110800Fe4aBafb37,GARAGE,370,IMAGE,2,READ,
w58,2026-03-26T02:28:05.623299Z,772.132,403,False,0x6e2eda1263F3990130d14F0D25bc4b93d5d6D80C,REGULATOR,866,OTHER,1,READ,
w48,2026-03-26T02:28:05.623879Z,772.227,403,False,0xc78F8e87EFbf9675147C8824EF1242398372eFCC,COURT,757,TELEMATICS,3,READ,
w73,2026-03-26T02:28:05.649540Z,788.302,403,False,0x27Dd09F461d60E509B253B64B9C618ade0B207c2,INSURER,339,IMAGE,2,READ,
w17,2026-03-26T02:28:05.652579Z,786.198,403,False,0xB6eA80cE3349885Ebe955de74Db37883Bb9CB5B9,GARAGE,313,IMAGE,2,READ,
w65,2026-03-26T02:28:05.653263Z,786.117,403,False,0x221D1a7739dA73BA8B191C14399776D9C63E6e8F,INSURER,328,IMAGE,2,READ,
w69,2026-03-26T02:28:05.653913Z,785.981,403,False,0xEE47aAeC1ae1eFc7AcE9A2bAB0F5c89c97613D42,POLICE,379,IMAGE,2,READ,
w23,2026-03-26T02:28:05.678008Z,800.765,403,False,0xa7eF2a6f2A3eb7A7472DAD889d17dEa48faBca1a,INSURER,599,MEDICAL_REPORT,5,READ,
w28,2026-03-26T02:28:04.064611Z,2455.142,200,True,0x98347d3bFE3F67dc6ee387CF9C8DE40578347681,ADJUSTER,160,VIDEO,2,READ,
w26,2026-03-26T02:28:05.705961Z,814.517,403,False,0xf35E98eF2f18881395aAf1Ef3ffB3f31d4b20C25,INSURER,677,MEDICAL_REPORT,5,READ,
w86,2026-03-26T02:28:05.738626Z,828.608,403,False,0x907C18fd7B2D156904bC5c25dD4542B69dfe6d54,ADJUSTER,770,TELEMATICS,3,READ,
w2,2026-03-26T02:28:05.739496Z,835.557,403,False,0x034E07D329FcA8aC6b776699af54687288A7fe3E,ADJUSTER,444,IMAGE,2,READ,
w92,2026-03-26T02:28:05.741410Z,834.422,403,False,0xF92d6f9F9322A08d7548d2be3FFFfa7E9307bfF7,POLICE,437,IMAGE,2,READ,
w46,2026-03-26T02:28:04.355374Z,2256.697,200,True,0xc0c58f42F3d56a359208054C1e3d9EB9FEB181E5,ADJUSTER,229,VIDEO,2,READ,
w37,2026-03-26T02:28:04.356169Z,2256.944,200,True,0x727e45e23f8594c57Cf3FE94b94fC6DC8eBD7A92,INSURER,57,VIDEO,2,READ,
w6,2026-03-26T02:28:05.801978Z,811.757,403,False,0x62aEE2Fd1DE1f438B8c33F5C551d94d6cbD55160,POLICE,564,MEDICAL_REPORT,5,READ,
w47,2026-03-26T02:28:05.802502Z,811.789,403,False,0x727e45e23f8594c57Cf3FE94b94fC6DC8eBD7A92,INSURER,678,FNOL,4,READ,
w95,2026-03-26T02:28:05.803215Z,811.692,403,False,0x54cFafA03b3780b2bEc02Ba688A6DB581b30e82F,POLICE,604,MEDICAL_REPORT,5,READ,
w3,2026-03-26T02:28:05.803838Z,811.661,403,False,0x62aEE2Fd1DE1f438B8c33F5C551d94d6cbD55160,POLICE,645,MEDICAL_REPORT,5,READ,
w39,2026-03-26T02:28:04.694148Z,1969.413,200,True,0x55aC7E86FfE135500754bda7778b3749aE34930B,INSURER,103,VIDEO,2,READ,
w57,2026-03-26T02:28:05.865468Z,798.668,403,False,0xfaB598AD02177fA240d67eae46e2BBf26ba64810,ADJUSTER,663,FNOL,4,READ,
w98,2026-03-26T02:28:05.866653Z,798.055,403,False,0x36599004C3aC0Aa715a49186455E90556EA805cE,GARAGE,796,TELEMATICS,3,READ,
w4,2026-03-26T02:28:05.868525Z,796.882,403,False,0x034E07D329FcA8aC6b776699af54687288A7fe3E,ADJUSTER,277,IMAGE,2,READ,
w9,2026-03-26T02:28:05.914248Z,777.015,403,False,0x7F99cBFcC9a6cBf31E66d657377B3C4D260ce4BE,ADJUSTER,670,MEDICAL_REPORT,5,READ,
w96,2026-03-26T02:28:05.922341Z,769.673,403,False,0xE022AD1Cb2e3f18fD419769921D61166A5F80FB9,POLICE,288,IMAGE,2,READ,
w52,2026-03-26T02:28:05.925236Z,774.900,403,False,0x57D7Dac174cE9ce2c07ADDE286cBfDe51cC50122,INSURER,313,IMAGE,2,READ,
w97,2026-03-26T02:28:05.925829Z,779.343,403,False,0x49Fc0F0951a6A354226EEdd0Ec69e2b1c69880E3,ADJUSTER,407,IMAGE,2,READ,
w44,2026-03-26T02:28:04.871571Z,1876.715,200,True,0x995408770BbdF9C720d131bCfa0bE248c90fA29f,COURT,63,VIDEO,2,READ,
w55,2026-03-26T02:28:04.872848Z,1876.272,200,True,0x4f7D9fAD2de6543311c004C44a061D6E3BF44Bc2,GARAGE,22,VIDEO,2,READ,
w59,2026-03-26T02:28:05.983197Z,766.528,403,False,0x49Fc0F0951a6A354226EEdd0Ec69e2b1c69880E3,ADJUSTER,354,IMAGE,2,READ,
w61,2026-03-26T02:28:05.984208Z,780.672,403,False,0x26Ab584De439e6A70824Fd85dFdc1587DF5D1516,INSURER,551,MEDICAL_REPORT,5,READ,
w63,2026-03-26T02:28:04.939270Z,1866.569,200,True,0x58546e800Dd5EE7E99f22ecB7344138B6dFF55Ce,INSURER,151,VIDEO,2,READ,
w10,2026-03-26T02:28:04.940692Z,1866.184,200,True,0xE2694287D484e8aE315B0F637DD87846ff5d7AdB,COURT,53,VIDEO,2,READ,
w62,2026-03-26T02:28:06.052755Z,754.735,403,False,0x6e492Bff2B5Fc2351eF247518a6dCD98479E018C,POLICE,622,FNOL,4,READ,
w13,2026-03-26T02:28:06.053579Z,754.719,403,False,0xfC435D0E00Ae6D11E5Bb3A9cd461B915Edc17F59,REGULATOR,327,IMAGE,2,READ,
w11,2026-03-26T02:28:06.054147Z,754.740,403,False,0xB6eA80cE3349885Ebe955de74Db37883Bb9CB5B9,GARAGE,324,IMAGE,2,READ,
w0,2026-03-26T02:28:06.054784Z,754.704,403,False,0x88982eB8A9a596fA186A12b47f4F905A2c7516d6,COURT,808,TELEMATICS,3,READ,
w22,2026-03-26T02:28:05.043303Z,1809.017,200,True,0xa09383266c25808Ea3362D5DaE160528bB5Fb130,POLICE,113,VIDEO,2,READ,
w16,2026-03-26T02:28:06.088598Z,764.462,403,False,0x85f013a2fE4D618643C6918f0dA731aA62b93420,GARAGE,426,IMAGE,2,READ,
w93,2026-03-26T02:28:06.090159Z,772.328,403,False,0x12CB40C48B0B23c8B9E9a012e1863b5225A5F311,INSURER,353,IMAGE,2,READ,
w19,2026-03-26T02:28:06.118957Z,837.884,403,False,0x10e284843829f15F74cE6E0abD20284341c6DB9A,INSURER,825,TELEMATICS,3,READ,
w45,2026-03-26T02:28:06.119568Z,842.739,403,False,0xB7953144C083a54D89d9e4eCB7A2A4151D4007E0,REGULATOR,364,IMAGE,2,READ,
w87,2026-03-26T02:28:06.120252Z,843.007,403,False,0x88982eB8A9a596fA186A12b47f4F905A2c7516d6,COURT,496,IMAGE,2,READ,
w60,2026-03-26T02:28:06.120824Z,843.063,403,False,0x81D5Aec6843c63328EB7A8D21A676abe6c3EB28b,COURT,676,FNOL,4,READ,
w43,2026-03-26T02:28:06.121459Z,843.068,403,False,0x7E772D98853416cD822D23bF2d9D89Bd3FCF7Af6,INSURER,690,MEDICAL_REPORT,5,READ,
w8,2026-03-26T02:28:06.122025Z,843.245,403,False,0xe29a4A0F7cc642F4654E70D8217eDDD2237e5b7f,ADJUSTER,986,OTHER,1,READ,
w77,2026-03-26T02:28:06.134691Z,869.715,403,False,0xC737C4f48DDAf3A5015F6461cCC3152074B1adDc,INSURER,773,TELEMATICS,3,READ,
w56,2026-03-26T02:28:06.137546Z,871.250,403,False,0xf24f0CD63a9b98E6C44679474b98157587e5608D,INSURER,450,IMAGE,2,READ,
w42,2026-03-26T02:28:06.186119Z,863.107,403,False,0xA0D16Db45A3E299D305623eB5499B19F75Fd2E79,COURT,737,TELEMATICS,3,READ,
w81,2026-03-26T02:28:06.187440Z,862.630,403,False,0x5a73100273e2F91b8379DcaEe7505e5294ECd09E,INSURER,494,IMAGE,2,READ,
w32,2026-03-26T02:28:06.188164Z,862.512,403,False,0x978CFCe76672e2C96DbfF5705fe29901d2A624d2,ADJUSTER,743,TELEMATICS,3,READ,
w84,2026-03-26T02:28:06.188749Z,862.509,403,False,0x33733bc2AFfA696339eACE63a29db0850Bae08C6,COURT,795,TELEMATICS,3,READ,
w99,2026-03-26T02:28:06.191148Z,860.795,403,False,0x763BeD60093Bc3ad989d0E71724B8a30f6629Bf2,ADJUSTER,501,MEDICAL_REPORT,5,READ,
w34,2026-03-26T02:28:06.192011Z,860.765,403,False,0x8d1A0bE126b91823D8E5E215116c9351922277f7,INSURER,797,TELEMATICS,3,READ,
w1,2026-03-26T02:28:06.192477Z,860.995,403,False,0xA92D4979eB98ad7361AD95Ad1182a54449C093eB,INSURER,309,IMAGE,2,READ,
w89,2026-03-26T02:28:06.194137Z,859.874,403,False,0x49Fc0F0951a6A354226EEdd0Ec69e2b1c69880E3,ADJUSTER,321,IMAGE,2,READ,
w71,2026-03-26T02:28:06.195326Z,859.258,403,False,0x106A9Ba6bde37edc0BadcA9D48C8F8dF69524AD3,INSURER,659,MEDICAL_REPORT,5,READ,
w68,2026-03-26T02:28:06.195997Z,908.636,403,False,0x995408770BbdF9C720d131bCfa0bE248c90fA29f,COURT,317,IMAGE,2,READ,
w85,2026-03-26T02:28:06.196515Z,911.385,403,False,0xB7953144C083a54D89d9e4eCB7A2A4151D4007E0,REGULATOR,774,TELEMATICS,3,READ,
w67,2026-03-26T02:28:06.208353Z,900.281,403,False,0x7E270839240F84dCe86114e7c9A1B5C9751d5fc0,ADJUSTER,663,FNOL,4,READ,
w40,2026-03-26T02:28:06.209373Z,899.942,403,False,0xFc3a53f3055e68a2D5fE4aF7E5B5cF92e63F17e7,INSURER,345,IMAGE,2,READ,
w83,2026-03-26T02:28:06.210228Z,899.645,403,False,0x6793787989bC3CD4C54f44099Dc75Fb05503EC65,GARAGE,763,TELEMATICS,3,READ,
w66,2026-03-26T02:28:06.210883Z,899.552,403,False,0x4bde32504e100aaF1Db477c3F0AF1C01be0d3003,POLICE,307,IMAGE,2,READ,
w33,2026-03-26T02:28:06.248999Z,911.977,403,False,0x10e284843829f15F74cE6E0abD20284341c6DB9A,INSURER,557,MEDICAL_REPORT,5,READ,
w35,2026-03-26T02:28:06.249851Z,912.113,403,False,0x9f26D169621c57Db8eC4B7a3B5D9aF4CdF71085F,INSURER,801,TELEMATICS,3,READ,
w18,2026-03-26T02:28:06.250632Z,911.918,403,False,0x0a32D28155a778b375C162F8999D8D0d760896b8,ADJUSTER,604,MEDICAL_REPORT,5,READ,
w72,2026-03-26T02:28:06.251255Z,914.746,403,False,0x6e2eda1263F3990130d14F0D25bc4b93d5d6D80C,REGULATOR,759,TELEMATICS,3,READ,
w88,2026-03-26T02:28:05.501008Z,1710.830,200,True,0x3391d15CCe51D9F0a877840266E4784c3b30dF24,POLICE,14,VIDEO,2,READ,
w15,2026-03-26T02:28:05.509575Z,1709.402,200,True,0x5dBb83D0d96c168133412CC6e93a25a61Bfb8599,INSURER,240,VIDEO,2,READ,
w78,2026-03-26T02:28:06.305545Z,914.032,403,False,0x5dBb83D0d96c168133412CC6e93a25a61Bfb8599,INSURER,948,OTHER,1,READ,
w82,2026-03-26T02:28:06.306133Z,914.012,403,False,0xce923F1c1B6DE1A03f42cC378185B0BCCD65256e,POLICE,331,IMAGE,2,READ,
w70,2026-03-26T02:28:06.306710Z,913.949,403,False,0xfC435D0E00Ae6D11E5Bb3A9cd461B915Edc17F59,REGULATOR,814,TELEMATICS,3,READ,
w76,2026-03-26T02:28:06.307549Z,914.048,403,False,0x9A79C72a6b8A1a6F62B7D42810fA4D7d292395BC,POLICE,762,TELEMATICS,3,READ,
w31,2026-03-26T02:28:06.319740Z,902.412,403,False,0x2E3648461e7e88D00d60a2f635D34041487Ae4B0,COURT,393,IMAGE,2,READ,
w94,2026-03-26T02:28:06.342855Z,943.276,403,False,0xA2Be70fFcf3281293C1C8Cf71648070736aFEB70,INSURER,436,IMAGE,2,READ,
w21,2026-03-26T02:28:06.343596Z,943.161,403,False,0x9D7C8C9e23D36eC3BFff969f156405253162b9e0,ADJUSTER,796,TELEMATICS,3,READ,
w27,2026-03-26T02:28:06.344162Z,943.146,403,False,0xfa05901804C21448e6980BbDFa52ED18dc9d3B21,ADJUSTER,861,OTHER,1,READ,
w30,2026-03-26T02:28:06.344859Z,943.068,403,False,0x995408770BbdF9C720d131bCfa0bE248c90fA29f,COURT,729,TELEMATICS,3,READ,
w51,2026-03-26T02:28:06.383920Z,978.681,403,False,0x99F976CEeE5D5d44F2838f3c8d7c188f183c11E8,COURT,857,OTHER,1,READ,
w48,2026-03-26T02:28:06.396131Z,967.540,403,False,0x2a44EF6977ec44cB5c6ad5038E54C761723DB5E9,INSURER,359,IMAGE,2,READ,
w79,2026-03-26T02:28:05.643499Z,1747.812,200,True,0x6793787989bC3CD4C54f44099Dc75Fb05503EC65,GARAGE,216,VIDEO,2,READ,
w73,2026-03-26T02:28:06.437867Z,954.263,403,False,0xA540c09f6c140651CA79CFFa797D92DF979aE483,ADJUSTER,735,TELEMATICS,3,READ,
w17,2026-03-26T02:28:06.438801Z,953.924,403,False,0x2a44EF6977ec44cB5c6ad5038E54C761723DB5E9,INSURER,413,IMAGE,2,READ,
w65,2026-03-26T02:28:06.439403Z,954.016,403,False,0x7F99cBFcC9a6cBf31E66d657377B3C4D260ce4BE,ADJUSTER,939,OTHER,1,READ,
w69,2026-03-26T02:28:06.439933Z,954.091,403,False,0xAB90A30F8DBAe40Fd6D9aA11cf1908F4CbC8432D,INSURER,794,TELEMATICS,3,READ,
w75,2026-03-26T02:28:05.654378Z,1778.652,200,True,0xe29a4A0F7cc642F4654E70D8217eDDD2237e5b7f,ADJUSTER,130,VIDEO,2,READ,
w20,2026-03-26T02:28:05.654795Z,1778.952,200,True,0x1a03927dCE7C5BDefcc351BCF06A554ABCDf2862,ADJUSTER,158,VIDEO,2,READ,
w24,2026-03-26T02:28:05.681292Z,1754.085,200,True,0x88982eB8A9a596fA186A12b47f4F905A2c7516d6,COURT,141,VIDEO,2,READ,
w23,2026-03-26T02:28:06.478797Z,957.280,403,False,0x7F37f92080D63E1b76A83FDd5aCa390d46475f17,INSURER,711,TELEMATICS,3,READ,
w91,2026-03-26T02:28:05.704436Z,1740.299,200,True,0x9455AD24B4CF0dBA6bF671fb827428C8a7D5c62f,ADJUSTER,10,VIDEO,2,READ,
w25,2026-03-26T02:28:05.705353Z,1740.025,200,True,0xB6eA80cE3349885Ebe955de74Db37883Bb9CB5B9,GARAGE,26,VIDEO,2,READ,
w28,2026-03-26T02:28:06.519789Z,926.583,403,False,0x7e44eb68D57cA35191576B6498CAC17b47001a2b,INSURER,452,IMAGE,2,READ,
w26,2026-03-26T02:28:06.520508Z,933.293,403,False,0x62198F0616394D6E59Acc14b43bbe6ABF2f67db8,ADJUSTER,922,OTHER,1,READ,
w36,2026-03-26T02:28:05.740077Z,1760.516,200,True,0xC0B54dC53B9A14ad6199dbB75383AcEe7B50414B,ADJUSTER,178,VIDEO,2,READ,
w80,2026-03-26T02:28:05.740699Z,1761.059,200,True,0x85ECA10226e8EE3Abb23B282bEBcfD147D3af353,POLICE,262,IMAGE,2,READ,
w86,2026-03-26T02:28:06.567260Z,935.355,403,False,0x97e7867Ce5d3E2726b779578c7097DBB50CbDB95,INSURER,635,MEDICAL_REPORT,5,READ,
w2,2026-03-26T02:28:06.575083Z,929.804,403,False,0xA0706EA97613c48c8Ee8A39218259d61Ae5A25c1,INSURER,394,IMAGE,2,READ,
w92,2026-03-26T02:28:06.575854Z,955.767,403,False,0x631528f50C384c7AeF4ED528554980D850De0283,POLICE,315,IMAGE,2,READ,
w7,2026-03-26T02:28:05.804564Z,1762.194,200,True,0x8d1A0bE126b91823D8E5E215116c9351922277f7,INSURER,242,VIDEO,2,READ,
w46,2026-03-26T02:28:06.612104Z,955.497,403,False,0x36599004C3aC0Aa715a49186455E90556EA805cE,GARAGE,738,TELEMATICS,3,READ,
w37,2026-03-26T02:28:06.613138Z,955.165,403,False,0xC0B54dC53B9A14ad6199dbB75383AcEe7B50414B,ADJUSTER,357,IMAGE,2,READ,
w6,2026-03-26T02:28:06.613766Z,955.389,403,False,0x4bde32504e100aaF1Db477c3F0AF1C01be0d3003,POLICE,292,IMAGE,2,READ,
w95,2026-03-26T02:28:06.614933Z,955.023,403,False,0x7e44eb68D57cA35191576B6498CAC17b47001a2b,INSURER,489,IMAGE,2,READ,
w50,2026-03-26T02:28:05.867298Z,1716.986,200,True,0x27Dd09F461d60E509B253B64B9C618ade0B207c2,INSURER,214,VIDEO,2,READ,
w39,2026-03-26T02:28:06.663584Z,921.607,403,False,0x969F5C531FA570b10b873CE229E1D17C35c80b01,POLICE,929,OTHER,1,READ,
w57,2026-03-26T02:28:06.664158Z,921.667,403,False,0x55aC7E86FfE135500754bda7778b3749aE34930B,INSURER,473,IMAGE,2,READ,
w98,2026-03-26T02:28:06.664741Z,921.796,403,False,0x90028B286fD1D933A9D4663B944477413d781ad9,COURT,420,IMAGE,2,READ,
w4,2026-03-26T02:28:06.665433Z,921.784,403,False,0xD8859a86a30f76f3bB902c5710A4172bd799658c,INSURER,934,OTHER,1,READ,
w41,2026-03-26T02:28:05.924164Z,1706.454,200,True,0xA2Be70fFcf3281293C1C8Cf71648070736aFEB70,INSURER,143,VIDEO,2,READ,
w9,2026-03-26T02:28:06.691288Z,940.177,403,False,0x668803002755A42bB2BBAD8e73c43b3B5a03eC68,INSURER,584,MEDICAL_REPORT,5,READ,
w52,2026-03-26T02:28:06.700166Z,931.960,403,False,0xaFc74D5a37Fc772BA03f377804Ff23eE80c3F0B6,GARAGE,607,FNOL,4,READ,
w97,2026-03-26T02:28:06.705226Z,927.862,403,False,0x3539040e9A7AA2F3eb932f8a6523DA9ED746160F,GARAGE,709,TELEMATICS,3,READ,
w53,2026-03-26T02:28:05.969751Z,1710.723,200,True,0x68a330775019D52b44455B42704E8ad360Bc617E,GARAGE,237,VIDEO,2,READ,
w12,2026-03-26T02:28:05.970770Z,1710.874,200,True,0x3F80f29E8ee7BD7ab795eaa0ea5834F45d8b4f36,ADJUSTER,255,IMAGE,2,READ,
w44,2026-03-26T02:28:06.748309Z,933.957,403,False,0x969F5C531FA570b10b873CE229E1D17C35c80b01,POLICE,324,IMAGE,2,READ,
w59,2026-03-26T02:28:06.749751Z,933.265,403,False,0xD9D6cdEd999CB9B2EC63a0b734693f9a664C9F65,INSURER,297,IMAGE,2,READ,
w62,2026-03-26T02:28:06.807514Z,931.303,403,False,0x2a44EF6977ec44cB5c6ad5038E54C761723DB5E9,INSURER,783,TELEMATICS,3,READ,
w13,2026-03-26T02:28:06.808327Z,931.089,403,False,0x81946b335d2Cf70a427E23b92bCcC1ACcDDB118A,INSURER,401,IMAGE,2,READ,
w11,2026-03-26T02:28:06.808908Z,930.960,403,False,0x10d74EEF9a158805e197f451FFcF98B5df6f07B3,POLICE,970,OTHER,1,READ,
w74,2026-03-26T02:28:06.087410Z,1697.397,200,True,0x711f9Ba03b219CFED557d6c4077c783BdfBEC307,COURT,78,VIDEO,2,READ,
w90,2026-03-26T02:28:06.089263Z,1696.786,200,True,0xAc46c6cb0d1d810573C55BcB67a854a313D89d5E,POLICE,50,VIDEO,2,READ,
w22,2026-03-26T02:28:06.852350Z,934.258,403,False,0x45c4F19a8C6e455e9647ad8aD8a9A9c7733b6Bad,INSURER,815,TELEMATICS,3,READ,
w93,2026-03-26T02:28:06.862511Z,930.340,403,False,0xa09383266c25808Ea3362D5DaE160528bB5Fb130,POLICE,937,OTHER,1,READ,
w38,2026-03-26T02:28:06.122556Z,1677.378,200,True,0x0a32D28155a778b375C162F8999D8D0d760896b8,ADJUSTER,22,VIDEO,2,READ,
w19,2026-03-26T02:28:06.956868Z,843.692,403,False,0xC737C4f48DDAf3A5015F6461cCC3152074B1adDc,INSURER,382,IMAGE,2,READ,
w45,2026-03-26T02:28:06.962344Z,875.499,403,False,0x8B9C6E42320Cc7c0a0512De5818B2aCc269feef7,INSURER,410,IMAGE,2,READ,
w87,2026-03-26T02:28:06.963285Z,876.099,403,False,0x7E772D98853416cD822D23bF2d9D89Bd3FCF7Af6,INSURER,385,IMAGE,2,READ,
w43,2026-03-26T02:28:06.964581Z,875.643,403,False,0xaFc74D5a37Fc772BA03f377804Ff23eE80c3F0B6,GARAGE,462,IMAGE,2,READ,
w8,2026-03-26T02:28:06.965302Z,875.504,403,False,0x6946334781F193CD26a1b9026c1980aa92c80Fd4,ADJUSTER,931,OTHER,1,READ,
w29,2026-03-26T02:28:06.136702Z,1711.706,200,True,0x23164e00C680c815A8886E437558C15425a21040,COURT,46,VIDEO,2,READ,
w77,2026-03-26T02:28:07.004446Z,844.645,403,False,0x1ed7D08B1bc117C8039A09D7469dCD6b7119ec85,POLICE,860,OTHER,1,READ,
w56,2026-03-26T02:28:07.008825Z,840.837,403,False,0x71012eDE103b9A85faF1F8b952361232E5A73b6d,COURT,320,IMAGE,2,READ,
w14,2026-03-26T02:28:06.193048Z,1777.483,200,True,0xfa05901804C21448e6980BbDFa52ED18dc9d3B21,ADJUSTER,186,VIDEO,2,READ,
w81,2026-03-26T02:28:07.050092Z,921.228,403,False,0x978CFCe76672e2C96DbfF5705fe29901d2A624d2,ADJUSTER,546,FNOL,4,READ,
w32,2026-03-26T02:28:07.050698Z,921.141,403,False,0xa69B6a9c2ED6A394a404B91B851C1176b76370Fa,GARAGE,730,TELEMATICS,3,READ,
w34,2026-03-26T02:28:07.052799Z,919.600,403,False,0x2b2d95E89Db8d5C9D7a789205F735fffB7738f31,INSURER,807,TELEMATICS,3,READ,
w1,2026-03-26T02:28:07.053494Z,919.563,403,False,0xC60A6C8Fe339e01d6E76d91B0650A99bd0eA77F1,POLICE,819,TELEMATICS,3,READ,
w68,2026-03-26T02:28:07.104655Z,895.462,403,False,0xc073597a01C3BD226F8723F8E91124b57b11BEc8,GARAGE,460,IMAGE,2,READ,
w85,2026-03-26T02:28:07.107923Z,893.183,403,False,0xF44A9B02ECE32ED838D00FD3Ce799F3256367eE3,INSURER,783,TELEMATICS,3,READ,
w67,2026-03-26T02:28:07.108658Z,893.198,403,False,0x5c07a06B115c15b04B988EA559f2FC152b87BE65,INSURER,425,IMAGE,2,READ,
w40,2026-03-26T02:28:07.109339Z,893.112,403,False,0x7E772D98853416cD822D23bF2d9D89Bd3FCF7Af6,INSURER,697,MEDICAL_REPORT,5,READ,
w83,2026-03-26T02:28:07.109896Z,893.217,403,False,0xF4B9B002569bC5998B1d5a2309EF921d2ca63BDd,INSURER,703,TELEMATICS,3,READ,
w66,2026-03-26T02:28:07.110458Z,893.304,403,False,0x1a03927dCE7C5BDefcc351BCF06A554ABCDf2862,ADJUSTER,800,TELEMATICS,3,READ,
w33,2026-03-26T02:28:07.161001Z,855.603,403,False,0x7F99cBFcC9a6cBf31E66d657377B3C4D260ce4BE,ADJUSTER,778,TELEMATICS,3,READ,
w35,2026-03-26T02:28:07.161987Z,855.330,403,False,0x3F80f29E8ee7BD7ab795eaa0ea5834F45d8b4f36,ADJUSTER,468,IMAGE,2,READ,
w18,2026-03-26T02:28:07.162575Z,855.214,403,False,0x4Bb9AC8aB8c9D213B9d89538B10C1016f8e66773,INSURER,785,TELEMATICS,3,READ,
w72,2026-03-26T02:28:07.166046Z,861.718,403,False,0xF92d6f9F9322A08d7548d2be3FFFfa7E9307bfF7,POLICE,448,IMAGE,2,READ,
w88,2026-03-26T02:28:07.211864Z,838.678,403,False,0xe68Cd859c32799e54800ffa5C5474912A5C23706,INSURER,924,OTHER,1,READ,
w15,2026-03-26T02:28:07.219007Z,832.474,403,False,0x85f013a2fE4D618643C6918f0dA731aA62b93420,GARAGE,445,IMAGE,2,READ,
w78,2026-03-26T02:28:07.219600Z,832.604,403,False,0x265D84A4A56a37ae42bD3AE43A135660D59CE429,COURT,911,OTHER,1,READ,
w82,2026-03-26T02:28:07.220167Z,832.624,403,False,0x0Bc69A9CA614967C5D33108DA2C0Afd95130f7ab,POLICE,903,OTHER,1,READ,
w70,2026-03-26T02:28:07.220680Z,832.853,403,False,0x23E9FBB7579C74D955604A707C648CA3Db02A0c7,ADJUSTER,500,IMAGE,2,READ,
w21,2026-03-26T02:28:07.286782Z,803.091,403,False,0xa69B6a9c2ED6A394a404B91B851C1176b76370Fa,GARAGE,732,TELEMATICS,3,READ,
w27,2026-03-26T02:28:07.287359Z,804.652,403,False,0x808e36854e0010681FFdE8f615E4a0967A544c06,INSURER,918,OTHER,1,READ,
w30,2026-03-26T02:28:07.287949Z,804.760,403,False,0xc78F8e87EFbf9675147C8824EF1242398372eFCC,COURT,804,TELEMATICS,3,READ,
w49,2026-03-26T02:28:06.381853Z,1737.271,200,True,0x55aC7E86FfE135500754bda7778b3749aE34930B,INSURER,240,VIDEO,2,READ,
w64,2026-03-26T02:28:06.385145Z,1734.712,200,True,0x98347d3bFE3F67dc6ee387CF9C8DE40578347681,ADJUSTER,140,VIDEO,2,READ,
w5,2026-03-26T02:28:06.385833Z,1734.529,200,True,0x7E270839240F84dCe86114e7c9A1B5C9751d5fc0,ADJUSTER,57,VIDEO,2,READ,
w54,2026-03-26T02:28:06.394380Z,1726.412,200,True,0xB6eA80cE3349885Ebe955de74Db37883Bb9CB5B9,GARAGE,122,VIDEO,2,READ,
w58,2026-03-26T02:28:06.395466Z,1726.043,200,True,0x0a32D28155a778b375C162F8999D8D0d760896b8,ADJUSTER,219,VIDEO,2,READ,
w51,2026-03-26T02:28:07.362630Z,759.777,403,False,0x62aEE2Fd1DE1f438B8c33F5C551d94d6cbD55160,POLICE,742,TELEMATICS,3,READ,
w48,2026-03-26T02:28:07.363696Z,759.330,403,False,0x88982eB8A9a596fA186A12b47f4F905A2c7516d6,COURT,843,TELEMATICS,3,READ,
w79,2026-03-26T02:28:07.391333Z,755.196,403,False,0xa59ECFb410CCB56f80640CFCfAe5726121Ab2cfa,REGULATOR,867,OTHER,1,READ,
w73,2026-03-26T02:28:07.392159Z,755.201,403,False,0x727e45e23f8594c57Cf3FE94b94fC6DC8eBD7A92,INSURER,963,OTHER,1,READ,
w65,2026-03-26T02:28:07.393443Z,754.468,403,False,0xf24f0CD63a9b98E6C44679474b98157587e5608D,INSURER,520,MEDICAL_REPORT,5,READ,
w69,2026-03-26T02:28:07.394048Z,754.543,403,False,0x36599004C3aC0Aa715a49186455E90556EA805cE,GARAGE,327,IMAGE,2,READ,
w75,2026-03-26T02:28:07.433052Z,761.104,403,False,0xe740840314f9ce0a5F0dB4619861b2B85A08f007,INSURER,670,MEDICAL_REPORT,5,READ,
w23,2026-03-26T02:28:07.436099Z,758.878,403,False,0x3391d15CCe51D9F0a877840266E4784c3b30dF24,POLICE,733,TELEMATICS,3,READ,
w25,2026-03-26T02:28:07.445405Z,785.284,403,False,0x8818DFB61c2A02e64c74DC651D2b8a152A170140,INSURER,639,MEDICAL_REPORT,5,READ,
w28,2026-03-26T02:28:07.446395Z,785.803,403,False,0xF44A9B02ECE32ED838D00FD3Ce799F3256367eE3,INSURER,929,OTHER,1,READ,
w26,2026-03-26T02:28:07.453823Z,779.020,403,False,0x3F80f29E8ee7BD7ab795eaa0ea5834F45d8b4f36,ADJUSTER,634,FNOL,4,READ,
w36,2026-03-26T02:28:07.500633Z,748.573,403,False,0xCe261d45B20f7c1ACaE3eAf693D957b5D99D42BD,REGULATOR,371,IMAGE,2,READ,
w80,2026-03-26T02:28:07.501786Z,748.153,403,False,0x387bB796cDb51d56531031d8f74b6b071370F649,INSURER,763,TELEMATICS,3,READ,
w2,2026-03-26T02:28:07.505210Z,759.413,403,False,0xe68Cd859c32799e54800ffa5C5474912A5C23706,INSURER,284,IMAGE,2,READ,
w92,2026-03-26T02:28:07.531652Z,769.999,403,False,0x828c0FD3Ed54b03A52e62470aF331e95A50BCf09,POLICE,410,IMAGE,2,READ,
w47,2026-03-26T02:28:06.614326Z,1743.726,200,True,0x8d1A0bE126b91823D8E5E215116c9351922277f7,INSURER,185,VIDEO,2,READ,
w3,2026-03-26T02:28:06.615525Z,1744.096,200,True,0x5a73100273e2F91b8379DcaEe7505e5294ECd09E,INSURER,120,VIDEO,2,READ,
w7,2026-03-26T02:28:07.566787Z,796.162,403,False,0x7693A9f87027932864A045F6Ed756AA65fdeEc1c,INSURER,455,IMAGE,2,READ,
w46,2026-03-26T02:28:07.567627Z,797.619,403,False,0x1a03927dCE7C5BDefcc351BCF06A554ABCDf2862,ADJUSTER,951,OTHER,1,READ,
w37,2026-03-26T02:28:07.568330Z,797.473,403,False,0x23E9FBB7579C74D955604A707C648CA3Db02A0c7,ADJUSTER,424,IMAGE,2,READ,
w6,2026-03-26T02:28:07.569182Z,797.342,403,False,0x09fA524FB632b6004cb5b61705D1Ac8346f5C956,ADJUSTER,444,IMAGE,2,READ,
w95,2026-03-26T02:28:07.569982Z,797.151,403,False,0x23164e00C680c815A8886E437558C15425a21040,COURT,412,IMAGE,2,READ,
w50,2026-03-26T02:28:07.584310Z,1019.912,403,False,0xA92D4979eB98ad7361AD95Ad1182a54449C093eB,INSURER,404,IMAGE,2,READ,
w4,2026-03-26T02:28:07.587242Z,1017.599,403,False,0xe4f7B57F3C40B6c829FCf662110800Fe4aBafb37,GARAGE,327,IMAGE,2,READ,
w96,2026-03-26T02:28:06.692039Z,2844.007,200,True,0x71012eDE103b9A85faF1F8b952361232E5A73b6d,COURT,241,VIDEO,2,READ,
w9,2026-03-26T02:28:07.631490Z,1914.824,403,False,0xF0d558cD42EB081556a20bB9C95157de4966DbEe,INSURER,369,IMAGE,2,READ,
w52,2026-03-26T02:28:07.632152Z,1914.762,403,False,0x3539040e9A7AA2F3eb932f8a6523DA9ED746160F,GARAGE,955,OTHER,1,READ,
w55,2026-03-26T02:28:06.749141Z,2838.057,200,True,0x6e2eda1263F3990130d14F0D25bc4b93d5d6D80C,REGULATOR,28,VIDEO,2,READ,
w53,2026-03-26T02:28:07.680501Z,1907.279,403,False,0x3439804Aa24202062144D2208cAD3E29C04d6CfC,POLICE,783,TELEMATICS,3,READ,
w12,2026-03-26T02:28:07.681670Z,1906.658,403,False,0x6aFB84B7d3D55C3019fC8120397eabD8507b6877,GARAGE,283,IMAGE,2,READ,
w59,2026-03-26T02:28:07.683044Z,1905.959,403,False,0xe740840314f9ce0a5F0dB4619861b2B85A08f007,INSURER,996,OTHER,1,READ,
w61,2026-03-26T02:28:06.764906Z,2836.606,200,True,0x4e3024d505B55f3da9f0D7B3a7319EDF7CBAdAdc,INSURER,232,VIDEO,2,READ,
w63,2026-03-26T02:28:06.805876Z,2866.513,200,True,0x3Ce62c75582d14D54A1532D0Fd3fcA709D3AB012,ADJUSTER,126,VIDEO,2,READ,
w10,2026-03-26T02:28:06.806902Z,2866.808,200,True,0x828c0FD3Ed54b03A52e62470aF331e95A50BCf09,POLICE,43,VIDEO,2,READ,
w13,2026-03-26T02:28:07.739436Z,1935.505,403,False,0xa69B6a9c2ED6A394a404B91B851C1176b76370Fa,GARAGE,992,OTHER,1,READ,
w11,2026-03-26T02:28:07.739887Z,1936.856,403,False,0x7E270839240F84dCe86114e7c9A1B5C9751d5fc0,ADJUSTER,709,TELEMATICS,3,READ,
w0,2026-03-26T02:28:06.809537Z,2868.016,200,True,0x969F5C531FA570b10b873CE229E1D17C35c80b01,POLICE,129,VIDEO,2,READ,
w16,2026-03-26T02:28:06.853084Z,2890.121,200,True,0x85CB40Edf798FBbfC3e1f8fBA9d60D3aDA9edc66,REGULATOR,261,IMAGE,2,READ,
w74,2026-03-26T02:28:07.784859Z,1959.085,403,False,0x90937Fa99BC935CfA2aDcB3C0dcde37a9a95af00,INSURER,498,IMAGE,2,READ,
w90,2026-03-26T02:28:07.786081Z,1958.353,403,False,0x1Bc44f70234E2a0FBCb744E2abF6F6931BA6231F,INSURER,969,OTHER,1,READ,
w38,2026-03-26T02:28:07.799958Z,1969.750,403,False,0xa59ECFb410CCB56f80640CFCfAe5726121Ab2cfa,REGULATOR,547,FNOL,4,READ,
w19,2026-03-26T02:28:07.800582Z,1969.757,403,False,0x3391d15CCe51D9F0a877840266E4784c3b30dF24,POLICE,389,IMAGE,2,READ,
w60,2026-03-26T02:28:06.963913Z,2839.844,200,True,0x0ab8d94B5Ad9dd3b2aE39785D87c48ef037fEeEe,INSURER,135,VIDEO,2,READ,
w45,2026-03-26T02:28:07.837869Z,1966.644,403,False,0x23164e00C680c815A8886E437558C15425a21040,COURT,764,TELEMATICS,3,READ,
w87,2026-03-26T02:28:07.839426Z,1965.636,403,False,0xa09383266c25808Ea3362D5DaE160528bB5Fb130,POLICE,809,TELEMATICS,3,READ,
w43,2026-03-26T02:28:07.840247Z,1965.261,403,False,0xd4d6f7C907632F87345652fbbA08446B0cAc034d,GARAGE,345,IMAGE,2,READ,
w8,2026-03-26T02:28:07.840834Z,1965.124,403,False,0x9D7C8C9e23D36eC3BFff969f156405253162b9e0,ADJUSTER,267,IMAGE,2,READ,
w29,2026-03-26T02:28:07.848430Z,1965.976,403,False,0x5d3d41FA5c381DAE4B6Bcdfd09862684aA5Ce3fd,ADJUSTER,509,MEDICAL_REPORT,5,READ,
w77,2026-03-26T02:28:07.849134Z,2030.741,403,False,0x1ed7D08B1bc117C8039A09D7469dCD6b7119ec85,POLICE,416,IMAGE,2,READ,
w42,2026-03-26T02:28:07.049249Z,3213.525,200,True,0x9f37E319F5290Da8b5C5Cb33369dc41B4E185AB5,ADJUSTER,185,VIDEO,2,READ,
w84,2026-03-26T02:28:07.051282Z,3213.142,200,True,0xDce410211947791510C6ABE09E20663d9934397A,INSURER,181,VIDEO,2,READ,
w99,2026-03-26T02:28:07.051966Z,3213.554,200,True,0x61315e13CF193804B6c866AeC0205078E4C25a12,COURT,154,VIDEO,2,READ,
w89,2026-03-26T02:28:07.054032Z,3212.235,200,True,0x68a330775019D52b44455B42704E8ad360Bc617E,GARAGE,185,VIDEO,2,READ,
w71,2026-03-26T02:28:07.054711Z,3212.234,200,True,0x12CB40C48B0B23c8B9E9a012e1863b5225A5F311,INSURER,261,IMAGE,2,READ,
w14,2026-03-26T02:28:07.970557Z,2297.020,403,False,0x84201FaB00444122Be75C109644920B9462cD92d,INSURER,555,FNOL,4,READ,
w1,2026-03-26T02:28:07.973090Z,2295.398,403,False,0x49825196030134F6349A45D6c576684792207592,INSURER,372,IMAGE,2,READ,
w85,2026-03-26T02:28:08.001130Z,2599.312,403,False,0x9e27Ca8f24DA387fa26EB31284B2cee849f4fDb8,INSURER,927,OTHER,1,READ,
w40,2026-03-26T02:28:08.002518Z,2599.041,403,False,0x36599004C3aC0Aa715a49186455E90556EA805cE,GARAGE,421,IMAGE,2,READ,
w66,2026-03-26T02:28:08.003788Z,2598.394,403,False,0x5c07a06B115c15b04B988EA559f2FC152b87BE65,INSURER,407,IMAGE,2,READ,
w33,2026-03-26T02:28:08.016627Z,2639.863,403,False,0x98568A32769F002C8A543cc7578A13516D5646a3,INSURER,760,TELEMATICS,3,READ,
w35,2026-03-26T02:28:08.017339Z,2640.209,403,False,0x85ECA10226e8EE3Abb23B282bEBcfD147D3af353,POLICE,364,IMAGE,2,READ,
w18,2026-03-26T02:28:08.017809Z,2640.441,403,False,0xfa05901804C21448e6980BbDFa52ED18dc9d3B21,ADJUSTER,920,OTHER,1,READ,
w72,2026-03-26T02:28:08.027812Z,2630.978,403,False,0x8B9C6E42320Cc7c0a0512De5818B2aCc269feef7,INSURER,439,IMAGE,2,READ,
w88,2026-03-26T02:28:08.050570Z,2817.671,403,False,0x86A27669Dc5B6bA6693B7eBf3cF194eB8C1Ba6a1,INSURER,476,IMAGE,2,READ,
w15,2026-03-26T02:28:08.051512Z,2817.592,403,False,0xd4d6f7C907632F87345652fbbA08446B0cAc034d,GARAGE,773,TELEMATICS,3,READ,
w78,2026-03-26T02:28:08.052226Z,2828.838,403,False,0x9f26D169621c57Db8eC4B7a3B5D9aF4CdF71085F,INSURER,521,MEDICAL_REPORT,5,READ,
w70,2026-03-26T02:28:08.053559Z,2828.120,403,False,0x98568A32769F002C8A543cc7578A13516D5646a3,INSURER,625,FNOL,4,READ,
w76,2026-03-26T02:28:07.221634Z,3665.419,200,True,0x0faad82B330120b20f18ed21fCD7C5e6865C2088,INSURER,141,VIDEO,2,READ,
w31,2026-03-26T02:28:07.222173Z,3665.493,200,True,0x85f013a2fE4D618643C6918f0dA731aA62b93420,GARAGE,134,VIDEO,2,READ,
w94,2026-03-26T02:28:07.286158Z,3928.923,200,True,0xD45c19e5e5E1f56DFD5EF10a0DBdBeE64Bb94C5E,POLICE,46,VIDEO,2,READ,
w21,2026-03-26T02:28:08.089915Z,3125.801,403,False,0xce923F1c1B6DE1A03f42cC378185B0BCCD65256e,POLICE,924,OTHER,1,READ,
w27,2026-03-26T02:28:08.092033Z,3124.238,403,False,0x6B44eD6B1692CB06047271f02833671D89f1a4E7,INSURER,822,TELEMATICS,3,READ,
w30,2026-03-26T02:28:08.092730Z,3123.981,403,False,0x6aFB84B7d3D55C3019fC8120397eabD8507b6877,GARAGE,791,TELEMATICS,3,READ,
w49,2026-03-26T02:28:08.119148Z,3960.114,403,False,0xE49f69335d2600b7983983725650eEc85f260b0E,INSURER,813,TELEMATICS,3,READ,
w64,2026-03-26T02:28:08.119878Z,3959.951,403,False,0x4bde32504e100aaF1Db477c3F0AF1C01be0d3003,POLICE,819,TELEMATICS,3,READ,
w5,2026-03-26T02:28:08.120381Z,3959.862,403,False,0x62aEE2Fd1DE1f438B8c33F5C551d94d6cbD55160,POLICE,426,IMAGE,2,READ,
w54,2026-03-26T02:28:08.120810Z,3959.796,403,False,0x62aEE2Fd1DE1f438B8c33F5C551d94d6cbD55160,POLICE,609,FNOL,4,READ,
w17,2026-03-26T02:28:07.392746Z,4746.845,200,True,0x0B5dF81DC06Bb007c88E04eD2D6826Ca41cBB0A2,GARAGE,253,IMAGE,2,READ,
w79,2026-03-26T02:28:08.146574Z,3993.520,403,False,0xc073597a01C3BD226F8723F8E91124b57b11BEc8,GARAGE,479,IMAGE,2,READ,
w73,2026-03-26T02:28:08.147383Z,3993.198,403,False,0x3439804Aa24202062144D2208cAD3E29C04d6CfC,POLICE,441,IMAGE,2,READ,
w65,2026-03-26T02:28:08.147934Z,3993.033,403,False,0x8d1A0bE126b91823D8E5E215116c9351922277f7,INSURER,405,IMAGE,2,READ,
w69,2026-03-26T02:28:08.148615Z,3992.704,403,False,0x23E9FBB7579C74D955604A707C648CA3Db02A0c7,ADJUSTER,447,IMAGE,2,READ,
w20,2026-03-26T02:28:07.433797Z,4767.888,200,True,0x97e7867Ce5d3E2726b779578c7097DBB50CbDB95,INSURER,233,VIDEO,2,READ,
w24,2026-03-26T02:28:07.435403Z,4766.392,200,True,0x7e44eb68D57cA35191576B6498CAC17b47001a2b,INSURER,179,VIDEO,2,READ,
w91,2026-03-26T02:28:07.444751Z,4757.123,200,True,0x0B5dF81DC06Bb007c88E04eD2D6826Ca41cBB0A2,GARAGE,225,VIDEO,2,READ,
w75,2026-03-26T02:28:08.194196Z,4007.749,403,False,0xA540c09f6c140651CA79CFFa797D92DF979aE483,ADJUSTER,697,MEDICAL_REPORT,5,READ,
w23,2026-03-26T02:28:08.195002Z,4007.011,403,False,0x7036A61a0c4486ca1acA322940DFE746a02EdBF7,INSURER,655,MEDICAL_REPORT,5,READ,
w25,2026-03-26T02:28:08.230723Z,4004.542,403,False,0x33733bc2AFfA696339eACE63a29db0850Bae08C6,COURT,572,MEDICAL_REPORT,5,READ,
w28,2026-03-26T02:28:08.232227Z,4003.195,403,False,0x20060De9B531866f987DE7123AAb09E3Df40B650,INSURER,753,TELEMATICS,3,READ,
w36,2026-03-26T02:28:08.249230Z,4037.632,403,False,0x711f9Ba03b219CFED557d6c4077c783BdfBEC307,COURT,911,OTHER,1,READ,
w86,2026-03-26T02:28:07.502642Z,4784.359,200,True,0x7F99cBFcC9a6cBf31E66d657377B3C4D260ce4BE,ADJUSTER,230,VIDEO,2,READ,
w47,2026-03-26T02:28:08.358076Z,4038.951,403,False,0x7e44eb68D57cA35191576B6498CAC17b47001a2b,INSURER,441,IMAGE,2,READ,
w3,2026-03-26T02:28:08.359739Z,4037.530,403,False,0xA0706EA97613c48c8Ee8A39218259d61Ae5A25c1,INSURER,719,TELEMATICS,3,READ,
w7,2026-03-26T02:28:08.363400Z,4034.104,403,False,0x3439804Aa24202062144D2208cAD3E29C04d6CfC,POLICE,364,IMAGE,2,READ,
w46,2026-03-26T02:28:08.365270Z,4032.397,403,False,0xE022AD1Cb2e3f18fD419769921D61166A5F80FB9,POLICE,544,FNOL,4,READ,
w6,2026-03-26T02:28:08.366549Z,4031.356,403,False,0x5361cD9F3982091dD2C3e79FAb30707aD081b1AA,INSURER,567,FNOL,4,READ,
w95,2026-03-26T02:28:08.367157Z,4030.857,403,False,0xa69B6a9c2ED6A394a404B91B851C1176b76370Fa,GARAGE,443,IMAGE,2,READ,
w39,2026-03-26T02:28:07.585217Z,4878.381,200,True,0x62aEE2Fd1DE1f438B8c33F5C551d94d6cbD55160,POLICE,96,VIDEO,2,READ,
w57,2026-03-26T02:28:07.585859Z,4877.883,200,True,0x5d3d41FA5c381DAE4B6Bcdfd09862684aA5Ce3fd,ADJUSTER,127,VIDEO,2,READ,
w98,2026-03-26T02:28:07.586581Z,4877.281,200,True,0x1Bc44f70234E2a0FBCb744E2abF6F6931BA6231F,INSURER,76,VIDEO,2,READ,
w50,2026-03-26T02:28:08.604246Z,3859.731,403,False,0x12CB40C48B0B23c8B9E9a012e1863b5225A5F311,INSURER,987,OTHER,1,READ,
w41,2026-03-26T02:28:07.630691Z,4834.457,200,True,0xD1ff571869D0436cC7b43A2a2c156085F4c5Efeb,ADJUSTER,76,VIDEO,2,READ,
w97,2026-03-26T02:28:07.633114Z,4832.324,200,True,0x20060De9B531866f987DE7123AAb09E3Df40B650,INSURER,103,VIDEO,2,READ,
w96,2026-03-26T02:28:09.536070Z,2930.314,403,False,0x3Ce62c75582d14D54A1532D0Fd3fcA709D3AB012,ADJUSTER,944,OTHER,1,READ,
w9,2026-03-26T02:28:09.546338Z,2920.366,403,False,0x5d47D10E5aaDa092c97f77a2011d225a54e888dE,INSURER,833,TELEMATICS,3,READ,
w52,2026-03-26T02:28:09.546957Z,2919.879,403,False,0x9D7C8C9e23D36eC3BFff969f156405253162b9e0,ADJUSTER,876,OTHER,1,READ,
w44,2026-03-26T02:28:07.682288Z,4865.709,200,True,0x3391d15CCe51D9F0a877840266E4784c3b30dF24,POLICE,83,VIDEO,2,READ,
w12,2026-03-26T02:28:09.588375Z,2959.761,403,False,0xa8c4E2fbBd0417D663e210a6FdD5976F5f906d9C,POLICE,666,MEDICAL_REPORT,5,READ,
w59,2026-03-26T02:28:09.589026Z,2959.191,403,False,0x5CBf5c5AcCf319E51A3261361f38b9b09D3A0Cdf,INSURER,862,OTHER,1,READ,
w61,2026-03-26T02:28:09.601533Z,2946.759,403,False,0xa7eF2a6f2A3eb7A7472DAD889d17dEa48faBca1a,INSURER,689,FNOL,4,READ,
w62,2026-03-26T02:28:07.738855Z,4835.322,200,True,0x7693A9f87027932864A045F6Ed756AA65fdeEc1c,INSURER,44,VIDEO,2,READ,
w63,2026-03-26T02:28:09.672421Z,2908.665,403,False,0x8818DFB61c2A02e64c74DC651D2b8a152A170140,INSURER,571,MEDICAL_REPORT,5,READ,
w10,2026-03-26T02:28:09.673735Z,2907.533,403,False,0xD45c19e5e5E1f56DFD5EF10a0DBdBeE64Bb94C5E,POLICE,940,OTHER,1,READ,
w13,2026-03-26T02:28:09.674963Z,2906.661,403,False,0x4bde32504e100aaF1Db477c3F0AF1C01be0d3003,POLICE,883,OTHER,1,READ,
w11,2026-03-26T02:28:09.676766Z,2932.599,403,False,0x89536950F14FD6E0f52C88C17D5A8d27A19f7635,INSURER,457,IMAGE,2,READ,
w0,2026-03-26T02:28:09.677594Z,2931.882,403,False,0x9e27Ca8f24DA387fa26EB31284B2cee849f4fDb8,INSURER,340,IMAGE,2,READ,
w22,2026-03-26T02:28:07.786633Z,4855.729,200,True,0x54cFafA03b3780b2bEc02Ba688A6DB581b30e82F,POLICE,73,VIDEO,2,READ,
w93,2026-03-26T02:28:07.793045Z,4849.568,200,True,0x97e7867Ce5d3E2726b779578c7097DBB50CbDB95,INSURER,43,VIDEO,2,READ,
w16,2026-03-26T02:28:09.743227Z,2899.535,403,False,0x106A9Ba6bde37edc0BadcA9D48C8F8dF69524AD3,INSURER,528,FNOL,4,READ,
w74,2026-03-26T02:28:09.743967Z,2898.919,403,False,0x668803002755A42bB2BBAD8e73c43b3B5a03eC68,INSURER,753,TELEMATICS,3,READ,
w90,2026-03-26T02:28:09.744456Z,2898.561,403,False,0xE2694287D484e8aE315B0F637DD87846ff5d7AdB,COURT,345,IMAGE,2,READ,
w38,2026-03-26T02:28:09.769732Z,2908.619,403,False,0x5d47D10E5aaDa092c97f77a2011d225a54e888dE,INSURER,364,IMAGE,2,READ,
w19,2026-03-26T02:28:09.770362Z,2908.362,403,False,0xD9D6cdEd999CB9B2EC63a0b734693f9a664C9F65,INSURER,339,IMAGE,2,READ,
w60,2026-03-26T02:28:09.803806Z,2893.316,403,False,0xa09383266c25808Ea3362D5DaE160528bB5Fb130,POLICE,365,IMAGE,2,READ,
w87,2026-03-26T02:28:09.805083Z,2892.330,403,False,0x5c07a06B115c15b04B988EA559f2FC152b87BE65,INSURER,401,IMAGE,2,READ,
w43,2026-03-26T02:28:09.805526Z,2892.218,403,False,0x7F37f92080D63E1b76A83FDd5aCa390d46475f17,INSURER,854,OTHER,1,READ,
w8,2026-03-26T02:28:09.813794Z,2889.803,403,False,0xAc46c6cb0d1d810573C55BcB67a854a313D89d5E,POLICE,803,TELEMATICS,3,READ,
w29,2026-03-26T02:28:09.814424Z,2894.932,403,False,0x005fc769438eD21e72915650ea3d0Bd0779E1d56,ADJUSTER,601,MEDICAL_REPORT,5,READ,
w56,2026-03-26T02:28:07.849686Z,4863.497,200,True,0xe9BfB16581647fc6746A690dC658b56D114822f2,POLICE,191,VIDEO,2,READ,
w77,2026-03-26T02:28:09.879926Z,2843.820,403,False,0x49Fc0F0951a6A354226EEdd0Ec69e2b1c69880E3,ADJUSTER,729,TELEMATICS,3,READ,
w81,2026-03-26T02:28:07.971343Z,5159.674,200,True,0xA2Be70fFcf3281293C1C8Cf71648070736aFEB70,INSURER,123,VIDEO,2,READ,
w32,2026-03-26T02:28:07.971859Z,5159.510,200,True,0x074bE6382e1bAD6f8957dEED880345Efc1bDC58C,POLICE,3,VIDEO,2,READ,
w34,2026-03-26T02:28:07.972421Z,5159.210,200,True,0x0faad82B330120b20f18ed21fCD7C5e6865C2088,INSURER,54,VIDEO,2,READ,
w89,2026-03-26T02:28:10.266297Z,2865.613,403,False,0xCe261d45B20f7c1ACaE3eAf693D957b5D99D42BD,REGULATOR,476,IMAGE,2,READ,
w14,2026-03-26T02:28:10.267607Z,2864.544,403,False,0x7E772D98853416cD822D23bF2d9D89Bd3FCF7Af6,INSURER,859,OTHER,1,READ,
w68,2026-03-26T02:28:08.000144Z,5172.981,200,True,0xfa05901804C21448e6980BbDFa52ED18dc9d3B21,ADJUSTER,72,VIDEO,2,READ,
w67,2026-03-26T02:28:08.001882Z,5171.597,200,True,0xFc3a53f3055e68a2D5fE4aF7E5B5cF92e63F17e7,INSURER,60,VIDEO,2,READ,
w83,2026-03-26T02:28:08.003137Z,5170.656,200,True,0x45c4F19a8C6e455e9647ad8aD8a9A9c7733b6Bad,INSURER,173,VIDEO,2,READ,
w85,2026-03-26T02:28:10.600508Z,2573.558,403,False,0x631528f50C384c7AeF4ED528554980D850De0283,POLICE,347,IMAGE,2,READ,
w40,2026-03-26T02:28:10.601580Z,2572.758,403,False,0xA540c09f6c140651CA79CFFa797D92DF979aE483,ADJUSTER,459,IMAGE,2,READ,
w66,2026-03-26T02:28:10.602208Z,2572.262,403,False,0x387bB796cDb51d56531031d8f74b6b071370F649,INSURER,519,MEDICAL_REPORT,5,READ,
w33,2026-03-26T02:28:10.656543Z,2564.545,403,False,0xD8859a86a30f76f3bB902c5710A4172bd799658c,INSURER,647,MEDICAL_REPORT,5,READ,
w35,2026-03-26T02:28:10.657576Z,2563.919,403,False,0x71012eDE103b9A85faF1F8b952361232E5A73b6d,COURT,890,OTHER,1,READ,
w18,2026-03-26T02:28:10.658270Z,2563.688,403,False,0x85f013a2fE4D618643C6918f0dA731aA62b93420,GARAGE,576,FNOL,4,READ,
w72,2026-03-26T02:28:10.658813Z,2563.606,403,False,0xE022AD1Cb2e3f18fD419769921D61166A5F80FB9,POLICE,267,IMAGE,2,READ,
w82,2026-03-26T02:28:08.052814Z,5191.790,200,True,0xA540c09f6c140651CA79CFFa797D92DF979aE483,ADJUSTER,122,VIDEO,2,READ,
w88,2026-03-26T02:28:10.868296Z,2376.684,403,False,0xcB1049e81CC805FeD8B469418aAd2A2A5fCc652A,INSURER,703,TELEMATICS,3,READ,
w15,2026-03-26T02:28:10.869146Z,2376.138,403,False,0xD74Bb4A9C118bf6bC73Be08B90542dAab12c5FAe,INSURER,840,TELEMATICS,3,READ,
w70,2026-03-26T02:28:10.881732Z,2378.186,403,False,0xD6DBE4E8f9f2C043d9D69340C893CDc79e6cEaB1,ADJUSTER,638,FNOL,4,READ,
w76,2026-03-26T02:28:10.887076Z,2386.304,403,False,0xF44A9B02ECE32ED838D00FD3Ce799F3256367eE3,INSURER,364,IMAGE,2,READ,
w31,2026-03-26T02:28:10.887687Z,2385.870,403,False,0xFc3a53f3055e68a2D5fE4aF7E5B5cF92e63F17e7,INSURER,672,MEDICAL_REPORT,5,READ,
w94,2026-03-26T02:28:11.215104Z,2209.269,403,False,0x727e45e23f8594c57Cf3FE94b94fC6DC8eBD7A92,INSURER,776,TELEMATICS,3,READ,
w27,2026-03-26T02:28:11.216289Z,2208.194,403,False,0xE2694287D484e8aE315B0F637DD87846ff5d7AdB,COURT,909,OTHER,1,READ,
w58,2026-03-26T02:28:08.121532Z,5348.476,200,True,0x84201FaB00444122Be75C109644920B9462cD92d,INSURER,172,VIDEO,2,READ,
w51,2026-03-26T02:28:08.122431Z,5347.727,200,True,0x59e91027b0aBD6B839408f96360A4ca0Dc596a98,ADJUSTER,159,VIDEO,2,READ,
w48,2026-03-26T02:28:08.123055Z,5347.210,200,True,0xcB1049e81CC805FeD8B469418aAd2A2A5fCc652A,INSURER,210,VIDEO,2,READ,
w49,2026-03-26T02:28:12.079293Z,1391.060,403,False,0xA07ddA082a145D371fc7C88A2cBF3594FcBb51e0,REGULATOR,669,MEDICAL_REPORT,5,READ,
w64,2026-03-26T02:28:12.079848Z,1390.621,403,False,0x6e2eda1263F3990130d14F0D25bc4b93d5d6D80C,REGULATOR,761,TELEMATICS,3,READ,
w5,2026-03-26T02:28:12.080260Z,1390.288,403,False,0x8d1A0bE126b91823D8E5E215116c9351922277f7,INSURER,516,MEDICAL_REPORT,5,READ,
w54,2026-03-26T02:28:12.080640Z,1389.984,403,False,0x0ab8d94B5Ad9dd3b2aE39785D87c48ef037fEeEe,INSURER,578,FNOL,4,READ,
w17,2026-03-26T02:28:12.139614Z,1368.018,403,False,0x6e492Bff2B5Fc2351eF247518a6dCD98479E018C,POLICE,970,OTHER,1,READ,
w79,2026-03-26T02:28:12.140118Z,1367.698,403,False,0xe4Ff9366F4FF38f071D95aA48d3DB306E70De577,POLICE,752,TELEMATICS,3,READ,
w73,2026-03-26T02:28:12.140599Z,1367.426,403,False,0xe4f7B57F3C40B6c829FCf662110800Fe4aBafb37,GARAGE,701,TELEMATICS,3,READ,
w69,2026-03-26T02:28:12.141345Z,1366.833,403,False,0x59e91027b0aBD6B839408f96360A4ca0Dc596a98,ADJUSTER,379,IMAGE,2,READ,
w26,2026-03-26T02:28:08.232866Z,5282.136,200,True,0xc30C588825d2d3c37cC645CB5f9D5138F2A54A85,POLICE,185,VIDEO,2,READ,
w80,2026-03-26T02:28:08.249971Z,5306.635,200,True,0xf24f0CD63a9b98E6C44679474b98157587e5608D,INSURER,195,VIDEO,2,READ,
w2,2026-03-26T02:28:08.264648Z,5295.322,200,True,0x0Bc69A9CA614967C5D33108DA2C0Afd95130f7ab,POLICE,97,VIDEO,2,READ,
w92,2026-03-26T02:28:08.301677Z,5316.753,200,True,0xB3eC418F3094778ae76FC8F0a97898435F0F1768,ADJUSTER,132,VIDEO,2,READ,
w37,2026-03-26T02:28:08.365891Z,5252.652,200,True,0x2eda3233Edca92d3CC82824DE958CC1cCE3A80f4,POLICE,5,VIDEO,2,READ,
w4,2026-03-26T02:28:08.604863Z,5017.014,200,True,0x36599004C3aC0Aa715a49186455E90556EA805cE,GARAGE,261,IMAGE,2,READ,
w55,2026-03-26T02:28:09.587233Z,4038.581,200,True,0x24d4D3F0B5de5Fc46A77423dfb1E9b1037BC96a0,INSURER,67,VIDEO,2,READ,
w53,2026-03-26T02:28:09.587802Z,4038.243,200,True,0x631528f50C384c7AeF4ED528554980D850De0283,POLICE,126,VIDEO,2,READ,
w45,2026-03-26T02:28:09.804534Z,3824.494,200,True,0xa09383266c25808Ea3362D5DaE160528bB5Fb130,POLICE,76,VIDEO,2,READ,
w42,2026-03-26T02:28:10.262801Z,3395.027,200,True,0x907C18fd7B2D156904bC5c25dD4542B69dfe6d54,ADJUSTER,109,VIDEO,2,READ,
w84,2026-03-26T02:28:10.264456Z,3393.679,200,True,0x6e2eda1263F3990130d14F0D25bc4b93d5d6D80C,REGULATOR,174,VIDEO,2,READ,
w99,2026-03-26T02:28:10.265581Z,3392.822,200,True,0xA0D16Db45A3E299D305623eB5499B19F75Fd2E79,COURT,207,VIDEO,2,READ,
w71,2026-03-26T02:28:10.266967Z,3391.754,200,True,0xfbffdfBb61e2B0aCC9065D4c9940fAdB3c5Bb4DE,INSURER,12,VIDEO,2,READ,
w1,2026-03-26T02:28:10.268590Z,3390.441,200,True,0x808e36854e0010681FFdE8f615E4a0967A544c06,INSURER,185,VIDEO,2,READ,
w78,2026-03-26T02:28:10.881088Z,2779.388,200,True,0xa69B6a9c2ED6A394a404B91B851C1176b76370Fa,GARAGE,251,IMAGE,2,READ,
w21,2026-03-26T02:28:11.215736Z,2457.593,200,True,0x907C18fd7B2D156904bC5c25dD4542B69dfe6d54,ADJUSTER,264,IMAGE,2,READ,
w30,2026-03-26T02:28:11.216729Z,2456.875,200,True,0x97e7867Ce5d3E2726b779578c7097DBB50CbDB95,INSURER,89,VIDEO,2,READ,
w65,2026-03-26T02:28:12.140984Z,1533.802,200,True,0x85f013a2fE4D618643C6918f0dA731aA62b93420,GARAGE,123,VIDEO,2,READ,
