worker,start_time_iso,latency_ms,status,allowed,subject_address,subject_role,resource_id,resource_type,resource_sensitivity,action,error
w1,2026-03-26T02:27:00.621270Z,58.520,403,False,0xB7953144C083a54D89d9e4eCB7A2A4151D4007E0,REGULATOR,975,OTHER,1,READ,
w8,2026-03-26T02:27:00.622421Z,58.097,403,False,0x97e7867Ce5d3E2726b779578c7097DBB50CbDB95,INSURER,661,FNOL,4,READ,
w4,2026-03-26T02:27:00.621766Z,59.318,403,False,0x61315e13CF193804B6c866AeC0205078E4C25a12,COURT,569,MEDICAL_REPORT,5,READ,
w9,2026-03-26T02:27:00.622526Z,59.729,403,False,0xa59ECFb410CCB56f80640CFCfAe5726121Ab2cfa,REGULATOR,948,OTHER,1,READ,
w7,2026-03-26T02:27:00.622100Z,60.796,403,False,0x7F99cBFcC9a6cBf31E66d657377B3C4D260ce4BE,ADJUSTER,663,FNOL,4,READ,
w5,2026-03-26T02:27:00.621863Z,61.547,403,False,0x814742D6773D55c02177ca64238a124D39d8CAd0,COURT,901,OTHER,1,READ,
w3,2026-03-26T02:27:00.621686Z,62.606,403,False,0x89536950F14FD6E0f52C88C17D5A8d27A19f7635,INSURER,620,FNOL,4,READ,
w6,2026-03-26T02:27:00.621970Z,62.870,403,False,0x3F80f29E8ee7BD7ab795eaa0ea5834F45d8b4f36,ADJUSTER,470,IMAGE,2,READ,
w0,2026-03-26T02:27:00.618497Z,66.770,403,False,0x90937Fa99BC935CfA2aDcB3C0dcde37a9a95af00,INSURER,406,IMAGE,2,READ,
w2,2026-03-26T02:27:00.621547Z,110.047,200,True,0xc30C588825d2d3c37cC645CB5f9D5138F2A54A85,POLICE,201,VIDEO,2,READ,
w8,2026-03-26T02:27:00.680565Z,51.999,403,False,0x33733bc2AFfA696339eACE63a29db0850Bae08C6,COURT,518,MEDICAL_REPORT,5,READ,
w4,2026-03-26T02:27:00.681104Z,51.956,403,False,0x4939E121036A8AD1643718eFc89097821616931f,POLICE,541,MEDICAL_REPORT,5,READ,
w9,2026-03-26T02:27:00.682279Z,51.179,403,False,0x387bB796cDb51d56531031d8f74b6b071370F649,INSURER,640,FNOL,4,READ,
w7,2026-03-26T02:27:00.682919Z,51.112,403,False,0x7E772D98853416cD822D23bF2d9D89Bd3FCF7Af6,INSURER,984,OTHER,1,READ,
w5,2026-03-26T02:27:00.683432Z,51.151,403,False,0x4a28FD82865D1625ce719BbE1501981DBEb8775F,ADJUSTER,678,FNOL,4,READ,
w3,2026-03-26T02:27:00.684313Z,51.244,403,False,0xce923F1c1B6DE1A03f42cC378185B0BCCD65256e,POLICE,451,IMAGE,2,READ,
w6,2026-03-26T02:27:00.684860Z,51.054,403,False,0x106A9Ba6bde37edc0BadcA9D48C8F8dF69524AD3,INSURER,979,OTHER,1,READ,
w0,2026-03-26T02:27:00.685286Z,51.009,403,False,0x0ab8d94B5Ad9dd3b2aE39785D87c48ef037fEeEe,INSURER,372,IMAGE,2,READ,
w1,2026-03-26T02:27:00.679816Z,120.039,200,True,0x8818DFB61c2A02e64c74DC651D2b8a152A170140,INSURER,75,VIDEO,2,READ,
w2,2026-03-26T02:27:00.731614Z,68.937,403,False,0xe740840314f9ce0a5F0dB4619861b2B85A08f007,INSURER,505,MEDICAL_REPORT,5,READ,
w8,2026-03-26T02:27:00.732580Z,68.841,403,False,0xD45c19e5e5E1f56DFD5EF10a0DBdBeE64Bb94C5E,POLICE,441,IMAGE,2,READ,
w9,2026-03-26T02:27:00.733528Z,68.513,403,False,0xD6DBE4E8f9f2C043d9D69340C893CDc79e6cEaB1,ADJUSTER,874,OTHER,1,READ,
w7,2026-03-26T02:27:00.734053Z,68.588,403,False,0x814742D6773D55c02177ca64238a124D39d8CAd0,COURT,991,OTHER,1,READ,
w5,2026-03-26T02:27:00.734599Z,68.637,403,False,0xD8859a86a30f76f3bB902c5710A4172bd799658c,INSURER,641,MEDICAL_REPORT,5,READ,
w6,2026-03-26T02:27:00.735925Z,68.078,403,False,0x23E9FBB7579C74D955604A707C648CA3Db02A0c7,ADJUSTER,967,OTHER,1,READ,
w0,2026-03-26T02:27:00.736309Z,68.352,403,False,0xc78F8e87EFbf9675147C8824EF1242398372eFCC,COURT,948,OTHER,1,READ,
w4,2026-03-26T02:27:00.733080Z,157.207,200,True,0xB7953144C083a54D89d9e4eCB7A2A4151D4007E0,REGULATOR,250,VIDEO,2,READ,
w3,2026-03-26T02:27:00.735573Z,155.746,200,True,0xF44A9B02ECE32ED838D00FD3Ce799F3256367eE3,INSURER,94,VIDEO,2,READ,
w1,2026-03-26T02:27:00.799887Z,92.028,403,False,0xC60A6C8Fe339e01d6E76d91B0650A99bd0eA77F1,POLICE,988,OTHER,1,READ,
w8,2026-03-26T02:27:00.801448Z,91.093,403,False,0x86A27669Dc5B6bA6693B7eBf3cF194eB8C1Ba6a1,INSURER,362,IMAGE,2,READ,
w9,2026-03-26T02:27:00.802074Z,91.156,403,False,0xc073597a01C3BD226F8723F8E91124b57b11BEc8,GARAGE,968,OTHER,1,READ,
w7,2026-03-26T02:27:00.802683Z,91.112,403,False,0x978CFCe76672e2C96DbfF5705fe29901d2A624d2,ADJUSTER,332,IMAGE,2,READ,
w5,2026-03-26T02:27:00.803261Z,91.038,403,False,0x8B9C6E42320Cc7c0a0512De5818B2aCc269feef7,INSURER,747,TELEMATICS,3,READ,
w6,2026-03-26T02:27:00.804025Z,90.841,403,False,0xE49f69335d2600b7983983725650eEc85f260b0E,INSURER,344,IMAGE,2,READ,
w2,2026-03-26T02:27:00.800574Z,163.422,200,True,0x3Ce62c75582d14D54A1532D0Fd3fcA709D3AB012,ADJUSTER,74,VIDEO,2,READ,
w0,2026-03-26T02:27:00.804685Z,160.805,200,True,0xACeC85e12d17bE03cf4d9ac50Db46392aC26A13A,GARAGE,206,VIDEO,2,READ,
w8,2026-03-26T02:27:00.892573Z,113.746,403,False,0x7e44eb68D57cA35191576B6498CAC17b47001a2b,INSURER,603,FNOL,4,READ,
w9,2026-03-26T02:27:00.893253Z,123.996,403,False,0xA903578836c1E60A93BAd29357D9962aBd7aE0E7,GARAGE,941,OTHER,1,READ,
w5,2026-03-26T02:27:00.894340Z,123.493,403,False,0xA07ddA082a145D371fc7C88A2cBF3594FcBb51e0,REGULATOR,803,TELEMATICS,3,READ,
w6,2026-03-26T02:27:00.894887Z,123.481,403,False,0x0ab8d94B5Ad9dd3b2aE39785D87c48ef037fEeEe,INSURER,706,TELEMATICS,3,READ,
w4,2026-03-26T02:27:00.890314Z,140.934,200,True,0x631528f50C384c7AeF4ED528554980D850De0283,POLICE,86,VIDEO,2,READ,
w2,2026-03-26T02:27:00.964116Z,67.596,403,False,0xc0c58f42F3d56a359208054C1e3d9EB9FEB181E5,ADJUSTER,829,TELEMATICS,3,READ,
w0,2026-03-26T02:27:00.965515Z,66.783,403,False,0x62aEE2Fd1DE1f438B8c33F5C551d94d6cbD55160,POLICE,997,OTHER,1,READ,
w3,2026-03-26T02:27:00.891343Z,173.925,200,True,0xc78F8e87EFbf9675147C8824EF1242398372eFCC,COURT,136,VIDEO,2,READ,
w1,2026-03-26T02:27:00.891938Z,174.102,200,True,0xD45c19e5e5E1f56DFD5EF10a0DBdBeE64Bb94C5E,POLICE,208,VIDEO,2,READ,
w7,2026-03-26T02:27:00.893816Z,172.940,200,True,0xfaB598AD02177fA240d67eae46e2BBf26ba64810,ADJUSTER,116,VIDEO,2,READ,
w8,2026-03-26T02:27:01.006342Z,61.182,403,False,0xfaB598AD02177fA240d67eae46e2BBf26ba64810,ADJUSTER,724,TELEMATICS,3,READ,
w9,2026-03-26T02:27:01.017295Z,50.952,403,False,0x4Bb9AC8aB8c9D213B9d89538B10C1016f8e66773,INSURER,329,IMAGE,2,READ,
w5,2026-03-26T02:27:01.017862Z,54.708,403,False,0x4939E121036A8AD1643718eFc89097821616931f,POLICE,577,FNOL,4,READ,
w6,2026-03-26T02:27:01.018393Z,54.731,403,False,0xf35E98eF2f18881395aAf1Ef3ffB3f31d4b20C25,INSURER,815,TELEMATICS,3,READ,
w2,2026-03-26T02:27:01.031729Z,73.249,403,False,0xF4B9B002569bC5998B1d5a2309EF921d2ca63BDd,INSURER,556,FNOL,4,READ,
w0,2026-03-26T02:27:01.032352Z,73.349,403,False,0x98347d3bFE3F67dc6ee387CF9C8DE40578347681,ADJUSTER,502,MEDICAL_REPORT,5,READ,
w1,2026-03-26T02:27:01.066068Z,71.836,403,False,0xA92D4979eB98ad7361AD95Ad1182a54449C093eB,INSURER,320,IMAGE,2,READ,
w7,2026-03-26T02:27:01.066780Z,72.140,403,False,0xc0c58f42F3d56a359208054C1e3d9EB9FEB181E5,ADJUSTER,342,IMAGE,2,READ,
w8,2026-03-26T02:27:01.067548Z,73.330,403,False,0x2FFDEE64f54829571565E7991764e0c0B2D31B16,INSURER,359,IMAGE,2,READ,
w9,2026-03-26T02:27:01.068273Z,73.254,403,False,0x2a44EF6977ec44cB5c6ad5038E54C761723DB5E9,INSURER,1000,OTHER,1,READ,
w5,2026-03-26T02:27:01.072592Z,69.479,403,False,0x24d4D3F0B5de5Fc46A77423dfb1E9b1037BC96a0,INSURER,474,IMAGE,2,READ,
w6,2026-03-26T02:27:01.073144Z,69.520,403,False,0x5a73100273e2F91b8379DcaEe7505e5294ECd09E,INSURER,855,OTHER,1,READ,
w4,2026-03-26T02:27:01.031271Z,133.721,200,True,0x9f37E319F5290Da8b5C5Cb33369dc41B4E185AB5,ADJUSTER,25,VIDEO,2,READ,
w2,2026-03-26T02:27:01.105001Z,60.761,403,False,0xA07ddA082a145D371fc7C88A2cBF3594FcBb51e0,REGULATOR,379,IMAGE,2,READ,
w0,2026-03-26T02:27:01.105725Z,60.595,403,False,0x221D1a7739dA73BA8B191C14399776D9C63E6e8F,INSURER,665,FNOL,4,READ,
w3,2026-03-26T02:27:01.065297Z,156.801,200,True,0xCe261d45B20f7c1ACaE3eAf693D957b5D99D42BD,REGULATOR,38,VIDEO,2,READ,
w1,2026-03-26T02:27:01.137935Z,85.073,403,False,0x8B9C6E42320Cc7c0a0512De5818B2aCc269feef7,INSURER,755,TELEMATICS,3,READ,
w8,2026-03-26T02:27:01.140904Z,82.762,403,False,0x23E9FBB7579C74D955604A707C648CA3Db02A0c7,ADJUSTER,339,IMAGE,2,READ,
w9,2026-03-26T02:27:01.141549Z,82.627,403,False,0xCe261d45B20f7c1ACaE3eAf693D957b5D99D42BD,REGULATOR,764,TELEMATICS,3,READ,
w6,2026-03-26T02:27:01.142690Z,82.662,403,False,0xA2Be70fFcf3281293C1C8Cf71648070736aFEB70,INSURER,317,IMAGE,2,READ,
w4,2026-03-26T02:27:01.165016Z,100.304,403,False,0x3439804Aa24202062144D2208cAD3E29C04d6CfC,POLICE,724,TELEMATICS,3,READ,
w0,2026-03-26T02:27:01.166340Z,99.922,403,False,0x5d47D10E5aaDa092c97f77a2011d225a54e888dE,INSURER,616,FNOL,4,READ,
w7,2026-03-26T02:27:01.138953Z,166.930,200,True,0x668803002755A42bB2BBAD8e73c43b3B5a03eC68,INSURER,160,VIDEO,2,READ,
w5,2026-03-26T02:27:01.142094Z,180.318,200,True,0x13C7F80a123954B61876Afba1c5b9DDB5Ac3772D,REGULATOR,250,VIDEO,2,READ,
w3,2026-03-26T02:27:01.222125Z,100.805,403,False,0xFc3a53f3055e68a2D5fE4aF7E5B5cF92e63F17e7,INSURER,810,TELEMATICS,3,READ,
w1,2026-03-26T02:27:01.223046Z,106.422,403,False,0xC737C4f48DDAf3A5015F6461cCC3152074B1adDc,INSURER,437,IMAGE,2,READ,
w8,2026-03-26T02:27:01.223689Z,106.184,403,False,0x71012eDE103b9A85faF1F8b952361232E5A73b6d,COURT,689,FNOL,4,READ,
w9,2026-03-26T02:27:01.224201Z,106.073,403,False,0x2c8aC86D2D94fC757C38B3E3895F90aa32E7594D,INSURER,516,MEDICAL_REPORT,5,READ,
w6,2026-03-26T02:27:01.232369Z,98.255,403,False,0xfa0c2c3a58Dc42E7c1266c6Badd86D7001B6c961,INSURER,411,IMAGE,2,READ,
w2,2026-03-26T02:27:01.165785Z,176.252,200,True,0x09fA524FB632b6004cb5b61705D1Ac8346f5C956,ADJUSTER,112,VIDEO,2,READ,
w4,2026-03-26T02:27:01.265354Z,77.299,403,False,0x7e44eb68D57cA35191576B6498CAC17b47001a2b,INSURER,532,FNOL,4,READ,
w7,2026-03-26T02:27:01.305912Z,89.476,403,False,0xa69B6a9c2ED6A394a404B91B851C1176b76370Fa,GARAGE,325,IMAGE,2,READ,
w5,2026-03-26T02:27:01.322435Z,73.549,403,False,0x0B5dF81DC06Bb007c88E04eD2D6826Ca41cBB0A2,GARAGE,644,MEDICAL_REPORT,5,READ,
w3,2026-03-26T02:27:01.322947Z,73.674,403,False,0x55aC7E86FfE135500754bda7778b3749aE34930B,INSURER,644,MEDICAL_REPORT,5,READ,
w8,2026-03-26T02:27:01.329902Z,69.154,403,False,0xe9BfB16581647fc6746A690dC658b56D114822f2,POLICE,757,TELEMATICS,3,READ,
w9,2026-03-26T02:27:01.330297Z,69.399,403,False,0xF92d6f9F9322A08d7548d2be3FFFfa7E9307bfF7,POLICE,995,OTHER,1,READ,
w0,2026-03-26T02:27:01.266291Z,163.152,200,True,0x1a03927dCE7C5BDefcc351BCF06A554ABCDf2862,ADJUSTER,118,VIDEO,2,READ,
w1,2026-03-26T02:27:01.329490Z,138.756,200,True,0xC737C4f48DDAf3A5015F6461cCC3152074B1adDc,INSURER,76,VIDEO,2,READ,
w6,2026-03-26T02:27:01.330639Z,138.418,200,True,0x9455AD24B4CF0dBA6bF671fb827428C8a7D5c62f,ADJUSTER,61,VIDEO,2,READ,
w5,2026-03-26T02:27:01.396006Z,73.544,403,False,0x62198F0616394D6E59Acc14b43bbe6ABF2f67db8,ADJUSTER,717,TELEMATICS,3,READ,
w8,2026-03-26T02:27:01.399092Z,71.202,403,False,0xFc3a53f3055e68a2D5fE4aF7E5B5cF92e63F17e7,INSURER,986,OTHER,1,READ,
w9,2026-03-26T02:27:01.399716Z,71.173,403,False,0x5CBf5c5AcCf319E51A3261361f38b9b09D3A0Cdf,INSURER,994,OTHER,1,READ,
w2,2026-03-26T02:27:01.342066Z,138.587,200,True,0x4939E121036A8AD1643718eFc89097821616931f,POLICE,108,VIDEO,2,READ,
w4,2026-03-26T02:27:01.342674Z,138.561,200,True,0x89536950F14FD6E0f52C88C17D5A8d27A19f7635,INSURER,57,VIDEO,2,READ,
w0,2026-03-26T02:27:01.429493Z,52.197,403,False,0x36599004C3aC0Aa715a49186455E90556EA805cE,GARAGE,737,TELEMATICS,3,READ,
w7,2026-03-26T02:27:01.395420Z,120.135,200,True,0x9dd7F747E30a7Ab727D5AabeC1205fC6FF74891e,INSURER,135,VIDEO,2,READ,
w3,2026-03-26T02:27:01.396648Z,119.568,200,True,0x4a28FD82865D1625ce719BbE1501981DBEb8775F,ADJUSTER,4,VIDEO,2,READ,
w1,2026-03-26T02:27:01.468269Z,48.560,403,False,0x034E07D329FcA8aC6b776699af54687288A7fe3E,ADJUSTER,364,IMAGE,2,READ,
w6,2026-03-26T02:27:01.469081Z,48.484,403,False,0x24d4D3F0B5de5Fc46A77423dfb1E9b1037BC96a0,INSURER,606,FNOL,4,READ,
w8,2026-03-26T02:27:01.470316Z,48.082,403,False,0xa69B6a9c2ED6A394a404B91B851C1176b76370Fa,GARAGE,476,IMAGE,2,READ,
w9,2026-03-26T02:27:01.470914Z,48.141,403,False,0x7036A61a0c4486ca1acA322940DFE746a02EdBF7,INSURER,644,MEDICAL_REPORT,5,READ,
w4,2026-03-26T02:27:01.481251Z,65.206,403,False,0x3391d15CCe51D9F0a877840266E4784c3b30dF24,POLICE,299,IMAGE,2,READ,
w5,2026-03-26T02:27:01.469570Z,86.110,200,True,0x814742D6773D55c02177ca64238a124D39d8CAd0,COURT,234,VIDEO,2,READ,
w7,2026-03-26T02:27:01.515577Z,41.455,403,False,0x13C7F80a123954B61876Afba1c5b9DDB5Ac3772D,REGULATOR,725,TELEMATICS,3,READ,
w3,2026-03-26T02:27:01.516240Z,42.801,403,False,0x98568A32769F002C8A543cc7578A13516D5646a3,INSURER,587,MEDICAL_REPORT,5,READ,
w1,2026-03-26T02:27:01.516865Z,42.672,403,False,0xA0706EA97613c48c8Ee8A39218259d61Ae5A25c1,INSURER,283,IMAGE,2,READ,
w6,2026-03-26T02:27:01.517590Z,42.423,403,False,0x969F5C531FA570b10b873CE229E1D17C35c80b01,POLICE,859,OTHER,1,READ,
w9,2026-03-26T02:27:01.519079Z,41.363,403,False,0xD45c19e5e5E1f56DFD5EF10a0DBdBeE64Bb94C5E,POLICE,562,FNOL,4,READ,
w2,2026-03-26T02:27:01.480671Z,111.301,200,True,0x3391d15CCe51D9F0a877840266E4784c3b30dF24,POLICE,233,VIDEO,2,READ,
w0,2026-03-26T02:27:01.481716Z,119.276,200,True,0x62aEE2Fd1DE1f438B8c33F5C551d94d6cbD55160,POLICE,229,VIDEO,2,READ,
w4,2026-03-26T02:27:01.546489Z,55.022,403,False,0x6e2eda1263F3990130d14F0D25bc4b93d5d6D80C,REGULATOR,633,FNOL,4,READ,
w8,2026-03-26T02:27:01.518423Z,83.538,200,True,0x969F5C531FA570b10b873CE229E1D17C35c80b01,POLICE,213,VIDEO,2,READ,
w7,2026-03-26T02:27:01.557056Z,45.546,403,False,0x5c07a06B115c15b04B988EA559f2FC152b87BE65,INSURER,797,TELEMATICS,3,READ,
w3,2026-03-26T02:27:01.559062Z,43.851,403,False,0x978CFCe76672e2C96DbfF5705fe29901d2A624d2,ADJUSTER,573,MEDICAL_REPORT,5,READ,
w1,2026-03-26T02:27:01.559553Z,43.774,403,False,0x4939E121036A8AD1643718eFc89097821616931f,POLICE,816,TELEMATICS,3,READ,
w6,2026-03-26T02:27:01.560050Z,43.829,403,False,0x85ECA10226e8EE3Abb23B282bEBcfD147D3af353,POLICE,293,IMAGE,2,READ,
w5,2026-03-26T02:27:01.555702Z,111.919,200,True,0x55aC7E86FfE135500754bda7778b3749aE34930B,INSURER,251,IMAGE,2,READ,
w2,2026-03-26T02:27:01.592000Z,76.277,403,False,0x8818DFB61c2A02e64c74DC651D2b8a152A170140,INSURER,375,IMAGE,2,READ,
w9,2026-03-26T02:27:01.560461Z,108.466,200,True,0x71012eDE103b9A85faF1F8b952361232E5A73b6d,COURT,198,VIDEO,2,READ,
w0,2026-03-26T02:27:01.601014Z,68.357,403,False,0x034E07D329FcA8aC6b776699af54687288A7fe3E,ADJUSTER,486,IMAGE,2,READ,
w7,2026-03-26T02:27:01.602618Z,67.202,403,False,0x99F976CEeE5D5d44F2838f3c8d7c188f183c11E8,COURT,564,MEDICAL_REPORT,5,READ,
w1,2026-03-26T02:27:01.603352Z,67.005,403,False,0xD74Bb4A9C118bf6bC73Be08B90542dAab12c5FAe,INSURER,799,TELEMATICS,3,READ,
w6,2026-03-26T02:27:01.603907Z,66.867,403,False,0xA540c09f6c140651CA79CFFa797D92DF979aE483,ADJUSTER,617,FNOL,4,READ,
w4,2026-03-26T02:27:01.601533Z,154.217,200,True,0xF4B9B002569bC5998B1d5a2309EF921d2ca63BDd,INSURER,154,VIDEO,2,READ,
w8,2026-03-26T02:27:01.601980Z,154.386,200,True,0x034E07D329FcA8aC6b776699af54687288A7fe3E,ADJUSTER,11,VIDEO,2,READ,
w3,2026-03-26T02:27:01.602926Z,154.096,200,True,0x6B44eD6B1692CB06047271f02833671D89f1a4E7,INSURER,221,VIDEO,2,READ,
w2,2026-03-26T02:27:01.668296Z,89.248,403,False,0xe028327896d2bb4705C2134380bDB1E038DdF2Fc,REGULATOR,268,IMAGE,2,READ,
w9,2026-03-26T02:27:01.668947Z,89.064,403,False,0x33733bc2AFfA696339eACE63a29db0850Bae08C6,COURT,950,OTHER,1,READ,
w0,2026-03-26T02:27:01.669389Z,88.999,403,False,0x3391d15CCe51D9F0a877840266E4784c3b30dF24,POLICE,497,IMAGE,2,READ,
w7,2026-03-26T02:27:01.669838Z,88.879,403,False,0x24d4D3F0B5de5Fc46A77423dfb1E9b1037BC96a0,INSURER,276,IMAGE,2,READ,
w6,2026-03-26T02:27:01.670792Z,88.285,403,False,0xe740840314f9ce0a5F0dB4619861b2B85A08f007,INSURER,820,TELEMATICS,3,READ,
w5,2026-03-26T02:27:01.667662Z,190.915,200,True,0xA0706EA97613c48c8Ee8A39218259d61Ae5A25c1,INSURER,44,VIDEO,2,READ,
w1,2026-03-26T02:27:01.670377Z,189.083,200,True,0xD74Bb4A9C118bf6bC73Be08B90542dAab12c5FAe,INSURER,15,VIDEO,2,READ,
w4,2026-03-26T02:27:01.755771Z,104.327,403,False,0x97e7867Ce5d3E2726b779578c7097DBB50CbDB95,INSURER,331,IMAGE,2,READ,
w8,2026-03-26T02:27:01.756389Z,104.344,403,False,0xACeC85e12d17bE03cf4d9ac50Db46392aC26A13A,GARAGE,378,IMAGE,2,READ,
w3,2026-03-26T02:27:01.757046Z,104.244,403,False,0x0faad82B330120b20f18ed21fCD7C5e6865C2088,INSURER,399,IMAGE,2,READ,
w2,2026-03-26T02:27:01.757583Z,104.275,403,False,0x828c0FD3Ed54b03A52e62470aF331e95A50BCf09,POLICE,578,FNOL,4,READ,
w0,2026-03-26T02:27:01.758404Z,104.119,403,False,0x49825196030134F6349A45D6c576684792207592,INSURER,334,IMAGE,2,READ,
w7,2026-03-26T02:27:01.758734Z,104.594,403,False,0xEE47aAeC1ae1eFc7AcE9A2bAB0F5c89c97613D42,POLICE,709,TELEMATICS,3,READ,
w6,2026-03-26T02:27:01.759092Z,104.853,403,False,0x49825196030134F6349A45D6c576684792207592,INSURER,951,OTHER,1,READ,
w9,2026-03-26T02:27:01.758029Z,162.567,200,True,0x4a28FD82865D1625ce719BbE1501981DBEb8775F,ADJUSTER,164,VIDEO,2,READ,
w5,2026-03-26T02:27:01.858599Z,62.669,403,False,0x3391d15CCe51D9F0a877840266E4784c3b30dF24,POLICE,779,TELEMATICS,3,READ,
w1,2026-03-26T02:27:01.859485Z,62.419,403,False,0x2E3A06358fFBF425bdBFB9D46d36F4C62cB2C752,ADJUSTER,762,TELEMATICS,3,READ,
w4,2026-03-26T02:27:01.860127Z,62.274,403,False,0x85CB40Edf798FBbfC3e1f8fBA9d60D3aDA9edc66,REGULATOR,736,TELEMATICS,3,READ,
w8,2026-03-26T02:27:01.860783Z,68.403,403,False,0xaFc74D5a37Fc772BA03f377804Ff23eE80c3F0B6,GARAGE,398,IMAGE,2,READ,
w3,2026-03-26T02:27:01.861315Z,69.782,403,False,0x24d4D3F0B5de5Fc46A77423dfb1E9b1037BC96a0,INSURER,719,TELEMATICS,3,READ,
w2,2026-03-26T02:27:01.861905Z,69.981,403,False,0x711f9Ba03b219CFED557d6c4077c783BdfBEC307,COURT,331,IMAGE,2,READ,
w0,2026-03-26T02:27:01.862549Z,69.913,403,False,0xf35E98eF2f18881395aAf1Ef3ffB3f31d4b20C25,INSURER,435,IMAGE,2,READ,
w7,2026-03-26T02:27:01.863351Z,69.594,403,False,0xC0B54dC53B9A14ad6199dbB75383AcEe7B50414B,ADJUSTER,509,MEDICAL_REPORT,5,READ,
w6,2026-03-26T02:27:01.863971Z,69.469,403,False,0xe8425CD8D02275245734Aa5D064DD1F2B051fA27,INSURER,435,IMAGE,2,READ,
w9,2026-03-26T02:27:01.920620Z,82.188,403,False,0xA0D16Db45A3E299D305623eB5499B19F75Fd2E79,COURT,847,TELEMATICS,3,READ,
w5,2026-03-26T02:27:01.921308Z,82.100,403,False,0x88982eB8A9a596fA186A12b47f4F905A2c7516d6,COURT,695,FNOL,4,READ,
w1,2026-03-26T02:27:01.921926Z,82.224,403,False,0x907C18fd7B2D156904bC5c25dD4542B69dfe6d54,ADJUSTER,455,IMAGE,2,READ,
w4,2026-03-26T02:27:01.922420Z,82.260,403,False,0x4Bb9AC8aB8c9D213B9d89538B10C1016f8e66773,INSURER,323,IMAGE,2,READ,
w8,2026-03-26T02:27:01.929209Z,76.229,403,False,0xC0B54dC53B9A14ad6199dbB75383AcEe7B50414B,ADJUSTER,903,OTHER,1,READ,
w0,2026-03-26T02:27:01.932484Z,73.554,403,False,0x4939E121036A8AD1643718eFc89097821616931f,POLICE,477,IMAGE,2,READ,
w7,2026-03-26T02:27:01.932964Z,73.682,403,False,0xD1ff571869D0436cC7b43A2a2c156085F4c5Efeb,ADJUSTER,991,OTHER,1,READ,
w6,2026-03-26T02:27:01.933460Z,76.871,403,False,0x7F99cBFcC9a6cBf31E66d657377B3C4D260ce4BE,ADJUSTER,671,MEDICAL_REPORT,5,READ,
w3,2026-03-26T02:27:01.931122Z,151.483,200,True,0xe29a4A0F7cc642F4654E70D8217eDDD2237e5b7f,ADJUSTER,203,VIDEO,2,READ,
w2,2026-03-26T02:27:01.931926Z,151.431,200,True,0x2E3648461e7e88D00d60a2f635D34041487Ae4B0,COURT,78,VIDEO,2,READ,
w5,2026-03-26T02:27:02.003437Z,81.695,403,False,0x20060De9B531866f987DE7123AAb09E3Df40B650,INSURER,604,MEDICAL_REPORT,5,READ,
w4,2026-03-26T02:27:02.004699Z,81.527,403,False,0x61315e13CF193804B6c866AeC0205078E4C25a12,COURT,443,IMAGE,2,READ,
w8,2026-03-26T02:27:02.005471Z,81.259,403,False,0xAB90A30F8DBAe40Fd6D9aA11cf1908F4CbC8432D,INSURER,908,OTHER,1,READ,
w7,2026-03-26T02:27:02.006696Z,80.583,403,False,0x3391d15CCe51D9F0a877840266E4784c3b30dF24,POLICE,863,OTHER,1,READ,
w6,2026-03-26T02:27:02.010357Z,77.412,403,False,0x83e68Cac649872ca6135aDfEF9A944bbF908ef66,GARAGE,564,MEDICAL_REPORT,5,READ,
w9,2026-03-26T02:27:02.002842Z,134.453,200,True,0xC0B54dC53B9A14ad6199dbB75383AcEe7B50414B,ADJUSTER,242,VIDEO,2,READ,
w1,2026-03-26T02:27:02.004172Z,133.823,200,True,0x969F5C531FA570b10b873CE229E1D17C35c80b01,POLICE,176,VIDEO,2,READ,
w0,2026-03-26T02:27:02.006065Z,132.360,200,True,0x9455AD24B4CF0dBA6bF671fb827428C8a7D5c62f,ADJUSTER,63,VIDEO,2,READ,
w3,2026-03-26T02:27:02.082623Z,56.145,403,False,0x4a28FD82865D1625ce719BbE1501981DBEb8775F,ADJUSTER,315,IMAGE,2,READ,
w5,2026-03-26T02:27:02.085158Z,54.766,403,False,0x7F99cBFcC9a6cBf31E66d657377B3C4D260ce4BE,ADJUSTER,713,TELEMATICS,3,READ,
w4,2026-03-26T02:27:02.086257Z,54.423,403,False,0x2d463F869E51337B7a301382Cc76B1960D09BAd7,ADJUSTER,812,TELEMATICS,3,READ,
w8,2026-03-26T02:27:02.086750Z,54.745,403,False,0x5361cD9F3982091dD2C3e79FAb30707aD081b1AA,INSURER,993,OTHER,1,READ,
w6,2026-03-26T02:27:02.087790Z,54.064,403,False,0x62198F0616394D6E59Acc14b43bbe6ABF2f67db8,ADJUSTER,871,OTHER,1,READ,
w2,2026-03-26T02:27:02.083386Z,117.950,200,True,0xAc46c6cb0d1d810573C55BcB67a854a313D89d5E,POLICE,183,VIDEO,2,READ,
w7,2026-03-26T02:27:02.087301Z,114.884,200,True,0xF44A9B02ECE32ED838D00FD3Ce799F3256367eE3,INSURER,186,VIDEO,2,READ,
w3,2026-03-26T02:27:02.138784Z,63.978,403,False,0x97e7867Ce5d3E2726b779578c7097DBB50CbDB95,INSURER,545,FNOL,4,READ,
w5,2026-03-26T02:27:02.140041Z,63.480,403,False,0x907C18fd7B2D156904bC5c25dD4542B69dfe6d54,ADJUSTER,811,TELEMATICS,3,READ,
w4,2026-03-26T02:27:02.140699Z,63.619,403,False,0x106A9Ba6bde37edc0BadcA9D48C8F8dF69524AD3,INSURER,423,IMAGE,2,READ,
w8,2026-03-26T02:27:02.141515Z,63.482,403,False,0x9455AD24B4CF0dBA6bF671fb827428C8a7D5c62f,ADJUSTER,620,FNOL,4,READ,
w6,2026-03-26T02:27:02.141872Z,63.432,403,False,0xF0d558cD42EB081556a20bB9C95157de4966DbEe,INSURER,425,IMAGE,2,READ,
w9,2026-03-26T02:27:02.137318Z,129.596,200,True,0x8d1A0bE126b91823D8E5E215116c9351922277f7,INSURER,10,VIDEO,2,READ,
w1,2026-03-26T02:27:02.138028Z,129.791,200,True,0xA2Be70fFcf3281293C1C8Cf71648070736aFEB70,INSURER,119,VIDEO,2,READ,
w0,2026-03-26T02:27:02.138443Z,129.950,200,True,0x33733bc2AFfA696339eACE63a29db0850Bae08C6,COURT,107,VIDEO,2,READ,
w2,2026-03-26T02:27:02.201358Z,67.674,403,False,0x3391d15CCe51D9F0a877840266E4784c3b30dF24,POLICE,413,IMAGE,2,READ,
w7,2026-03-26T02:27:02.202211Z,67.318,403,False,0x904b7a5cb6e3AAb09C26C16DF2E979FE130D0889,ADJUSTER,496,IMAGE,2,READ,
w3,2026-03-26T02:27:02.202797Z,67.278,403,False,0x20060De9B531866f987DE7123AAb09E3Df40B650,INSURER,369,IMAGE,2,READ,
w5,2026-03-26T02:27:02.203554Z,67.056,403,False,0x71012eDE103b9A85faF1F8b952361232E5A73b6d,COURT,335,IMAGE,2,READ,
w4,2026-03-26T02:27:02.204365Z,66.817,403,False,0x2681A1fbf737DE9BE4B8ac0DEDe2f71fB64E2284,INSURER,958,OTHER,1,READ,
w8,2026-03-26T02:27:02.205014Z,66.616,403,False,0x1Bc44f70234E2a0FBCb744E2abF6F6931BA6231F,INSURER,897,OTHER,1,READ,
w6,2026-03-26T02:27:02.205317Z,138.346,200,True,0xc560606Bd2B90Feea8BaAB3270Efd65c17422Ad3,ADJUSTER,246,VIDEO,2,READ,
w9,2026-03-26T02:27:02.266938Z,77.423,403,False,0xc9d8268D9C81BA4cF1DBbA40D6dD31d9d29BFe87,COURT,410,IMAGE,2,READ,
w1,2026-03-26T02:27:02.267843Z,77.038,403,False,0x3fC3662b6AbB721C5A8739eBc22914C534242aC2,GARAGE,316,IMAGE,2,READ,
w2,2026-03-26T02:27:02.269055Z,76.219,403,False,0xE49f69335d2600b7983983725650eEc85f260b0E,INSURER,333,IMAGE,2,READ,
w7,2026-03-26T02:27:02.269555Z,76.277,403,False,0xB6920469504adDf687AfCe890A39E6EBF76cF88E,POLICE,693,MEDICAL_REPORT,5,READ,
w3,2026-03-26T02:27:02.270099Z,76.389,403,False,0x814742D6773D55c02177ca64238a124D39d8CAd0,COURT,544,FNOL,4,READ,
w5,2026-03-26T02:27:02.270665Z,76.490,403,False,0x71012eDE103b9A85faF1F8b952361232E5A73b6d,COURT,831,TELEMATICS,3,READ,
w4,2026-03-26T02:27:02.271203Z,76.469,403,False,0x1Bc44f70234E2a0FBCb744E2abF6F6931BA6231F,INSURER,373,IMAGE,2,READ,
w8,2026-03-26T02:27:02.271653Z,76.487,403,False,0x221D1a7739dA73BA8B191C14399776D9C63E6e8F,INSURER,281,IMAGE,2,READ,
w0,2026-03-26T02:27:02.268414Z,146.346,200,True,0xD6DBE4E8f9f2C043d9D69340C893CDc79e6cEaB1,ADJUSTER,64,VIDEO,2,READ,
w6,2026-03-26T02:27:02.343685Z,71.831,403,False,0x55aC7E86FfE135500754bda7778b3749aE34930B,INSURER,550,MEDICAL_REPORT,5,READ,
w9,2026-03-26T02:27:02.344383Z,71.595,403,False,0x7F37f92080D63E1b76A83FDd5aCa390d46475f17,INSURER,556,FNOL,4,READ,
w1,2026-03-26T02:27:02.344901Z,71.568,403,False,0xE2694287D484e8aE315B0F637DD87846ff5d7AdB,COURT,635,MEDICAL_REPORT,5,READ,
w7,2026-03-26T02:27:02.345852Z,71.326,403,False,0x7e44eb68D57cA35191576B6498CAC17b47001a2b,INSURER,850,TELEMATICS,3,READ,
w3,2026-03-26T02:27:02.346508Z,71.395,403,False,0xa59ECFb410CCB56f80640CFCfAe5726121Ab2cfa,REGULATOR,510,MEDICAL_REPORT,5,READ,
w5,2026-03-26T02:27:02.347180Z,71.285,403,False,0x2eda3233Edca92d3CC82824DE958CC1cCE3A80f4,POLICE,765,TELEMATICS,3,READ,
w4,2026-03-26T02:27:02.347717Z,71.278,403,False,0xE49f69335d2600b7983983725650eEc85f260b0E,INSURER,855,OTHER,1,READ,
w2,2026-03-26T02:27:02.345292Z,164.557,200,True,0x828c0FD3Ed54b03A52e62470aF331e95A50BCf09,POLICE,159,VIDEO,2,READ,
w8,2026-03-26T02:27:02.348160Z,162.457,200,True,0x84201FaB00444122Be75C109644920B9462cD92d,INSURER,201,VIDEO,2,READ,
w0,2026-03-26T02:27:02.414784Z,96.358,403,False,0x5dBb83D0d96c168133412CC6e93a25a61Bfb8599,INSURER,955,OTHER,1,READ,
w9,2026-03-26T02:27:02.415998Z,95.739,403,False,0x69b1a8FA8C91e049e9d19bE94bef38769ec28c9D,INSURER,427,IMAGE,2,READ,
w1,2026-03-26T02:27:02.416488Z,132.881,403,False,0x9455AD24B4CF0dBA6bF671fb827428C8a7D5c62f,ADJUSTER,973,OTHER,1,READ,
w7,2026-03-26T02:27:02.417199Z,132.916,403,False,0x3391d15CCe51D9F0a877840266E4784c3b30dF24,POLICE,395,IMAGE,2,READ,
w3,2026-03-26T02:27:02.417925Z,132.946,403,False,0x5CBf5c5AcCf319E51A3261361f38b9b09D3A0Cdf,INSURER,641,MEDICAL_REPORT,5,READ,
w5,2026-03-26T02:27:02.418487Z,133.069,403,False,0x5d3d41FA5c381DAE4B6Bcdfd09862684aA5Ce3fd,ADJUSTER,678,FNOL,4,READ,
w4,2026-03-26T02:27:02.419019Z,133.221,403,False,0x995408770BbdF9C720d131bCfa0bE248c90fA29f,COURT,538,FNOL,4,READ,
w6,2026-03-26T02:27:02.415537Z,170.984,200,True,0xa7eF2a6f2A3eb7A7472DAD889d17dEa48faBca1a,INSURER,103,VIDEO,2,READ,
w8,2026-03-26T02:27:02.510641Z,76.668,403,False,0xA0D16Db45A3E299D305623eB5499B19F75Fd2E79,COURT,333,IMAGE,2,READ,
w0,2026-03-26T02:27:02.511164Z,77.811,403,False,0x27Dd09F461d60E509B253B64B9C618ade0B207c2,INSURER,736,TELEMATICS,3,READ,
w9,2026-03-26T02:27:02.511758Z,77.894,403,False,0x13C7F80a123954B61876Afba1c5b9DDB5Ac3772D,REGULATOR,949,OTHER,1,READ,
w7,2026-03-26T02:27:02.550139Z,97.709,403,False,0xA92D4979eB98ad7361AD95Ad1182a54449C093eB,INSURER,300,IMAGE,2,READ,
w3,2026-03-26T02:27:02.550925Z,97.647,403,False,0x86A27669Dc5B6bA6693B7eBf3cF194eB8C1Ba6a1,INSURER,821,TELEMATICS,3,READ,
w4,2026-03-26T02:27:02.552262Z,96.913,403,False,0x074bE6382e1bAD6f8957dEED880345Efc1bDC58C,POLICE,673,MEDICAL_REPORT,5,READ,
w2,2026-03-26T02:27:02.509890Z,163.626,200,True,0x71012eDE103b9A85faF1F8b952361232E5A73b6d,COURT,188,VIDEO,2,READ,
w6,2026-03-26T02:27:02.586545Z,87.879,403,False,0x85ECA10226e8EE3Abb23B282bEBcfD147D3af353,POLICE,963,OTHER,1,READ,
w8,2026-03-26T02:27:02.587355Z,87.648,403,False,0x907C18fd7B2D156904bC5c25dD4542B69dfe6d54,ADJUSTER,950,OTHER,1,READ,
w0,2026-03-26T02:27:02.589007Z,86.536,403,False,0x71012eDE103b9A85faF1F8b952361232E5A73b6d,COURT,802,TELEMATICS,3,READ,
w9,2026-03-26T02:27:02.589675Z,86.397,403,False,0x11d0837E47B208389bc698030a678Bc9261f8156,INSURER,324,IMAGE,2,READ,
w1,2026-03-26T02:27:02.549391Z,144.429,200,True,0x1ed7D08B1bc117C8039A09D7469dCD6b7119ec85,POLICE,173,VIDEO,2,READ,
w5,2026-03-26T02:27:02.551584Z,142.969,200,True,0xD6DBE4E8f9f2C043d9D69340C893CDc79e6cEaB1,ADJUSTER,51,VIDEO,2,READ,
w3,2026-03-26T02:27:02.648593Z,46.452,403,False,0xfbffdfBb61e2B0aCC9065D4c9940fAdB3c5Bb4DE,INSURER,768,TELEMATICS,3,READ,
w4,2026-03-26T02:27:02.649201Z,55.442,403,False,0x4f7D9fAD2de6543311c004C44a061D6E3BF44Bc2,GARAGE,959,OTHER,1,READ,
w2,2026-03-26T02:27:02.673540Z,67.717,403,False,0x3439804Aa24202062144D2208cAD3E29C04d6CfC,POLICE,461,IMAGE,2,READ,
w6,2026-03-26T02:27:02.674450Z,67.508,403,False,0x33733bc2AFfA696339eACE63a29db0850Bae08C6,COURT,871,OTHER,1,READ,
w8,2026-03-26T02:27:02.675027Z,67.430,403,False,0xF4B9B002569bC5998B1d5a2309EF921d2ca63BDd,INSURER,656,FNOL,4,READ,
w0,2026-03-26T02:27:02.675575Z,67.484,403,False,0x13C7F80a123954B61876Afba1c5b9DDB5Ac3772D,REGULATOR,629,FNOL,4,READ,
w7,2026-03-26T02:27:02.647873Z,121.618,200,True,0x5c07a06B115c15b04B988EA559f2FC152b87BE65,INSURER,163,VIDEO,2,READ,
w1,2026-03-26T02:27:02.693843Z,104.618,403,False,0xfaB598AD02177fA240d67eae46e2BBf26ba64810,ADJUSTER,358,IMAGE,2,READ,
w5,2026-03-26T02:27:02.694573Z,104.856,403,False,0xc0c58f42F3d56a359208054C1e3d9EB9FEB181E5,ADJUSTER,1000,OTHER,1,READ,
w2,2026-03-26T02:27:02.741281Z,95.643,403,False,0x81D5Aec6843c63328EB7A8D21A676abe6c3EB28b,COURT,367,IMAGE,2,READ,
w6,2026-03-26T02:27:02.741978Z,95.599,403,False,0x85CB40Edf798FBbfC3e1f8fBA9d60D3aDA9edc66,REGULATOR,916,OTHER,1,READ,
w0,2026-03-26T02:27:02.743078Z,105.040,403,False,0x727e45e23f8594c57Cf3FE94b94fC6DC8eBD7A92,INSURER,958,OTHER,1,READ,
w9,2026-03-26T02:27:02.676109Z,172.767,200,True,0x99F976CEeE5D5d44F2838f3c8d7c188f183c11E8,COURT,217,VIDEO,2,READ,
w3,2026-03-26T02:27:02.695065Z,164.384,200,True,0xB7953144C083a54D89d9e4eCB7A2A4151D4007E0,REGULATOR,161,VIDEO,2,READ,
w4,2026-03-26T02:27:02.704666Z,155.446,200,True,0x995408770BbdF9C720d131bCfa0bE248c90fA29f,COURT,131,VIDEO,2,READ,
w1,2026-03-26T02:27:02.798511Z,66.440,403,False,0x8d1A0bE126b91823D8E5E215116c9351922277f7,INSURER,486,IMAGE,2,READ,
w5,2026-03-26T02:27:02.799455Z,71.352,403,False,0x3Ce62c75582d14D54A1532D0Fd3fcA709D3AB012,ADJUSTER,515,FNOL,4,READ,
w8,2026-03-26T02:27:02.742480Z,181.443,200,True,0x5d47D10E5aaDa092c97f77a2011d225a54e888dE,INSURER,234,VIDEO,2,READ,
w7,2026-03-26T02:27:02.769516Z,155.315,200,True,0x4939E121036A8AD1643718eFc89097821616931f,POLICE,230,VIDEO,2,READ,
w2,2026-03-26T02:27:02.836978Z,88.459,403,False,0x2681A1fbf737DE9BE4B8ac0DEDe2f71fB64E2284,INSURER,629,FNOL,4,READ,
w0,2026-03-26T02:27:02.848142Z,78.057,403,False,0x12CB40C48B0B23c8B9E9a012e1863b5225A5F311,INSURER,544,FNOL,4,READ,
w9,2026-03-26T02:27:02.848898Z,77.890,403,False,0x8d409457EE624A6a1Afb1B789793990026056d7d,REGULATOR,300,IMAGE,2,READ,
w3,2026-03-26T02:27:02.859471Z,84.445,403,False,0x23164e00C680c815A8886E437558C15425a21040,COURT,660,FNOL,4,READ,
w4,2026-03-26T02:27:02.860133Z,84.458,403,False,0xD6DBE4E8f9f2C043d9D69340C893CDc79e6cEaB1,ADJUSTER,668,FNOL,4,READ,
w1,2026-03-26T02:27:02.864974Z,80.301,403,False,0x6793787989bC3CD4C54f44099Dc75Fb05503EC65,GARAGE,401,IMAGE,2,READ,
w5,2026-03-26T02:27:02.870830Z,74.955,403,False,0xf35E98eF2f18881395aAf1Ef3ffB3f31d4b20C25,INSURER,304,IMAGE,2,READ,
w6,2026-03-26T02:27:02.837600Z,153.579,200,True,0xC0B54dC53B9A14ad6199dbB75383AcEe7B50414B,ADJUSTER,89,VIDEO,2,READ,
w8,2026-03-26T02:27:02.923969Z,67.925,403,False,0x33733bc2AFfA696339eACE63a29db0850Bae08C6,COURT,766,TELEMATICS,3,READ,
w7,2026-03-26T02:27:02.924865Z,67.722,403,False,0xAd32d7cB99dFce02DE8A0033cC5fea1262c9840C,INSURER,462,IMAGE,2,READ,
w2,2026-03-26T02:27:02.925462Z,67.729,403,False,0x9A79C72a6b8A1a6F62B7D42810fA4D7d292395BC,POLICE,608,FNOL,4,READ,
w0,2026-03-26T02:27:02.926255Z,67.493,403,False,0xa7eF2a6f2A3eb7A7472DAD889d17dEa48faBca1a,INSURER,304,IMAGE,2,READ,
w9,2026-03-26T02:27:02.926813Z,98.516,403,False,0x85ECA10226e8EE3Abb23B282bEBcfD147D3af353,POLICE,359,IMAGE,2,READ,
w3,2026-03-26T02:27:02.943938Z,81.994,403,False,0x4f7D9fAD2de6543311c004C44a061D6E3BF44Bc2,GARAGE,908,OTHER,1,READ,
w4,2026-03-26T02:27:02.944615Z,81.807,403,False,0x90937Fa99BC935CfA2aDcB3C0dcde37a9a95af00,INSURER,849,TELEMATICS,3,READ,
w1,2026-03-26T02:27:02.945296Z,93.833,403,False,0x49Fc0F0951a6A354226EEdd0Ec69e2b1c69880E3,ADJUSTER,720,TELEMATICS,3,READ,
w5,2026-03-26T02:27:02.945805Z,94.210,403,False,0xC737C4f48DDAf3A5015F6461cCC3152074B1adDc,INSURER,586,FNOL,4,READ,
w6,2026-03-26T02:27:02.991203Z,83.712,403,False,0x5c07a06B115c15b04B988EA559f2FC152b87BE65,INSURER,772,TELEMATICS,3,READ,
w7,2026-03-26T02:27:02.992608Z,83.025,403,False,0xce923F1c1B6DE1A03f42cC378185B0BCCD65256e,POLICE,456,IMAGE,2,READ,
w2,2026-03-26T02:27:02.993214Z,83.033,403,False,0xe9BfB16581647fc6746A690dC658b56D114822f2,POLICE,749,TELEMATICS,3,READ,
w0,2026-03-26T02:27:02.993773Z,100.552,403,False,0xc0c58f42F3d56a359208054C1e3d9EB9FEB181E5,ADJUSTER,449,IMAGE,2,READ,
w9,2026-03-26T02:27:03.025354Z,69.529,403,False,0xEE47aAeC1ae1eFc7AcE9A2bAB0F5c89c97613D42,POLICE,678,FNOL,4,READ,
w3,2026-03-26T02:27:03.025954Z,80.260,403,False,0xe4f7B57F3C40B6c829FCf662110800Fe4aBafb37,GARAGE,625,FNOL,4,READ,
w4,2026-03-26T02:27:03.026447Z,80.364,403,False,0x36599004C3aC0Aa715a49186455E90556EA805cE,GARAGE,781,TELEMATICS,3,READ,
w1,2026-03-26T02:27:03.039153Z,68.178,403,False,0xa69B6a9c2ED6A394a404B91B851C1176b76370Fa,GARAGE,399,IMAGE,2,READ,
w5,2026-03-26T02:27:03.040043Z,67.881,403,False,0x83e68Cac649872ca6135aDfEF9A944bbF908ef66,GARAGE,749,TELEMATICS,3,READ,
w8,2026-03-26T02:27:02.991933Z,174.818,200,True,0x5d3d41FA5c381DAE4B6Bcdfd09862684aA5Ce3fd,ADJUSTER,25,VIDEO,2,READ,
w7,2026-03-26T02:27:03.075702Z,91.663,403,False,0xe8425CD8D02275245734Aa5D064DD1F2B051fA27,INSURER,873,OTHER,1,READ,
w0,2026-03-26T02:27:03.094348Z,118.494,403,False,0x7F99cBFcC9a6cBf31E66d657377B3C4D260ce4BE,ADJUSTER,773,TELEMATICS,3,READ,
w9,2026-03-26T02:27:03.094906Z,118.755,403,False,0x6946334781F193CD26a1b9026c1980aa92c80Fd4,ADJUSTER,983,OTHER,1,READ,
w4,2026-03-26T02:27:03.106832Z,141.146,403,False,0xB3eC418F3094778ae76FC8F0a97898435F0F1768,ADJUSTER,369,IMAGE,2,READ,
w1,2026-03-26T02:27:03.107355Z,141.513,403,False,0xe68Cd859c32799e54800ffa5C5474912A5C23706,INSURER,745,TELEMATICS,3,READ,
w5,2026-03-26T02:27:03.107957Z,141.478,403,False,0x2eda3233Edca92d3CC82824DE958CC1cCE3A80f4,POLICE,663,FNOL,4,READ,
w6,2026-03-26T02:27:03.074938Z,225.363,200,True,0xACeC85e12d17bE03cf4d9ac50Db46392aC26A13A,GARAGE,145,VIDEO,2,READ,
w2,2026-03-26T02:27:03.076268Z,224.595,200,True,0xD1ff571869D0436cC7b43A2a2c156085F4c5Efeb,ADJUSTER,65,VIDEO,2,READ,
w8,2026-03-26T02:27:03.166772Z,134.570,403,False,0x724d89D8ad84494De12a74615cd5bFFEf3eA18aA,ADJUSTER,931,OTHER,1,READ,
w7,2026-03-26T02:27:03.167389Z,134.368,403,False,0x54cFafA03b3780b2bEc02Ba688A6DB581b30e82F,POLICE,651,MEDICAL_REPORT,5,READ,
w0,2026-03-26T02:27:03.212890Z,95.473,403,False,0x005fc769438eD21e72915650ea3d0Bd0779E1d56,ADJUSTER,896,OTHER,1,READ,
w3,2026-03-26T02:27:03.106237Z,243.750,200,True,0xA540c09f6c140651CA79CFFa797D92DF979aE483,ADJUSTER,186,VIDEO,2,READ,
w5,2026-03-26T02:27:03.249486Z,128.477,403,False,0x6e2eda1263F3990130d14F0D25bc4b93d5d6D80C,REGULATOR,571,MEDICAL_REPORT,5,READ,
w9,2026-03-26T02:27:03.213682Z,186.870,200,True,0xE022AD1Cb2e3f18fD419769921D61166A5F80FB9,POLICE,85,VIDEO,2,READ,
w6,2026-03-26T02:27:03.300323Z,100.946,403,False,0x58546e800Dd5EE7E99f22ecB7344138B6dFF55Ce,INSURER,423,IMAGE,2,READ,
w8,2026-03-26T02:27:03.301361Z,100.533,403,False,0x2C633fcDe1FC84a3cab453082dd753A56206d5a5,ADJUSTER,752,TELEMATICS,3,READ,
w7,2026-03-26T02:27:03.301772Z,100.562,403,False,0x7036A61a0c4486ca1acA322940DFE746a02EdBF7,INSURER,974,OTHER,1,READ,
w0,2026-03-26T02:27:03.308388Z,119.689,403,False,0xD1ff571869D0436cC7b43A2a2c156085F4c5Efeb,ADJUSTER,346,IMAGE,2,READ,
w3,2026-03-26T02:27:03.350036Z,79.807,403,False,0xD6DBE4E8f9f2C043d9D69340C893CDc79e6cEaB1,ADJUSTER,770,TELEMATICS,3,READ,
w4,2026-03-26T02:27:03.248003Z,216.239,200,True,0x59e91027b0aBD6B839408f96360A4ca0Dc596a98,ADJUSTER,130,VIDEO,2,READ,
w1,2026-03-26T02:27:03.248894Z,216.236,200,True,0xF92d6f9F9322A08d7548d2be3FFFfa7E9307bfF7,POLICE,227,VIDEO,2,READ,
w5,2026-03-26T02:27:03.377988Z,87.920,403,False,0xC0B54dC53B9A14ad6199dbB75383AcEe7B50414B,ADJUSTER,866,OTHER,1,READ,
w2,2026-03-26T02:27:03.300883Z,165.736,200,True,0x005fc769438eD21e72915650ea3d0Bd0779E1d56,ADJUSTER,204,VIDEO,2,READ,
w9,2026-03-26T02:27:03.400575Z,74.677,403,False,0x2eda3233Edca92d3CC82824DE958CC1cCE3A80f4,POLICE,750,TELEMATICS,3,READ,
w8,2026-03-26T02:27:03.401919Z,118.186,403,False,0x5361cD9F3982091dD2C3e79FAb30707aD081b1AA,INSURER,999,OTHER,1,READ,
w7,2026-03-26T02:27:03.402351Z,118.631,403,False,0xAc46c6cb0d1d810573C55BcB67a854a313D89d5E,POLICE,632,MEDICAL_REPORT,5,READ,
w3,2026-03-26T02:27:03.429868Z,119.204,403,False,0x0a32D28155a778b375C162F8999D8D0d760896b8,ADJUSTER,711,TELEMATICS,3,READ,
w4,2026-03-26T02:27:03.464269Z,88.325,403,False,0xAc46c6cb0d1d810573C55BcB67a854a313D89d5E,POLICE,562,FNOL,4,READ,
w1,2026-03-26T02:27:03.465153Z,88.194,403,False,0xc78F8e87EFbf9675147C8824EF1242398372eFCC,COURT,307,IMAGE,2,READ,
w5,2026-03-26T02:27:03.465932Z,126.449,403,False,0xAc46c6cb0d1d810573C55BcB67a854a313D89d5E,POLICE,628,MEDICAL_REPORT,5,READ,
w2,2026-03-26T02:27:03.466641Z,126.616,403,False,0xc073597a01C3BD226F8723F8E91124b57b11BEc8,GARAGE,946,OTHER,1,READ,
w9,2026-03-26T02:27:03.475276Z,118.703,403,False,0x2eda3233Edca92d3CC82824DE958CC1cCE3A80f4,POLICE,289,IMAGE,2,READ,
w6,2026-03-26T02:27:03.401291Z,211.335,200,True,0xD8859a86a30f76f3bB902c5710A4172bd799658c,INSURER,15,VIDEO,2,READ,
w7,2026-03-26T02:27:03.521005Z,92.431,403,False,0x9f26D169621c57Db8eC4B7a3B5D9aF4CdF71085F,INSURER,569,MEDICAL_REPORT,5,READ,
w0,2026-03-26T02:27:03.428102Z,232.832,200,True,0xd9A6B19e054ef53852110104f8251e86d57f88fe,INSURER,109,VIDEO,2,READ,
w3,2026-03-26T02:27:03.549095Z,112.499,403,False,0xe9BfB16581647fc6746A690dC658b56D114822f2,POLICE,797,TELEMATICS,3,READ,
w2,2026-03-26T02:27:03.593284Z,90.585,403,False,0xc78F8e87EFbf9675147C8824EF1242398372eFCC,COURT,368,IMAGE,2,READ,
w8,2026-03-26T02:27:03.520128Z,165.419,200,True,0x7F99cBFcC9a6cBf31E66d657377B3C4D260ce4BE,ADJUSTER,53,VIDEO,2,READ,
w6,2026-03-26T02:27:03.612649Z,77.516,403,False,0xe4f7B57F3C40B6c829FCf662110800Fe4aBafb37,GARAGE,749,TELEMATICS,3,READ,
w7,2026-03-26T02:27:03.613466Z,77.499,403,False,0x6e2eda1263F3990130d14F0D25bc4b93d5d6D80C,REGULATOR,818,TELEMATICS,3,READ,
w4,2026-03-26T02:27:03.552618Z,163.574,200,True,0x81946b335d2Cf70a427E23b92bCcC1ACcDDB118A,INSURER,89,VIDEO,2,READ,
w1,2026-03-26T02:27:03.553369Z,163.723,200,True,0xe29a4A0F7cc642F4654E70D8217eDDD2237e5b7f,ADJUSTER,242,VIDEO,2,READ,
w0,2026-03-26T02:27:03.660958Z,56.801,403,False,0x10e284843829f15F74cE6E0abD20284341c6DB9A,INSURER,297,IMAGE,2,READ,
w5,2026-03-26T02:27:03.592405Z,148.432,200,True,0x26Ab584De439e6A70824Fd85dFdc1587DF5D1516,INSURER,145,VIDEO,2,READ,
w9,2026-03-26T02:27:03.594028Z,147.293,200,True,0xC60A6C8Fe339e01d6E76d91B0650A99bd0eA77F1,POLICE,53,VIDEO,2,READ,
w2,2026-03-26T02:27:03.683900Z,60.780,403,False,0x58546e800Dd5EE7E99f22ecB7344138B6dFF55Ce,INSURER,836,TELEMATICS,3,READ,
w8,2026-03-26T02:27:03.685640Z,59.935,403,False,0x7F99cBFcC9a6cBf31E66d657377B3C4D260ce4BE,ADJUSTER,734,TELEMATICS,3,READ,
w3,2026-03-26T02:27:03.661616Z,92.148,200,True,0x89536950F14FD6E0f52C88C17D5A8d27A19f7635,INSURER,67,VIDEO,2,READ,
w1,2026-03-26T02:27:03.717136Z,37.487,403,False,0x23E9FBB7579C74D955604A707C648CA3Db02A0c7,ADJUSTER,914,OTHER,1,READ,
w0,2026-03-26T02:27:03.717782Z,37.450,403,False,0x9A79C72a6b8A1a6F62B7D42810fA4D7d292395BC,POLICE,742,TELEMATICS,3,READ,
w6,2026-03-26T02:27:03.690189Z,106.948,200,True,0x969F5C531FA570b10b873CE229E1D17C35c80b01,POLICE,248,VIDEO,2,READ,
w7,2026-03-26T02:27:03.690986Z,109.345,200,True,0x3F80f29E8ee7BD7ab795eaa0ea5834F45d8b4f36,ADJUSTER,92,VIDEO,2,READ,
w2,2026-03-26T02:27:03.744708Z,57.899,403,False,0x0a32D28155a778b375C162F8999D8D0d760896b8,ADJUSTER,855,OTHER,1,READ,
w4,2026-03-26T02:27:03.716228Z,112.868,200,True,0x5106911D638802a025a43feF48b5836d711BcfDC,GARAGE,114,VIDEO,2,READ,
w3,2026-03-26T02:27:03.753788Z,76.056,403,False,0xc30C588825d2d3c37cC645CB5f9D5138F2A54A85,POLICE,966,OTHER,1,READ,
w1,2026-03-26T02:27:03.754651Z,79.395,403,False,0xA540c09f6c140651CA79CFFa797D92DF979aE483,ADJUSTER,960,OTHER,1,READ,
w5,2026-03-26T02:27:03.740860Z,126.240,200,True,0x0B5dF81DC06Bb007c88E04eD2D6826Ca41cBB0A2,GARAGE,133,VIDEO,2,READ,
w9,2026-03-26T02:27:03.741342Z,126.294,200,True,0x828c0FD3Ed54b03A52e62470aF331e95A50BCf09,POLICE,89,VIDEO,2,READ,
w8,2026-03-26T02:27:03.745760Z,122.355,200,True,0x0B5dF81DC06Bb007c88E04eD2D6826Ca41cBB0A2,GARAGE,127,VIDEO,2,READ,
w6,2026-03-26T02:27:03.797162Z,71.464,403,False,0xe8425CD8D02275245734Aa5D064DD1F2B051fA27,INSURER,433,IMAGE,2,READ,
w7,2026-03-26T02:27:03.800553Z,68.661,403,False,0xa7eF2a6f2A3eb7A7472DAD889d17dEa48faBca1a,INSURER,427,IMAGE,2,READ,
w2,2026-03-26T02:27:03.802634Z,67.067,403,False,0x2E3A06358fFBF425bdBFB9D46d36F4C62cB2C752,ADJUSTER,770,TELEMATICS,3,READ,
w0,2026-03-26T02:27:03.755255Z,128.170,200,True,0x4939E121036A8AD1643718eFc89097821616931f,POLICE,7,VIDEO,2,READ,
w4,2026-03-26T02:27:03.829118Z,54.838,403,False,0xfaB598AD02177fA240d67eae46e2BBf26ba64810,ADJUSTER,814,TELEMATICS,3,READ,
w3,2026-03-26T02:27:03.829865Z,54.651,403,False,0xd9A6B19e054ef53852110104f8251e86d57f88fe,INSURER,460,IMAGE,2,READ,
w1,2026-03-26T02:27:03.834194Z,50.806,403,False,0xD74Bb4A9C118bf6bC73Be08B90542dAab12c5FAe,INSURER,963,OTHER,1,READ,
w5,2026-03-26T02:27:03.867123Z,92.409,403,False,0xD1ff571869D0436cC7b43A2a2c156085F4c5Efeb,ADJUSTER,527,FNOL,4,READ,
w9,2026-03-26T02:27:03.867667Z,93.846,403,False,0xe740840314f9ce0a5F0dB4619861b2B85A08f007,INSURER,564,MEDICAL_REPORT,5,READ,
w8,2026-03-26T02:27:03.868133Z,94.664,403,False,0xe29a4A0F7cc642F4654E70D8217eDDD2237e5b7f,ADJUSTER,427,IMAGE,2,READ,
w7,2026-03-26T02:27:03.869236Z,94.124,403,False,0x11d0837E47B208389bc698030a678Bc9261f8156,INSURER,952,OTHER,1,READ,
w2,2026-03-26T02:27:03.869741Z,94.193,403,False,0x09fA524FB632b6004cb5b61705D1Ac8346f5C956,ADJUSTER,980,OTHER,1,READ,
w4,2026-03-26T02:27:03.883975Z,80.562,403,False,0x4Bb9AC8aB8c9D213B9d89538B10C1016f8e66773,INSURER,439,IMAGE,2,READ,
w6,2026-03-26T02:27:03.868648Z,245.330,200,True,0x85ECA10226e8EE3Abb23B282bEBcfD147D3af353,POLICE,18,VIDEO,2,READ,
w0,2026-03-26T02:27:03.883442Z,231.358,200,True,0x1a03927dCE7C5BDefcc351BCF06A554ABCDf2862,ADJUSTER,37,VIDEO,2,READ,
w5,2026-03-26T02:27:03.959570Z,155.729,403,False,0x6e2eda1263F3990130d14F0D25bc4b93d5d6D80C,REGULATOR,897,OTHER,1,READ,
w8,2026-03-26T02:27:03.962821Z,152.952,403,False,0xD74Bb4A9C118bf6bC73Be08B90542dAab12c5FAe,INSURER,345,IMAGE,2,READ,
w3,2026-03-26T02:27:03.884533Z,243.857,200,True,0x45c4F19a8C6e455e9647ad8aD8a9A9c7733b6Bad,INSURER,59,VIDEO,2,READ,
w1,2026-03-26T02:27:03.885019Z,244.159,200,True,0x814742D6773D55c02177ca64238a124D39d8CAd0,COURT,8,VIDEO,2,READ,
w9,2026-03-26T02:27:03.961549Z,285.533,200,True,0x4e3024d505B55f3da9f0D7B3a7319EDF7CBAdAdc,INSURER,7,VIDEO,2,READ,
w7,2026-03-26T02:27:03.963386Z,284.403,200,True,0xfa0c2c3a58Dc42E7c1266c6Badd86D7001B6c961,INSURER,71,VIDEO,2,READ,
w2,2026-03-26T02:27:03.963953Z,284.447,200,True,0x7693A9f87027932864A045F6Ed756AA65fdeEc1c,INSURER,244,VIDEO,2,READ,
w4,2026-03-26T02:27:03.964580Z,284.520,200,True,0x2AA4a29437fF4B945Ac2957FFd6DdB3AF0fEb05b,ADJUSTER,60,VIDEO,2,READ,
w0,2026-03-26T02:27:04.114822Z,134.791,403,False,0xDce410211947791510C6ABE09E20663d9934397A,INSURER,289,IMAGE,2,READ,
w3,2026-03-26T02:27:04.128414Z,137.238,403,False,0xc78F8e87EFbf9675147C8824EF1242398372eFCC,COURT,344,IMAGE,2,READ,
w1,2026-03-26T02:27:04.129201Z,137.178,403,False,0xCe261d45B20f7c1ACaE3eAf693D957b5D99D42BD,REGULATOR,367,IMAGE,2,READ,
w6,2026-03-26T02:27:04.114007Z,191.116,200,True,0x90937Fa99BC935CfA2aDcB3C0dcde37a9a95af00,INSURER,129,VIDEO,2,READ,
w5,2026-03-26T02:27:04.115319Z,190.308,200,True,0x7E270839240F84dCe86114e7c9A1B5C9751d5fc0,ADJUSTER,260,IMAGE,2,READ,
w9,2026-03-26T02:27:04.247106Z,59.164,403,False,0x84201FaB00444122Be75C109644920B9462cD92d,INSURER,343,IMAGE,2,READ,
w4,2026-03-26T02:27:04.249137Z,57.967,403,False,0x20060De9B531866f987DE7123AAb09E3Df40B650,INSURER,938,OTHER,1,READ,
w0,2026-03-26T02:27:04.249630Z,59.025,403,False,0x7036A61a0c4486ca1acA322940DFE746a02EdBF7,INSURER,278,IMAGE,2,READ,
w8,2026-03-26T02:27:04.115792Z,222.627,200,True,0x5c07a06B115c15b04B988EA559f2FC152b87BE65,INSURER,54,VIDEO,2,READ,
w3,2026-03-26T02:27:04.265676Z,73.518,403,False,0x90028B286fD1D933A9D4663B944477413d781ad9,COURT,944,OTHER,1,READ,
w1,2026-03-26T02:27:04.266402Z,73.334,403,False,0xd9A6B19e054ef53852110104f8251e86d57f88fe,INSURER,379,IMAGE,2,READ,
w7,2026-03-26T02:27:04.247809Z,116.078,200,True,0xe740840314f9ce0a5F0dB4619861b2B85A08f007,INSURER,148,VIDEO,2,READ,
w2,2026-03-26T02:27:04.248422Z,116.458,200,True,0xA903578836c1E60A93BAd29357D9962aBd7aE0E7,GARAGE,183,VIDEO,2,READ,
w6,2026-03-26T02:27:04.305145Z,60.322,403,False,0xEE47aAeC1ae1eFc7AcE9A2bAB0F5c89c97613D42,POLICE,976,OTHER,1,READ,
w9,2026-03-26T02:27:04.306294Z,59.690,403,False,0x265D84A4A56a37ae42bD3AE43A135660D59CE429,COURT,925,OTHER,1,READ,
w0,2026-03-26T02:27:04.308690Z,57.916,403,False,0x2E3648461e7e88D00d60a2f635D34041487Ae4B0,COURT,306,IMAGE,2,READ,
w8,2026-03-26T02:27:04.338442Z,37.421,403,False,0x005fc769438eD21e72915650ea3d0Bd0779E1d56,ADJUSTER,894,OTHER,1,READ,
w3,2026-03-26T02:27:04.339234Z,37.223,403,False,0xe29a4A0F7cc642F4654E70D8217eDDD2237e5b7f,ADJUSTER,529,MEDICAL_REPORT,5,READ,
w1,2026-03-26T02:27:04.339759Z,37.424,403,False,0x2b2d95E89Db8d5C9D7a789205F735fffB7738f31,INSURER,738,TELEMATICS,3,READ,
w5,2026-03-26T02:27:04.305645Z,105.985,200,True,0xfa0c2c3a58Dc42E7c1266c6Badd86D7001B6c961,INSURER,53,VIDEO,2,READ,
w4,2026-03-26T02:27:04.307126Z,105.353,200,True,0x5106911D638802a025a43feF48b5836d711BcfDC,GARAGE,135,VIDEO,2,READ,
w7,2026-03-26T02:27:04.363912Z,49.217,403,False,0x2eda3233Edca92d3CC82824DE958CC1cCE3A80f4,POLICE,569,MEDICAL_REPORT,5,READ,
w2,2026-03-26T02:27:04.364904Z,48.748,403,False,0x33733bc2AFfA696339eACE63a29db0850Bae08C6,COURT,352,IMAGE,2,READ,
w6,2026-03-26T02:27:04.365489Z,50.122,403,False,0x724d89D8ad84494De12a74615cd5bFFEf3eA18aA,ADJUSTER,522,FNOL,4,READ,
w9,2026-03-26T02:27:04.366005Z,50.152,403,False,0x005fc769438eD21e72915650ea3d0Bd0779E1d56,ADJUSTER,894,OTHER,1,READ,
w0,2026-03-26T02:27:04.366628Z,53.603,403,False,0x12CB40C48B0B23c8B9E9a012e1863b5225A5F311,INSURER,427,IMAGE,2,READ,
w3,2026-03-26T02:27:04.376489Z,64.990,403,False,0x9f26D169621c57Db8eC4B7a3B5D9aF4CdF71085F,INSURER,705,TELEMATICS,3,READ,
w1,2026-03-26T02:27:04.377205Z,64.965,403,False,0x3A7a82b4A46a2f934834Ca05381528d576A17a70,INSURER,795,TELEMATICS,3,READ,
w5,2026-03-26T02:27:04.411677Z,69.857,403,False,0x3Ce62c75582d14D54A1532D0Fd3fcA709D3AB012,ADJUSTER,729,TELEMATICS,3,READ,
w4,2026-03-26T02:27:04.412505Z,69.890,403,False,0x45c4F19a8C6e455e9647ad8aD8a9A9c7733b6Bad,INSURER,854,OTHER,1,READ,
w7,2026-03-26T02:27:04.413159Z,69.858,403,False,0xd0689a028421dC6615C8E2A65363C35d34DCe4CC,COURT,924,OTHER,1,READ,
w9,2026-03-26T02:27:04.416178Z,67.410,403,False,0x1ed7D08B1bc117C8039A09D7469dCD6b7119ec85,POLICE,893,OTHER,1,READ,
w8,2026-03-26T02:27:04.375885Z,113.633,200,True,0x2d463F869E51337B7a301382Cc76B1960D09BAd7,ADJUSTER,5,VIDEO,2,READ,
w3,2026-03-26T02:27:04.441504Z,49.023,403,False,0x828c0FD3Ed54b03A52e62470aF331e95A50BCf09,POLICE,724,TELEMATICS,3,READ,
w1,2026-03-26T02:27:04.442193Z,53.750,403,False,0xcB1049e81CC805FeD8B469418aAd2A2A5fCc652A,INSURER,859,OTHER,1,READ,
w2,2026-03-26T02:27:04.413675Z,175.612,200,True,0x20060De9B531866f987DE7123AAb09E3Df40B650,INSURER,244,VIDEO,2,READ,
w6,2026-03-26T02:27:04.415633Z,174.614,200,True,0xfa05901804C21448e6980BbDFa52ED18dc9d3B21,ADJUSTER,122,VIDEO,2,READ,
w0,2026-03-26T02:27:04.420258Z,170.687,200,True,0x84201FaB00444122Be75C109644920B9462cD92d,INSURER,37,VIDEO,2,READ,
w4,2026-03-26T02:27:04.482435Z,109.221,403,False,0x3539040e9A7AA2F3eb932f8a6523DA9ED746160F,GARAGE,900,OTHER,1,READ,
w7,2026-03-26T02:27:04.483042Z,114.638,403,False,0x11d0837E47B208389bc698030a678Bc9261f8156,INSURER,808,TELEMATICS,3,READ,
w9,2026-03-26T02:27:04.483617Z,114.844,403,False,0x1ed7D08B1bc117C8039A09D7469dCD6b7119ec85,POLICE,577,FNOL,4,READ,
w8,2026-03-26T02:27:04.489543Z,109.475,403,False,0x4939E121036A8AD1643718eFc89097821616931f,POLICE,886,OTHER,1,READ,
w3,2026-03-26T02:27:04.490551Z,109.100,403,False,0x7F99cBFcC9a6cBf31E66d657377B3C4D260ce4BE,ADJUSTER,513,FNOL,4,READ,
w1,2026-03-26T02:27:04.495965Z,108.318,403,False,0xAc46c6cb0d1d810573C55BcB67a854a313D89d5E,POLICE,823,TELEMATICS,3,READ,
w5,2026-03-26T02:27:04.481560Z,203.604,200,True,0x5d47D10E5aaDa092c97f77a2011d225a54e888dE,INSURER,242,VIDEO,2,READ,
w2,2026-03-26T02:27:04.589317Z,96.455,403,False,0xc073597a01C3BD226F8723F8E91124b57b11BEc8,GARAGE,559,MEDICAL_REPORT,5,READ,
w6,2026-03-26T02:27:04.590284Z,96.016,403,False,0x907C18fd7B2D156904bC5c25dD4542B69dfe6d54,ADJUSTER,953,OTHER,1,READ,
w0,2026-03-26T02:27:04.590971Z,96.033,403,False,0x98568A32769F002C8A543cc7578A13516D5646a3,INSURER,290,IMAGE,2,READ,
w4,2026-03-26T02:27:04.591681Z,96.028,403,False,0x0B5dF81DC06Bb007c88E04eD2D6826Ca41cBB0A2,GARAGE,700,MEDICAL_REPORT,5,READ,
w7,2026-03-26T02:27:04.597733Z,90.618,403,False,0xE2694287D484e8aE315B0F637DD87846ff5d7AdB,COURT,830,TELEMATICS,3,READ,
w9,2026-03-26T02:27:04.598484Z,138.136,403,False,0x5361cD9F3982091dD2C3e79FAb30707aD081b1AA,INSURER,830,TELEMATICS,3,READ,
w8,2026-03-26T02:27:04.599039Z,138.560,403,False,0xd0689a028421dC6615C8E2A65363C35d34DCe4CC,COURT,858,OTHER,1,READ,
w3,2026-03-26T02:27:04.599672Z,138.448,403,False,0x6B44eD6B1692CB06047271f02833671D89f1a4E7,INSURER,651,MEDICAL_REPORT,5,READ,
w1,2026-03-26T02:27:04.604307Z,134.290,403,False,0xe028327896d2bb4705C2134380bDB1E038DdF2Fc,REGULATOR,981,OTHER,1,READ,
w5,2026-03-26T02:27:04.685188Z,113.753,403,False,0x3fC3662b6AbB721C5A8739eBc22914C534242aC2,GARAGE,603,FNOL,4,READ,
w2,2026-03-26T02:27:04.685795Z,113.989,403,False,0x034E07D329FcA8aC6b776699af54687288A7fe3E,ADJUSTER,601,MEDICAL_REPORT,5,READ,
w0,2026-03-26T02:27:04.687038Z,113.266,403,False,0xC737C4f48DDAf3A5015F6461cCC3152074B1adDc,INSURER,615,FNOL,4,READ,
w4,2026-03-26T02:27:04.687730Z,113.128,403,False,0x61315e13CF193804B6c866AeC0205078E4C25a12,COURT,334,IMAGE,2,READ,
w3,2026-03-26T02:27:04.738147Z,112.701,403,False,0x3Ce62c75582d14D54A1532D0Fd3fcA709D3AB012,ADJUSTER,918,OTHER,1,READ,
w1,2026-03-26T02:27:04.738618Z,112.975,403,False,0x387bB796cDb51d56531031d8f74b6b071370F649,INSURER,420,IMAGE,2,READ,
w6,2026-03-26T02:27:04.686322Z,215.020,200,True,0x36599004C3aC0Aa715a49186455E90556EA805cE,GARAGE,55,VIDEO,2,READ,
w7,2026-03-26T02:27:04.688406Z,213.852,200,True,0x4f7D9fAD2de6543311c004C44a061D6E3BF44Bc2,GARAGE,89,VIDEO,2,READ,
w5,2026-03-26T02:27:04.798969Z,103.896,403,False,0x727e45e23f8594c57Cf3FE94b94fC6DC8eBD7A92,INSURER,510,MEDICAL_REPORT,5,READ,
w2,2026-03-26T02:27:04.799809Z,109.992,403,False,0x49825196030134F6349A45D6c576684792207592,INSURER,418,IMAGE,2,READ,
w4,2026-03-26T02:27:04.800882Z,117.775,403,False,0xD6DBE4E8f9f2C043d9D69340C893CDc79e6cEaB1,ADJUSTER,330,IMAGE,2,READ,
w9,2026-03-26T02:27:04.736646Z,218.608,200,True,0x99F976CEeE5D5d44F2838f3c8d7c188f183c11E8,COURT,36,VIDEO,2,READ,
w8,2026-03-26T02:27:04.737628Z,218.560,200,True,0x7e44eb68D57cA35191576B6498CAC17b47001a2b,INSURER,186,VIDEO,2,READ,
w1,2026-03-26T02:27:04.851644Z,105.312,403,False,0xe740840314f9ce0a5F0dB4619861b2B85A08f007,INSURER,525,MEDICAL_REPORT,5,READ,
w0,2026-03-26T02:27:04.800326Z,169.678,200,True,0x5dBb83D0d96c168133412CC6e93a25a61Bfb8599,INSURER,89,VIDEO,2,READ,
w6,2026-03-26T02:27:04.901366Z,69.300,403,False,0xd9A6B19e054ef53852110104f8251e86d57f88fe,INSURER,933,OTHER,1,READ,
w7,2026-03-26T02:27:04.902280Z,76.187,403,False,0xF4B9B002569bC5998B1d5a2309EF921d2ca63BDd,INSURER,749,TELEMATICS,3,READ,
w5,2026-03-26T02:27:04.902897Z,76.273,403,False,0x85f013a2fE4D618643C6918f0dA731aA62b93420,GARAGE,519,MEDICAL_REPORT,5,READ,
w4,2026-03-26T02:27:04.918683Z,62.260,403,False,0xc78F8e87EFbf9675147C8824EF1242398372eFCC,COURT,544,FNOL,4,READ,
w3,2026-03-26T02:27:04.850874Z,196.644,200,True,0xa09383266c25808Ea3362D5DaE160528bB5Fb130,POLICE,2,VIDEO,2,READ,
w9,2026-03-26T02:27:04.955282Z,93.641,403,False,0x978CFCe76672e2C96DbfF5705fe29901d2A624d2,ADJUSTER,789,TELEMATICS,3,READ,
w8,2026-03-26T02:27:04.956213Z,93.396,403,False,0x5361cD9F3982091dD2C3e79FAb30707aD081b1AA,INSURER,998,OTHER,1,READ,
w2,2026-03-26T02:27:04.909836Z,199.654,200,True,0x23E9FBB7579C74D955604A707C648CA3Db02A0c7,ADJUSTER,115,VIDEO,2,READ,
w0,2026-03-26T02:27:04.970028Z,140.093,403,False,0xB3eC418F3094778ae76FC8F0a97898435F0F1768,ADJUSTER,278,IMAGE,2,READ,
w5,2026-03-26T02:27:04.979192Z,131.633,403,False,0x2681A1fbf737DE9BE4B8ac0DEDe2f71fB64E2284,INSURER,687,MEDICAL_REPORT,5,READ,
w4,2026-03-26T02:27:04.980966Z,130.354,403,False,0x9455AD24B4CF0dBA6bF671fb827428C8a7D5c62f,ADJUSTER,394,IMAGE,2,READ,
w1,2026-03-26T02:27:04.956983Z,196.703,200,True,0x978CFCe76672e2C96DbfF5705fe29901d2A624d2,ADJUSTER,54,VIDEO,2,READ,
w8,2026-03-26T02:27:05.049633Z,104.833,403,False,0x20060De9B531866f987DE7123AAb09E3Df40B650,INSURER,807,TELEMATICS,3,READ,
w6,2026-03-26T02:27:04.970710Z,205.670,200,True,0xe740840314f9ce0a5F0dB4619861b2B85A08f007,INSURER,148,VIDEO,2,READ,
w7,2026-03-26T02:27:04.978494Z,198.802,200,True,0xfaB598AD02177fA240d67eae46e2BBf26ba64810,ADJUSTER,110,VIDEO,2,READ,
w2,2026-03-26T02:27:05.109513Z,68.344,403,False,0x23E9FBB7579C74D955604A707C648CA3Db02A0c7,ADJUSTER,353,IMAGE,2,READ,
w0,2026-03-26T02:27:05.110147Z,68.218,403,False,0xF44A9B02ECE32ED838D00FD3Ce799F3256367eE3,INSURER,863,OTHER,1,READ,
w5,2026-03-26T02:27:05.110851Z,68.070,403,False,0xA0D16Db45A3E299D305623eB5499B19F75Fd2E79,COURT,504,MEDICAL_REPORT,5,READ,
w4,2026-03-26T02:27:05.111354Z,68.177,403,False,0x265D84A4A56a37ae42bD3AE43A135660D59CE429,COURT,384,IMAGE,2,READ,
w3,2026-03-26T02:27:05.047544Z,141.556,200,True,0x995408770BbdF9C720d131bCfa0bE248c90fA29f,COURT,174,VIDEO,2,READ,
w9,2026-03-26T02:27:05.048945Z,140.859,200,True,0xF0d558cD42EB081556a20bB9C95157de4966DbEe,INSURER,27,VIDEO,2,READ,
w1,2026-03-26T02:27:05.153711Z,36.560,403,False,0xe8425CD8D02275245734Aa5D064DD1F2B051fA27,INSURER,471,IMAGE,2,READ,
w8,2026-03-26T02:27:05.154495Z,36.382,403,False,0x85f013a2fE4D618643C6918f0dA731aA62b93420,GARAGE,477,IMAGE,2,READ,
w6,2026-03-26T02:27:05.176406Z,62.099,403,False,0x8B9C6E42320Cc7c0a0512De5818B2aCc269feef7,INSURER,611,FNOL,4,READ,
w7,2026-03-26T02:27:05.177321Z,61.875,403,False,0xc30C588825d2d3c37cC645CB5f9D5138F2A54A85,POLICE,853,OTHER,1,READ,
w0,2026-03-26T02:27:05.178385Z,61.828,403,False,0x8818DFB61c2A02e64c74DC651D2b8a152A170140,INSURER,773,TELEMATICS,3,READ,
w5,2026-03-26T02:27:05.178944Z,65.441,403,False,0xB6eA80cE3349885Ebe955de74Db37883Bb9CB5B9,GARAGE,922,OTHER,1,READ,
w4,2026-03-26T02:27:05.179552Z,65.720,403,False,0xF44A9B02ECE32ED838D00FD3Ce799F3256367eE3,INSURER,314,IMAGE,2,READ,
w3,2026-03-26T02:27:05.189119Z,56.665,403,False,0x55aC7E86FfE135500754bda7778b3749aE34930B,INSURER,656,FNOL,4,READ,
w1,2026-03-26T02:27:05.190288Z,56.171,403,False,0xa8c4E2fbBd0417D663e210a6FdD5976F5f906d9C,POLICE,680,MEDICAL_REPORT,5,READ,
w8,2026-03-26T02:27:05.190896Z,56.218,403,False,0x90937Fa99BC935CfA2aDcB3C0dcde37a9a95af00,INSURER,467,IMAGE,2,READ,
w2,2026-03-26T02:27:05.177882Z,112.182,200,True,0x3439804Aa24202062144D2208cAD3E29C04d6CfC,POLICE,197,VIDEO,2,READ,
w9,2026-03-26T02:27:05.189844Z,100.976,200,True,0xA0D16Db45A3E299D305623eB5499B19F75Fd2E79,COURT,215,VIDEO,2,READ,
w7,2026-03-26T02:27:05.239224Z,52.151,403,False,0x62198F0616394D6E59Acc14b43bbe6ABF2f67db8,ADJUSTER,337,IMAGE,2,READ,
w0,2026-03-26T02:27:05.240247Z,51.761,403,False,0x7E270839240F84dCe86114e7c9A1B5C9751d5fc0,ADJUSTER,937,OTHER,1,READ,
w5,2026-03-26T02:27:05.244417Z,48.194,403,False,0xc78F8e87EFbf9675147C8824EF1242398372eFCC,COURT,770,TELEMATICS,3,READ,
w4,2026-03-26T02:27:05.245294Z,47.868,403,False,0x9e27Ca8f24DA387fa26EB31284B2cee849f4fDb8,INSURER,381,IMAGE,2,READ,
w1,2026-03-26T02:27:05.246480Z,57.592,403,False,0x0D7022eA8E23540fb4DCD302f796E37E70C4ee18,ADJUSTER,412,IMAGE,2,READ,
w6,2026-03-26T02:27:05.238530Z,104.918,200,True,0x98568A32769F002C8A543cc7578A13516D5646a3,INSURER,238,VIDEO,2,READ,
w9,2026-03-26T02:27:05.290842Z,53.531,403,False,0x5361cD9F3982091dD2C3e79FAb30707aD081b1AA,INSURER,354,IMAGE,2,READ,
w7,2026-03-26T02:27:05.291396Z,53.567,403,False,0x3Ce62c75582d14D54A1532D0Fd3fcA709D3AB012,ADJUSTER,825,TELEMATICS,3,READ,
w0,2026-03-26T02:27:05.292031Z,53.561,403,False,0x58546e800Dd5EE7E99f22ecB7344138B6dFF55Ce,INSURER,517,FNOL,4,READ,
w5,2026-03-26T02:27:05.292633Z,53.725,403,False,0xE022AD1Cb2e3f18fD419769921D61166A5F80FB9,POLICE,632,MEDICAL_REPORT,5,READ,
w4,2026-03-26T02:27:05.293183Z,53.838,403,False,0xcB1049e81CC805FeD8B469418aAd2A2A5fCc652A,INSURER,850,TELEMATICS,3,READ,
w3,2026-03-26T02:27:05.245804Z,103.700,200,True,0x5dBb83D0d96c168133412CC6e93a25a61Bfb8599,INSURER,207,VIDEO,2,READ,
w8,2026-03-26T02:27:05.247137Z,103.060,200,True,0xe9BfB16581647fc6746A690dC658b56D114822f2,POLICE,45,VIDEO,2,READ,
w2,2026-03-26T02:27:05.290088Z,95.925,200,True,0xf35E98eF2f18881395aAf1Ef3ffB3f31d4b20C25,INSURER,222,VIDEO,2,READ,
w6,2026-03-26T02:27:05.343473Z,43.429,403,False,0x4a28FD82865D1625ce719BbE1501981DBEb8775F,ADJUSTER,497,IMAGE,2,READ,
w9,2026-03-26T02:27:05.344398Z,43.138,403,False,0x978CFCe76672e2C96DbfF5705fe29901d2A624d2,ADJUSTER,310,IMAGE,2,READ,
w7,2026-03-26T02:27:05.345006Z,43.105,403,False,0xD6DBE4E8f9f2C043d9D69340C893CDc79e6cEaB1,ADJUSTER,711,TELEMATICS,3,READ,
w1,2026-03-26T02:27:05.304096Z,84.983,200,True,0xacc4fa5f6784C35C0da5bCBEa5f8e3fe401F6323,COURT,73,VIDEO,2,READ,
w4,2026-03-26T02:27:05.347036Z,48.020,403,False,0x26Ab584De439e6A70824Fd85dFdc1587DF5D1516,INSURER,337,IMAGE,2,READ,
w3,2026-03-26T02:27:05.349526Z,46.590,403,False,0xce923F1c1B6DE1A03f42cC378185B0BCCD65256e,POLICE,541,MEDICAL_REPORT,5,READ,
w8,2026-03-26T02:27:05.350252Z,46.315,403,False,0xe29a4A0F7cc642F4654E70D8217eDDD2237e5b7f,ADJUSTER,738,TELEMATICS,3,READ,
w0,2026-03-26T02:27:05.345613Z,99.287,200,True,0x6aFB84B7d3D55C3019fC8120397eabD8507b6877,GARAGE,55,VIDEO,2,READ,
w5,2026-03-26T02:27:05.346377Z,99.025,200,True,0xc30C588825d2d3c37cC645CB5f9D5138F2A54A85,POLICE,215,VIDEO,2,READ,
w2,2026-03-26T02:27:05.386042Z,59.687,403,False,0xD1ff571869D0436cC7b43A2a2c156085F4c5Efeb,ADJUSTER,605,MEDICAL_REPORT,5,READ,
w9,2026-03-26T02:27:05.387560Z,58.436,403,False,0x54cFafA03b3780b2bEc02Ba688A6DB581b30e82F,POLICE,667,MEDICAL_REPORT,5,READ,
w7,2026-03-26T02:27:05.388134Z,58.396,403,False,0x90937Fa99BC935CfA2aDcB3C0dcde37a9a95af00,INSURER,780,TELEMATICS,3,READ,
w1,2026-03-26T02:27:05.389125Z,57.811,403,False,0x265D84A4A56a37ae42bD3AE43A135660D59CE429,COURT,707,TELEMATICS,3,READ,
w4,2026-03-26T02:27:05.395079Z,52.204,403,False,0x7E772D98853416cD822D23bF2d9D89Bd3FCF7Af6,INSURER,488,IMAGE,2,READ,
w3,2026-03-26T02:27:05.396133Z,51.408,403,False,0x9f37E319F5290Da8b5C5Cb33369dc41B4E185AB5,ADJUSTER,481,IMAGE,2,READ,
w8,2026-03-26T02:27:05.396590Z,51.388,403,False,0x106A9Ba6bde37edc0BadcA9D48C8F8dF69524AD3,INSURER,406,IMAGE,2,READ,
w6,2026-03-26T02:27:05.386928Z,7082.047,200,True,0x85f013a2fE4D618643C6918f0dA731aA62b93420,GARAGE,146,VIDEO,2,READ,
w0,2026-03-26T02:27:05.444924Z,7024.621,403,False,0x8B9C6E42320Cc7c0a0512De5818B2aCc269feef7,INSURER,474,IMAGE,2,READ,
w5,2026-03-26T02:27:05.445416Z,7024.786,403,False,0xc78F8e87EFbf9675147C8824EF1242398372eFCC,COURT,724,TELEMATICS,3,READ,
w2,2026-03-26T02:27:05.445742Z,7025.054,403,False,0xe8425CD8D02275245734Aa5D064DD1F2B051fA27,INSURER,849,TELEMATICS,3,READ,
w9,2026-03-26T02:27:05.446007Z,7025.338,403,False,0xfbffdfBb61e2B0aCC9065D4c9940fAdB3c5Bb4DE,INSURER,765,TELEMATICS,3,READ,
w7,2026-03-26T02:27:05.446556Z,7025.431,403,False,0xD74Bb4A9C118bf6bC73Be08B90542dAab12c5FAe,INSURER,496,IMAGE,2,READ,
w3,2026-03-26T02:27:05.447551Z,7025.265,403,False,0x98347d3bFE3F67dc6ee387CF9C8DE40578347681,ADJUSTER,691,MEDICAL_REPORT,5,READ,
w8,2026-03-26T02:27:05.448000Z,7025.386,403,False,0xe9BfB16581647fc6746A690dC658b56D114822f2,POLICE,327,IMAGE,2,READ,
w1,2026-03-26T02:27:05.446950Z,7100.868,200,True,0x1Bc44f70234E2a0FBCb744E2abF6F6931BA6231F,INSURER,124,VIDEO,2,READ,
w4,2026-03-26T02:27:05.447309Z,7101.208,200,True,0xC60A6C8Fe339e01d6E76d91B0650A99bd0eA77F1,POLICE,137,VIDEO,2,READ,
w0,2026-03-26T02:27:12.469564Z,79.591,403,False,0x36599004C3aC0Aa715a49186455E90556EA805cE,GARAGE,502,MEDICAL_REPORT,5,READ,
w9,2026-03-26T02:27:12.471373Z,78.606,403,False,0xF0d558cD42EB081556a20bB9C95157de4966DbEe,INSURER,607,FNOL,4,READ,
w7,2026-03-26T02:27:12.472009Z,78.543,403,False,0x6B44eD6B1692CB06047271f02833671D89f1a4E7,INSURER,365,IMAGE,2,READ,
w3,2026-03-26T02:27:12.472842Z,78.252,403,False,0x0B5dF81DC06Bb007c88E04eD2D6826Ca41cBB0A2,GARAGE,791,TELEMATICS,3,READ,
w6,2026-03-26T02:27:12.469003Z,132.288,200,True,0x711f9Ba03b219CFED557d6c4077c783BdfBEC307,COURT,230,VIDEO,2,READ,
w5,2026-03-26T02:27:12.470222Z,131.811,200,True,0x4a28FD82865D1625ce719BbE1501981DBEb8775F,ADJUSTER,38,VIDEO,2,READ,
w2,2026-03-26T02:27:12.470819Z,131.776,200,True,0x808e36854e0010681FFdE8f615E4a0967A544c06,INSURER,152,VIDEO,2,READ,
w8,2026-03-26T02:27:12.473440Z,129.895,200,True,0xF0d558cD42EB081556a20bB9C95157de4966DbEe,INSURER,5,VIDEO,2,READ,
w1,2026-03-26T02:27:12.547846Z,56.041,403,False,0x84201FaB00444122Be75C109644920B9462cD92d,INSURER,987,OTHER,1,READ,
w4,2026-03-26T02:27:12.548547Z,56.433,403,False,0x85CB40Edf798FBbfC3e1f8fBA9d60D3aDA9edc66,REGULATOR,846,TELEMATICS,3,READ,
w0,2026-03-26T02:27:12.549177Z,56.366,403,False,0x99F976CEeE5D5d44F2838f3c8d7c188f183c11E8,COURT,935,OTHER,1,READ,
w9,2026-03-26T02:27:12.550002Z,56.099,403,False,0x7F37f92080D63E1b76A83FDd5aCa390d46475f17,INSURER,799,TELEMATICS,3,READ,
w7,2026-03-26T02:27:12.550574Z,56.000,403,False,0x54cFafA03b3780b2bEc02Ba688A6DB581b30e82F,POLICE,436,IMAGE,2,READ,
w3,2026-03-26T02:27:12.551115Z,55.959,403,False,0xfbffdfBb61e2B0aCC9065D4c9940fAdB3c5Bb4DE,INSURER,709,TELEMATICS,3,READ,
w5,2026-03-26T02:27:12.602058Z,51.256,403,False,0xA0D16Db45A3E299D305623eB5499B19F75Fd2E79,COURT,356,IMAGE,2,READ,
w2,2026-03-26T02:27:12.602617Z,51.476,403,False,0x09fA524FB632b6004cb5b61705D1Ac8346f5C956,ADJUSTER,882,OTHER,1,READ,
w8,2026-03-26T02:27:12.603377Z,51.769,403,False,0xE2694287D484e8aE315B0F637DD87846ff5d7AdB,COURT,644,MEDICAL_REPORT,5,READ,
w1,2026-03-26T02:27:12.603910Z,51.832,403,False,0x86A27669Dc5B6bA6693B7eBf3cF194eB8C1Ba6a1,INSURER,886,OTHER,1,READ,
w0,2026-03-26T02:27:12.605566Z,50.787,403,False,0xA0706EA97613c48c8Ee8A39218259d61Ae5A25c1,INSURER,563,FNOL,4,READ,
w9,2026-03-26T02:27:12.606125Z,51.255,403,False,0x5a73100273e2F91b8379DcaEe7505e5294ECd09E,INSURER,329,IMAGE,2,READ,
w7,2026-03-26T02:27:12.606593Z,51.475,403,False,0x62aEE2Fd1DE1f438B8c33F5C551d94d6cbD55160,POLICE,550,MEDICAL_REPORT,5,READ,
w3,2026-03-26T02:27:12.607096Z,51.589,403,False,0x6e2eda1263F3990130d14F0D25bc4b93d5d6D80C,REGULATOR,602,MEDICAL_REPORT,5,READ,
w6,2026-03-26T02:27:12.601316Z,107.092,200,True,0xAc46c6cb0d1d810573C55BcB67a854a313D89d5E,POLICE,80,VIDEO,2,READ,
w4,2026-03-26T02:27:12.605013Z,104.169,200,True,0xc78F8e87EFbf9675147C8824EF1242398372eFCC,COURT,89,VIDEO,2,READ,
w5,2026-03-26T02:27:12.653338Z,56.308,403,False,0x808e36854e0010681FFdE8f615E4a0967A544c06,INSURER,522,FNOL,4,READ,
w2,2026-03-26T02:27:12.654117Z,55.962,403,False,0x27Dd09F461d60E509B253B64B9C618ade0B207c2,INSURER,661,FNOL,4,READ,
w8,2026-03-26T02:27:12.655171Z,55.413,403,False,0x7036A61a0c4486ca1acA322940DFE746a02EdBF7,INSURER,397,IMAGE,2,READ,
w0,2026-03-26T02:27:12.656377Z,54.763,403,False,0xB6920469504adDf687AfCe890A39E6EBF76cF88E,POLICE,476,IMAGE,2,READ,
w9,2026-03-26T02:27:12.657408Z,54.128,403,False,0x8d409457EE624A6a1Afb1B789793990026056d7d,REGULATOR,415,IMAGE,2,READ,
w7,2026-03-26T02:27:12.658089Z,53.898,403,False,0x0ab8d94B5Ad9dd3b2aE39785D87c48ef037fEeEe,INSURER,946,OTHER,1,READ,
w3,2026-03-26T02:27:12.658802Z,53.568,403,False,0x727e45e23f8594c57Cf3FE94b94fC6DC8eBD7A92,INSURER,486,IMAGE,2,READ,
w1,2026-03-26T02:27:12.655782Z,111.301,200,True,0xA903578836c1E60A93BAd29357D9962aBd7aE0E7,GARAGE,86,VIDEO,2,READ,
w5,2026-03-26T02:27:12.709665Z,58.404,403,False,0x724d89D8ad84494De12a74615cd5bFFEf3eA18aA,ADJUSTER,970,OTHER,1,READ,
w8,2026-03-26T02:27:12.710669Z,58.444,403,False,0x9D7C8C9e23D36eC3BFff969f156405253162b9e0,ADJUSTER,692,FNOL,4,READ,
w0,2026-03-26T02:27:12.711174Z,62.025,403,False,0x88982eB8A9a596fA186A12b47f4F905A2c7516d6,COURT,368,IMAGE,2,READ,
w7,2026-03-26T02:27:12.712005Z,61.969,403,False,0x8B9C6E42320Cc7c0a0512De5818B2aCc269feef7,INSURER,698,FNOL,4,READ,
w6,2026-03-26T02:27:12.708432Z,115.552,200,True,0x10e284843829f15F74cE6E0abD20284341c6DB9A,INSURER,202,VIDEO,2,READ,
w4,2026-03-26T02:27:12.709204Z,115.490,200,True,0x23164e00C680c815A8886E437558C15425a21040,COURT,136,VIDEO,2,READ,
w2,2026-03-26T02:27:12.710098Z,115.565,200,True,0x5361cD9F3982091dD2C3e79FAb30707aD081b1AA,INSURER,161,VIDEO,2,READ,
w9,2026-03-26T02:27:12.711553Z,114.429,200,True,0xc78F8e87EFbf9675147C8824EF1242398372eFCC,COURT,146,VIDEO,2,READ,
w3,2026-03-26T02:27:12.712386Z,113.893,200,True,0x4f7D9fAD2de6543311c004C44a061D6E3BF44Bc2,GARAGE,198,VIDEO,2,READ,
w1,2026-03-26T02:27:12.767105Z,59.634,403,False,0xE49f69335d2600b7983983725650eEc85f260b0E,INSURER,442,IMAGE,2,READ,
w5,2026-03-26T02:27:12.768091Z,59.249,403,False,0xACeC85e12d17bE03cf4d9ac50Db46392aC26A13A,GARAGE,609,FNOL,4,READ,
w8,2026-03-26T02:27:12.769134Z,58.562,403,False,0xc78F8e87EFbf9675147C8824EF1242398372eFCC,COURT,531,FNOL,4,READ,
w0,2026-03-26T02:27:12.773222Z,54.772,403,False,0x85f013a2fE4D618643C6918f0dA731aA62b93420,GARAGE,271,IMAGE,2,READ,
w7,2026-03-26T02:27:12.774006Z,133.122,200,True,0x0faad82B330120b20f18ed21fCD7C5e6865C2088,INSURER,155,VIDEO,2,READ,
w4,2026-03-26T02:27:12.824731Z,83.043,403,False,0x5361cD9F3982091dD2C3e79FAb30707aD081b1AA,INSURER,992,OTHER,1,READ,
w2,2026-03-26T02:27:12.825680Z,82.547,403,False,0xfbffdfBb61e2B0aCC9065D4c9940fAdB3c5Bb4DE,INSURER,664,FNOL,4,READ,
w9,2026-03-26T02:27:12.825994Z,82.713,403,False,0x995408770BbdF9C720d131bCfa0bE248c90fA29f,COURT,984,OTHER,1,READ,
w1,2026-03-26T02:27:12.826771Z,82.532,403,False,0x6e492Bff2B5Fc2351eF247518a6dCD98479E018C,POLICE,593,FNOL,4,READ,
w8,2026-03-26T02:27:12.827710Z,82.115,403,False,0x814742D6773D55c02177ca64238a124D39d8CAd0,COURT,454,IMAGE,2,READ,
w6,2026-03-26T02:27:12.824008Z,143.824,200,True,0x68a330775019D52b44455B42704E8ad360Bc617E,GARAGE,101,VIDEO,2,READ,
w3,2026-03-26T02:27:12.826296Z,142.206,200,True,0x49825196030134F6349A45D6c576684792207592,INSURER,232,VIDEO,2,READ,
w5,2026-03-26T02:27:12.827355Z,141.626,200,True,0x5c07a06B115c15b04B988EA559f2FC152b87BE65,INSURER,64,VIDEO,2,READ,
w0,2026-03-26T02:27:12.828006Z,141.492,200,True,0xA540c09f6c140651CA79CFFa797D92DF979aE483,ADJUSTER,62,VIDEO,2,READ,
w2,2026-03-26T02:27:12.908275Z,61.896,403,False,0xD45c19e5e5E1f56DFD5EF10a0DBdBeE64Bb94C5E,POLICE,880,OTHER,1,READ,
w1,2026-03-26T02:27:12.909332Z,61.467,403,False,0x3391d15CCe51D9F0a877840266E4784c3b30dF24,POLICE,668,FNOL,4,READ,
w7,2026-03-26T02:27:12.907150Z,128.457,200,True,0x4bde32504e100aaF1Db477c3F0AF1C01be0d3003,POLICE,193,VIDEO,2,READ,
w4,2026-03-26T02:27:12.907791Z,128.531,200,True,0xc30C588825d2d3c37cC645CB5f9D5138F2A54A85,POLICE,107,VIDEO,2,READ,
w9,2026-03-26T02:27:12.908726Z,128.318,200,True,0x9f26D169621c57Db8eC4B7a3B5D9aF4CdF71085F,INSURER,68,VIDEO,2,READ,
w8,2026-03-26T02:27:12.909842Z,128.094,200,True,0x727e45e23f8594c57Cf3FE94b94fC6DC8eBD7A92,INSURER,72,VIDEO,2,READ,
w6,2026-03-26T02:27:12.967849Z,70.645,403,False,0x5dBb83D0d96c168133412CC6e93a25a61Bfb8599,INSURER,464,IMAGE,2,READ,
w5,2026-03-26T02:27:12.969002Z,71.605,403,False,0x26Ab584De439e6A70824Fd85dFdc1587DF5D1516,INSURER,753,TELEMATICS,3,READ,
w1,2026-03-26T02:27:12.970832Z,70.580,403,False,0xc0c58f42F3d56a359208054C1e3d9EB9FEB181E5,ADJUSTER,891,OTHER,1,READ,
w3,2026-03-26T02:27:12.968528Z,122.011,200,True,0x89536950F14FD6E0f52C88C17D5A8d27A19f7635,INSURER,84,VIDEO,2,READ,
w0,2026-03-26T02:27:12.969520Z,121.618,200,True,0x24d4D3F0B5de5Fc46A77423dfb1E9b1037BC96a0,INSURER,177,VIDEO,2,READ,
w2,2026-03-26T02:27:12.970201Z,121.324,200,True,0x90028B286fD1D933A9D4663B944477413d781ad9,COURT,161,VIDEO,2,READ,
w9,2026-03-26T02:27:13.037067Z,55.174,403,False,0x2FFDEE64f54829571565E7991764e0c0B2D31B16,INSURER,911,OTHER,1,READ,
w8,2026-03-26T02:27:13.037958Z,54.895,403,False,0xce923F1c1B6DE1A03f42cC378185B0BCCD65256e,POLICE,999,OTHER,1,READ,
w6,2026-03-26T02:27:13.038514Z,54.871,403,False,0x11d0837E47B208389bc698030a678Bc9261f8156,INSURER,541,MEDICAL_REPORT,5,READ,
w5,2026-03-26T02:27:13.040625Z,53.273,403,False,0x8d1A0bE126b91823D8E5E215116c9351922277f7,INSURER,996,OTHER,1,READ,
w7,2026-03-26T02:27:13.035649Z,111.857,200,True,0x6e492Bff2B5Fc2351eF247518a6dCD98479E018C,POLICE,183,VIDEO,2,READ,
w4,2026-03-26T02:27:13.036371Z,111.926,200,True,0x3439804Aa24202062144D2208cAD3E29C04d6CfC,POLICE,197,VIDEO,2,READ,
w1,2026-03-26T02:27:13.041428Z,107.521,200,True,0x62aEE2Fd1DE1f438B8c33F5C551d94d6cbD55160,POLICE,34,VIDEO,2,READ,
w3,2026-03-26T02:27:13.090557Z,59.174,403,False,0x265D84A4A56a37ae42bD3AE43A135660D59CE429,COURT,453,IMAGE,2,READ,
w0,2026-03-26T02:27:13.091161Z,59.434,403,False,0x49825196030134F6349A45D6c576684792207592,INSURER,740,TELEMATICS,3,READ,
w2,2026-03-26T02:27:13.091548Z,59.653,403,False,0x4Bb9AC8aB8c9D213B9d89538B10C1016f8e66773,INSURER,802,TELEMATICS,3,READ,
w9,2026-03-26T02:27:13.092296Z,59.448,403,False,0x86A27669Dc5B6bA6693B7eBf3cF194eB8C1Ba6a1,INSURER,663,FNOL,4,READ,
w8,2026-03-26T02:27:13.092875Z,59.433,403,False,0xf24f0CD63a9b98E6C44679474b98157587e5608D,INSURER,422,IMAGE,2,READ,
w6,2026-03-26T02:27:13.093409Z,59.537,403,False,0x074bE6382e1bAD6f8957dEED880345Efc1bDC58C,POLICE,899,OTHER,1,READ,
w5,2026-03-26T02:27:13.093917Z,116.740,200,True,0x7e44eb68D57cA35191576B6498CAC17b47001a2b,INSURER,151,VIDEO,2,READ,
w7,2026-03-26T02:27:13.147530Z,63.856,403,False,0xA903578836c1E60A93BAd29357D9962aBd7aE0E7,GARAGE,656,FNOL,4,READ,
w4,2026-03-26T02:27:13.148320Z,63.528,403,False,0x8d409457EE624A6a1Afb1B789793990026056d7d,REGULATOR,425,IMAGE,2,READ,
w1,2026-03-26T02:27:13.148975Z,63.498,403,False,0x54cFafA03b3780b2bEc02Ba688A6DB581b30e82F,POLICE,685,FNOL,4,READ,
w3,2026-03-26T02:27:13.149755Z,63.516,403,False,0x6e2eda1263F3990130d14F0D25bc4b93d5d6D80C,REGULATOR,989,OTHER,1,READ,
w0,2026-03-26T02:27:13.150619Z,63.157,403,False,0x9f37E319F5290Da8b5C5Cb33369dc41B4E185AB5,ADJUSTER,859,OTHER,1,READ,
w2,2026-03-26T02:27:13.151227Z,63.035,403,False,0x49825196030134F6349A45D6c576684792207592,INSURER,896,OTHER,1,READ,
w8,2026-03-26T02:27:13.152329Z,62.390,403,False,0x034E07D329FcA8aC6b776699af54687288A7fe3E,ADJUSTER,399,IMAGE,2,READ,
w9,2026-03-26T02:27:13.151784Z,107.472,200,True,0xc30C588825d2d3c37cC645CB5f9D5138F2A54A85,POLICE,161,VIDEO,2,READ,
w6,2026-03-26T02:27:13.152970Z,107.437,200,True,0x24d4D3F0B5de5Fc46A77423dfb1E9b1037BC96a0,INSURER,32,VIDEO,2,READ,
w5,2026-03-26T02:27:13.210680Z,50.997,403,False,0x387bB796cDb51d56531031d8f74b6b071370F649,INSURER,610,MEDICAL_REPORT,5,READ,
w7,2026-03-26T02:27:13.211408Z,50.838,403,False,0xe4Ff9366F4FF38f071D95aA48d3DB306E70De577,POLICE,642,FNOL,4,READ,
w4,2026-03-26T02:27:13.211870Z,51.035,403,False,0xE2694287D484e8aE315B0F637DD87846ff5d7AdB,COURT,937,OTHER,1,READ,
w1,2026-03-26T02:27:13.212496Z,50.883,403,False,0x0ab8d94B5Ad9dd3b2aE39785D87c48ef037fEeEe,INSURER,429,IMAGE,2,READ,
w3,2026-03-26T02:27:13.213308Z,50.683,403,False,0xf24f0CD63a9b98E6C44679474b98157587e5608D,INSURER,936,OTHER,1,READ,
w0,2026-03-26T02:27:13.213796Z,50.637,403,False,0x09fA524FB632b6004cb5b61705D1Ac8346f5C956,ADJUSTER,364,IMAGE,2,READ,
w2,2026-03-26T02:27:13.214282Z,50.817,403,False,0xD45c19e5e5E1f56DFD5EF10a0DBdBeE64Bb94C5E,POLICE,648,MEDICAL_REPORT,5,READ,
w8,2026-03-26T02:27:13.214756Z,50.839,403,False,0xc073597a01C3BD226F8723F8E91124b57b11BEc8,GARAGE,812,TELEMATICS,3,READ,
w7,2026-03-26T02:27:13.262267Z,64.669,403,False,0x3439804Aa24202062144D2208cAD3E29C04d6CfC,POLICE,905,OTHER,1,READ,
w1,2026-03-26T02:27:13.263397Z,64.349,403,False,0xc560606Bd2B90Feea8BaAB3270Efd65c17422Ad3,ADJUSTER,771,TELEMATICS,3,READ,
w3,2026-03-26T02:27:13.264013Z,64.315,403,False,0x978CFCe76672e2C96DbfF5705fe29901d2A624d2,ADJUSTER,976,OTHER,1,READ,
w2,2026-03-26T02:27:13.265119Z,63.960,403,False,0x5106911D638802a025a43feF48b5836d711BcfDC,GARAGE,304,IMAGE,2,READ,
w8,2026-03-26T02:27:13.265636Z,64.068,403,False,0xA92D4979eB98ad7361AD95Ad1182a54449C093eB,INSURER,290,IMAGE,2,READ,
w9,2026-03-26T02:27:13.259278Z,123.209,200,True,0x265D84A4A56a37ae42bD3AE43A135660D59CE429,COURT,74,VIDEO,2,READ,
w6,2026-03-26T02:27:13.260510Z,122.792,200,True,0xF92d6f9F9322A08d7548d2be3FFFfa7E9307bfF7,POLICE,195,VIDEO,2,READ,
w5,2026-03-26T02:27:13.261702Z,122.083,200,True,0x09fA524FB632b6004cb5b61705D1Ac8346f5C956,ADJUSTER,43,VIDEO,2,READ,
w4,2026-03-26T02:27:13.262926Z,124.263,200,True,0x828c0FD3Ed54b03A52e62470aF331e95A50BCf09,POLICE,198,VIDEO,2,READ,
w0,2026-03-26T02:27:13.264498Z,123.239,200,True,0xfa05901804C21448e6980BbDFa52ED18dc9d3B21,ADJUSTER,68,VIDEO,2,READ,
w1,2026-03-26T02:27:13.327770Z,60.645,403,False,0xB7953144C083a54D89d9e4eCB7A2A4151D4007E0,REGULATOR,854,OTHER,1,READ,
w3,2026-03-26T02:27:13.328355Z,60.583,403,False,0x4f7D9fAD2de6543311c004C44a061D6E3BF44Bc2,GARAGE,831,TELEMATICS,3,READ,
w2,2026-03-26T02:27:13.329102Z,60.300,403,False,0x724d89D8ad84494De12a74615cd5bFFEf3eA18aA,ADJUSTER,344,IMAGE,2,READ,
w8,2026-03-26T02:27:13.329725Z,60.213,403,False,0x57D7Dac174cE9ce2c07ADDE286cBfDe51cC50122,INSURER,806,TELEMATICS,3,READ,
w7,2026-03-26T02:27:13.326962Z,113.218,200,True,0xF0d558cD42EB081556a20bB9C95157de4966DbEe,INSURER,234,VIDEO,2,READ,
w6,2026-03-26T02:27:13.383324Z,57.621,403,False,0xF0d558cD42EB081556a20bB9C95157de4966DbEe,INSURER,428,IMAGE,2,READ,
w5,2026-03-26T02:27:13.383809Z,57.751,403,False,0x9D7C8C9e23D36eC3BFff969f156405253162b9e0,ADJUSTER,431,IMAGE,2,READ,
w0,2026-03-26T02:27:13.387774Z,54.558,403,False,0xe9BfB16581647fc6746A690dC658b56D114822f2,POLICE,607,FNOL,4,READ,
w1,2026-03-26T02:27:13.388435Z,54.441,403,False,0x86A27669Dc5B6bA6693B7eBf3cF194eB8C1Ba6a1,INSURER,552,FNOL,4,READ,
w3,2026-03-26T02:27:13.388958Z,54.462,403,False,0x387bB796cDb51d56531031d8f74b6b071370F649,INSURER,422,IMAGE,2,READ,
w8,2026-03-26T02:27:13.389968Z,53.965,403,False,0xe4f7B57F3C40B6c829FCf662110800Fe4aBafb37,GARAGE,298,IMAGE,2,READ,
w9,2026-03-26T02:27:13.382511Z,107.543,200,True,0x33733bc2AFfA696339eACE63a29db0850Bae08C6,COURT,200,VIDEO,2,READ,
w4,2026-03-26T02:27:13.387222Z,104.346,200,True,0x98347d3bFE3F67dc6ee387CF9C8DE40578347681,ADJUSTER,258,IMAGE,2,READ,
w2,2026-03-26T02:27:13.389423Z,102.700,200,True,0x8d409457EE624A6a1Afb1B789793990026056d7d,REGULATOR,98,VIDEO,2,READ,
w7,2026-03-26T02:27:13.440204Z,52.250,403,False,0x5106911D638802a025a43feF48b5836d711BcfDC,GARAGE,931,OTHER,1,READ,
w6,2026-03-26T02:27:13.440968Z,52.118,403,False,0x7E772D98853416cD822D23bF2d9D89Bd3FCF7Af6,INSURER,916,OTHER,1,READ,
w5,2026-03-26T02:27:13.441581Z,52.287,403,False,0x2c8aC86D2D94fC757C38B3E3895F90aa32E7594D,INSURER,500,IMAGE,2,READ,
w0,2026-03-26T02:27:13.442379Z,53.156,403,False,0xa09383266c25808Ea3362D5DaE160528bB5Fb130,POLICE,963,OTHER,1,READ,
w1,2026-03-26T02:27:13.442899Z,53.346,403,False,0x2FFDEE64f54829571565E7991764e0c0B2D31B16,INSURER,338,IMAGE,2,READ,
w3,2026-03-26T02:27:13.443446Z,53.098,403,False,0x86A27669Dc5B6bA6693B7eBf3cF194eB8C1Ba6a1,INSURER,637,MEDICAL_REPORT,5,READ,
w8,2026-03-26T02:27:13.443952Z,101.714,200,True,0x3fC3662b6AbB721C5A8739eBc22914C534242aC2,GARAGE,71,VIDEO,2,READ,
w9,2026-03-26T02:27:13.490083Z,56.252,403,False,0x26Ab584De439e6A70824Fd85dFdc1587DF5D1516,INSURER,732,TELEMATICS,3,READ,
w2,2026-03-26T02:27:13.492141Z,55.123,403,False,0x265D84A4A56a37ae42bD3AE43A135660D59CE429,COURT,403,IMAGE,2,READ,
w7,2026-03-26T02:27:13.492467Z,55.313,403,False,0x59e91027b0aBD6B839408f96360A4ca0Dc596a98,ADJUSTER,982,OTHER,1,READ,
w6,2026-03-26T02:27:13.493110Z,55.141,403,False,0x45c4F19a8C6e455e9647ad8aD8a9A9c7733b6Bad,INSURER,478,IMAGE,2,READ,
w5,2026-03-26T02:27:13.493894Z,54.929,403,False,0x23E9FBB7579C74D955604A707C648CA3Db02A0c7,ADJUSTER,299,IMAGE,2,READ,
w0,2026-03-26T02:27:13.495562Z,53.763,403,False,0x808e36854e0010681FFdE8f615E4a0967A544c06,INSURER,744,TELEMATICS,3,READ,
w1,2026-03-26T02:27:13.496261Z,53.576,403,False,0x49825196030134F6349A45D6c576684792207592,INSURER,670,MEDICAL_REPORT,5,READ,
w3,2026-03-26T02:27:13.496572Z,53.741,403,False,0xe9BfB16581647fc6746A690dC658b56D114822f2,POLICE,518,MEDICAL_REPORT,5,READ,
w4,2026-03-26T02:27:13.491599Z,122.014,200,True,0x6B44eD6B1692CB06047271f02833671D89f1a4E7,INSURER,48,VIDEO,2,READ,
w8,2026-03-26T02:27:13.545688Z,68.482,403,False,0x005fc769438eD21e72915650ea3d0Bd0779E1d56,ADJUSTER,485,IMAGE,2,READ,
w9,2026-03-26T02:27:13.546411Z,68.417,403,False,0x84201FaB00444122Be75C109644920B9462cD92d,INSURER,928,OTHER,1,READ,
w2,2026-03-26T02:27:13.547285Z,68.023,403,False,0x711f9Ba03b219CFED557d6c4077c783BdfBEC307,COURT,414,IMAGE,2,READ,
w7,2026-03-26T02:27:13.547801Z,67.932,403,False,0x4e3024d505B55f3da9f0D7B3a7319EDF7CBAdAdc,INSURER,659,MEDICAL_REPORT,5,READ,
w5,2026-03-26T02:27:13.548845Z,67.312,403,False,0x38cBa880d4427ccC9Db01c3d1E1629eC61458b52,COURT,649,MEDICAL_REPORT,5,READ,
w0,2026-03-26T02:27:13.549346Z,67.446,403,False,0x69b1a8FA8C91e049e9d19bE94bef38769ec28c9D,INSURER,577,FNOL,4,READ,
w6,2026-03-26T02:27:13.548277Z,141.832,200,True,0xe8425CD8D02275245734Aa5D064DD1F2B051fA27,INSURER,202,VIDEO,2,READ,
w1,2026-03-26T02:27:13.549858Z,140.971,200,True,0x6e492Bff2B5Fc2351eF247518a6dCD98479E018C,POLICE,173,VIDEO,2,READ,
w3,2026-03-26T02:27:13.550333Z,141.046,200,True,0x85ECA10226e8EE3Abb23B282bEBcfD147D3af353,POLICE,117,VIDEO,2,READ,
w4,2026-03-26T02:27:13.613652Z,78.849,403,False,0x23E9FBB7579C74D955604A707C648CA3Db02A0c7,ADJUSTER,317,IMAGE,2,READ,
w9,2026-03-26T02:27:13.614858Z,80.477,403,False,0x4a28FD82865D1625ce719BbE1501981DBEb8775F,ADJUSTER,816,TELEMATICS,3,READ,
w2,2026-03-26T02:27:13.615326Z,81.732,403,False,0xfa0c2c3a58Dc42E7c1266c6Badd86D7001B6c961,INSURER,906,OTHER,1,READ,
w7,2026-03-26T02:27:13.615749Z,81.887,403,False,0x3A7a82b4A46a2f934834Ca05381528d576A17a70,INSURER,904,OTHER,1,READ,
w5,2026-03-26T02:27:13.616177Z,81.969,403,False,0x99F976CEeE5D5d44F2838f3c8d7c188f183c11E8,COURT,686,MEDICAL_REPORT,5,READ,
w0,2026-03-26T02:27:13.616815Z,81.901,403,False,0xf35E98eF2f18881395aAf1Ef3ffB3f31d4b20C25,INSURER,390,IMAGE,2,READ,
w8,2026-03-26T02:27:13.614187Z,145.450,200,True,0x98347d3bFE3F67dc6ee387CF9C8DE40578347681,ADJUSTER,115,VIDEO,2,READ,
w6,2026-03-26T02:27:13.690133Z,70.172,403,False,0x24d4D3F0B5de5Fc46A77423dfb1E9b1037BC96a0,INSURER,418,IMAGE,2,READ,
w1,2026-03-26T02:27:13.690852Z,70.224,403,False,0x59e91027b0aBD6B839408f96360A4ca0Dc596a98,ADJUSTER,317,IMAGE,2,READ,
w3,2026-03-26T02:27:13.691401Z,71.376,403,False,0x83e68Cac649872ca6135aDfEF9A944bbF908ef66,GARAGE,307,IMAGE,2,READ,
w9,2026-03-26T02:27:13.695357Z,68.778,403,False,0x3439804Aa24202062144D2208cAD3E29C04d6CfC,POLICE,902,OTHER,1,READ,
w2,2026-03-26T02:27:13.697093Z,67.957,403,False,0x5d47D10E5aaDa092c97f77a2011d225a54e888dE,INSURER,303,IMAGE,2,READ,
w7,2026-03-26T02:27:13.697657Z,68.117,403,False,0x69b1a8FA8C91e049e9d19bE94bef38769ec28c9D,INSURER,635,MEDICAL_REPORT,5,READ,
w5,2026-03-26T02:27:13.698168Z,68.335,403,False,0x9dd7F747E30a7Ab727D5AabeC1205fC6FF74891e,INSURER,749,TELEMATICS,3,READ,
w0,2026-03-26T02:27:13.698738Z,85.100,403,False,0x4Bb9AC8aB8c9D213B9d89538B10C1016f8e66773,INSURER,550,MEDICAL_REPORT,5,READ,
w4,2026-03-26T02:27:13.692555Z,153.072,200,True,0x0Bc69A9CA614967C5D33108DA2C0Afd95130f7ab,POLICE,123,VIDEO,2,READ,
w8,2026-03-26T02:27:13.759681Z,86.602,403,False,0xa59ECFb410CCB56f80640CFCfAe5726121Ab2cfa,REGULATOR,357,IMAGE,2,READ,
w6,2026-03-26T02:27:13.760327Z,86.553,403,False,0x62198F0616394D6E59Acc14b43bbe6ABF2f67db8,ADJUSTER,341,IMAGE,2,READ,
w3,2026-03-26T02:27:13.763142Z,84.471,403,False,0x4a28FD82865D1625ce719BbE1501981DBEb8775F,ADJUSTER,421,IMAGE,2,READ,
w9,2026-03-26T02:27:13.764187Z,84.034,403,False,0xD9D6cdEd999CB9B2EC63a0b734693f9a664C9F65,INSURER,937,OTHER,1,READ,
w2,2026-03-26T02:27:13.765144Z,83.678,403,False,0x20060De9B531866f987DE7123AAb09E3Df40B650,INSURER,504,MEDICAL_REPORT,5,READ,
w7,2026-03-26T02:27:13.765803Z,83.557,403,False,0x5106911D638802a025a43feF48b5836d711BcfDC,GARAGE,285,IMAGE,2,READ,
w5,2026-03-26T02:27:13.766539Z,88.284,403,False,0xD6DBE4E8f9f2C043d9D69340C893CDc79e6cEaB1,ADJUSTER,889,OTHER,1,READ,
w0,2026-03-26T02:27:13.783861Z,71.619,403,False,0xB7953144C083a54D89d9e4eCB7A2A4151D4007E0,REGULATOR,439,IMAGE,2,READ,
w1,2026-03-26T02:27:13.761105Z,145.639,200,True,0xD8859a86a30f76f3bB902c5710A4172bd799658c,INSURER,77,VIDEO,2,READ,
w8,2026-03-26T02:27:13.846307Z,61.223,403,False,0xce923F1c1B6DE1A03f42cC378185B0BCCD65256e,POLICE,379,IMAGE,2,READ,
w3,2026-03-26T02:27:13.847642Z,60.452,403,False,0xe8425CD8D02275245734Aa5D064DD1F2B051fA27,INSURER,280,IMAGE,2,READ,
w9,2026-03-26T02:27:13.848246Z,60.370,403,False,0x89536950F14FD6E0f52C88C17D5A8d27A19f7635,INSURER,416,IMAGE,2,READ,
w7,2026-03-26T02:27:13.849381Z,59.752,403,False,0xa7eF2a6f2A3eb7A7472DAD889d17dEa48faBca1a,INSURER,724,TELEMATICS,3,READ,
w5,2026-03-26T02:27:13.854850Z,54.767,403,False,0x27Dd09F461d60E509B253B64B9C618ade0B207c2,INSURER,654,FNOL,4,READ,
w0,2026-03-26T02:27:13.855501Z,54.744,403,False,0xd9A6B19e054ef53852110104f8251e86d57f88fe,INSURER,662,MEDICAL_REPORT,5,READ,
w4,2026-03-26T02:27:13.845650Z,113.730,200,True,0xAd32d7cB99dFce02DE8A0033cC5fea1262c9840C,INSURER,261,IMAGE,2,READ,
w6,2026-03-26T02:27:13.846908Z,113.350,200,True,0x71012eDE103b9A85faF1F8b952361232E5A73b6d,COURT,84,VIDEO,2,READ,
w2,2026-03-26T02:27:13.848862Z,111.831,200,True,0xA903578836c1E60A93BAd29357D9962aBd7aE0E7,GARAGE,28,VIDEO,2,READ,
w1,2026-03-26T02:27:13.906767Z,54.472,403,False,0xA0D16Db45A3E299D305623eB5499B19F75Fd2E79,COURT,837,TELEMATICS,3,READ,
w8,2026-03-26T02:27:13.907553Z,54.073,403,False,0xF44A9B02ECE32ED838D00FD3Ce799F3256367eE3,INSURER,874,OTHER,1,READ,
w3,2026-03-26T02:27:13.908117Z,53.990,403,False,0x69b1a8FA8C91e049e9d19bE94bef38769ec28c9D,INSURER,281,IMAGE,2,READ,
w9,2026-03-26T02:27:13.908638Z,53.875,403,False,0xa7eF2a6f2A3eb7A7472DAD889d17dEa48faBca1a,INSURER,778,TELEMATICS,3,READ,
w7,2026-03-26T02:27:13.909154Z,53.718,403,False,0x4f7D9fAD2de6543311c004C44a061D6E3BF44Bc2,GARAGE,867,OTHER,1,READ,
w5,2026-03-26T02:27:13.909638Z,53.536,403,False,0x9dd7F747E30a7Ab727D5AabeC1205fC6FF74891e,INSURER,391,IMAGE,2,READ,
w0,2026-03-26T02:27:13.910289Z,109.854,200,True,0x631528f50C384c7AeF4ED528554980D850De0283,POLICE,262,IMAGE,2,READ,
w4,2026-03-26T02:27:13.959403Z,61.716,403,False,0xe29a4A0F7cc642F4654E70D8217eDDD2237e5b7f,ADJUSTER,481,IMAGE,2,READ,
w2,2026-03-26T02:27:13.960711Z,60.916,403,False,0x90937Fa99BC935CfA2aDcB3C0dcde37a9a95af00,INSURER,636,MEDICAL_REPORT,5,READ,
w1,2026-03-26T02:27:13.961258Z,65.431,403,False,0x814742D6773D55c02177ca64238a124D39d8CAd0,COURT,616,FNOL,4,READ,
w3,2026-03-26T02:27:13.962128Z,65.054,403,False,0xc78F8e87EFbf9675147C8824EF1242398372eFCC,COURT,943,OTHER,1,READ,
w9,2026-03-26T02:27:13.962527Z,65.224,403,False,0x814742D6773D55c02177ca64238a124D39d8CAd0,COURT,515,FNOL,4,READ,
w7,2026-03-26T02:27:13.962884Z,65.264,403,False,0xa7eF2a6f2A3eb7A7472DAD889d17dEa48faBca1a,INSURER,389,IMAGE,2,READ,
w5,2026-03-26T02:27:13.963185Z,65.704,403,False,0x5dBb83D0d96c168133412CC6e93a25a61Bfb8599,INSURER,433,IMAGE,2,READ,
w6,2026-03-26T02:27:13.960279Z,142.032,200,True,0xB3eC418F3094778ae76FC8F0a97898435F0F1768,ADJUSTER,212,VIDEO,2,READ,
w8,2026-03-26T02:27:13.961643Z,141.191,200,True,0xA92D4979eB98ad7361AD95Ad1182a54449C093eB,INSURER,252,IMAGE,2,READ,
w4,2026-03-26T02:27:14.021146Z,82.061,403,False,0x85ECA10226e8EE3Abb23B282bEBcfD147D3af353,POLICE,684,FNOL,4,READ,
w2,2026-03-26T02:27:14.025925Z,77.932,403,False,0xD1ff571869D0436cC7b43A2a2c156085F4c5Efeb,ADJUSTER,997,OTHER,1,READ,
w3,2026-03-26T02:27:14.027199Z,77.296,403,False,0x0ab8d94B5Ad9dd3b2aE39785D87c48ef037fEeEe,INSURER,806,TELEMATICS,3,READ,
w7,2026-03-26T02:27:14.028165Z,76.876,403,False,0x85CB40Edf798FBbfC3e1f8fBA9d60D3aDA9edc66,REGULATOR,655,MEDICAL_REPORT,5,READ,
w0,2026-03-26T02:27:14.020213Z,154.246,200,True,0xf35E98eF2f18881395aAf1Ef3ffB3f31d4b20C25,INSURER,52,VIDEO,2,READ,
w1,2026-03-26T02:27:14.026709Z,148.522,200,True,0x5d3d41FA5c381DAE4B6Bcdfd09862684aA5Ce3fd,ADJUSTER,42,VIDEO,2,READ,
w9,2026-03-26T02:27:14.027771Z,147.920,200,True,0x2a44EF6977ec44cB5c6ad5038E54C761723DB5E9,INSURER,223,VIDEO,2,READ,
w5,2026-03-26T02:27:14.028913Z,147.431,200,True,0x9D7C8C9e23D36eC3BFff969f156405253162b9e0,ADJUSTER,178,VIDEO,2,READ,
w4,2026-03-26T02:27:14.103230Z,73.881,403,False,0x8d409457EE624A6a1Afb1B789793990026056d7d,REGULATOR,429,IMAGE,2,READ,
w2,2026-03-26T02:27:14.103878Z,73.748,403,False,0x62198F0616394D6E59Acc14b43bbe6ABF2f67db8,ADJUSTER,806,TELEMATICS,3,READ,
w3,2026-03-26T02:27:14.104539Z,73.561,403,False,0xB3eC418F3094778ae76FC8F0a97898435F0F1768,ADJUSTER,996,OTHER,1,READ,
w6,2026-03-26T02:27:14.102332Z,148.897,200,True,0xB6920469504adDf687AfCe890A39E6EBF76cF88E,POLICE,91,VIDEO,2,READ,
w8,2026-03-26T02:27:14.102848Z,149.021,200,True,0x85CB40Edf798FBbfC3e1f8fBA9d60D3aDA9edc66,REGULATOR,95,VIDEO,2,READ,
w7,2026-03-26T02:27:14.105064Z,150.663,200,True,0x2b2d95E89Db8d5C9D7a789205F735fffB7738f31,INSURER,163,VIDEO,2,READ,
w0,2026-03-26T02:27:14.174483Z,81.948,403,False,0x9D7C8C9e23D36eC3BFff969f156405253162b9e0,ADJUSTER,875,OTHER,1,READ,
w1,2026-03-26T02:27:14.175253Z,82.048,403,False,0x221D1a7739dA73BA8B191C14399776D9C63E6e8F,INSURER,757,TELEMATICS,3,READ,
w9,2026-03-26T02:27:14.175711Z,82.108,403,False,0xd4d6f7C907632F87345652fbbA08446B0cAc034d,GARAGE,289,IMAGE,2,READ,
w4,2026-03-26T02:27:14.177144Z,81.425,403,False,0x20060De9B531866f987DE7123AAb09E3Df40B650,INSURER,898,OTHER,1,READ,
w2,2026-03-26T02:27:14.177654Z,81.522,403,False,0xc30C588825d2d3c37cC645CB5f9D5138F2A54A85,POLICE,806,TELEMATICS,3,READ,
w3,2026-03-26T02:27:14.178147Z,81.568,403,False,0xDce410211947791510C6ABE09E20663d9934397A,INSURER,428,IMAGE,2,READ,
w5,2026-03-26T02:27:14.176366Z,153.555,200,True,0xA07ddA082a145D371fc7C88A2cBF3594FcBb51e0,REGULATOR,151,VIDEO,2,READ,
w6,2026-03-26T02:27:14.251252Z,79.566,403,False,0xe9BfB16581647fc6746A690dC658b56D114822f2,POLICE,415,IMAGE,2,READ,
w8,2026-03-26T02:27:14.251888Z,79.527,403,False,0xaFc74D5a37Fc772BA03f377804Ff23eE80c3F0B6,GARAGE,326,IMAGE,2,READ,
w7,2026-03-26T02:27:14.255756Z,76.169,403,False,0xA0706EA97613c48c8Ee8A39218259d61Ae5A25c1,INSURER,765,TELEMATICS,3,READ,
w0,2026-03-26T02:27:14.256455Z,76.113,403,False,0x8d409457EE624A6a1Afb1B789793990026056d7d,REGULATOR,878,OTHER,1,READ,
w1,2026-03-26T02:27:14.257324Z,76.065,403,False,0xCe261d45B20f7c1ACaE3eAf693D957b5D99D42BD,REGULATOR,792,TELEMATICS,3,READ,
w4,2026-03-26T02:27:14.258591Z,75.380,403,False,0x387bB796cDb51d56531031d8f74b6b071370F649,INSURER,802,TELEMATICS,3,READ,
w2,2026-03-26T02:27:14.259202Z,75.424,403,False,0x49Fc0F0951a6A354226EEdd0Ec69e2b1c69880E3,ADJUSTER,944,OTHER,1,READ,
w9,2026-03-26T02:27:14.257842Z,182.847,200,True,0xa8c4E2fbBd0417D663e210a6FdD5976F5f906d9C,POLICE,10,VIDEO,2,READ,
w3,2026-03-26T02:27:14.259738Z,181.566,200,True,0x221D1a7739dA73BA8B191C14399776D9C63E6e8F,INSURER,8,VIDEO,2,READ,
w5,2026-03-26T02:27:14.329961Z,111.748,403,False,0xD8859a86a30f76f3bB902c5710A4172bd799658c,INSURER,952,OTHER,1,READ,
w8,2026-03-26T02:27:14.331439Z,110.672,403,False,0x4939E121036A8AD1643718eFc89097821616931f,POLICE,461,IMAGE,2,READ,
w7,2026-03-26T02:27:14.331954Z,110.584,403,False,0xF44A9B02ECE32ED838D00FD3Ce799F3256367eE3,INSURER,942,OTHER,1,READ,
w1,2026-03-26T02:27:14.333413Z,109.602,403,False,0x4f7D9fAD2de6543311c004C44a061D6E3BF44Bc2,GARAGE,872,OTHER,1,READ,
w4,2026-03-26T02:27:14.334000Z,109.490,403,False,0x13C7F80a123954B61876Afba1c5b9DDB5Ac3772D,REGULATOR,430,IMAGE,2,READ,
w2,2026-03-26T02:27:14.334650Z,109.382,403,False,0x89536950F14FD6E0f52C88C17D5A8d27A19f7635,INSURER,423,IMAGE,2,READ,
w6,2026-03-26T02:27:14.330845Z,167.387,200,True,0x265D84A4A56a37ae42bD3AE43A135660D59CE429,COURT,179,VIDEO,2,READ,
w0,2026-03-26T02:27:14.332589Z,166.386,200,True,0xfaB598AD02177fA240d67eae46e2BBf26ba64810,ADJUSTER,41,VIDEO,2,READ,
w9,2026-03-26T02:27:14.440706Z,58.879,403,False,0x5a73100273e2F91b8379DcaEe7505e5294ECd09E,INSURER,797,TELEMATICS,3,READ,
w3,2026-03-26T02:27:14.441320Z,58.918,403,False,0x2AA4a29437fF4B945Ac2957FFd6DdB3AF0fEb05b,ADJUSTER,632,MEDICAL_REPORT,5,READ,
w5,2026-03-26T02:27:14.441744Z,61.733,403,False,0x9A79C72a6b8A1a6F62B7D42810fA4D7d292395BC,POLICE,287,IMAGE,2,READ,
w8,2026-03-26T02:27:14.442123Z,61.954,403,False,0x57D7Dac174cE9ce2c07ADDE286cBfDe51cC50122,INSURER,847,TELEMATICS,3,READ,
w1,2026-03-26T02:27:14.443038Z,61.517,403,False,0xf0C27952Ff3Fa054AC5C5067bA433eE3851F196D,GARAGE,381,IMAGE,2,READ,
w2,2026-03-26T02:27:14.444052Z,61.098,403,False,0x13C7F80a123954B61876Afba1c5b9DDB5Ac3772D,REGULATOR,526,MEDICAL_REPORT,5,READ,
w7,2026-03-26T02:27:14.442555Z,129.536,200,True,0x727e45e23f8594c57Cf3FE94b94fC6DC8eBD7A92,INSURER,258,IMAGE,2,READ,
w4,2026-03-26T02:27:14.443579Z,129.288,200,True,0x8d1A0bE126b91823D8E5E215116c9351922277f7,INSURER,81,VIDEO,2,READ,
w6,2026-03-26T02:27:14.498254Z,75.170,403,False,0xCe261d45B20f7c1ACaE3eAf693D957b5D99D42BD,REGULATOR,682,FNOL,4,READ,
w3,2026-03-26T02:27:14.500263Z,73.942,403,False,0xD45c19e5e5E1f56DFD5EF10a0DBdBeE64Bb94C5E,POLICE,712,TELEMATICS,3,READ,
w8,2026-03-26T02:27:14.504097Z,70.617,403,False,0xe9BfB16581647fc6746A690dC658b56D114822f2,POLICE,315,IMAGE,2,READ,
w1,2026-03-26T02:27:14.504573Z,70.680,403,False,0x3F80f29E8ee7BD7ab795eaa0ea5834F45d8b4f36,ADJUSTER,751,TELEMATICS,3,READ,
w2,2026-03-26T02:27:14.505173Z,70.583,403,False,0x3F80f29E8ee7BD7ab795eaa0ea5834F45d8b4f36,ADJUSTER,844,TELEMATICS,3,READ,
w0,2026-03-26T02:27:14.499000Z,155.350,200,True,0x81D5Aec6843c63328EB7A8D21A676abe6c3EB28b,COURT,29,VIDEO,2,READ,
w9,2026-03-26T02:27:14.499607Z,155.450,200,True,0xe028327896d2bb4705C2134380bDB1E038DdF2Fc,REGULATOR,62,VIDEO,2,READ,
w5,2026-03-26T02:27:14.503500Z,151.975,200,True,0x3Ce62c75582d14D54A1532D0Fd3fcA709D3AB012,ADJUSTER,134,VIDEO,2,READ,
w6,2026-03-26T02:27:14.573455Z,82.409,403,False,0xAc46c6cb0d1d810573C55BcB67a854a313D89d5E,POLICE,675,MEDICAL_REPORT,5,READ,
w8,2026-03-26T02:27:14.574736Z,81.602,403,False,0x0faad82B330120b20f18ed21fCD7C5e6865C2088,INSURER,481,IMAGE,2,READ,
w1,2026-03-26T02:27:14.575274Z,81.694,403,False,0xD9D6cdEd999CB9B2EC63a0b734693f9a664C9F65,INSURER,647,MEDICAL_REPORT,5,READ,
w7,2026-03-26T02:27:14.572116Z,132.475,200,True,0x2b2d95E89Db8d5C9D7a789205F735fffB7738f31,INSURER,207,VIDEO,2,READ,
w4,2026-03-26T02:27:14.572892Z,132.623,200,True,0xE49f69335d2600b7983983725650eEc85f260b0E,INSURER,211,VIDEO,2,READ,
w3,2026-03-26T02:27:14.574227Z,133.480,200,True,0x62198F0616394D6E59Acc14b43bbe6ABF2f67db8,ADJUSTER,167,VIDEO,2,READ,
w2,2026-03-26T02:27:14.575800Z,132.438,200,True,0xfa05901804C21448e6980BbDFa52ED18dc9d3B21,ADJUSTER,194,VIDEO,2,READ,
w0,2026-03-26T02:27:14.654372Z,54.599,403,False,0x86A27669Dc5B6bA6693B7eBf3cF194eB8C1Ba6a1,INSURER,330,IMAGE,2,READ,
w9,2026-03-26T02:27:14.655077Z,54.398,403,False,0x7036A61a0c4486ca1acA322940DFE746a02EdBF7,INSURER,849,TELEMATICS,3,READ,
w5,2026-03-26T02:27:14.655493Z,54.474,403,False,0xe740840314f9ce0a5F0dB4619861b2B85A08f007,INSURER,676,FNOL,4,READ,
w6,2026-03-26T02:27:14.655881Z,54.838,403,False,0xB6920469504adDf687AfCe890A39E6EBF76cF88E,POLICE,963,OTHER,1,READ,
w8,2026-03-26T02:27:14.656365Z,54.924,403,False,0x7693A9f87027932864A045F6Ed756AA65fdeEc1c,INSURER,468,IMAGE,2,READ,
w1,2026-03-26T02:27:14.656988Z,55.001,403,False,0x2FFDEE64f54829571565E7991764e0c0B2D31B16,INSURER,475,IMAGE,2,READ,
w7,2026-03-26T02:27:14.704615Z,62.994,403,False,0x9f37E319F5290Da8b5C5Cb33369dc41B4E185AB5,ADJUSTER,913,OTHER,1,READ,
w4,2026-03-26T02:27:14.705539Z,63.123,403,False,0x074bE6382e1bAD6f8957dEED880345Efc1bDC58C,POLICE,760,TELEMATICS,3,READ,
w3,2026-03-26T02:27:14.707729Z,61.863,403,False,0xc073597a01C3BD226F8723F8E91124b57b11BEc8,GARAGE,520,MEDICAL_REPORT,5,READ,
w2,2026-03-26T02:27:14.708288Z,62.219,403,False,0x24d4D3F0B5de5Fc46A77423dfb1E9b1037BC96a0,INSURER,867,OTHER,1,READ,
w0,2026-03-26T02:27:14.708993Z,61.982,403,False,0x8d1A0bE126b91823D8E5E215116c9351922277f7,INSURER,694,MEDICAL_REPORT,5,READ,
w5,2026-03-26T02:27:14.709987Z,61.585,403,False,0x97e7867Ce5d3E2726b779578c7097DBB50CbDB95,INSURER,691,MEDICAL_REPORT,5,READ,
w6,2026-03-26T02:27:14.710744Z,61.268,403,False,0x23164e00C680c815A8886E437558C15425a21040,COURT,331,IMAGE,2,READ,
w8,2026-03-26T02:27:14.711311Z,61.079,403,False,0x1Bc44f70234E2a0FBCb744E2abF6F6931BA6231F,INSURER,823,TELEMATICS,3,READ,
w1,2026-03-26T02:27:14.712017Z,60.888,403,False,0x387bB796cDb51d56531031d8f74b6b071370F649,INSURER,811,TELEMATICS,3,READ,
w9,2026-03-26T02:27:14.709496Z,118.614,200,True,0x2681A1fbf737DE9BE4B8ac0DEDe2f71fB64E2284,INSURER,4,VIDEO,2,READ,
w7,2026-03-26T02:27:14.767632Z,61.058,403,False,0x68a330775019D52b44455B42704E8ad360Bc617E,GARAGE,308,IMAGE,2,READ,
w4,2026-03-26T02:27:14.768684Z,60.623,403,False,0x0faad82B330120b20f18ed21fCD7C5e6865C2088,INSURER,753,TELEMATICS,3,READ,
w3,2026-03-26T02:27:14.769615Z,60.254,403,False,0xB6eA80cE3349885Ebe955de74Db37883Bb9CB5B9,GARAGE,976,OTHER,1,READ,
w2,2026-03-26T02:27:14.770546Z,59.743,403,False,0x84201FaB00444122Be75C109644920B9462cD92d,INSURER,367,IMAGE,2,READ,
w5,2026-03-26T02:27:14.771591Z,59.086,403,False,0xA92D4979eB98ad7361AD95Ad1182a54449C093eB,INSURER,539,MEDICAL_REPORT,5,READ,
w1,2026-03-26T02:27:14.772929Z,58.090,403,False,0xce923F1c1B6DE1A03f42cC378185B0BCCD65256e,POLICE,773,TELEMATICS,3,READ,
w0,2026-03-26T02:27:14.770993Z,130.317,200,True,0xB6920469504adDf687AfCe890A39E6EBF76cF88E,POLICE,83,VIDEO,2,READ,
w6,2026-03-26T02:27:14.772029Z,129.843,200,True,0x62aEE2Fd1DE1f438B8c33F5C551d94d6cbD55160,POLICE,243,VIDEO,2,READ,
w8,2026-03-26T02:27:14.772406Z,130.136,200,True,0x58546e800Dd5EE7E99f22ecB7344138B6dFF55Ce,INSURER,128,VIDEO,2,READ,
w9,2026-03-26T02:27:14.828151Z,75.212,403,False,0x85ECA10226e8EE3Abb23B282bEBcfD147D3af353,POLICE,869,OTHER,1,READ,
w7,2026-03-26T02:27:14.828709Z,75.133,403,False,0x5d3d41FA5c381DAE4B6Bcdfd09862684aA5Ce3fd,ADJUSTER,450,IMAGE,2,READ,
w4,2026-03-26T02:27:14.829326Z,75.257,403,False,0x7F99cBFcC9a6cBf31E66d657377B3C4D260ce4BE,ADJUSTER,957,OTHER,1,READ,
w3,2026-03-26T02:27:14.829887Z,75.714,403,False,0x5c07a06B115c15b04B988EA559f2FC152b87BE65,INSURER,530,FNOL,4,READ,
w2,2026-03-26T02:27:14.830307Z,75.880,403,False,0x5d47D10E5aaDa092c97f77a2011d225a54e888dE,INSURER,942,OTHER,1,READ,
w5,2026-03-26T02:27:14.830694Z,76.114,403,False,0x711f9Ba03b219CFED557d6c4077c783BdfBEC307,COURT,928,OTHER,1,READ,
w1,2026-03-26T02:27:14.831034Z,138.543,200,True,0xfbffdfBb61e2B0aCC9065D4c9940fAdB3c5Bb4DE,INSURER,176,VIDEO,2,READ,
w0,2026-03-26T02:27:14.901334Z,68.908,403,False,0x2E3648461e7e88D00d60a2f635D34041487Ae4B0,COURT,788,TELEMATICS,3,READ,
w6,2026-03-26T02:27:14.901892Z,69.233,403,False,0x5c07a06B115c15b04B988EA559f2FC152b87BE65,INSURER,492,IMAGE,2,READ,
w8,2026-03-26T02:27:14.902564Z,69.101,403,False,0xC0B54dC53B9A14ad6199dbB75383AcEe7B50414B,ADJUSTER,731,TELEMATICS,3,READ,
w9,2026-03-26T02:27:14.903386Z,68.773,403,False,0xF0d558cD42EB081556a20bB9C95157de4966DbEe,INSURER,512,MEDICAL_REPORT,5,READ,
w7,2026-03-26T02:27:14.903862Z,68.751,403,False,0x5d47D10E5aaDa092c97f77a2011d225a54e888dE,INSURER,409,IMAGE,2,READ,
w4,2026-03-26T02:27:14.904653Z,68.563,403,False,0xd4d6f7C907632F87345652fbbA08446B0cAc034d,GARAGE,838,TELEMATICS,3,READ,
w3,2026-03-26T02:27:14.905628Z,68.067,403,False,0x4939E121036A8AD1643718eFc89097821616931f,POLICE,496,IMAGE,2,READ,
w2,2026-03-26T02:27:14.906228Z,155.095,200,True,0xa8c4E2fbBd0417D663e210a6FdD5976F5f906d9C,POLICE,237,VIDEO,2,READ,
w5,2026-03-26T02:27:14.906828Z,155.387,200,True,0x9dd7F747E30a7Ab727D5AabeC1205fC6FF74891e,INSURER,192,VIDEO,2,READ,
w1,2026-03-26T02:27:14.969606Z,93.144,403,False,0xD74Bb4A9C118bf6bC73Be08B90542dAab12c5FAe,INSURER,297,IMAGE,2,READ,
w6,2026-03-26T02:27:14.971148Z,92.118,403,False,0x9dd7F747E30a7Ab727D5AabeC1205fC6FF74891e,INSURER,776,TELEMATICS,3,READ,
w8,2026-03-26T02:27:14.971685Z,92.136,403,False,0x90028B286fD1D933A9D4663B944477413d781ad9,COURT,269,IMAGE,2,READ,
w9,2026-03-26T02:27:14.972179Z,92.611,403,False,0x2d463F869E51337B7a301382Cc76B1960D09BAd7,ADJUSTER,778,TELEMATICS,3,READ,
w7,2026-03-26T02:27:14.972638Z,92.756,403,False,0x1a03927dCE7C5BDefcc351BCF06A554ABCDf2862,ADJUSTER,863,OTHER,1,READ,
w4,2026-03-26T02:27:14.973242Z,92.751,403,False,0x2FFDEE64f54829571565E7991764e0c0B2D31B16,INSURER,937,OTHER,1,READ,
w3,2026-03-26T02:27:14.973710Z,92.844,403,False,0x98347d3bFE3F67dc6ee387CF9C8DE40578347681,ADJUSTER,871,OTHER,1,READ,
w0,2026-03-26T02:27:14.970263Z,152.743,200,True,0x6e2eda1263F3990130d14F0D25bc4b93d5d6D80C,REGULATOR,171,VIDEO,2,READ,
w2,2026-03-26T02:27:15.061374Z,62.303,403,False,0xC0B54dC53B9A14ad6199dbB75383AcEe7B50414B,ADJUSTER,404,IMAGE,2,READ,
w1,2026-03-26T02:27:15.062772Z,61.704,403,False,0xA903578836c1E60A93BAd29357D9962aBd7aE0E7,GARAGE,381,IMAGE,2,READ,
w6,2026-03-26T02:27:15.063297Z,61.719,403,False,0x9455AD24B4CF0dBA6bF671fb827428C8a7D5c62f,ADJUSTER,682,FNOL,4,READ,
w8,2026-03-26T02:27:15.063841Z,61.610,403,False,0xf24f0CD63a9b98E6C44679474b98157587e5608D,INSURER,947,OTHER,1,READ,
w7,2026-03-26T02:27:15.065426Z,60.404,403,False,0x2AA4a29437fF4B945Ac2957FFd6DdB3AF0fEb05b,ADJUSTER,420,IMAGE,2,READ,
w4,2026-03-26T02:27:15.066018Z,60.861,403,False,0x54cFafA03b3780b2bEc02Ba688A6DB581b30e82F,POLICE,577,FNOL,4,READ,
w3,2026-03-26T02:27:15.066573Z,60.782,403,False,0x005fc769438eD21e72915650ea3d0Bd0779E1d56,ADJUSTER,338,IMAGE,2,READ,
w5,2026-03-26T02:27:15.062275Z,110.960,200,True,0xE49f69335d2600b7983983725650eEc85f260b0E,INSURER,245,VIDEO,2,READ,
w9,2026-03-26T02:27:15.064817Z,109.138,200,True,0xC0B54dC53B9A14ad6199dbB75383AcEe7B50414B,ADJUSTER,217,VIDEO,2,READ,
w2,2026-03-26T02:27:15.123714Z,50.620,403,False,0x8d409457EE624A6a1Afb1B789793990026056d7d,REGULATOR,963,OTHER,1,READ,
w1,2026-03-26T02:27:15.124498Z,50.224,403,False,0x3F80f29E8ee7BD7ab795eaa0ea5834F45d8b4f36,ADJUSTER,607,FNOL,4,READ,
w6,2026-03-26T02:27:15.125035Z,50.043,403,False,0xD74Bb4A9C118bf6bC73Be08B90542dAab12c5FAe,INSURER,697,MEDICAL_REPORT,5,READ,
w8,2026-03-26T02:27:15.125470Z,50.113,403,False,0xfC435D0E00Ae6D11E5Bb3A9cd461B915Edc17F59,REGULATOR,863,OTHER,1,READ,
w7,2026-03-26T02:27:15.125849Z,50.179,403,False,0xc30C588825d2d3c37cC645CB5f9D5138F2A54A85,POLICE,882,OTHER,1,READ,
w4,2026-03-26T02:27:15.126895Z,49.776,403,False,0xe9BfB16581647fc6746A690dC658b56D114822f2,POLICE,732,TELEMATICS,3,READ,
w3,2026-03-26T02:27:15.127377Z,49.888,403,False,0xf35E98eF2f18881395aAf1Ef3ffB3f31d4b20C25,INSURER,453,IMAGE,2,READ,
w0,2026-03-26T02:27:15.123024Z,120.275,200,True,0xe29a4A0F7cc642F4654E70D8217eDDD2237e5b7f,ADJUSTER,70,VIDEO,2,READ,
w9,2026-03-26T02:27:15.173975Z,69.944,403,False,0x12CB40C48B0B23c8B9E9a012e1863b5225A5F311,INSURER,708,TELEMATICS,3,READ,
w1,2026-03-26T02:27:15.174740Z,70.879,403,False,0x0a32D28155a778b375C162F8999D8D0d760896b8,ADJUSTER,519,MEDICAL_REPORT,5,READ,
w6,2026-03-26T02:27:15.175095Z,71.226,403,False,0x969F5C531FA570b10b873CE229E1D17C35c80b01,POLICE,473,IMAGE,2,READ,
w8,2026-03-26T02:27:15.175601Z,71.280,403,False,0x83e68Cac649872ca6135aDfEF9A944bbF908ef66,GARAGE,983,OTHER,1,READ,
w4,2026-03-26T02:27:15.176701Z,70.798,403,False,0xf35E98eF2f18881395aAf1Ef3ffB3f31d4b20C25,INSURER,420,IMAGE,2,READ,
w3,2026-03-26T02:27:15.177285Z,70.861,403,False,0xB6920469504adDf687AfCe890A39E6EBF76cF88E,POLICE,883,OTHER,1,READ,
w5,2026-03-26T02:27:15.173258Z,120.405,200,True,0x4e3024d505B55f3da9f0D7B3a7319EDF7CBAdAdc,INSURER,79,VIDEO,2,READ,
w2,2026-03-26T02:27:15.174351Z,120.376,200,True,0xB3eC418F3094778ae76FC8F0a97898435F0F1768,ADJUSTER,37,VIDEO,2,READ,
w7,2026-03-26T02:27:15.176046Z,119.796,200,True,0x1Bc44f70234E2a0FBCb744E2abF6F6931BA6231F,INSURER,258,IMAGE,2,READ,
w0,2026-03-26T02:27:15.243323Z,53.046,403,False,0x98347d3bFE3F67dc6ee387CF9C8DE40578347681,ADJUSTER,593,FNOL,4,READ,
w1,2026-03-26T02:27:15.245686Z,51.183,403,False,0x221D1a7739dA73BA8B191C14399776D9C63E6e8F,INSURER,871,OTHER,1,READ,
w6,2026-03-26T02:27:15.246345Z,51.095,403,False,0x3A7a82b4A46a2f934834Ca05381528d576A17a70,INSURER,602,MEDICAL_REPORT,5,READ,
w8,2026-03-26T02:27:15.246946Z,51.042,403,False,0xe29a4A0F7cc642F4654E70D8217eDDD2237e5b7f,ADJUSTER,316,IMAGE,2,READ,
w4,2026-03-26T02:27:15.247522Z,50.955,403,False,0x074bE6382e1bAD6f8957dEED880345Efc1bDC58C,POLICE,377,IMAGE,2,READ,
w3,2026-03-26T02:27:15.248169Z,50.716,403,False,0x9f37E319F5290Da8b5C5Cb33369dc41B4E185AB5,ADJUSTER,705,TELEMATICS,3,READ,
w9,2026-03-26T02:27:15.243940Z,118.415,200,True,0xA0706EA97613c48c8Ee8A39218259d61Ae5A25c1,INSURER,190,VIDEO,2,READ,
w5,2026-03-26T02:27:15.293683Z,69.256,403,False,0x61315e13CF193804B6c866AeC0205078E4C25a12,COURT,997,OTHER,1,READ,
w2,2026-03-26T02:27:15.294754Z,68.968,403,False,0x763BeD60093Bc3ad989d0E71724B8a30f6629Bf2,ADJUSTER,323,IMAGE,2,READ,
w7,2026-03-26T02:27:15.295863Z,68.416,403,False,0x6793787989bC3CD4C54f44099Dc75Fb05503EC65,GARAGE,445,IMAGE,2,READ,
w1,2026-03-26T02:27:15.296893Z,68.019,403,False,0x3fC3662b6AbB721C5A8739eBc22914C534242aC2,GARAGE,924,OTHER,1,READ,
w8,2026-03-26T02:27:15.298009Z,67.529,403,False,0x5d3d41FA5c381DAE4B6Bcdfd09862684aA5Ce3fd,ADJUSTER,795,TELEMATICS,3,READ,
w3,2026-03-26T02:27:15.298900Z,68.217,403,False,0xF92d6f9F9322A08d7548d2be3FFFfa7E9307bfF7,POLICE,876,OTHER,1,READ,
w0,2026-03-26T02:27:15.296387Z,120.437,200,True,0x0a32D28155a778b375C162F8999D8D0d760896b8,ADJUSTER,7,VIDEO,2,READ,
w6,2026-03-26T02:27:15.297465Z,120.120,200,True,0x5d3d41FA5c381DAE4B6Bcdfd09862684aA5Ce3fd,ADJUSTER,34,VIDEO,2,READ,
w4,2026-03-26T02:27:15.298524Z,119.688,200,True,0xcB1049e81CC805FeD8B469418aAd2A2A5fCc652A,INSURER,60,VIDEO,2,READ,
w9,2026-03-26T02:27:15.362379Z,56.617,403,False,0x2b2d95E89Db8d5C9D7a789205F735fffB7738f31,INSURER,544,FNOL,4,READ,
w5,2026-03-26T02:27:15.362960Z,58.495,403,False,0xfa0c2c3a58Dc42E7c1266c6Badd86D7001B6c961,INSURER,975,OTHER,1,READ,
w2,2026-03-26T02:27:15.363747Z,58.187,403,False,0x83e68Cac649872ca6135aDfEF9A944bbF908ef66,GARAGE,633,FNOL,4,READ,
w7,2026-03-26T02:27:15.364302Z,58.101,403,False,0x969F5C531FA570b10b873CE229E1D17C35c80b01,POLICE,706,TELEMATICS,3,READ,
w1,2026-03-26T02:27:15.364935Z,57.890,403,False,0xB6920469504adDf687AfCe890A39E6EBF76cF88E,POLICE,415,IMAGE,2,READ,
w8,2026-03-26T02:27:15.365560Z,57.809,403,False,0x3539040e9A7AA2F3eb932f8a6523DA9ED746160F,GARAGE,668,FNOL,4,READ,
w3,2026-03-26T02:27:15.367319Z,56.369,403,False,0x0ab8d94B5Ad9dd3b2aE39785D87c48ef037fEeEe,INSURER,549,MEDICAL_REPORT,5,READ,
w0,2026-03-26T02:27:15.416848Z,54.321,403,False,0x5361cD9F3982091dD2C3e79FAb30707aD081b1AA,INSURER,501,MEDICAL_REPORT,5,READ,
w6,2026-03-26T02:27:15.417629Z,54.369,403,False,0x69b1a8FA8C91e049e9d19bE94bef38769ec28c9D,INSURER,700,MEDICAL_REPORT,5,READ,
w4,2026-03-26T02:27:15.418238Z,54.296,403,False,0xacc4fa5f6784C35C0da5bCBEa5f8e3fe401F6323,COURT,636,MEDICAL_REPORT,5,READ,
w9,2026-03-26T02:27:15.419027Z,54.057,403,False,0x4939E121036A8AD1643718eFc89097821616931f,POLICE,626,FNOL,4,READ,
w5,2026-03-26T02:27:15.421476Z,52.086,403,False,0x9A79C72a6b8A1a6F62B7D42810fA4D7d292395BC,POLICE,577,FNOL,4,READ,
w2,2026-03-26T02:27:15.421953Z,52.053,403,False,0x631528f50C384c7AeF4ED528554980D850De0283,POLICE,471,IMAGE,2,READ,
w7,2026-03-26T02:27:15.422423Z,52.266,403,False,0x1a03927dCE7C5BDefcc351BCF06A554ABCDf2862,ADJUSTER,831,TELEMATICS,3,READ,
w1,2026-03-26T02:27:15.422845Z,52.316,403,False,0x6B44eD6B1692CB06047271f02833671D89f1a4E7,INSURER,382,IMAGE,2,READ,
w8,2026-03-26T02:27:15.423385Z,52.451,403,False,0x59e91027b0aBD6B839408f96360A4ca0Dc596a98,ADJUSTER,730,TELEMATICS,3,READ,
w3,2026-03-26T02:27:15.423699Z,52.643,403,False,0xe4Ff9366F4FF38f071D95aA48d3DB306E70De577,POLICE,582,MEDICAL_REPORT,5,READ,
w0,2026-03-26T02:27:15.471192Z,79.443,403,False,0x85CB40Edf798FBbfC3e1f8fBA9d60D3aDA9edc66,REGULATOR,402,IMAGE,2,READ,
w6,2026-03-26T02:27:15.472038Z,81.531,403,False,0x6793787989bC3CD4C54f44099Dc75Fb05503EC65,GARAGE,907,OTHER,1,READ,
w4,2026-03-26T02:27:15.472555Z,82.254,403,False,0xAB90A30F8DBAe40Fd6D9aA11cf1908F4CbC8432D,INSURER,524,MEDICAL_REPORT,5,READ,
w9,2026-03-26T02:27:15.473104Z,82.247,403,False,0xE2694287D484e8aE315B0F637DD87846ff5d7AdB,COURT,767,TELEMATICS,3,READ,
w2,2026-03-26T02:27:15.474027Z,81.830,403,False,0xD45c19e5e5E1f56DFD5EF10a0DBdBeE64Bb94C5E,POLICE,916,OTHER,1,READ,
w7,2026-03-26T02:27:15.474710Z,151.912,403,False,0xd4d6f7C907632F87345652fbbA08446B0cAc034d,GARAGE,734,TELEMATICS,3,READ,
w1,2026-03-26T02:27:15.475183Z,152.127,403,False,0xF44A9B02ECE32ED838D00FD3Ce799F3256367eE3,INSURER,765,TELEMATICS,3,READ,
w3,2026-03-26T02:27:15.476362Z,151.490,403,False,0x26Ab584De439e6A70824Fd85dFdc1587DF5D1516,INSURER,592,FNOL,4,READ,
w5,2026-03-26T02:27:15.473581Z,160.104,200,True,0xc073597a01C3BD226F8723F8E91124b57b11BEc8,GARAGE,200,VIDEO,2,READ,
w0,2026-03-26T02:27:15.550667Z,83.822,403,False,0x005fc769438eD21e72915650ea3d0Bd0779E1d56,ADJUSTER,318,IMAGE,2,READ,
w6,2026-03-26T02:27:15.553630Z,142.396,403,False,0x2a44EF6977ec44cB5c6ad5038E54C761723DB5E9,INSURER,480,IMAGE,2,READ,
w9,2026-03-26T02:27:15.555369Z,149.807,403,False,0x58546e800Dd5EE7E99f22ecB7344138B6dFF55Ce,INSURER,938,OTHER,1,READ,
w8,2026-03-26T02:27:15.475857Z,242.060,200,True,0x1Bc44f70234E2a0FBCb744E2abF6F6931BA6231F,INSURER,245,VIDEO,2,READ,
w7,2026-03-26T02:27:15.626646Z,92.614,403,False,0x89536950F14FD6E0f52C88C17D5A8d27A19f7635,INSURER,315,IMAGE,2,READ,
w1,2026-03-26T02:27:15.627332Z,93.487,403,False,0x81D5Aec6843c63328EB7A8D21A676abe6c3EB28b,COURT,739,TELEMATICS,3,READ,
w3,2026-03-26T02:27:15.627874Z,93.913,403,False,0xa59ECFb410CCB56f80640CFCfAe5726121Ab2cfa,REGULATOR,503,FNOL,4,READ,
w5,2026-03-26T02:27:15.633709Z,95.446,403,False,0xD6DBE4E8f9f2C043d9D69340C893CDc79e6cEaB1,ADJUSTER,364,IMAGE,2,READ,
w0,2026-03-26T02:27:15.634544Z,95.328,403,False,0x33733bc2AFfA696339eACE63a29db0850Bae08C6,COURT,592,FNOL,4,READ,
w4,2026-03-26T02:27:15.554837Z,195.878,200,True,0x005fc769438eD21e72915650ea3d0Bd0779E1d56,ADJUSTER,42,VIDEO,2,READ,
w2,2026-03-26T02:27:15.555881Z,195.705,200,True,0x9e27Ca8f24DA387fa26EB31284B2cee849f4fDb8,INSURER,105,VIDEO,2,READ,
w6,2026-03-26T02:27:15.696050Z,56.584,403,False,0x49Fc0F0951a6A354226EEdd0Ec69e2b1c69880E3,ADJUSTER,411,IMAGE,2,READ,
w9,2026-03-26T02:27:15.705222Z,48.925,403,False,0xc78F8e87EFbf9675147C8824EF1242398372eFCC,COURT,727,TELEMATICS,3,READ,
w8,2026-03-26T02:27:15.717947Z,108.207,403,False,0x55aC7E86FfE135500754bda7778b3749aE34930B,INSURER,651,MEDICAL_REPORT,5,READ,
w7,2026-03-26T02:27:15.719359Z,107.444,403,False,0x3F80f29E8ee7BD7ab795eaa0ea5834F45d8b4f36,ADJUSTER,906,OTHER,1,READ,
w0,2026-03-26T02:27:15.729904Z,152.007,403,False,0xD1ff571869D0436cC7b43A2a2c156085F4c5Efeb,ADJUSTER,578,FNOL,4,READ,
w4,2026-03-26T02:27:15.750741Z,131.803,403,False,0x86A27669Dc5B6bA6693B7eBf3cF194eB8C1Ba6a1,INSURER,504,MEDICAL_REPORT,5,READ,
w2,2026-03-26T02:27:15.751614Z,131.430,403,False,0x81946b335d2Cf70a427E23b92bCcC1ACcDDB118A,INSURER,471,IMAGE,2,READ,
w1,2026-03-26T02:27:15.720875Z,169.931,200,True,0x9455AD24B4CF0dBA6bF671fb827428C8a7D5c62f,ADJUSTER,72,VIDEO,2,READ,
w3,2026-03-26T02:27:15.721815Z,169.661,200,True,0x904b7a5cb6e3AAb09C26C16DF2E979FE130D0889,ADJUSTER,162,VIDEO,2,READ,
w5,2026-03-26T02:27:15.729178Z,162.921,200,True,0x9f26D169621c57Db8eC4B7a3B5D9aF4CdF71085F,INSURER,132,VIDEO,2,READ,
w8,2026-03-26T02:27:15.826177Z,66.490,403,False,0x12CB40C48B0B23c8B9E9a012e1863b5225A5F311,INSURER,565,MEDICAL_REPORT,5,READ,
w7,2026-03-26T02:27:15.826822Z,66.497,403,False,0x12CB40C48B0B23c8B9E9a012e1863b5225A5F311,INSURER,317,IMAGE,2,READ,
w6,2026-03-26T02:27:15.752691Z,179.416,200,True,0xE49f69335d2600b7983983725650eEc85f260b0E,INSURER,84,VIDEO,2,READ,
w9,2026-03-26T02:27:15.754428Z,178.597,200,True,0xFc3a53f3055e68a2D5fE4aF7E5B5cF92e63F17e7,INSURER,88,VIDEO,2,READ,
w0,2026-03-26T02:27:15.881934Z,51.775,403,False,0xCe261d45B20f7c1ACaE3eAf693D957b5D99D42BD,REGULATOR,767,TELEMATICS,3,READ,
w2,2026-03-26T02:27:15.883068Z,51.315,403,False,0x55aC7E86FfE135500754bda7778b3749aE34930B,INSURER,619,FNOL,4,READ,
w1,2026-03-26T02:27:15.890835Z,101.471,403,False,0x85ECA10226e8EE3Abb23B282bEBcfD147D3af353,POLICE,969,OTHER,1,READ,
w8,2026-03-26T02:27:15.892688Z,100.338,403,False,0xa7eF2a6f2A3eb7A7472DAD889d17dEa48faBca1a,INSURER,573,MEDICAL_REPORT,5,READ,
w7,2026-03-26T02:27:15.893347Z,100.192,403,False,0x23E9FBB7579C74D955604A707C648CA3Db02A0c7,ADJUSTER,511,MEDICAL_REPORT,5,READ,
w4,2026-03-26T02:27:15.882565Z,139.347,200,True,0xcB1049e81CC805FeD8B469418aAd2A2A5fCc652A,INSURER,31,VIDEO,2,READ,
w9,2026-03-26T02:27:15.933053Z,89.607,403,False,0x904b7a5cb6e3AAb09C26C16DF2E979FE130D0889,ADJUSTER,749,TELEMATICS,3,READ,
w0,2026-03-26T02:27:15.933731Z,89.437,403,False,0xa59ECFb410CCB56f80640CFCfAe5726121Ab2cfa,REGULATOR,634,FNOL,4,READ,
w2,2026-03-26T02:27:15.934405Z,89.491,403,False,0xC0B54dC53B9A14ad6199dbB75383AcEe7B50414B,ADJUSTER,817,TELEMATICS,3,READ,
w3,2026-03-26T02:27:15.891528Z,166.091,200,True,0x0faad82B330120b20f18ed21fCD7C5e6865C2088,INSURER,177,VIDEO,2,READ,
w5,2026-03-26T02:27:15.892120Z,166.148,200,True,0xACeC85e12d17bE03cf4d9ac50Db46392aC26A13A,GARAGE,191,VIDEO,2,READ,
w1,2026-03-26T02:27:15.992334Z,66.519,403,False,0xd9A6B19e054ef53852110104f8251e86d57f88fe,INSURER,760,TELEMATICS,3,READ,
w7,2026-03-26T02:27:15.993593Z,65.726,403,False,0x2E3A06358fFBF425bdBFB9D46d36F4C62cB2C752,ADJUSTER,269,IMAGE,2,READ,
w6,2026-03-26T02:27:15.932134Z,166.923,200,True,0x4a28FD82865D1625ce719BbE1501981DBEb8775F,ADJUSTER,153,VIDEO,2,READ,
w9,2026-03-26T02:27:16.022684Z,77.855,403,False,0x6e492Bff2B5Fc2351eF247518a6dCD98479E018C,POLICE,351,IMAGE,2,READ,
w0,2026-03-26T02:27:16.023211Z,77.924,403,False,0x724d89D8ad84494De12a74615cd5bFFEf3eA18aA,ADJUSTER,779,TELEMATICS,3,READ,
w8,2026-03-26T02:27:15.993057Z,157.414,200,True,0xe68Cd859c32799e54800ffa5C5474912A5C23706,INSURER,121,VIDEO,2,READ,
w5,2026-03-26T02:27:16.058290Z,92.949,403,False,0xfaB598AD02177fA240d67eae46e2BBf26ba64810,ADJUSTER,561,MEDICAL_REPORT,5,READ,
w7,2026-03-26T02:27:16.059339Z,92.491,403,False,0xfa0c2c3a58Dc42E7c1266c6Badd86D7001B6c961,INSURER,802,TELEMATICS,3,READ,
w4,2026-03-26T02:27:16.021935Z,182.492,200,True,0xc30C588825d2d3c37cC645CB5f9D5138F2A54A85,POLICE,133,VIDEO,2,READ,
w2,2026-03-26T02:27:16.023921Z,181.602,200,True,0xe68Cd859c32799e54800ffa5C5474912A5C23706,INSURER,126,VIDEO,2,READ,
w6,2026-03-26T02:27:16.099081Z,108.690,403,False,0xE49f69335d2600b7983983725650eEc85f260b0E,INSURER,325,IMAGE,2,READ,
w0,2026-03-26T02:27:16.101162Z,108.145,403,False,0xfa05901804C21448e6980BbDFa52ED18dc9d3B21,ADJUSTER,514,FNOL,4,READ,
w3,2026-03-26T02:27:16.057642Z,185.633,200,True,0x4e3024d505B55f3da9f0D7B3a7319EDF7CBAdAdc,INSURER,82,VIDEO,2,READ,
w1,2026-03-26T02:27:16.058875Z,185.157,200,True,0xF44A9B02ECE32ED838D00FD3Ce799F3256367eE3,INSURER,226,VIDEO,2,READ,
w8,2026-03-26T02:27:16.150492Z,94.078,403,False,0x71012eDE103b9A85faF1F8b952361232E5A73b6d,COURT,412,IMAGE,2,READ,
w5,2026-03-26T02:27:16.151293Z,93.991,403,False,0x26Ab584De439e6A70824Fd85dFdc1587DF5D1516,INSURER,940,OTHER,1,READ,
w7,2026-03-26T02:27:16.151853Z,94.098,403,False,0xE2694287D484e8aE315B0F637DD87846ff5d7AdB,COURT,429,IMAGE,2,READ,
w9,2026-03-26T02:27:16.100567Z,161.491,200,True,0xe9BfB16581647fc6746A690dC658b56D114822f2,POLICE,34,VIDEO,2,READ,
w4,2026-03-26T02:27:16.204453Z,58.502,403,False,0xfC435D0E00Ae6D11E5Bb3A9cd461B915Edc17F59,REGULATOR,443,IMAGE,2,READ,
w2,2026-03-26T02:27:16.205547Z,58.142,403,False,0x7e44eb68D57cA35191576B6498CAC17b47001a2b,INSURER,538,FNOL,4,READ,
w6,2026-03-26T02:27:16.207819Z,56.502,403,False,0xAB90A30F8DBAe40Fd6D9aA11cf1908F4CbC8432D,INSURER,684,FNOL,4,READ,
w0,2026-03-26T02:27:16.209331Z,55.851,403,False,0x7F99cBFcC9a6cBf31E66d657377B3C4D260ce4BE,ADJUSTER,826,TELEMATICS,3,READ,
w1,2026-03-26T02:27:16.244054Z,105.748,403,False,0xfaB598AD02177fA240d67eae46e2BBf26ba64810,ADJUSTER,781,TELEMATICS,3,READ,
w8,2026-03-26T02:27:16.244594Z,117.671,403,False,0xcB1049e81CC805FeD8B469418aAd2A2A5fCc652A,INSURER,553,MEDICAL_REPORT,5,READ,
w7,2026-03-26T02:27:16.245995Z,117.104,403,False,0xA903578836c1E60A93BAd29357D9962aBd7aE0E7,GARAGE,690,MEDICAL_REPORT,5,READ,
w9,2026-03-26T02:27:16.262090Z,146.785,403,False,0xC60A6C8Fe339e01d6E76d91B0650A99bd0eA77F1,POLICE,518,MEDICAL_REPORT,5,READ,
w2,2026-03-26T02:27:16.263712Z,189.404,403,False,0x6793787989bC3CD4C54f44099Dc75Fb05503EC65,GARAGE,746,TELEMATICS,3,READ,
w6,2026-03-26T02:27:16.264353Z,189.546,403,False,0x2d463F869E51337B7a301382Cc76B1960D09BAd7,ADJUSTER,418,IMAGE,2,READ,
w0,2026-03-26T02:27:16.265209Z,189.232,403,False,0xA2Be70fFcf3281293C1C8Cf71648070736aFEB70,INSURER,379,IMAGE,2,READ,
w3,2026-03-26T02:27:16.243302Z,244.604,200,True,0x4939E121036A8AD1643718eFc89097821616931f,POLICE,243,VIDEO,2,READ,
w5,2026-03-26T02:27:16.245307Z,243.223,200,True,0x727e45e23f8594c57Cf3FE94b94fC6DC8eBD7A92,INSURER,260,IMAGE,2,READ,
w8,2026-03-26T02:27:16.362288Z,151.160,403,False,0xacc4fa5f6784C35C0da5bCBEa5f8e3fe401F6323,COURT,351,IMAGE,2,READ,
w7,2026-03-26T02:27:16.363122Z,150.937,403,False,0xD6DBE4E8f9f2C043d9D69340C893CDc79e6cEaB1,ADJUSTER,945,OTHER,1,READ,
w4,2026-03-26T02:27:16.263069Z,301.693,200,True,0x2d463F869E51337B7a301382Cc76B1960D09BAd7,ADJUSTER,187,VIDEO,2,READ,
w2,2026-03-26T02:27:16.453154Z,116.324,403,False,0x5361cD9F3982091dD2C3e79FAb30707aD081b1AA,INSURER,770,TELEMATICS,3,READ,
w6,2026-03-26T02:27:16.453921Z,127.217,403,False,0x631528f50C384c7AeF4ED528554980D850De0283,POLICE,616,FNOL,4,READ,
w0,2026-03-26T02:27:16.454461Z,127.322,403,False,0x969F5C531FA570b10b873CE229E1D17C35c80b01,POLICE,830,TELEMATICS,3,READ,
w1,2026-03-26T02:27:16.349832Z,250.138,200,True,0xE49f69335d2600b7983983725650eEc85f260b0E,INSURER,134,VIDEO,2,READ,
w3,2026-03-26T02:27:16.487929Z,113.547,403,False,0xE022AD1Cb2e3f18fD419769921D61166A5F80FB9,POLICE,645,MEDICAL_REPORT,5,READ,
w5,2026-03-26T02:27:16.488552Z,113.759,403,False,0x2a44EF6977ec44cB5c6ad5038E54C761723DB5E9,INSURER,858,OTHER,1,READ,
w7,2026-03-26T02:27:16.514078Z,107.333,403,False,0x727e45e23f8594c57Cf3FE94b94fC6DC8eBD7A92,INSURER,997,OTHER,1,READ,
w9,2026-03-26T02:27:16.408902Z,253.940,200,True,0xa59ECFb410CCB56f80640CFCfAe5726121Ab2cfa,REGULATOR,160,VIDEO,2,READ,
w4,2026-03-26T02:27:16.564789Z,98.886,403,False,0x4e3024d505B55f3da9f0D7B3a7319EDF7CBAdAdc,INSURER,925,OTHER,1,READ,
w6,2026-03-26T02:27:16.581182Z,119.196,403,False,0x0Bc69A9CA614967C5D33108DA2C0Afd95130f7ab,POLICE,661,FNOL,4,READ,
w0,2026-03-26T02:27:16.581824Z,119.357,403,False,0x8d1A0bE126b91823D8E5E215116c9351922277f7,INSURER,459,IMAGE,2,READ,
w1,2026-03-26T02:27:16.600020Z,145.586,403,False,0x2C633fcDe1FC84a3cab453082dd753A56206d5a5,ADJUSTER,715,TELEMATICS,3,READ,
w3,2026-03-26T02:27:16.601514Z,144.708,403,False,0x4Bb9AC8aB8c9D213B9d89538B10C1016f8e66773,INSURER,340,IMAGE,2,READ,
w5,2026-03-26T02:27:16.602336Z,144.462,403,False,0x62198F0616394D6E59Acc14b43bbe6ABF2f67db8,ADJUSTER,635,MEDICAL_REPORT,5,READ,
w8,2026-03-26T02:27:16.513472Z,244.765,200,True,0x3539040e9A7AA2F3eb932f8a6523DA9ED746160F,GARAGE,196,VIDEO,2,READ,
w4,2026-03-26T02:27:16.663698Z,124.759,403,False,0x904b7a5cb6e3AAb09C26C16DF2E979FE130D0889,ADJUSTER,861,OTHER,1,READ,
w2,2026-03-26T02:27:16.569503Z,229.451,200,True,0xA0706EA97613c48c8Ee8A39218259d61Ae5A25c1,INSURER,71,VIDEO,2,READ,
w0,2026-03-26T02:27:16.701203Z,98.495,403,False,0x0ab8d94B5Ad9dd3b2aE39785D87c48ef037fEeEe,INSURER,460,IMAGE,2,READ,
w1,2026-03-26T02:27:16.745629Z,96.335,403,False,0xAd32d7cB99dFce02DE8A0033cC5fea1262c9840C,INSURER,909,OTHER,1,READ,
w3,2026-03-26T02:27:16.746262Z,96.419,403,False,0xe4Ff9366F4FF38f071D95aA48d3DB306E70De577,POLICE,401,IMAGE,2,READ,
w5,2026-03-26T02:27:16.746820Z,96.555,403,False,0xC60A6C8Fe339e01d6E76d91B0650A99bd0eA77F1,POLICE,308,IMAGE,2,READ,
w7,2026-03-26T02:27:16.621434Z,222.557,200,True,0x86A27669Dc5B6bA6693B7eBf3cF194eB8C1Ba6a1,INSURER,62,VIDEO,2,READ,
w9,2026-03-26T02:27:16.662865Z,237.461,200,True,0x0B5dF81DC06Bb007c88E04eD2D6826Ca41cBB0A2,GARAGE,107,VIDEO,2,READ,
w4,2026-03-26T02:27:16.788481Z,112.671,403,False,0xa8c4E2fbBd0417D663e210a6FdD5976F5f906d9C,POLICE,854,OTHER,1,READ,
w6,2026-03-26T02:27:16.700404Z,201.355,200,True,0x85f013a2fE4D618643C6918f0dA731aA62b93420,GARAGE,72,VIDEO,2,READ,
w2,2026-03-26T02:27:16.798977Z,103.374,403,False,0x2c8aC86D2D94fC757C38B3E3895F90aa32E7594D,INSURER,837,TELEMATICS,3,READ,
w1,2026-03-26T02:27:16.841988Z,88.477,403,False,0xD6DBE4E8f9f2C043d9D69340C893CDc79e6cEaB1,ADJUSTER,320,IMAGE,2,READ,
w3,2026-03-26T02:27:16.842702Z,88.575,403,False,0x3391d15CCe51D9F0a877840266E4784c3b30dF24,POLICE,381,IMAGE,2,READ,
w5,2026-03-26T02:27:16.843397Z,88.553,403,False,0x20060De9B531866f987DE7123AAb09E3Df40B650,INSURER,524,MEDICAL_REPORT,5,READ,
w7,2026-03-26T02:27:16.844012Z,88.485,403,False,0x711f9Ba03b219CFED557d6c4077c783BdfBEC307,COURT,839,TELEMATICS,3,READ,
w8,2026-03-26T02:27:16.758260Z,175.014,200,True,0xB6eA80cE3349885Ebe955de74Db37883Bb9CB5B9,GARAGE,213,VIDEO,2,READ,
w0,2026-03-26T02:27:16.799724Z,181.690,200,True,0xc78F8e87EFbf9675147C8824EF1242398372eFCC,COURT,10,VIDEO,2,READ,
w9,2026-03-26T02:27:16.900393Z,81.916,403,False,0x71012eDE103b9A85faF1F8b952361232E5A73b6d,COURT,564,MEDICAL_REPORT,5,READ,
w4,2026-03-26T02:27:16.901176Z,81.771,403,False,0x55aC7E86FfE135500754bda7778b3749aE34930B,INSURER,388,IMAGE,2,READ,
w6,2026-03-26T02:27:16.901782Z,81.729,403,False,0xF0d558cD42EB081556a20bB9C95157de4966DbEe,INSURER,822,TELEMATICS,3,READ,
w2,2026-03-26T02:27:16.902375Z,96.258,403,False,0xc0c58f42F3d56a359208054C1e3d9EB9FEB181E5,ADJUSTER,344,IMAGE,2,READ,
w1,2026-03-26T02:27:16.930495Z,102.559,403,False,0x54cFafA03b3780b2bEc02Ba688A6DB581b30e82F,POLICE,677,MEDICAL_REPORT,5,READ,
w3,2026-03-26T02:27:16.931306Z,111.893,403,False,0x7E772D98853416cD822D23bF2d9D89Bd3FCF7Af6,INSURER,468,IMAGE,2,READ,
w5,2026-03-26T02:27:16.931975Z,112.243,403,False,0xc78F8e87EFbf9675147C8824EF1242398372eFCC,COURT,684,FNOL,4,READ,
w7,2026-03-26T02:27:16.932518Z,112.190,403,False,0x0ab8d94B5Ad9dd3b2aE39785D87c48ef037fEeEe,INSURER,666,MEDICAL_REPORT,5,READ,
w8,2026-03-26T02:27:16.933297Z,112.036,403,False,0x10e284843829f15F74cE6E0abD20284341c6DB9A,INSURER,657,MEDICAL_REPORT,5,READ,
w0,2026-03-26T02:27:16.981440Z,129.626,403,False,0x89536950F14FD6E0f52C88C17D5A8d27A19f7635,INSURER,829,TELEMATICS,3,READ,
w9,2026-03-26T02:27:16.982345Z,139.321,403,False,0xc560606Bd2B90Feea8BaAB3270Efd65c17422Ad3,ADJUSTER,282,IMAGE,2,READ,
w4,2026-03-26T02:27:16.982972Z,139.301,403,False,0x2eda3233Edca92d3CC82824DE958CC1cCE3A80f4,POLICE,729,TELEMATICS,3,READ,
w2,2026-03-26T02:27:16.998664Z,124.143,403,False,0x33733bc2AFfA696339eACE63a29db0850Bae08C6,COURT,327,IMAGE,2,READ,
w1,2026-03-26T02:27:17.033080Z,131.771,403,False,0xf0C27952Ff3Fa054AC5C5067bA433eE3851F196D,GARAGE,547,FNOL,4,READ,
w3,2026-03-26T02:27:17.043224Z,122.220,403,False,0x2E3A06358fFBF425bdBFB9D46d36F4C62cB2C752,ADJUSTER,933,OTHER,1,READ,
w7,2026-03-26T02:27:17.044728Z,121.505,403,False,0x005fc769438eD21e72915650ea3d0Bd0779E1d56,ADJUSTER,683,FNOL,4,READ,
w8,2026-03-26T02:27:17.045353Z,124.001,403,False,0x2b2d95E89Db8d5C9D7a789205F735fffB7738f31,INSURER,614,FNOL,4,READ,
w6,2026-03-26T02:27:16.983534Z,186.486,200,True,0x84201FaB00444122Be75C109644920B9462cD92d,INSURER,257,IMAGE,2,READ,
w0,2026-03-26T02:27:17.111088Z,110.555,403,False,0x85CB40Edf798FBbfC3e1f8fBA9d60D3aDA9edc66,REGULATOR,984,OTHER,1,READ,
w9,2026-03-26T02:27:17.121722Z,100.213,403,False,0xe740840314f9ce0a5F0dB4619861b2B85A08f007,INSURER,532,FNOL,4,READ,
w4,2026-03-26T02:27:17.122296Z,99.982,403,False,0xa09383266c25808Ea3362D5DaE160528bB5Fb130,POLICE,298,IMAGE,2,READ,
w2,2026-03-26T02:27:17.122828Z,99.607,403,False,0xB6eA80cE3349885Ebe955de74Db37883Bb9CB5B9,GARAGE,624,MEDICAL_REPORT,5,READ,
w5,2026-03-26T02:27:17.044239Z,205.921,200,True,0x10d74EEF9a158805e197f451FFcF98B5df6f07B3,POLICE,229,VIDEO,2,READ,
w1,2026-03-26T02:27:17.164873Z,85.500,403,False,0xC60A6C8Fe339e01d6E76d91B0650A99bd0eA77F1,POLICE,697,MEDICAL_REPORT,5,READ,
w3,2026-03-26T02:27:17.165467Z,85.070,403,False,0x27Dd09F461d60E509B253B64B9C618ade0B207c2,INSURER,688,FNOL,4,READ,
w7,2026-03-26T02:27:17.168683Z,82.043,403,False,0x0ab8d94B5Ad9dd3b2aE39785D87c48ef037fEeEe,INSURER,693,MEDICAL_REPORT,5,READ,
w8,2026-03-26T02:27:17.169375Z,81.437,403,False,0xC737C4f48DDAf3A5015F6461cCC3152074B1adDc,INSURER,894,OTHER,1,READ,
w6,2026-03-26T02:27:17.170039Z,80.958,403,False,0x7F37f92080D63E1b76A83FDd5aCa390d46475f17,INSURER,734,TELEMATICS,3,READ,
