worker,start_time_iso,latency_ms,status,allowed,subject_address,subject_role,resource_id,resource_type,resource_sensitivity,action,error
w2,2026-03-26T02:27:18.245195Z,381.999,403,False,0xD9D6cdEd999CB9B2EC63a0b734693f9a664C9F65,INSURER,637,MEDICAL_REPORT,5,READ,
w22,2026-03-26T02:27:18.247984Z,380.600,403,False,0xB6920469504adDf687AfCe890A39E6EBF76cF88E,POLICE,547,FNOL,4,READ,
w8,2026-03-26T02:27:18.245867Z,387.499,403,False,0x668803002755A42bB2BBAD8e73c43b3B5a03eC68,INSURER,992,OTHER,1,READ,
w37,2026-03-26T02:27:18.250350Z,383.466,403,False,0xc0c58f42F3d56a359208054C1e3d9EB9FEB181E5,ADJUSTER,775,TELEMATICS,3,READ,
w23,2026-03-26T02:27:18.248346Z,385.951,403,False,0xD45c19e5e5E1f56DFD5EF10a0DBdBeE64Bb94C5E,POLICE,767,TELEMATICS,3,READ,
w38,2026-03-26T02:27:18.250538Z,384.296,403,False,0xDce410211947791510C6ABE09E20663d9934397A,INSURER,995,OTHER,1,READ,
w39,2026-03-26T02:27:18.250612Z,384.866,403,False,0x2E3648461e7e88D00d60a2f635D34041487Ae4B0,COURT,825,TELEMATICS,3,READ,
w25,2026-03-26T02:27:18.248543Z,388.461,403,False,0x711f9Ba03b219CFED557d6c4077c783BdfBEC307,COURT,301,IMAGE,2,READ,
w40,2026-03-26T02:27:18.250677Z,386.948,403,False,0xa09383266c25808Ea3362D5DaE160528bB5Fb130,POLICE,558,MEDICAL_REPORT,5,READ,
w26,2026-03-26T02:27:18.248614Z,389.566,403,False,0xA0D16Db45A3E299D305623eB5499B19F75Fd2E79,COURT,316,IMAGE,2,READ,
w9,2026-03-26T02:27:18.245933Z,392.864,403,False,0xE49f69335d2600b7983983725650eEc85f260b0E,INSURER,610,MEDICAL_REPORT,5,READ,
w41,2026-03-26T02:27:18.250741Z,388.702,403,False,0x0faad82B330120b20f18ed21fCD7C5e6865C2088,INSURER,853,OTHER,1,READ,
w27,2026-03-26T02:27:18.248810Z,391.271,403,False,0x6946334781F193CD26a1b9026c1980aa92c80Fd4,ADJUSTER,474,IMAGE,2,READ,
w42,2026-03-26T02:27:18.250804Z,389.754,403,False,0x5106911D638802a025a43feF48b5836d711BcfDC,GARAGE,476,IMAGE,2,READ,
w28,2026-03-26T02:27:18.249019Z,392.009,403,False,0x26Ab584De439e6A70824Fd85dFdc1587DF5D1516,INSURER,1000,OTHER,1,READ,
w14,2026-03-26T02:27:18.246360Z,395.114,403,False,0x8818DFB61c2A02e64c74DC651D2b8a152A170140,INSURER,383,IMAGE,2,READ,
w43,2026-03-26T02:27:18.250872Z,391.008,403,False,0x0faad82B330120b20f18ed21fCD7C5e6865C2088,INSURER,836,TELEMATICS,3,READ,
w29,2026-03-26T02:27:18.249208Z,393.153,403,False,0x828c0FD3Ed54b03A52e62470aF331e95A50BCf09,POLICE,632,MEDICAL_REPORT,5,READ,
w15,2026-03-26T02:27:18.246510Z,396.283,403,False,0xfa05901804C21448e6980BbDFa52ED18dc9d3B21,ADJUSTER,319,IMAGE,2,READ,
w4,2026-03-26T02:27:18.245556Z,397.755,403,False,0xe68Cd859c32799e54800ffa5C5474912A5C23706,INSURER,500,IMAGE,2,READ,
w44,2026-03-26T02:27:18.250932Z,392.838,403,False,0x4e3024d505B55f3da9f0D7B3a7319EDF7CBAdAdc,INSURER,601,MEDICAL_REPORT,5,READ,
w30,2026-03-26T02:27:18.249575Z,394.735,403,False,0x4939E121036A8AD1643718eFc89097821616931f,POLICE,906,OTHER,1,READ,
w16,2026-03-26T02:27:18.246641Z,398.218,403,False,0x074bE6382e1bAD6f8957dEED880345Efc1bDC58C,POLICE,301,IMAGE,2,READ,
w10,2026-03-26T02:27:18.245998Z,406.261,403,False,0xe29a4A0F7cc642F4654E70D8217eDDD2237e5b7f,ADJUSTER,590,FNOL,4,READ,
w45,2026-03-26T02:27:18.251074Z,404.711,403,False,0xc30C588825d2d3c37cC645CB5f9D5138F2A54A85,POLICE,764,TELEMATICS,3,READ,
w31,2026-03-26T02:27:18.249804Z,406.713,403,False,0x83e68Cac649872ca6135aDfEF9A944bbF908ef66,GARAGE,742,TELEMATICS,3,READ,
w17,2026-03-26T02:27:18.247000Z,410.148,403,False,0xf0C27952Ff3Fa054AC5C5067bA433eE3851F196D,GARAGE,455,IMAGE,2,READ,
w11,2026-03-26T02:27:18.246080Z,411.628,403,False,0xAc46c6cb0d1d810573C55BcB67a854a313D89d5E,POLICE,868,OTHER,1,READ,
w32,2026-03-26T02:27:18.249890Z,511.349,403,False,0xA07ddA082a145D371fc7C88A2cBF3594FcBb51e0,REGULATOR,328,IMAGE,2,READ,
w18,2026-03-26T02:27:18.247186Z,514.634,403,False,0xc30C588825d2d3c37cC645CB5f9D5138F2A54A85,POLICE,872,OTHER,1,READ,
w1,2026-03-26T02:27:18.244465Z,517.915,403,False,0x2AA4a29437fF4B945Ac2957FFd6DdB3AF0fEb05b,ADJUSTER,692,FNOL,4,READ,
w19,2026-03-26T02:27:18.247386Z,571.497,403,False,0x0faad82B330120b20f18ed21fCD7C5e6865C2088,INSURER,917,OTHER,1,READ,
w48,2026-03-26T02:27:18.251429Z,568.110,403,False,0xfa0c2c3a58Dc42E7c1266c6Badd86D7001B6c961,INSURER,624,MEDICAL_REPORT,5,READ,
w34,2026-03-26T02:27:18.250042Z,570.032,403,False,0x995408770BbdF9C720d131bCfa0bE248c90fA29f,COURT,952,OTHER,1,READ,
w20,2026-03-26T02:27:18.247504Z,608.193,403,False,0xB7953144C083a54D89d9e4eCB7A2A4151D4007E0,REGULATOR,312,IMAGE,2,READ,
w49,2026-03-26T02:27:18.251510Z,605.106,403,False,0x3A7a82b4A46a2f934834Ca05381528d576A17a70,INSURER,397,IMAGE,2,READ,
w35,2026-03-26T02:27:18.250100Z,607.170,403,False,0x2eda3233Edca92d3CC82824DE958CC1cCE3A80f4,POLICE,622,FNOL,4,READ,
w0,2026-03-26T02:27:18.240490Z,617.251,403,False,0xE2694287D484e8aE315B0F637DD87846ff5d7AdB,COURT,413,IMAGE,2,READ,
w36,2026-03-26T02:27:18.250186Z,661.877,200,True,0x38cBa880d4427ccC9Db01c3d1E1629eC61458b52,COURT,91,VIDEO,2,READ,
w24,2026-03-26T02:27:18.248463Z,664.435,200,True,0xe028327896d2bb4705C2134380bDB1E038DdF2Fc,REGULATOR,74,VIDEO,2,READ,
w3,2026-03-26T02:27:18.245450Z,668.053,200,True,0xe740840314f9ce0a5F0dB4619861b2B85A08f007,INSURER,190,VIDEO,2,READ,
w5,2026-03-26T02:27:18.245642Z,668.637,200,True,0xA07ddA082a145D371fc7C88A2cBF3594FcBb51e0,REGULATOR,167,VIDEO,2,READ,
w6,2026-03-26T02:27:18.245724Z,673.107,200,True,0xCe261d45B20f7c1ACaE3eAf693D957b5D99D42BD,REGULATOR,5,VIDEO,2,READ,
w46,2026-03-26T02:27:18.251151Z,668.353,200,True,0x265D84A4A56a37ae42bD3AE43A135660D59CE429,COURT,118,VIDEO,2,READ,
w2,2026-03-26T02:27:18.627245Z,292.832,403,False,0x969F5C531FA570b10b873CE229E1D17C35c80b01,POLICE,851,OTHER,1,READ,
w8,2026-03-26T02:27:18.633391Z,287.275,403,False,0x828c0FD3Ed54b03A52e62470aF331e95A50BCf09,POLICE,420,IMAGE,2,READ,
w37,2026-03-26T02:27:18.633833Z,288.018,403,False,0x7F99cBFcC9a6cBf31E66d657377B3C4D260ce4BE,ADJUSTER,852,OTHER,1,READ,
w23,2026-03-26T02:27:18.634320Z,288.154,403,False,0xf35E98eF2f18881395aAf1Ef3ffB3f31d4b20C25,INSURER,357,IMAGE,2,READ,
w38,2026-03-26T02:27:18.634857Z,288.236,403,False,0x2C633fcDe1FC84a3cab453082dd753A56206d5a5,ADJUSTER,924,OTHER,1,READ,
w39,2026-03-26T02:27:18.635499Z,288.275,403,False,0x6793787989bC3CD4C54f44099Dc75Fb05503EC65,GARAGE,545,FNOL,4,READ,
w25,2026-03-26T02:27:18.637031Z,287.271,403,False,0xc073597a01C3BD226F8723F8E91124b57b11BEc8,GARAGE,485,IMAGE,2,READ,
w26,2026-03-26T02:27:18.638204Z,381.439,403,False,0xC737C4f48DDAf3A5015F6461cCC3152074B1adDc,INSURER,926,OTHER,1,READ,
w9,2026-03-26T02:27:18.638819Z,390.369,403,False,0x2a44EF6977ec44cB5c6ad5038E54C761723DB5E9,INSURER,575,FNOL,4,READ,
w41,2026-03-26T02:27:18.639470Z,390.722,403,False,0x9f26D169621c57Db8eC4B7a3B5D9aF4CdF71085F,INSURER,538,FNOL,4,READ,
w27,2026-03-26T02:27:18.640104Z,390.573,403,False,0x3439804Aa24202062144D2208cAD3E29C04d6CfC,POLICE,663,FNOL,4,READ,
w42,2026-03-26T02:27:18.640574Z,390.648,403,False,0xAd32d7cB99dFce02DE8A0033cC5fea1262c9840C,INSURER,890,OTHER,1,READ,
w14,2026-03-26T02:27:18.641492Z,390.147,403,False,0x668803002755A42bB2BBAD8e73c43b3B5a03eC68,INSURER,856,OTHER,1,READ,
w43,2026-03-26T02:27:18.641899Z,390.098,403,False,0x6e2eda1263F3990130d14F0D25bc4b93d5d6D80C,REGULATOR,448,IMAGE,2,READ,
w29,2026-03-26T02:27:18.642380Z,389.922,403,False,0x9dd7F747E30a7Ab727D5AabeC1205fC6FF74891e,INSURER,586,FNOL,4,READ,
w15,2026-03-26T02:27:18.642813Z,389.806,403,False,0x106A9Ba6bde37edc0BadcA9D48C8F8dF69524AD3,INSURER,844,TELEMATICS,3,READ,
w4,2026-03-26T02:27:18.643331Z,389.771,403,False,0x8B9C6E42320Cc7c0a0512De5818B2aCc269feef7,INSURER,953,OTHER,1,READ,
w44,2026-03-26T02:27:18.643789Z,389.745,403,False,0xEE47aAeC1ae1eFc7AcE9A2bAB0F5c89c97613D42,POLICE,524,MEDICAL_REPORT,5,READ,
w30,2026-03-26T02:27:18.644342Z,389.562,403,False,0xce923F1c1B6DE1A03f42cC378185B0BCCD65256e,POLICE,691,MEDICAL_REPORT,5,READ,
w10,2026-03-26T02:27:18.652283Z,469.887,403,False,0x1Bc44f70234E2a0FBCb744E2abF6F6931BA6231F,INSURER,473,IMAGE,2,READ,
w45,2026-03-26T02:27:18.655839Z,467.264,403,False,0x7E772D98853416cD822D23bF2d9D89Bd3FCF7Af6,INSURER,741,TELEMATICS,3,READ,
w31,2026-03-26T02:27:18.656538Z,467.283,403,False,0x808e36854e0010681FFdE8f615E4a0967A544c06,INSURER,869,OTHER,1,READ,
w17,2026-03-26T02:27:18.657173Z,471.768,403,False,0x26Ab584De439e6A70824Fd85dFdc1587DF5D1516,INSURER,715,TELEMATICS,3,READ,
w12,2026-03-26T02:27:18.246156Z,925.473,200,True,0xD9D6cdEd999CB9B2EC63a0b734693f9a664C9F65,INSURER,156,VIDEO,2,READ,
w47,2026-03-26T02:27:18.251270Z,920.801,200,True,0xacc4fa5f6784C35C0da5bCBEa5f8e3fe401F6323,COURT,46,VIDEO,2,READ,
w18,2026-03-26T02:27:18.761849Z,410.566,403,False,0xEE47aAeC1ae1eFc7AcE9A2bAB0F5c89c97613D42,POLICE,359,IMAGE,2,READ,
w33,2026-03-26T02:27:18.249964Z,1012.381,200,True,0x814742D6773D55c02177ca64238a124D39d8CAd0,COURT,258,IMAGE,2,READ,
w13,2026-03-26T02:27:18.246215Z,1017.000,200,True,0x711f9Ba03b219CFED557d6c4077c783BdfBEC307,COURT,171,VIDEO,2,READ,
w7,2026-03-26T02:27:18.245804Z,1017.967,200,True,0x9f26D169621c57Db8eC4B7a3B5D9aF4CdF71085F,INSURER,70,VIDEO,2,READ,
w19,2026-03-26T02:27:18.818909Z,445.447,403,False,0xB6eA80cE3349885Ebe955de74Db37883Bb9CB5B9,GARAGE,412,IMAGE,2,READ,
w48,2026-03-26T02:27:18.819562Z,453.863,403,False,0xD45c19e5e5E1f56DFD5EF10a0DBdBeE64Bb94C5E,POLICE,688,FNOL,4,READ,
w34,2026-03-26T02:27:18.820096Z,453.842,403,False,0x3539040e9A7AA2F3eb932f8a6523DA9ED746160F,GARAGE,841,TELEMATICS,3,READ,
w21,2026-03-26T02:27:18.247767Z,1060.310,200,True,0x98347d3bFE3F67dc6ee387CF9C8DE40578347681,ADJUSTER,162,VIDEO,2,READ,
w49,2026-03-26T02:27:18.856644Z,452.070,403,False,0x2FFDEE64f54829571565E7991764e0c0B2D31B16,INSURER,472,IMAGE,2,READ,
w35,2026-03-26T02:27:18.857292Z,451.985,403,False,0xfC435D0E00Ae6D11E5Bb3A9cd461B915Edc17F59,REGULATOR,584,MEDICAL_REPORT,5,READ,
w0,2026-03-26T02:27:18.857762Z,452.049,403,False,0x36599004C3aC0Aa715a49186455E90556EA805cE,GARAGE,659,MEDICAL_REPORT,5,READ,
w22,2026-03-26T02:27:18.628612Z,733.313,200,True,0x8d1A0bE126b91823D8E5E215116c9351922277f7,INSURER,36,VIDEO,2,READ,
w36,2026-03-26T02:27:18.912089Z,450.572,403,False,0x55aC7E86FfE135500754bda7778b3749aE34930B,INSURER,490,IMAGE,2,READ,
w3,2026-03-26T02:27:18.913527Z,449.641,403,False,0x9f26D169621c57Db8eC4B7a3B5D9aF4CdF71085F,INSURER,755,TELEMATICS,3,READ,
w5,2026-03-26T02:27:18.914302Z,449.416,403,False,0x9f37E319F5290Da8b5C5Cb33369dc41B4E185AB5,ADJUSTER,343,IMAGE,2,READ,
w6,2026-03-26T02:27:18.918857Z,515.684,403,False,0x5361cD9F3982091dD2C3e79FAb30707aD081b1AA,INSURER,708,TELEMATICS,3,READ,
w46,2026-03-26T02:27:18.919528Z,515.646,403,False,0xB6920469504adDf687AfCe890A39E6EBF76cF88E,POLICE,920,OTHER,1,READ,
w2,2026-03-26T02:27:18.920107Z,515.685,403,False,0xA540c09f6c140651CA79CFFa797D92DF979aE483,ADJUSTER,528,FNOL,4,READ,
w23,2026-03-26T02:27:18.922499Z,514.020,403,False,0x3A7a82b4A46a2f934834Ca05381528d576A17a70,INSURER,870,OTHER,1,READ,
w39,2026-03-26T02:27:18.923796Z,515.168,403,False,0x711f9Ba03b219CFED557d6c4077c783BdfBEC307,COURT,812,TELEMATICS,3,READ,
w25,2026-03-26T02:27:18.924321Z,515.225,403,False,0xA540c09f6c140651CA79CFFa797D92DF979aE483,ADJUSTER,394,IMAGE,2,READ,
w40,2026-03-26T02:27:18.637649Z,847.522,200,True,0xfaB598AD02177fA240d67eae46e2BBf26ba64810,ADJUSTER,208,VIDEO,2,READ,
w28,2026-03-26T02:27:18.641075Z,845.551,200,True,0x9455AD24B4CF0dBA6bF671fb827428C8a7D5c62f,ADJUSTER,218,VIDEO,2,READ,
w41,2026-03-26T02:27:19.030214Z,508.995,403,False,0x5dBb83D0d96c168133412CC6e93a25a61Bfb8599,INSURER,701,TELEMATICS,3,READ,
w27,2026-03-26T02:27:19.030736Z,509.448,403,False,0x3A7a82b4A46a2f934834Ca05381528d576A17a70,INSURER,465,IMAGE,2,READ,
w42,2026-03-26T02:27:19.031244Z,512.696,403,False,0x3391d15CCe51D9F0a877840266E4784c3b30dF24,POLICE,819,TELEMATICS,3,READ,
w43,2026-03-26T02:27:19.032012Z,514.692,403,False,0x2d463F869E51337B7a301382Cc76B1960D09BAd7,ADJUSTER,406,IMAGE,2,READ,
w4,2026-03-26T02:27:19.033124Z,516.821,403,False,0xA0D16Db45A3E299D305623eB5499B19F75Fd2E79,COURT,701,TELEMATICS,3,READ,
w44,2026-03-26T02:27:19.033551Z,518.949,403,False,0xA07ddA082a145D371fc7C88A2cBF3594FcBb51e0,REGULATOR,394,IMAGE,2,READ,
w30,2026-03-26T02:27:19.033918Z,519.331,403,False,0xc30C588825d2d3c37cC645CB5f9D5138F2A54A85,POLICE,315,IMAGE,2,READ,
w16,2026-03-26T02:27:18.644880Z,967.091,200,True,0xAB90A30F8DBAe40Fd6D9aA11cf1908F4CbC8432D,INSURER,255,IMAGE,2,READ,
w11,2026-03-26T02:27:18.657730Z,954.849,200,True,0xf24f0CD63a9b98E6C44679474b98157587e5608D,INSURER,122,VIDEO,2,READ,
w45,2026-03-26T02:27:19.123146Z,490.667,403,False,0x7e44eb68D57cA35191576B6498CAC17b47001a2b,INSURER,325,IMAGE,2,READ,
w17,2026-03-26T02:27:19.128968Z,488.970,403,False,0xA540c09f6c140651CA79CFFa797D92DF979aE483,ADJUSTER,602,MEDICAL_REPORT,5,READ,
w32,2026-03-26T02:27:18.761264Z,908.141,200,True,0xce923F1c1B6DE1A03f42cC378185B0BCCD65256e,POLICE,23,VIDEO,2,READ,
w1,2026-03-26T02:27:18.762401Z,907.750,200,True,0x5106911D638802a025a43feF48b5836d711BcfDC,GARAGE,4,VIDEO,2,READ,
w18,2026-03-26T02:27:19.172431Z,498.475,403,False,0x9D7C8C9e23D36eC3BFff969f156405253162b9e0,ADJUSTER,914,OTHER,1,READ,
w33,2026-03-26T02:27:19.262370Z,475.801,403,False,0xc78F8e87EFbf9675147C8824EF1242398372eFCC,COURT,785,TELEMATICS,3,READ,
w13,2026-03-26T02:27:19.263238Z,475.870,403,False,0x0faad82B330120b20f18ed21fCD7C5e6865C2088,INSURER,653,MEDICAL_REPORT,5,READ,
w7,2026-03-26T02:27:19.263794Z,475.903,403,False,0xe9BfB16581647fc6746A690dC658b56D114822f2,POLICE,892,OTHER,1,READ,
w19,2026-03-26T02:27:19.264380Z,475.829,403,False,0xcB1049e81CC805FeD8B469418aAd2A2A5fCc652A,INSURER,656,FNOL,4,READ,
w48,2026-03-26T02:27:19.273460Z,467.214,403,False,0xAd32d7cB99dFce02DE8A0033cC5fea1262c9840C,INSURER,495,IMAGE,2,READ,
w34,2026-03-26T02:27:19.273958Z,467.292,403,False,0x907C18fd7B2D156904bC5c25dD4542B69dfe6d54,ADJUSTER,441,IMAGE,2,READ,
w20,2026-03-26T02:27:18.855745Z,910.372,200,True,0x0Bc69A9CA614967C5D33108DA2C0Afd95130f7ab,POLICE,251,IMAGE,2,READ,
w21,2026-03-26T02:27:19.308103Z,458.758,403,False,0x005fc769438eD21e72915650ea3d0Bd0779E1d56,ADJUSTER,529,MEDICAL_REPORT,5,READ,
w49,2026-03-26T02:27:19.308765Z,459.142,403,False,0x828c0FD3Ed54b03A52e62470aF331e95A50BCf09,POLICE,993,OTHER,1,READ,
w35,2026-03-26T02:27:19.309302Z,462.690,403,False,0x763BeD60093Bc3ad989d0E71724B8a30f6629Bf2,ADJUSTER,653,MEDICAL_REPORT,5,READ,
w0,2026-03-26T02:27:19.309832Z,462.784,403,False,0xe028327896d2bb4705C2134380bDB1E038DdF2Fc,REGULATOR,961,OTHER,1,READ,
w24,2026-03-26T02:27:18.912920Z,926.094,200,True,0x3fC3662b6AbB721C5A8739eBc22914C534242aC2,GARAGE,151,VIDEO,2,READ,
w22,2026-03-26T02:27:19.361947Z,477.838,403,False,0x11d0837E47B208389bc698030a678Bc9261f8156,INSURER,987,OTHER,1,READ,
w36,2026-03-26T02:27:19.362684Z,477.675,403,False,0x7F99cBFcC9a6cBf31E66d657377B3C4D260ce4BE,ADJUSTER,883,OTHER,1,READ,
w3,2026-03-26T02:27:19.363189Z,480.294,403,False,0x85f013a2fE4D618643C6918f0dA731aA62b93420,GARAGE,893,OTHER,1,READ,
w8,2026-03-26T02:27:18.920691Z,1002.911,200,True,0x763BeD60093Bc3ad989d0E71724B8a30f6629Bf2,ADJUSTER,52,VIDEO,2,READ,
w37,2026-03-26T02:27:18.921880Z,1002.548,200,True,0x2E3A06358fFBF425bdBFB9D46d36F4C62cB2C752,ADJUSTER,227,VIDEO,2,READ,
w38,2026-03-26T02:27:18.923128Z,1018.535,200,True,0xA07ddA082a145D371fc7C88A2cBF3594FcBb51e0,REGULATOR,190,VIDEO,2,READ,
w6,2026-03-26T02:27:19.434576Z,508.047,403,False,0xc560606Bd2B90Feea8BaAB3270Efd65c17422Ad3,ADJUSTER,282,IMAGE,2,READ,
w46,2026-03-26T02:27:19.435204Z,508.057,403,False,0x0a32D28155a778b375C162F8999D8D0d760896b8,ADJUSTER,373,IMAGE,2,READ,
w2,2026-03-26T02:27:19.435874Z,511.582,403,False,0xC60A6C8Fe339e01d6E76d91B0650A99bd0eA77F1,POLICE,952,OTHER,1,READ,
w39,2026-03-26T02:27:19.438993Z,509.064,403,False,0xB6920469504adDf687AfCe890A39E6EBF76cF88E,POLICE,510,MEDICAL_REPORT,5,READ,
w25,2026-03-26T02:27:19.439568Z,509.128,403,False,0x005fc769438eD21e72915650ea3d0Bd0779E1d56,ADJUSTER,882,OTHER,1,READ,
w26,2026-03-26T02:27:19.019665Z,929.861,200,True,0xC0B54dC53B9A14ad6199dbB75383AcEe7B50414B,ADJUSTER,128,VIDEO,2,READ,
w9,2026-03-26T02:27:19.029213Z,920.839,200,True,0x90028B286fD1D933A9D4663B944477413d781ad9,COURT,156,VIDEO,2,READ,
w40,2026-03-26T02:27:19.485198Z,465.432,403,False,0xe028327896d2bb4705C2134380bDB1E038DdF2Fc,REGULATOR,732,TELEMATICS,3,READ,
w28,2026-03-26T02:27:19.486649Z,464.581,403,False,0xA903578836c1E60A93BAd29357D9962aBd7aE0E7,GARAGE,593,FNOL,4,READ,
w14,2026-03-26T02:27:19.031654Z,1048.747,200,True,0x034E07D329FcA8aC6b776699af54687288A7fe3E,ADJUSTER,265,IMAGE,2,READ,
w29,2026-03-26T02:27:19.032315Z,1048.938,200,True,0xa8c4E2fbBd0417D663e210a6FdD5976F5f906d9C,POLICE,265,IMAGE,2,READ,
w15,2026-03-26T02:27:19.032633Z,1049.175,200,True,0x4bde32504e100aaF1Db477c3F0AF1C01be0d3003,POLICE,188,VIDEO,2,READ,
w41,2026-03-26T02:27:19.539240Z,543.235,403,False,0x5c07a06B115c15b04B988EA559f2FC152b87BE65,INSURER,872,OTHER,1,READ,
w27,2026-03-26T02:27:19.540227Z,542.999,403,False,0x6e492Bff2B5Fc2351eF247518a6dCD98479E018C,POLICE,986,OTHER,1,READ,
w4,2026-03-26T02:27:19.549970Z,604.892,403,False,0x969F5C531FA570b10b873CE229E1D17C35c80b01,POLICE,746,TELEMATICS,3,READ,
w44,2026-03-26T02:27:19.552527Z,603.015,403,False,0xFc3a53f3055e68a2D5fE4aF7E5B5cF92e63F17e7,INSURER,358,IMAGE,2,READ,
w30,2026-03-26T02:27:19.553273Z,602.718,403,False,0x724d89D8ad84494De12a74615cd5bFFEf3eA18aA,ADJUSTER,549,MEDICAL_REPORT,5,READ,
w10,2026-03-26T02:27:19.122268Z,1107.703,200,True,0x54cFafA03b3780b2bEc02Ba688A6DB581b30e82F,POLICE,125,VIDEO,2,READ,
w31,2026-03-26T02:27:19.123867Z,1106.931,200,True,0x7F99cBFcC9a6cBf31E66d657377B3C4D260ce4BE,ADJUSTER,97,VIDEO,2,READ,
w16,2026-03-26T02:27:19.612005Z,620.076,403,False,0x2d463F869E51337B7a301382Cc76B1960D09BAd7,ADJUSTER,394,IMAGE,2,READ,
w11,2026-03-26T02:27:19.612602Z,620.801,403,False,0xe740840314f9ce0a5F0dB4619861b2B85A08f007,INSURER,520,MEDICAL_REPORT,5,READ,
w45,2026-03-26T02:27:19.613839Z,630.036,403,False,0xACeC85e12d17bE03cf4d9ac50Db46392aC26A13A,GARAGE,949,OTHER,1,READ,
w17,2026-03-26T02:27:19.617970Z,642.151,403,False,0xe68Cd859c32799e54800ffa5C5474912A5C23706,INSURER,946,OTHER,1,READ,
w12,2026-03-26T02:27:19.171651Z,1130.387,200,True,0x90937Fa99BC935CfA2aDcB3C0dcde37a9a95af00,INSURER,104,VIDEO,2,READ,
w47,2026-03-26T02:27:19.172085Z,1130.759,200,True,0x54cFafA03b3780b2bEc02Ba688A6DB581b30e82F,POLICE,39,VIDEO,2,READ,
w32,2026-03-26T02:27:19.669431Z,634.088,403,False,0xc30C588825d2d3c37cC645CB5f9D5138F2A54A85,POLICE,756,TELEMATICS,3,READ,
w18,2026-03-26T02:27:19.671002Z,640.512,403,False,0x85f013a2fE4D618643C6918f0dA731aA62b93420,GARAGE,345,IMAGE,2,READ,
w13,2026-03-26T02:27:19.739136Z,612.032,403,False,0x45c4F19a8C6e455e9647ad8aD8a9A9c7733b6Bad,INSURER,312,IMAGE,2,READ,
w7,2026-03-26T02:27:19.739721Z,612.262,403,False,0xa8c4E2fbBd0417D663e210a6FdD5976F5f906d9C,POLICE,622,FNOL,4,READ,
w19,2026-03-26T02:27:19.740232Z,612.454,403,False,0x7036A61a0c4486ca1acA322940DFE746a02EdBF7,INSURER,476,IMAGE,2,READ,
w48,2026-03-26T02:27:19.740694Z,690.082,403,False,0x71012eDE103b9A85faF1F8b952361232E5A73b6d,COURT,688,FNOL,4,READ,
w21,2026-03-26T02:27:19.766885Z,664.909,403,False,0x98347d3bFE3F67dc6ee387CF9C8DE40578347681,ADJUSTER,542,MEDICAL_REPORT,5,READ,
w49,2026-03-26T02:27:19.767950Z,679.175,403,False,0xacc4fa5f6784C35C0da5bCBEa5f8e3fe401F6323,COURT,866,OTHER,1,READ,
w35,2026-03-26T02:27:19.772015Z,676.278,403,False,0xa09383266c25808Ea3362D5DaE160528bB5Fb130,POLICE,471,IMAGE,2,READ,
w0,2026-03-26T02:27:19.772640Z,685.683,403,False,0xF4B9B002569bC5998B1d5a2309EF921d2ca63BDd,INSURER,529,MEDICAL_REPORT,5,READ,
w5,2026-03-26T02:27:19.363741Z,1140.299,200,True,0x26Ab584De439e6A70824Fd85dFdc1587DF5D1516,INSURER,215,VIDEO,2,READ,
w24,2026-03-26T02:27:19.839042Z,665.716,403,False,0x221D1a7739dA73BA8B191C14399776D9C63E6e8F,INSURER,412,IMAGE,2,READ,
w22,2026-03-26T02:27:19.839808Z,665.726,403,False,0x106A9Ba6bde37edc0BadcA9D48C8F8dF69524AD3,INSURER,865,OTHER,1,READ,
w3,2026-03-26T02:27:19.843516Z,662.902,403,False,0x49Fc0F0951a6A354226EEdd0Ec69e2b1c69880E3,ADJUSTER,953,OTHER,1,READ,
w23,2026-03-26T02:27:19.436546Z,1100.192,200,True,0x8d409457EE624A6a1Afb1B789793990026056d7d,REGULATOR,70,VIDEO,2,READ,
w8,2026-03-26T02:27:19.923630Z,613.739,403,False,0x54cFafA03b3780b2bEc02Ba688A6DB581b30e82F,POLICE,569,MEDICAL_REPORT,5,READ,
w37,2026-03-26T02:27:19.924453Z,613.668,403,False,0x9455AD24B4CF0dBA6bF671fb827428C8a7D5c62f,ADJUSTER,278,IMAGE,2,READ,
w38,2026-03-26T02:27:19.941717Z,605.832,403,False,0xc560606Bd2B90Feea8BaAB3270Efd65c17422Ad3,ADJUSTER,443,IMAGE,2,READ,
w6,2026-03-26T02:27:19.942661Z,605.465,403,False,0x23164e00C680c815A8886E437558C15425a21040,COURT,980,OTHER,1,READ,
w46,2026-03-26T02:27:19.943289Z,637.290,403,False,0x98347d3bFE3F67dc6ee387CF9C8DE40578347681,ADJUSTER,734,TELEMATICS,3,READ,
w39,2026-03-26T02:27:19.948106Z,633.324,403,False,0xD1ff571869D0436cC7b43A2a2c156085F4c5Efeb,ADJUSTER,985,OTHER,1,READ,
w25,2026-03-26T02:27:19.948721Z,633.265,403,False,0xa69B6a9c2ED6A394a404B91B851C1176b76370Fa,GARAGE,575,FNOL,4,READ,
w26,2026-03-26T02:27:19.949550Z,632.939,403,False,0x1Bc44f70234E2a0FBCb744E2abF6F6931BA6231F,INSURER,770,TELEMATICS,3,READ,
w9,2026-03-26T02:27:19.950104Z,633.100,403,False,0x034E07D329FcA8aC6b776699af54687288A7fe3E,ADJUSTER,694,MEDICAL_REPORT,5,READ,
w40,2026-03-26T02:27:19.950650Z,636.549,403,False,0x3F80f29E8ee7BD7ab795eaa0ea5834F45d8b4f36,ADJUSTER,701,TELEMATICS,3,READ,
w42,2026-03-26T02:27:19.543979Z,1092.620,200,True,0xa59ECFb410CCB56f80640CFCfAe5726121Ab2cfa,REGULATOR,151,VIDEO,2,READ,
w43,2026-03-26T02:27:19.546728Z,1090.645,200,True,0x3391d15CCe51D9F0a877840266E4784c3b30dF24,POLICE,130,VIDEO,2,READ,
w14,2026-03-26T02:27:20.080457Z,557.806,403,False,0x58546e800Dd5EE7E99f22ecB7344138B6dFF55Ce,INSURER,371,IMAGE,2,READ,
w29,2026-03-26T02:27:20.081296Z,557.702,403,False,0x907C18fd7B2D156904bC5c25dD4542B69dfe6d54,ADJUSTER,297,IMAGE,2,READ,
w15,2026-03-26T02:27:20.081831Z,557.804,403,False,0x4Bb9AC8aB8c9D213B9d89538B10C1016f8e66773,INSURER,962,OTHER,1,READ,
w41,2026-03-26T02:27:20.082505Z,557.980,403,False,0x85CB40Edf798FBbfC3e1f8fBA9d60D3aDA9edc66,REGULATOR,415,IMAGE,2,READ,
w27,2026-03-26T02:27:20.083257Z,557.866,403,False,0x711f9Ba03b219CFED557d6c4077c783BdfBEC307,COURT,279,IMAGE,2,READ,
w4,2026-03-26T02:27:20.154893Z,527.626,403,False,0x074bE6382e1bAD6f8957dEED880345Efc1bDC58C,POLICE,834,TELEMATICS,3,READ,
w10,2026-03-26T02:27:20.229997Z,460.994,403,False,0x8d1A0bE126b91823D8E5E215116c9351922277f7,INSURER,408,IMAGE,2,READ,
w31,2026-03-26T02:27:20.230823Z,461.080,403,False,0x106A9Ba6bde37edc0BadcA9D48C8F8dF69524AD3,INSURER,377,IMAGE,2,READ,
w16,2026-03-26T02:27:20.232109Z,460.430,403,False,0x33733bc2AFfA696339eACE63a29db0850Bae08C6,COURT,918,OTHER,1,READ,
w11,2026-03-26T02:27:20.243045Z,482.819,403,False,0x8B9C6E42320Cc7c0a0512De5818B2aCc269feef7,INSURER,847,TELEMATICS,3,READ,
w45,2026-03-26T02:27:20.243902Z,493.418,403,False,0x58546e800Dd5EE7E99f22ecB7344138B6dFF55Ce,INSURER,880,OTHER,1,READ,
w17,2026-03-26T02:27:20.260148Z,478.767,403,False,0x5d47D10E5aaDa092c97f77a2011d225a54e888dE,INSURER,431,IMAGE,2,READ,
w1,2026-03-26T02:27:19.670188Z,1096.071,200,True,0x1ed7D08B1bc117C8039A09D7469dCD6b7119ec85,POLICE,98,VIDEO,2,READ,
w12,2026-03-26T02:27:20.302064Z,470.943,403,False,0x074bE6382e1bAD6f8957dEED880345Efc1bDC58C,POLICE,410,IMAGE,2,READ,
w47,2026-03-26T02:27:20.302870Z,470.784,403,False,0xe4f7B57F3C40B6c829FCf662110800Fe4aBafb37,GARAGE,326,IMAGE,2,READ,
w32,2026-03-26T02:27:20.303542Z,470.670,403,False,0x3Ce62c75582d14D54A1532D0Fd3fcA709D3AB012,ADJUSTER,452,IMAGE,2,READ,
w18,2026-03-26T02:27:20.311542Z,463.149,403,False,0x6e492Bff2B5Fc2351eF247518a6dCD98479E018C,POLICE,534,FNOL,4,READ,
w33,2026-03-26T02:27:19.738196Z,1165.327,200,True,0x3Ce62c75582d14D54A1532D0Fd3fcA709D3AB012,ADJUSTER,146,VIDEO,2,READ,
w13,2026-03-26T02:27:20.351192Z,552.972,403,False,0x9dd7F747E30a7Ab727D5AabeC1205fC6FF74891e,INSURER,336,IMAGE,2,READ,
w19,2026-03-26T02:27:20.352709Z,552.079,403,False,0xa09383266c25808Ea3362D5DaE160528bB5Fb130,POLICE,467,IMAGE,2,READ,
w34,2026-03-26T02:27:19.741272Z,1190.792,200,True,0x2E3A06358fFBF425bdBFB9D46d36F4C62cB2C752,ADJUSTER,63,VIDEO,2,READ,
w20,2026-03-26T02:27:19.766142Z,1167.009,200,True,0xa69B6a9c2ED6A394a404B91B851C1176b76370Fa,GARAGE,169,VIDEO,2,READ,
w48,2026-03-26T02:27:20.430825Z,502.912,403,False,0x90028B286fD1D933A9D4663B944477413d781ad9,COURT,694,MEDICAL_REPORT,5,READ,
w21,2026-03-26T02:27:20.431818Z,502.451,403,False,0x3539040e9A7AA2F3eb932f8a6523DA9ED746160F,GARAGE,717,TELEMATICS,3,READ,
w49,2026-03-26T02:27:20.447152Z,502.999,403,False,0x55aC7E86FfE135500754bda7778b3749aE34930B,INSURER,780,TELEMATICS,3,READ,
w35,2026-03-26T02:27:20.448318Z,502.723,403,False,0x221D1a7739dA73BA8B191C14399776D9C63E6e8F,INSURER,965,OTHER,1,READ,
w0,2026-03-26T02:27:20.458379Z,493.423,403,False,0xfaB598AD02177fA240d67eae46e2BBf26ba64810,ADJUSTER,749,TELEMATICS,3,READ,
w36,2026-03-26T02:27:19.840389Z,1182.796,200,True,0x2E3A06358fFBF425bdBFB9D46d36F4C62cB2C752,ADJUSTER,211,VIDEO,2,READ,
w5,2026-03-26T02:27:20.504064Z,519.900,403,False,0x5CBf5c5AcCf319E51A3261361f38b9b09D3A0Cdf,INSURER,537,FNOL,4,READ,
w22,2026-03-26T02:27:20.505560Z,519.038,403,False,0x85CB40Edf798FBbfC3e1f8fBA9d60D3aDA9edc66,REGULATOR,329,IMAGE,2,READ,
w3,2026-03-26T02:27:20.506441Z,518.798,403,False,0x4bde32504e100aaF1Db477c3F0AF1C01be0d3003,POLICE,586,FNOL,4,READ,
w23,2026-03-26T02:27:20.536769Z,504.607,403,False,0x2b2d95E89Db8d5C9D7a789205F735fffB7738f31,INSURER,937,OTHER,1,READ,
w8,2026-03-26T02:27:20.537410Z,504.882,403,False,0x5d47D10E5aaDa092c97f77a2011d225a54e888dE,INSURER,680,MEDICAL_REPORT,5,READ,
w37,2026-03-26T02:27:20.538146Z,504.890,403,False,0x4bde32504e100aaF1Db477c3F0AF1C01be0d3003,POLICE,638,FNOL,4,READ,
w38,2026-03-26T02:27:20.547583Z,519.514,403,False,0x7e44eb68D57cA35191576B6498CAC17b47001a2b,INSURER,460,IMAGE,2,READ,
w2,2026-03-26T02:27:19.947481Z,9292.374,200,True,0x3391d15CCe51D9F0a877840266E4784c3b30dF24,POLICE,159,VIDEO,2,READ,
w28,2026-03-26T02:27:19.951253Z,9289.486,200,True,0xaFc74D5a37Fc772BA03f377804Ff23eE80c3F0B6,GARAGE,68,VIDEO,2,READ,
w46,2026-03-26T02:27:20.580606Z,8660.756,403,False,0x4f7D9fAD2de6543311c004C44a061D6E3BF44Bc2,GARAGE,561,MEDICAL_REPORT,5,READ,
w26,2026-03-26T02:27:20.582510Z,8659.282,403,False,0x814742D6773D55c02177ca64238a124D39d8CAd0,COURT,779,TELEMATICS,3,READ,
w9,2026-03-26T02:27:20.583232Z,8659.130,403,False,0x10e284843829f15F74cE6E0abD20284341c6DB9A,INSURER,982,OTHER,1,READ,
w40,2026-03-26T02:27:20.587228Z,8655.608,403,False,0x61315e13CF193804B6c866AeC0205078E4C25a12,COURT,912,OTHER,1,READ,
w42,2026-03-26T02:27:20.636639Z,8639.072,403,False,0x2c8aC86D2D94fC757C38B3E3895F90aa32E7594D,INSURER,571,MEDICAL_REPORT,5,READ,
w43,2026-03-26T02:27:20.637397Z,8639.180,403,False,0xACeC85e12d17bE03cf4d9ac50Db46392aC26A13A,GARAGE,978,OTHER,1,READ,
w14,2026-03-26T02:27:20.638285Z,8638.879,403,False,0x808e36854e0010681FFdE8f615E4a0967A544c06,INSURER,437,IMAGE,2,READ,
w29,2026-03-26T02:27:20.639024Z,8638.633,403,False,0x3391d15CCe51D9F0a877840266E4784c3b30dF24,POLICE,998,OTHER,1,READ,
w15,2026-03-26T02:27:20.639659Z,8638.451,403,False,0xa59ECFb410CCB56f80640CFCfAe5726121Ab2cfa,REGULATOR,582,MEDICAL_REPORT,5,READ,
w27,2026-03-26T02:27:20.641147Z,8637.470,403,False,0x8B9C6E42320Cc7c0a0512De5818B2aCc269feef7,INSURER,597,MEDICAL_REPORT,5,READ,
w44,2026-03-26T02:27:20.155564Z,9146.834,200,True,0xE2694287D484e8aE315B0F637DD87846ff5d7AdB,COURT,241,VIDEO,2,READ,
w30,2026-03-26T02:27:20.156009Z,9148.617,200,True,0x106A9Ba6bde37edc0BadcA9D48C8F8dF69524AD3,INSURER,250,VIDEO,2,READ,
w31,2026-03-26T02:27:20.691928Z,8619.674,403,False,0x55aC7E86FfE135500754bda7778b3749aE34930B,INSURER,912,OTHER,1,READ,
w11,2026-03-26T02:27:20.725886Z,8601.246,403,False,0xACeC85e12d17bE03cf4d9ac50Db46392aC26A13A,GARAGE,970,OTHER,1,READ,
w17,2026-03-26T02:27:20.738986Z,8588.905,403,False,0xaFc74D5a37Fc772BA03f377804Ff23eE80c3F0B6,GARAGE,313,IMAGE,2,READ,
w1,2026-03-26T02:27:20.766286Z,8585.551,403,False,0x27Dd09F461d60E509B253B64B9C618ade0B207c2,INSURER,553,MEDICAL_REPORT,5,READ,
w12,2026-03-26T02:27:20.773041Z,8579.903,403,False,0x3fC3662b6AbB721C5A8739eBc22914C534242aC2,GARAGE,588,MEDICAL_REPORT,5,READ,
w32,2026-03-26T02:27:20.774232Z,8579.316,403,False,0x85CB40Edf798FBbfC3e1f8fBA9d60D3aDA9edc66,REGULATOR,786,TELEMATICS,3,READ,
w7,2026-03-26T02:27:20.352015Z,9009.978,200,True,0x62198F0616394D6E59Acc14b43bbe6ABF2f67db8,ADJUSTER,136,VIDEO,2,READ,
w33,2026-03-26T02:27:20.903548Z,8458.861,403,False,0x3A7a82b4A46a2f934834Ca05381528d576A17a70,INSURER,495,IMAGE,2,READ,
w13,2026-03-26T02:27:20.904209Z,8458.539,403,False,0xfa0c2c3a58Dc42E7c1266c6Badd86D7001B6c961,INSURER,839,TELEMATICS,3,READ,
w19,2026-03-26T02:27:20.904814Z,8458.420,403,False,0x90028B286fD1D933A9D4663B944477413d781ad9,COURT,436,IMAGE,2,READ,
w34,2026-03-26T02:27:20.932092Z,8450.682,403,False,0xF0d558cD42EB081556a20bB9C95157de4966DbEe,INSURER,634,FNOL,4,READ,
w20,2026-03-26T02:27:20.933185Z,8450.508,403,False,0x631528f50C384c7AeF4ED528554980D850De0283,POLICE,789,TELEMATICS,3,READ,
w48,2026-03-26T02:27:20.933760Z,8450.716,403,False,0x904b7a5cb6e3AAb09C26C16DF2E979FE130D0889,ADJUSTER,987,OTHER,1,READ,
w21,2026-03-26T02:27:20.934289Z,8450.824,403,False,0x81946b335d2Cf70a427E23b92bCcC1ACcDDB118A,INSURER,326,IMAGE,2,READ,
w49,2026-03-26T02:27:20.950178Z,8440.305,403,False,0xA903578836c1E60A93BAd29357D9962aBd7aE0E7,GARAGE,917,OTHER,1,READ,
w35,2026-03-26T02:27:20.951072Z,8440.130,403,False,0x23164e00C680c815A8886E437558C15425a21040,COURT,915,OTHER,1,READ,
w0,2026-03-26T02:27:20.951826Z,8439.980,403,False,0x90028B286fD1D933A9D4663B944477413d781ad9,COURT,993,OTHER,1,READ,
w24,2026-03-26T02:27:20.504789Z,8918.970,200,True,0x387bB796cDb51d56531031d8f74b6b071370F649,INSURER,98,VIDEO,2,READ,
w5,2026-03-26T02:27:21.024014Z,8401.933,403,False,0x3F80f29E8ee7BD7ab795eaa0ea5834F45d8b4f36,ADJUSTER,902,OTHER,1,READ,
w22,2026-03-26T02:27:21.024621Z,8401.899,403,False,0xB3eC418F3094778ae76FC8F0a97898435F0F1768,ADJUSTER,841,TELEMATICS,3,READ,
w3,2026-03-26T02:27:21.025262Z,8415.189,403,False,0x814742D6773D55c02177ca64238a124D39d8CAd0,COURT,789,TELEMATICS,3,READ,
w23,2026-03-26T02:27:21.041404Z,8399.741,403,False,0x86A27669Dc5B6bA6693B7eBf3cF194eB8C1Ba6a1,INSURER,530,FNOL,4,READ,
w6,2026-03-26T02:27:20.548154Z,8931.961,200,True,0x3fC3662b6AbB721C5A8739eBc22914C534242aC2,GARAGE,174,VIDEO,2,READ,
w39,2026-03-26T02:27:20.581463Z,8971.627,200,True,0xfa05901804C21448e6980BbDFa52ED18dc9d3B21,ADJUSTER,260,IMAGE,2,READ,
w25,2026-03-26T02:27:20.582009Z,8971.855,200,True,0x3391d15CCe51D9F0a877840266E4784c3b30dF24,POLICE,257,IMAGE,2,READ,
w2,2026-03-26T02:27:29.239883Z,314.592,403,False,0xe4f7B57F3C40B6c829FCf662110800Fe4aBafb37,GARAGE,593,FNOL,4,READ,
w28,2026-03-26T02:27:29.240765Z,314.326,403,False,0xA92D4979eB98ad7361AD95Ad1182a54449C093eB,INSURER,852,OTHER,1,READ,
w9,2026-03-26T02:27:29.242388Z,313.467,403,False,0xd0689a028421dC6615C8E2A65363C35d34DCe4CC,COURT,676,FNOL,4,READ,
w40,2026-03-26T02:27:29.242865Z,313.625,403,False,0xcB1049e81CC805FeD8B469418aAd2A2A5fCc652A,INSURER,905,OTHER,1,READ,
w41,2026-03-26T02:27:20.640510Z,8943.834,200,True,0x3fC3662b6AbB721C5A8739eBc22914C534242aC2,GARAGE,23,VIDEO,2,READ,
w43,2026-03-26T02:27:29.276605Z,308.542,403,False,0xce923F1c1B6DE1A03f42cC378185B0BCCD65256e,POLICE,471,IMAGE,2,READ,
w14,2026-03-26T02:27:29.277187Z,308.380,403,False,0x727e45e23f8594c57Cf3FE94b94fC6DC8eBD7A92,INSURER,440,IMAGE,2,READ,
w29,2026-03-26T02:27:29.277677Z,308.345,403,False,0x9D7C8C9e23D36eC3BFff969f156405253162b9e0,ADJUSTER,345,IMAGE,2,READ,
w15,2026-03-26T02:27:29.278166Z,308.256,403,False,0xe740840314f9ce0a5F0dB4619861b2B85A08f007,INSURER,396,IMAGE,2,READ,
w27,2026-03-26T02:27:29.278638Z,310.755,403,False,0x3439804Aa24202062144D2208cAD3E29C04d6CfC,POLICE,609,FNOL,4,READ,
w4,2026-03-26T02:27:20.682543Z,8945.730,200,True,0x2C633fcDe1FC84a3cab453082dd753A56206d5a5,ADJUSTER,94,VIDEO,2,READ,
w10,2026-03-26T02:27:20.691016Z,8937.984,200,True,0x265D84A4A56a37ae42bD3AE43A135660D59CE429,COURT,175,VIDEO,2,READ,
w44,2026-03-26T02:27:29.302424Z,327.610,403,False,0xEE47aAeC1ae1eFc7AcE9A2bAB0F5c89c97613D42,POLICE,916,OTHER,1,READ,
w30,2026-03-26T02:27:29.304660Z,325.897,403,False,0x81D5Aec6843c63328EB7A8D21A676abe6c3EB28b,COURT,808,TELEMATICS,3,READ,
w16,2026-03-26T02:27:20.692595Z,8939.065,200,True,0xD8859a86a30f76f3bB902c5710A4172bd799658c,INSURER,73,VIDEO,2,READ,
w31,2026-03-26T02:27:29.311633Z,320.694,403,False,0xD45c19e5e5E1f56DFD5EF10a0DBdBeE64Bb94C5E,POLICE,630,FNOL,4,READ,
w45,2026-03-26T02:27:20.737343Z,8919.202,200,True,0xfC435D0E00Ae6D11E5Bb3A9cd461B915Edc17F59,REGULATOR,212,VIDEO,2,READ,
w17,2026-03-26T02:27:29.327913Z,329.436,403,False,0x6aFB84B7d3D55C3019fC8120397eabD8507b6877,GARAGE,529,MEDICAL_REPORT,5,READ,
w47,2026-03-26T02:27:20.773678Z,8911.258,200,True,0x9A79C72a6b8A1a6F62B7D42810fA4D7d292395BC,POLICE,167,VIDEO,2,READ,
w18,2026-03-26T02:27:20.774719Z,8910.873,200,True,0x9f37E319F5290Da8b5C5Cb33369dc41B4E185AB5,ADJUSTER,262,IMAGE,2,READ,
w32,2026-03-26T02:27:29.353572Z,332.673,403,False,0xd0689a028421dC6615C8E2A65363C35d34DCe4CC,COURT,576,FNOL,4,READ,
w7,2026-03-26T02:27:29.362012Z,359.625,403,False,0xAc46c6cb0d1d810573C55BcB67a854a313D89d5E,POLICE,473,IMAGE,2,READ,
w20,2026-03-26T02:27:29.383718Z,366.650,403,False,0x6aFB84B7d3D55C3019fC8120397eabD8507b6877,GARAGE,823,TELEMATICS,3,READ,
w48,2026-03-26T02:27:29.384506Z,366.706,403,False,0x3391d15CCe51D9F0a877840266E4784c3b30dF24,POLICE,614,FNOL,4,READ,
w49,2026-03-26T02:27:29.390507Z,361.180,403,False,0x2eda3233Edca92d3CC82824DE958CC1cCE3A80f4,POLICE,635,MEDICAL_REPORT,5,READ,
w35,2026-03-26T02:27:29.391225Z,360.974,403,False,0xC60A6C8Fe339e01d6E76d91B0650A99bd0eA77F1,POLICE,574,FNOL,4,READ,
w0,2026-03-26T02:27:29.391827Z,360.859,403,False,0x0D7022eA8E23540fb4DCD302f796E37E70C4ee18,ADJUSTER,411,IMAGE,2,READ,
w36,2026-03-26T02:27:21.023209Z,8789.637,200,True,0x97e7867Ce5d3E2726b779578c7097DBB50CbDB95,INSURER,27,VIDEO,2,READ,
w24,2026-03-26T02:27:29.423812Z,389.823,403,False,0xFc3a53f3055e68a2D5fE4aF7E5B5cF92e63F17e7,INSURER,427,IMAGE,2,READ,
w5,2026-03-26T02:27:29.425969Z,388.274,403,False,0xce923F1c1B6DE1A03f42cC378185B0BCCD65256e,POLICE,299,IMAGE,2,READ,
w3,2026-03-26T02:27:29.440478Z,374.616,403,False,0x2eda3233Edca92d3CC82824DE958CC1cCE3A80f4,POLICE,549,MEDICAL_REPORT,5,READ,
w23,2026-03-26T02:27:29.441169Z,374.557,403,False,0x81946b335d2Cf70a427E23b92bCcC1ACcDDB118A,INSURER,901,OTHER,1,READ,
w8,2026-03-26T02:27:21.042319Z,8824.668,200,True,0xFc3a53f3055e68a2D5fE4aF7E5B5cF92e63F17e7,INSURER,85,VIDEO,2,READ,
w37,2026-03-26T02:27:21.043062Z,8825.008,200,True,0xD9D6cdEd999CB9B2EC63a0b734693f9a664C9F65,INSURER,199,VIDEO,2,READ,
w38,2026-03-26T02:27:21.067128Z,8801.659,200,True,0x5dBb83D0d96c168133412CC6e93a25a61Bfb8599,INSURER,79,VIDEO,2,READ,
w46,2026-03-26T02:27:29.241380Z,680.957,200,True,0x9e27Ca8f24DA387fa26EB31284B2cee849f4fDb8,INSURER,42,VIDEO,2,READ,
w26,2026-03-26T02:27:29.241832Z,681.544,200,True,0x26Ab584De439e6A70824Fd85dFdc1587DF5D1516,INSURER,163,VIDEO,2,READ,
w25,2026-03-26T02:27:29.553901Z,370.121,403,False,0x763BeD60093Bc3ad989d0E71724B8a30f6629Bf2,ADJUSTER,283,IMAGE,2,READ,
w2,2026-03-26T02:27:29.554499Z,370.020,403,False,0xfa05901804C21448e6980BbDFa52ED18dc9d3B21,ADJUSTER,426,IMAGE,2,READ,
w28,2026-03-26T02:27:29.555113Z,369.916,403,False,0x98568A32769F002C8A543cc7578A13516D5646a3,INSURER,451,IMAGE,2,READ,
w9,2026-03-26T02:27:29.555879Z,369.657,403,False,0x57D7Dac174cE9ce2c07ADDE286cBfDe51cC50122,INSURER,415,IMAGE,2,READ,
w40,2026-03-26T02:27:29.556515Z,380.713,403,False,0xe4f7B57F3C40B6c829FCf662110800Fe4aBafb37,GARAGE,820,TELEMATICS,3,READ,
w42,2026-03-26T02:27:29.275734Z,733.814,200,True,0xE49f69335d2600b7983983725650eEc85f260b0E,INSURER,226,VIDEO,2,READ,
w43,2026-03-26T02:27:29.585169Z,425.291,403,False,0x59e91027b0aBD6B839408f96360A4ca0Dc596a98,ADJUSTER,867,OTHER,1,READ,
w14,2026-03-26T02:27:29.585584Z,425.553,403,False,0x4e3024d505B55f3da9f0D7B3a7319EDF7CBAdAdc,INSURER,307,IMAGE,2,READ,
w29,2026-03-26T02:27:29.586040Z,425.669,403,False,0x84201FaB00444122Be75C109644920B9462cD92d,INSURER,548,FNOL,4,READ,
w15,2026-03-26T02:27:29.586445Z,425.834,403,False,0x2E3A06358fFBF425bdBFB9D46d36F4C62cB2C752,ADJUSTER,734,TELEMATICS,3,READ,
w27,2026-03-26T02:27:29.589419Z,423.522,403,False,0xB6eA80cE3349885Ebe955de74Db37883Bb9CB5B9,GARAGE,527,FNOL,4,READ,
w10,2026-03-26T02:27:29.629029Z,443.609,403,False,0x631528f50C384c7AeF4ED528554980D850De0283,POLICE,759,TELEMATICS,3,READ,
w44,2026-03-26T02:27:29.630057Z,443.514,403,False,0x26Ab584De439e6A70824Fd85dFdc1587DF5D1516,INSURER,845,TELEMATICS,3,READ,
w16,2026-03-26T02:27:29.631707Z,442.457,403,False,0xfa0c2c3a58Dc42E7c1266c6Badd86D7001B6c961,INSURER,971,OTHER,1,READ,
w31,2026-03-26T02:27:29.632352Z,442.525,403,False,0xf35E98eF2f18881395aAf1Ef3ffB3f31d4b20C25,INSURER,362,IMAGE,2,READ,
w11,2026-03-26T02:27:29.327154Z,763.567,200,True,0x763BeD60093Bc3ad989d0E71724B8a30f6629Bf2,ADJUSTER,90,VIDEO,2,READ,
w45,2026-03-26T02:27:29.656569Z,435.064,403,False,0x3439804Aa24202062144D2208cAD3E29C04d6CfC,POLICE,456,IMAGE,2,READ,
w17,2026-03-26T02:27:29.657373Z,434.863,403,False,0x668803002755A42bB2BBAD8e73c43b3B5a03eC68,INSURER,329,IMAGE,2,READ,
w1,2026-03-26T02:27:29.351860Z,805.619,200,True,0x61315e13CF193804B6c866AeC0205078E4C25a12,COURT,117,VIDEO,2,READ,
w12,2026-03-26T02:27:29.353033Z,805.255,200,True,0xe8425CD8D02275245734Aa5D064DD1F2B051fA27,INSURER,145,VIDEO,2,READ,
w32,2026-03-26T02:27:29.686266Z,482.042,403,False,0x763BeD60093Bc3ad989d0E71724B8a30f6629Bf2,ADJUSTER,354,IMAGE,2,READ,
w33,2026-03-26T02:27:29.362425Z,823.534,200,True,0xe028327896d2bb4705C2134380bDB1E038DdF2Fc,REGULATOR,198,VIDEO,2,READ,
w13,2026-03-26T02:27:29.362760Z,823.995,200,True,0x221D1a7739dA73BA8B191C14399776D9C63E6e8F,INSURER,182,VIDEO,2,READ,
w19,2026-03-26T02:27:29.363281Z,824.336,200,True,0x668803002755A42bB2BBAD8e73c43b3B5a03eC68,INSURER,49,VIDEO,2,READ,
w7,2026-03-26T02:27:29.721663Z,466.563,403,False,0x7F99cBFcC9a6cBf31E66d657377B3C4D260ce4BE,ADJUSTER,966,OTHER,1,READ,
w34,2026-03-26T02:27:29.382799Z,851.718,200,True,0x10d74EEF9a158805e197f451FFcF98B5df6f07B3,POLICE,256,IMAGE,2,READ,
w21,2026-03-26T02:27:29.385137Z,850.297,200,True,0xd4d6f7C907632F87345652fbbA08446B0cAc034d,GARAGE,185,VIDEO,2,READ,
w20,2026-03-26T02:27:29.750392Z,485.615,403,False,0x58546e800Dd5EE7E99f22ecB7344138B6dFF55Ce,INSURER,965,OTHER,1,READ,
w48,2026-03-26T02:27:29.751245Z,485.443,403,False,0x2C633fcDe1FC84a3cab453082dd753A56206d5a5,ADJUSTER,862,OTHER,1,READ,
w49,2026-03-26T02:27:29.751723Z,485.675,403,False,0x387bB796cDb51d56531031d8f74b6b071370F649,INSURER,740,TELEMATICS,3,READ,
w0,2026-03-26T02:27:29.752706Z,485.506,403,False,0xAc46c6cb0d1d810573C55BcB67a854a313D89d5E,POLICE,366,IMAGE,2,READ,
w22,2026-03-26T02:27:29.426559Z,922.786,200,True,0x98347d3bFE3F67dc6ee387CF9C8DE40578347681,ADJUSTER,191,VIDEO,2,READ,
w6,2026-03-26T02:27:29.480137Z,887.767,200,True,0x9e27Ca8f24DA387fa26EB31284B2cee849f4fDb8,INSURER,14,VIDEO,2,READ,
w8,2026-03-26T02:27:29.867018Z,501.757,403,False,0x7F99cBFcC9a6cBf31E66d657377B3C4D260ce4BE,ADJUSTER,960,OTHER,1,READ,
w37,2026-03-26T02:27:29.868097Z,533.736,403,False,0xc0c58f42F3d56a359208054C1e3d9EB9FEB181E5,ADJUSTER,303,IMAGE,2,READ,
w38,2026-03-26T02:27:29.868837Z,533.774,403,False,0x3539040e9A7AA2F3eb932f8a6523DA9ED746160F,GARAGE,711,TELEMATICS,3,READ,
w39,2026-03-26T02:27:29.553117Z,905.007,200,True,0x5361cD9F3982091dD2C3e79FAb30707aD081b1AA,INSURER,164,VIDEO,2,READ,
w46,2026-03-26T02:27:29.922374Z,545.981,403,False,0x26Ab584De439e6A70824Fd85dFdc1587DF5D1516,INSURER,396,IMAGE,2,READ,
w26,2026-03-26T02:27:29.923404Z,545.598,403,False,0xC737C4f48DDAf3A5015F6461cCC3152074B1adDc,INSURER,449,IMAGE,2,READ,
w2,2026-03-26T02:27:29.924539Z,545.056,403,False,0xc30C588825d2d3c37cC645CB5f9D5138F2A54A85,POLICE,440,IMAGE,2,READ,
w28,2026-03-26T02:27:29.925050Z,545.287,403,False,0xe29a4A0F7cc642F4654E70D8217eDDD2237e5b7f,ADJUSTER,833,TELEMATICS,3,READ,
w40,2026-03-26T02:27:29.937276Z,533.538,403,False,0xFc3a53f3055e68a2D5fE4aF7E5B5cF92e63F17e7,INSURER,1000,OTHER,1,READ,
w41,2026-03-26T02:27:29.584388Z,951.307,200,True,0xa7eF2a6f2A3eb7A7472DAD889d17dEa48faBca1a,INSURER,144,VIDEO,2,READ,
w42,2026-03-26T02:27:30.009615Z,526.971,403,False,0xfa0c2c3a58Dc42E7c1266c6Badd86D7001B6c961,INSURER,984,OTHER,1,READ,
w14,2026-03-26T02:27:30.011180Z,526.364,403,False,0xD45c19e5e5E1f56DFD5EF10a0DBdBeE64Bb94C5E,POLICE,627,FNOL,4,READ,
w29,2026-03-26T02:27:30.011731Z,526.440,403,False,0x1a03927dCE7C5BDefcc351BCF06A554ABCDf2862,ADJUSTER,599,MEDICAL_REPORT,5,READ,
w15,2026-03-26T02:27:30.012309Z,526.408,403,False,0x6946334781F193CD26a1b9026c1980aa92c80Fd4,ADJUSTER,928,OTHER,1,READ,
w4,2026-03-26T02:27:29.628299Z,958.099,200,True,0x5dBb83D0d96c168133412CC6e93a25a61Bfb8599,INSURER,214,VIDEO,2,READ,
w30,2026-03-26T02:27:29.630576Z,956.623,200,True,0x6aFB84B7d3D55C3019fC8120397eabD8507b6877,GARAGE,131,VIDEO,2,READ,
w10,2026-03-26T02:27:30.072683Z,521.109,403,False,0x2E3A06358fFBF425bdBFB9D46d36F4C62cB2C752,ADJUSTER,569,MEDICAL_REPORT,5,READ,
w44,2026-03-26T02:27:30.073595Z,520.784,403,False,0x4f7D9fAD2de6543311c004C44a061D6E3BF44Bc2,GARAGE,758,TELEMATICS,3,READ,
w16,2026-03-26T02:27:30.074190Z,520.866,403,False,0xc073597a01C3BD226F8723F8E91124b57b11BEc8,GARAGE,458,IMAGE,2,READ,
w31,2026-03-26T02:27:30.074901Z,537.569,403,False,0xe8425CD8D02275245734Aa5D064DD1F2B051fA27,INSURER,485,IMAGE,2,READ,
w17,2026-03-26T02:27:30.092274Z,544.320,403,False,0x828c0FD3Ed54b03A52e62470aF331e95A50BCf09,POLICE,969,OTHER,1,READ,
w47,2026-03-26T02:27:29.684962Z,981.374,200,True,0x97e7867Ce5d3E2726b779578c7097DBB50CbDB95,INSURER,45,VIDEO,2,READ,
w18,2026-03-26T02:27:29.685614Z,981.435,200,True,0x2eda3233Edca92d3CC82824DE958CC1cCE3A80f4,POLICE,27,VIDEO,2,READ,
w12,2026-03-26T02:27:30.158313Z,527.910,403,False,0x2E3A06358fFBF425bdBFB9D46d36F4C62cB2C752,ADJUSTER,663,FNOL,4,READ,
w32,2026-03-26T02:27:30.168350Z,519.664,403,False,0x7036A61a0c4486ca1acA322940DFE746a02EdBF7,INSURER,606,FNOL,4,READ,
w35,2026-03-26T02:27:29.752220Z,1042.820,200,True,0x3fC3662b6AbB721C5A8739eBc22914C534242aC2,GARAGE,227,VIDEO,2,READ,
w34,2026-03-26T02:27:30.234546Z,561.340,403,False,0x828c0FD3Ed54b03A52e62470aF331e95A50BCf09,POLICE,841,TELEMATICS,3,READ,
w20,2026-03-26T02:27:30.236052Z,560.345,403,False,0x5c07a06B115c15b04B988EA559f2FC152b87BE65,INSURER,480,IMAGE,2,READ,
w48,2026-03-26T02:27:30.236712Z,560.270,403,False,0x81D5Aec6843c63328EB7A8D21A676abe6c3EB28b,COURT,884,OTHER,1,READ,
w0,2026-03-26T02:27:30.238235Z,559.410,403,False,0x9f37E319F5290Da8b5C5Cb33369dc41B4E185AB5,ADJUSTER,968,OTHER,1,READ,
w36,2026-03-26T02:27:29.812871Z,1026.448,200,True,0x98347d3bFE3F67dc6ee387CF9C8DE40578347681,ADJUSTER,203,VIDEO,2,READ,
w24,2026-03-26T02:27:29.813663Z,1027.916,200,True,0x4939E121036A8AD1643718eFc89097821616931f,POLICE,85,VIDEO,2,READ,
w5,2026-03-26T02:27:29.814265Z,1027.938,200,True,0x90937Fa99BC935CfA2aDcB3C0dcde37a9a95af00,INSURER,255,IMAGE,2,READ,
w3,2026-03-26T02:27:29.815117Z,1027.779,200,True,0x57D7Dac174cE9ce2c07ADDE286cBfDe51cC50122,INSURER,198,VIDEO,2,READ,
w22,2026-03-26T02:27:30.349371Z,494.252,403,False,0xA0706EA97613c48c8Ee8A39218259d61Ae5A25c1,INSURER,476,IMAGE,2,READ,
w23,2026-03-26T02:27:29.815758Z,1028.611,200,True,0x3539040e9A7AA2F3eb932f8a6523DA9ED746160F,GARAGE,57,VIDEO,2,READ,
w6,2026-03-26T02:27:30.367931Z,486.341,403,False,0x3F80f29E8ee7BD7ab795eaa0ea5834F45d8b4f36,ADJUSTER,431,IMAGE,2,READ,
w8,2026-03-26T02:27:30.368800Z,486.199,403,False,0xA0706EA97613c48c8Ee8A39218259d61Ae5A25c1,INSURER,399,IMAGE,2,READ,
w37,2026-03-26T02:27:30.401890Z,492.720,403,False,0x711f9Ba03b219CFED557d6c4077c783BdfBEC307,COURT,732,TELEMATICS,3,READ,
w25,2026-03-26T02:27:29.924047Z,1005.480,200,True,0xaFc74D5a37Fc772BA03f377804Ff23eE80c3F0B6,GARAGE,203,VIDEO,2,READ,
w9,2026-03-26T02:27:29.925558Z,1005.040,200,True,0xB3eC418F3094778ae76FC8F0a97898435F0F1768,ADJUSTER,223,VIDEO,2,READ,
w39,2026-03-26T02:27:30.458159Z,473.144,403,False,0xACeC85e12d17bE03cf4d9ac50Db46392aC26A13A,GARAGE,578,FNOL,4,READ,
w26,2026-03-26T02:27:30.469034Z,474.772,403,False,0xc78F8e87EFbf9675147C8824EF1242398372eFCC,COURT,831,TELEMATICS,3,READ,
w2,2026-03-26T02:27:30.469619Z,474.939,403,False,0x6aFB84B7d3D55C3019fC8120397eabD8507b6877,GARAGE,944,OTHER,1,READ,
w28,2026-03-26T02:27:30.470359Z,479.378,403,False,0x995408770BbdF9C720d131bCfa0bE248c90fA29f,COURT,930,OTHER,1,READ,
w40,2026-03-26T02:27:30.470842Z,479.492,403,False,0xacc4fa5f6784C35C0da5bCBEa5f8e3fe401F6323,COURT,403,IMAGE,2,READ,
w43,2026-03-26T02:27:30.010486Z,978.458,200,True,0x5a73100273e2F91b8379DcaEe7505e5294ECd09E,INSURER,179,VIDEO,2,READ,
w27,2026-03-26T02:27:30.012967Z,976.906,200,True,0x5361cD9F3982091dD2C3e79FAb30707aD081b1AA,INSURER,215,VIDEO,2,READ,
w41,2026-03-26T02:27:30.535720Z,454.802,403,False,0x9f26D169621c57Db8eC4B7a3B5D9aF4CdF71085F,INSURER,733,TELEMATICS,3,READ,
w42,2026-03-26T02:27:30.536609Z,454.497,403,False,0xd9A6B19e054ef53852110104f8251e86d57f88fe,INSURER,381,IMAGE,2,READ,
w14,2026-03-26T02:27:30.537567Z,462.142,403,False,0xfbffdfBb61e2B0aCC9065D4c9940fAdB3c5Bb4DE,INSURER,618,FNOL,4,READ,
w29,2026-03-26T02:27:30.538196Z,462.157,403,False,0xCe261d45B20f7c1ACaE3eAf693D957b5D99D42BD,REGULATOR,671,MEDICAL_REPORT,5,READ,
w15,2026-03-26T02:27:30.538740Z,462.194,403,False,0x2b2d95E89Db8d5C9D7a789205F735fffB7738f31,INSURER,929,OTHER,1,READ,
w30,2026-03-26T02:27:30.587224Z,432.052,403,False,0x2E3648461e7e88D00d60a2f635D34041487Ae4B0,COURT,899,OTHER,1,READ,
w10,2026-03-26T02:27:30.593818Z,426.142,403,False,0xf0C27952Ff3Fa054AC5C5067bA433eE3851F196D,GARAGE,648,MEDICAL_REPORT,5,READ,
w11,2026-03-26T02:27:30.090755Z,965.970,200,True,0x9f37E319F5290Da8b5C5Cb33369dc41B4E185AB5,ADJUSTER,163,VIDEO,2,READ,
w31,2026-03-26T02:27:30.612493Z,453.588,403,False,0x49825196030134F6349A45D6c576684792207592,INSURER,812,TELEMATICS,3,READ,
w45,2026-03-26T02:27:30.091659Z,994.139,200,True,0x4a28FD82865D1625ce719BbE1501981DBEb8775F,ADJUSTER,8,VIDEO,2,READ,
w17,2026-03-26T02:27:30.636624Z,449.915,403,False,0xE49f69335d2600b7983983725650eEc85f260b0E,INSURER,467,IMAGE,2,READ,
w1,2026-03-26T02:27:30.157513Z,961.163,200,True,0x2c8aC86D2D94fC757C38B3E3895F90aa32E7594D,INSURER,231,VIDEO,2,READ,
w18,2026-03-26T02:27:30.667071Z,452.451,403,False,0x907C18fd7B2D156904bC5c25dD4542B69dfe6d54,ADJUSTER,896,OTHER,1,READ,
w12,2026-03-26T02:27:30.686252Z,453.315,403,False,0xe4Ff9366F4FF38f071D95aA48d3DB306E70De577,POLICE,947,OTHER,1,READ,
w33,2026-03-26T02:27:30.186008Z,977.778,200,True,0x995408770BbdF9C720d131bCfa0bE248c90fA29f,COURT,173,VIDEO,2,READ,
w13,2026-03-26T02:27:30.186777Z,977.688,200,True,0xd0689a028421dC6615C8E2A65363C35d34DCe4CC,COURT,9,VIDEO,2,READ,
w19,2026-03-26T02:27:30.187643Z,977.437,200,True,0x89536950F14FD6E0f52C88C17D5A8d27A19f7635,INSURER,178,VIDEO,2,READ,
w7,2026-03-26T02:27:30.188248Z,977.341,200,True,0xCe261d45B20f7c1ACaE3eAf693D957b5D99D42BD,REGULATOR,79,VIDEO,2,READ,
w21,2026-03-26T02:27:30.235460Z,991.371,200,True,0x24d4D3F0B5de5Fc46A77423dfb1E9b1037BC96a0,INSURER,43,VIDEO,2,READ,
w49,2026-03-26T02:27:30.237432Z,996.038,200,True,0x97e7867Ce5d3E2726b779578c7097DBB50CbDB95,INSURER,223,VIDEO,2,READ,
w34,2026-03-26T02:27:30.795909Z,438.185,403,False,0x38cBa880d4427ccC9Db01c3d1E1629eC61458b52,COURT,531,FNOL,4,READ,
w20,2026-03-26T02:27:30.796422Z,438.432,403,False,0x55aC7E86FfE135500754bda7778b3749aE34930B,INSURER,774,TELEMATICS,3,READ,
w48,2026-03-26T02:27:30.797004Z,439.555,403,False,0x9f26D169621c57Db8eC4B7a3B5D9aF4CdF71085F,INSURER,901,OTHER,1,READ,
w0,2026-03-26T02:27:30.797681Z,439.432,403,False,0xe4Ff9366F4FF38f071D95aA48d3DB306E70De577,POLICE,663,FNOL,4,READ,
w36,2026-03-26T02:27:30.839345Z,410.323,403,False,0x6793787989bC3CD4C54f44099Dc75Fb05503EC65,GARAGE,658,MEDICAL_REPORT,5,READ,
w24,2026-03-26T02:27:30.841603Z,455.575,403,False,0x221D1a7739dA73BA8B191C14399776D9C63E6e8F,INSURER,860,OTHER,1,READ,
w5,2026-03-26T02:27:30.842228Z,455.653,403,False,0xe740840314f9ce0a5F0dB4619861b2B85A08f007,INSURER,412,IMAGE,2,READ,
w3,2026-03-26T02:27:30.842920Z,455.730,403,False,0xD9D6cdEd999CB9B2EC63a0b734693f9a664C9F65,INSURER,431,IMAGE,2,READ,
w22,2026-03-26T02:27:30.843666Z,455.650,403,False,0x5d47D10E5aaDa092c97f77a2011d225a54e888dE,INSURER,274,IMAGE,2,READ,
w23,2026-03-26T02:27:30.844394Z,455.927,403,False,0xc30C588825d2d3c37cC645CB5f9D5138F2A54A85,POLICE,486,IMAGE,2,READ,
w6,2026-03-26T02:27:30.854321Z,446.762,403,False,0xa09383266c25808Ea3362D5DaE160528bB5Fb130,POLICE,405,IMAGE,2,READ,
w8,2026-03-26T02:27:30.855023Z,497.951,403,False,0x4939E121036A8AD1643718eFc89097821616931f,POLICE,504,MEDICAL_REPORT,5,READ,
w38,2026-03-26T02:27:30.402634Z,951.110,200,True,0x2C633fcDe1FC84a3cab453082dd753A56206d5a5,ADJUSTER,14,VIDEO,2,READ,
w46,2026-03-26T02:27:30.468400Z,963.145,200,True,0x221D1a7739dA73BA8B191C14399776D9C63E6e8F,INSURER,260,IMAGE,2,READ,
w39,2026-03-26T02:27:30.931332Z,500.853,403,False,0xa09383266c25808Ea3362D5DaE160528bB5Fb130,POLICE,982,OTHER,1,READ,
w26,2026-03-26T02:27:30.943829Z,488.995,403,False,0xc560606Bd2B90Feea8BaAB3270Efd65c17422Ad3,ADJUSTER,437,IMAGE,2,READ,
w2,2026-03-26T02:27:30.944589Z,488.862,403,False,0x034E07D329FcA8aC6b776699af54687288A7fe3E,ADJUSTER,551,MEDICAL_REPORT,5,READ,
w28,2026-03-26T02:27:30.949780Z,485.081,403,False,0x12CB40C48B0B23c8B9E9a012e1863b5225A5F311,INSURER,891,OTHER,1,READ,
w40,2026-03-26T02:27:30.950357Z,485.373,403,False,0x36599004C3aC0Aa715a49186455E90556EA805cE,GARAGE,503,FNOL,4,READ,
w27,2026-03-26T02:27:30.989900Z,556.729,403,False,0x33733bc2AFfA696339eACE63a29db0850Bae08C6,COURT,296,IMAGE,2,READ,
w42,2026-03-26T02:27:30.991128Z,556.180,403,False,0x7E270839240F84dCe86114e7c9A1B5C9751d5fc0,ADJUSTER,817,TELEMATICS,3,READ,
w14,2026-03-26T02:27:30.999734Z,548.135,403,False,0xCe261d45B20f7c1ACaE3eAf693D957b5D99D42BD,REGULATOR,347,IMAGE,2,READ,
w29,2026-03-26T02:27:31.000374Z,548.137,403,False,0xB7953144C083a54D89d9e4eCB7A2A4151D4007E0,REGULATOR,681,MEDICAL_REPORT,5,READ,
w15,2026-03-26T02:27:31.000956Z,548.028,403,False,0x5106911D638802a025a43feF48b5836d711BcfDC,GARAGE,477,IMAGE,2,READ,
w4,2026-03-26T02:27:30.586440Z,1028.336,200,True,0x6793787989bC3CD4C54f44099Dc75Fb05503EC65,GARAGE,51,VIDEO,2,READ,
w30,2026-03-26T02:27:31.019304Z,596.462,403,False,0x4f7D9fAD2de6543311c004C44a061D6E3BF44Bc2,GARAGE,340,IMAGE,2,READ,
w10,2026-03-26T02:27:31.019998Z,596.549,403,False,0xA07ddA082a145D371fc7C88A2cBF3594FcBb51e0,REGULATOR,795,TELEMATICS,3,READ,
w44,2026-03-26T02:27:30.594402Z,1056.211,200,True,0x71012eDE103b9A85faF1F8b952361232E5A73b6d,COURT,216,VIDEO,2,READ,
w16,2026-03-26T02:27:30.595081Z,1056.400,200,True,0x7E270839240F84dCe86114e7c9A1B5C9751d5fc0,ADJUSTER,116,VIDEO,2,READ,
w31,2026-03-26T02:27:31.066113Z,586.598,403,False,0x969F5C531FA570b10b873CE229E1D17C35c80b01,POLICE,875,OTHER,1,READ,
w45,2026-03-26T02:27:31.085828Z,600.855,403,False,0xfaB598AD02177fA240d67eae46e2BBf26ba64810,ADJUSTER,703,TELEMATICS,3,READ,
w47,2026-03-26T02:27:30.666358Z,1059.928,200,True,0x808e36854e0010681FFdE8f615E4a0967A544c06,INSURER,186,VIDEO,2,READ,
w1,2026-03-26T02:27:31.118704Z,608.483,403,False,0x2C633fcDe1FC84a3cab453082dd753A56206d5a5,ADJUSTER,911,OTHER,1,READ,
w18,2026-03-26T02:27:31.119545Z,608.231,403,False,0xC60A6C8Fe339e01d6E76d91B0650A99bd0eA77F1,POLICE,695,FNOL,4,READ,
w32,2026-03-26T02:27:30.688094Z,1065.594,200,True,0x5dBb83D0d96c168133412CC6e93a25a61Bfb8599,INSURER,87,VIDEO,2,READ,
w12,2026-03-26T02:27:31.139594Z,614.990,403,False,0x3439804Aa24202062144D2208cAD3E29C04d6CfC,POLICE,948,OTHER,1,READ,
w33,2026-03-26T02:27:31.163813Z,689.852,403,False,0xA0D16Db45A3E299D305623eB5499B19F75Fd2E79,COURT,616,FNOL,4,READ,
w13,2026-03-26T02:27:31.164490Z,690.038,403,False,0xc560606Bd2B90Feea8BaAB3270Efd65c17422Ad3,ADJUSTER,273,IMAGE,2,READ,
w19,2026-03-26T02:27:31.165121Z,690.125,403,False,0x59e91027b0aBD6B839408f96360A4ca0Dc596a98,ADJUSTER,362,IMAGE,2,READ,
w35,2026-03-26T02:27:30.795065Z,1098.749,200,True,0x7F37f92080D63E1b76A83FDd5aCa390d46475f17,INSURER,166,VIDEO,2,READ,
w21,2026-03-26T02:27:31.226859Z,667.783,403,False,0x5c07a06B115c15b04B988EA559f2FC152b87BE65,INSURER,999,OTHER,1,READ,
w49,2026-03-26T02:27:31.233498Z,711.591,403,False,0x7E270839240F84dCe86114e7c9A1B5C9751d5fc0,ADJUSTER,985,OTHER,1,READ,
w34,2026-03-26T02:27:31.234143Z,711.609,403,False,0xD8859a86a30f76f3bB902c5710A4172bd799658c,INSURER,896,OTHER,1,READ,
w20,2026-03-26T02:27:31.234884Z,711.523,403,False,0x7E772D98853416cD822D23bF2d9D89Bd3FCF7Af6,INSURER,268,IMAGE,2,READ,
w48,2026-03-26T02:27:31.236583Z,711.168,403,False,0x7F99cBFcC9a6cBf31E66d657377B3C4D260ce4BE,ADJUSTER,275,IMAGE,2,READ,
w0,2026-03-26T02:27:31.237160Z,711.277,403,False,0xA07ddA082a145D371fc7C88A2cBF3594FcBb51e0,REGULATOR,722,TELEMATICS,3,READ,
w36,2026-03-26T02:27:31.249700Z,721.397,403,False,0xA0706EA97613c48c8Ee8A39218259d61Ae5A25c1,INSURER,811,TELEMATICS,3,READ,
w24,2026-03-26T02:27:31.297202Z,710.946,403,False,0xfa05901804C21448e6980BbDFa52ED18dc9d3B21,ADJUSTER,794,TELEMATICS,3,READ,
w22,2026-03-26T02:27:31.299397Z,724.947,403,False,0x3F80f29E8ee7BD7ab795eaa0ea5834F45d8b4f36,ADJUSTER,928,OTHER,1,READ,
w23,2026-03-26T02:27:31.300405Z,724.493,403,False,0x6aFB84B7d3D55C3019fC8120397eabD8507b6877,GARAGE,416,IMAGE,2,READ,
w6,2026-03-26T02:27:31.301122Z,724.268,403,False,0x2E3648461e7e88D00d60a2f635D34041487Ae4B0,COURT,572,MEDICAL_REPORT,5,READ,
w37,2026-03-26T02:27:30.894633Z,1232.836,200,True,0x2E3A06358fFBF425bdBFB9D46d36F4C62cB2C752,ADJUSTER,256,IMAGE,2,READ,
w38,2026-03-26T02:27:31.353770Z,788.638,403,False,0xf35E98eF2f18881395aAf1Ef3ffB3f31d4b20C25,INSURER,405,IMAGE,2,READ,
w25,2026-03-26T02:27:30.929557Z,1274.298,200,True,0xD74Bb4A9C118bf6bC73Be08B90542dAab12c5FAe,INSURER,34,VIDEO,2,READ,
w9,2026-03-26T02:27:30.930624Z,1274.148,200,True,0x5106911D638802a025a43feF48b5836d711BcfDC,GARAGE,62,VIDEO,2,READ,
w39,2026-03-26T02:27:31.432214Z,775.782,403,False,0xe028327896d2bb4705C2134380bDB1E038DdF2Fc,REGULATOR,428,IMAGE,2,READ,
w26,2026-03-26T02:27:31.432859Z,775.943,403,False,0x1Bc44f70234E2a0FBCb744E2abF6F6931BA6231F,INSURER,568,MEDICAL_REPORT,5,READ,
w2,2026-03-26T02:27:31.433538Z,776.827,403,False,0xCe261d45B20f7c1ACaE3eAf693D957b5D99D42BD,REGULATOR,999,OTHER,1,READ,
w40,2026-03-26T02:27:31.435754Z,821.739,403,False,0x763BeD60093Bc3ad989d0E71724B8a30f6629Bf2,ADJUSTER,853,OTHER,1,READ,
w43,2026-03-26T02:27:30.988972Z,1343.768,200,True,0x3A7a82b4A46a2f934834Ca05381528d576A17a70,INSURER,103,VIDEO,2,READ,
w41,2026-03-26T02:27:30.990549Z,1343.024,200,True,0x6aFB84B7d3D55C3019fC8120397eabD8507b6877,GARAGE,72,VIDEO,2,READ,
w27,2026-03-26T02:27:31.546656Z,787.400,403,False,0x8818DFB61c2A02e64c74DC651D2b8a152A170140,INSURER,584,MEDICAL_REPORT,5,READ,
w42,2026-03-26T02:27:31.547333Z,787.241,403,False,0x24d4D3F0B5de5Fc46A77423dfb1E9b1037BC96a0,INSURER,375,IMAGE,2,READ,
w14,2026-03-26T02:27:31.547891Z,787.279,403,False,0x0D7022eA8E23540fb4DCD302f796E37E70C4ee18,ADJUSTER,687,MEDICAL_REPORT,5,READ,
w15,2026-03-26T02:27:31.549018Z,787.053,403,False,0x55aC7E86FfE135500754bda7778b3749aE34930B,INSURER,463,IMAGE,2,READ,
w4,2026-03-26T02:27:31.614800Z,729.864,403,False,0x6B44eD6B1692CB06047271f02833671D89f1a4E7,INSURER,1000,OTHER,1,READ,
w30,2026-03-26T02:27:31.615806Z,730.848,403,False,0x711f9Ba03b219CFED557d6c4077c783BdfBEC307,COURT,660,FNOL,4,READ,
w10,2026-03-26T02:27:31.616601Z,777.003,403,False,0xF44A9B02ECE32ED838D00FD3Ce799F3256367eE3,INSURER,993,OTHER,1,READ,
w11,2026-03-26T02:27:31.056746Z,1337.635,200,True,0xa09383266c25808Ea3362D5DaE160528bB5Fb130,POLICE,240,VIDEO,2,READ,
w16,2026-03-26T02:27:31.651515Z,773.843,403,False,0x8818DFB61c2A02e64c74DC651D2b8a152A170140,INSURER,770,TELEMATICS,3,READ,
w31,2026-03-26T02:27:31.652774Z,773.371,403,False,0x0a32D28155a778b375C162F8999D8D0d760896b8,ADJUSTER,324,IMAGE,2,READ,
w17,2026-03-26T02:27:31.086564Z,1356.012,200,True,0x3439804Aa24202062144D2208cAD3E29C04d6CfC,POLICE,208,VIDEO,2,READ,
w45,2026-03-26T02:27:31.686761Z,756.549,403,False,0x221D1a7739dA73BA8B191C14399776D9C63E6e8F,INSURER,364,IMAGE,2,READ,
w1,2026-03-26T02:27:31.727212Z,748.573,403,False,0x3539040e9A7AA2F3eb932f8a6523DA9ED746160F,GARAGE,944,OTHER,1,READ,
w18,2026-03-26T02:27:31.727801Z,748.626,403,False,0x1a03927dCE7C5BDefcc351BCF06A554ABCDf2862,ADJUSTER,732,TELEMATICS,3,READ,
w32,2026-03-26T02:27:31.753723Z,736.280,403,False,0xF4B9B002569bC5998B1d5a2309EF921d2ca63BDd,INSURER,672,MEDICAL_REPORT,5,READ,
w12,2026-03-26T02:27:31.754609Z,737.614,403,False,0x904b7a5cb6e3AAb09C26C16DF2E979FE130D0889,ADJUSTER,950,OTHER,1,READ,
w7,2026-03-26T02:27:31.165605Z,1410.963,200,True,0x6B44eD6B1692CB06047271f02833671D89f1a4E7,INSURER,123,VIDEO,2,READ,
w19,2026-03-26T02:27:31.855273Z,722.193,403,False,0x45c4F19a8C6e455e9647ad8aD8a9A9c7733b6Bad,INSURER,295,IMAGE,2,READ,
w35,2026-03-26T02:27:31.893838Z,688.341,403,False,0x83e68Cac649872ca6135aDfEF9A944bbF908ef66,GARAGE,894,OTHER,1,READ,
w21,2026-03-26T02:27:31.894693Z,689.818,403,False,0x221D1a7739dA73BA8B191C14399776D9C63E6e8F,INSURER,316,IMAGE,2,READ,
w49,2026-03-26T02:27:31.945114Z,770.318,403,False,0x0Bc69A9CA614967C5D33108DA2C0Afd95130f7ab,POLICE,940,OTHER,1,READ,
w34,2026-03-26T02:27:31.945783Z,772.800,403,False,0xC60A6C8Fe339e01d6E76d91B0650A99bd0eA77F1,POLICE,757,TELEMATICS,3,READ,
w36,2026-03-26T02:27:31.971148Z,761.916,403,False,0xfC435D0E00Ae6D11E5Bb3A9cd461B915Edc17F59,REGULATOR,953,OTHER,1,READ,
w5,2026-03-26T02:27:31.297940Z,1443.932,200,True,0xe4f7B57F3C40B6c829FCf662110800Fe4aBafb37,GARAGE,62,VIDEO,2,READ,
w3,2026-03-26T02:27:31.298673Z,1443.618,200,True,0xD8859a86a30f76f3bB902c5710A4172bd799658c,INSURER,166,VIDEO,2,READ,
w24,2026-03-26T02:27:32.008209Z,734.406,403,False,0xCe261d45B20f7c1ACaE3eAf693D957b5D99D42BD,REGULATOR,837,TELEMATICS,3,READ,
w22,2026-03-26T02:27:32.024367Z,755.145,403,False,0xD8859a86a30f76f3bB902c5710A4172bd799658c,INSURER,971,OTHER,1,READ,
w23,2026-03-26T02:27:32.024918Z,755.282,403,False,0x668803002755A42bB2BBAD8e73c43b3B5a03eC68,INSURER,636,MEDICAL_REPORT,5,READ,
w6,2026-03-26T02:27:32.025409Z,755.426,403,False,0xB6920469504adDf687AfCe890A39E6EBF76cF88E,POLICE,979,OTHER,1,READ,
w8,2026-03-26T02:27:31.352997Z,1481.978,200,True,0x58546e800Dd5EE7E99f22ecB7344138B6dFF55Ce,INSURER,147,VIDEO,2,READ,
w37,2026-03-26T02:27:32.127494Z,708.224,403,False,0x2681A1fbf737DE9BE4B8ac0DEDe2f71fB64E2284,INSURER,671,MEDICAL_REPORT,5,READ,
w38,2026-03-26T02:27:32.142435Z,693.813,403,False,0x6793787989bC3CD4C54f44099Dc75Fb05503EC65,GARAGE,978,OTHER,1,READ,
w46,2026-03-26T02:27:31.431573Z,1473.759,200,True,0x6e492Bff2B5Fc2351eF247518a6dCD98479E018C,POLICE,232,VIDEO,2,READ,
w25,2026-03-26T02:27:32.203888Z,702.093,403,False,0xa69B6a9c2ED6A394a404B91B851C1176b76370Fa,GARAGE,460,IMAGE,2,READ,
w9,2026-03-26T02:27:32.204797Z,701.711,403,False,0x9e27Ca8f24DA387fa26EB31284B2cee849f4fDb8,INSURER,545,FNOL,4,READ,
w28,2026-03-26T02:27:31.434888Z,1472.313,200,True,0xF44A9B02ECE32ED838D00FD3Ce799F3256367eE3,INSURER,234,VIDEO,2,READ,
w40,2026-03-26T02:27:32.257517Z,650.252,403,False,0x57D7Dac174cE9ce2c07ADDE286cBfDe51cC50122,INSURER,788,TELEMATICS,3,READ,
w29,2026-03-26T02:27:31.548532Z,1394.948,200,True,0xe028327896d2bb4705C2134380bDB1E038DdF2Fc,REGULATOR,17,VIDEO,2,READ,
w43,2026-03-26T02:27:32.332771Z,611.323,403,False,0xDce410211947791510C6ABE09E20663d9934397A,INSURER,645,MEDICAL_REPORT,5,READ,
w41,2026-03-26T02:27:32.333595Z,611.199,403,False,0x6e492Bff2B5Fc2351eF247518a6dCD98479E018C,POLICE,999,OTHER,1,READ,
w27,2026-03-26T02:27:32.334076Z,611.327,403,False,0x24d4D3F0B5de5Fc46A77423dfb1E9b1037BC96a0,INSURER,437,IMAGE,2,READ,
w42,2026-03-26T02:27:32.334596Z,611.437,403,False,0x20060De9B531866f987DE7123AAb09E3Df40B650,INSURER,997,OTHER,1,READ,
w15,2026-03-26T02:27:32.336092Z,615.154,403,False,0x0faad82B330120b20f18ed21fCD7C5e6865C2088,INSURER,803,TELEMATICS,3,READ,
w4,2026-03-26T02:27:32.344689Z,641.451,403,False,0x7F37f92080D63E1b76A83FDd5aCa390d46475f17,INSURER,687,MEDICAL_REPORT,5,READ,
w10,2026-03-26T02:27:32.393630Z,595.420,403,False,0xA540c09f6c140651CA79CFFa797D92DF979aE483,ADJUSTER,567,FNOL,4,READ,
w11,2026-03-26T02:27:32.394516Z,595.185,403,False,0x8B9C6E42320Cc7c0a0512De5818B2aCc269feef7,INSURER,311,IMAGE,2,READ,
w44,2026-03-26T02:27:31.650640Z,1374.060,200,True,0x3A7a82b4A46a2f934834Ca05381528d576A17a70,INSURER,216,VIDEO,2,READ,
w16,2026-03-26T02:27:32.425389Z,600.023,403,False,0xC0B54dC53B9A14ad6199dbB75383AcEe7B50414B,ADJUSTER,293,IMAGE,2,READ,
w31,2026-03-26T02:27:32.426177Z,654.763,403,False,0xACeC85e12d17bE03cf4d9ac50Db46392aC26A13A,GARAGE,499,IMAGE,2,READ,
w17,2026-03-26T02:27:32.442602Z,639.006,403,False,0x3391d15CCe51D9F0a877840266E4784c3b30dF24,POLICE,874,OTHER,1,READ,
w45,2026-03-26T02:27:32.443331Z,638.778,403,False,0x907C18fd7B2D156904bC5c25dD4542B69dfe6d54,ADJUSTER,652,MEDICAL_REPORT,5,READ,
w47,2026-03-26T02:27:31.726312Z,1396.152,200,True,0x724d89D8ad84494De12a74615cd5bFFEf3eA18aA,ADJUSTER,63,VIDEO,2,READ,
w1,2026-03-26T02:27:32.475813Z,647.379,403,False,0xfbffdfBb61e2B0aCC9065D4c9940fAdB3c5Bb4DE,INSURER,626,FNOL,4,READ,
w32,2026-03-26T02:27:32.490030Z,645.088,403,False,0x2b2d95E89Db8d5C9D7a789205F735fffB7738f31,INSURER,695,FNOL,4,READ,
w12,2026-03-26T02:27:32.492276Z,643.420,403,False,0x2AA4a29437fF4B945Ac2957FFd6DdB3AF0fEb05b,ADJUSTER,437,IMAGE,2,READ,
w33,2026-03-26T02:27:31.853718Z,1371.355,200,True,0x23E9FBB7579C74D955604A707C648CA3Db02A0c7,ADJUSTER,213,VIDEO,2,READ,
w13,2026-03-26T02:27:31.854553Z,1371.589,200,True,0x49Fc0F0951a6A354226EEdd0Ec69e2b1c69880E3,ADJUSTER,55,VIDEO,2,READ,
w7,2026-03-26T02:27:32.576593Z,651.730,403,False,0x90937Fa99BC935CfA2aDcB3C0dcde37a9a95af00,INSURER,829,TELEMATICS,3,READ,
w19,2026-03-26T02:27:32.577492Z,651.723,403,False,0x828c0FD3Ed54b03A52e62470aF331e95A50BCf09,POLICE,432,IMAGE,2,READ,
w21,2026-03-26T02:27:32.584536Z,645.546,403,False,0x6946334781F193CD26a1b9026c1980aa92c80Fd4,ADJUSTER,775,TELEMATICS,3,READ,
w20,2026-03-26T02:27:31.946434Z,1434.129,200,True,0xfa05901804C21448e6980BbDFa52ED18dc9d3B21,ADJUSTER,214,VIDEO,2,READ,
w48,2026-03-26T02:27:31.947777Z,1434.637,200,True,0x62198F0616394D6E59Acc14b43bbe6ABF2f67db8,ADJUSTER,167,VIDEO,2,READ,
w0,2026-03-26T02:27:31.948467Z,1434.567,200,True,0x59e91027b0aBD6B839408f96360A4ca0Dc596a98,ADJUSTER,21,VIDEO,2,READ,
w49,2026-03-26T02:27:32.715460Z,668.351,403,False,0xC737C4f48DDAf3A5015F6461cCC3152074B1adDc,INSURER,387,IMAGE,2,READ,
w36,2026-03-26T02:27:32.733088Z,698.359,403,False,0x763BeD60093Bc3ad989d0E71724B8a30f6629Bf2,ADJUSTER,448,IMAGE,2,READ,
w5,2026-03-26T02:27:32.741893Z,690.202,403,False,0x11d0837E47B208389bc698030a678Bc9261f8156,INSURER,408,IMAGE,2,READ,
w24,2026-03-26T02:27:32.742645Z,690.031,403,False,0x88982eB8A9a596fA186A12b47f4F905A2c7516d6,COURT,828,TELEMATICS,3,READ,
w22,2026-03-26T02:27:32.779543Z,664.828,403,False,0x2b2d95E89Db8d5C9D7a789205F735fffB7738f31,INSURER,972,OTHER,1,READ,
w23,2026-03-26T02:27:32.780226Z,664.947,403,False,0x9A79C72a6b8A1a6F62B7D42810fA4D7d292395BC,POLICE,349,IMAGE,2,READ,
w6,2026-03-26T02:27:32.780857Z,664.824,403,False,0xB7953144C083a54D89d9e4eCB7A2A4151D4007E0,REGULATOR,551,MEDICAL_REPORT,5,READ,
w39,2026-03-26T02:27:32.208025Z,1359.260,200,True,0x23E9FBB7579C74D955604A707C648CA3Db02A0c7,ADJUSTER,88,VIDEO,2,READ,
w26,2026-03-26T02:27:32.208843Z,1366.783,200,True,0xA07ddA082a145D371fc7C88A2cBF3594FcBb51e0,REGULATOR,78,VIDEO,2,READ,
w2,2026-03-26T02:27:32.210388Z,1365.953,200,True,0x3Ce62c75582d14D54A1532D0Fd3fcA709D3AB012,ADJUSTER,265,IMAGE,2,READ,
w46,2026-03-26T02:27:32.905362Z,671.625,403,False,0x85f013a2fE4D618643C6918f0dA731aA62b93420,GARAGE,874,OTHER,1,READ,
w25,2026-03-26T02:27:32.906003Z,671.744,403,False,0x969F5C531FA570b10b873CE229E1D17C35c80b01,POLICE,554,FNOL,4,READ,
w9,2026-03-26T02:27:32.906532Z,671.928,403,False,0xFc3a53f3055e68a2D5fE4aF7E5B5cF92e63F17e7,INSURER,449,IMAGE,2,READ,
w28,2026-03-26T02:27:32.907248Z,692.219,403,False,0xB6920469504adDf687AfCe890A39E6EBF76cF88E,POLICE,361,IMAGE,2,READ,
w40,2026-03-26T02:27:32.907792Z,693.282,403,False,0x763BeD60093Bc3ad989d0E71724B8a30f6629Bf2,ADJUSTER,413,IMAGE,2,READ,
w14,2026-03-26T02:27:32.335225Z,1749.489,200,True,0xacc4fa5f6784C35C0da5bCBEa5f8e3fe401F6323,COURT,254,IMAGE,2,READ,
w29,2026-03-26T02:27:32.943506Z,1142.050,403,False,0x83e68Cac649872ca6135aDfEF9A944bbF908ef66,GARAGE,694,MEDICAL_REPORT,5,READ,
w41,2026-03-26T02:27:32.944819Z,1141.311,403,False,0x6e2eda1263F3990130d14F0D25bc4b93d5d6D80C,REGULATOR,776,TELEMATICS,3,READ,
w42,2026-03-26T02:27:32.946059Z,1140.566,403,False,0x6946334781F193CD26a1b9026c1980aa92c80Fd4,ADJUSTER,487,IMAGE,2,READ,
w15,2026-03-26T02:27:32.951274Z,1135.957,403,False,0x265D84A4A56a37ae42bD3AE43A135660D59CE429,COURT,501,MEDICAL_REPORT,5,READ,
w30,2026-03-26T02:27:32.346720Z,1803.694,200,True,0xB6920469504adDf687AfCe890A39E6EBF76cF88E,POLICE,115,VIDEO,2,READ,
w4,2026-03-26T02:27:32.986163Z,1165.037,403,False,0x69b1a8FA8C91e049e9d19bE94bef38769ec28c9D,INSURER,451,IMAGE,2,READ,
w10,2026-03-26T02:27:32.989072Z,1162.876,403,False,0x90937Fa99BC935CfA2aDcB3C0dcde37a9a95af00,INSURER,654,FNOL,4,READ,
w11,2026-03-26T02:27:32.989842Z,1162.768,403,False,0x71012eDE103b9A85faF1F8b952361232E5A73b6d,COURT,936,OTHER,1,READ,
w44,2026-03-26T02:27:33.024723Z,1164.932,403,False,0x265D84A4A56a37ae42bD3AE43A135660D59CE429,COURT,709,TELEMATICS,3,READ,
w16,2026-03-26T02:27:33.025442Z,1164.979,403,False,0x5d47D10E5aaDa092c97f77a2011d225a54e888dE,INSURER,487,IMAGE,2,READ,
w31,2026-03-26T02:27:33.080963Z,1123.799,403,False,0x10e284843829f15F74cE6E0abD20284341c6DB9A,INSURER,379,IMAGE,2,READ,
w17,2026-03-26T02:27:33.081628Z,1123.791,403,False,0xfC435D0E00Ae6D11E5Bb3A9cd461B915Edc17F59,REGULATOR,935,OTHER,1,READ,
w18,2026-03-26T02:27:32.476450Z,1769.235,200,True,0x0ab8d94B5Ad9dd3b2aE39785D87c48ef037fEeEe,INSURER,164,VIDEO,2,READ,
w47,2026-03-26T02:27:33.122492Z,1123.903,403,False,0x09fA524FB632b6004cb5b61705D1Ac8346f5C956,ADJUSTER,901,OTHER,1,READ,
w32,2026-03-26T02:27:33.135146Z,1115.927,403,False,0x8d1A0bE126b91823D8E5E215116c9351922277f7,INSURER,956,OTHER,1,READ,
w12,2026-03-26T02:27:33.135714Z,1127.421,403,False,0xE022AD1Cb2e3f18fD419769921D61166A5F80FB9,POLICE,959,OTHER,1,READ,
w35,2026-03-26T02:27:32.582206Z,1727.623,200,True,0x904b7a5cb6e3AAb09C26C16DF2E979FE130D0889,ADJUSTER,234,VIDEO,2,READ,
w33,2026-03-26T02:27:33.225131Z,1085.418,403,False,0xe29a4A0F7cc642F4654E70D8217eDDD2237e5b7f,ADJUSTER,358,IMAGE,2,READ,
w13,2026-03-26T02:27:33.226169Z,1084.841,403,False,0x36599004C3aC0Aa715a49186455E90556EA805cE,GARAGE,808,TELEMATICS,3,READ,
w7,2026-03-26T02:27:33.228361Z,1083.005,403,False,0x7F37f92080D63E1b76A83FDd5aCa390d46475f17,INSURER,448,IMAGE,2,READ,
w19,2026-03-26T02:27:33.229248Z,1082.439,403,False,0x49825196030134F6349A45D6c576684792207592,INSURER,470,IMAGE,2,READ,
w21,2026-03-26T02:27:33.230104Z,1081.916,403,False,0x4Bb9AC8aB8c9D213B9d89538B10C1016f8e66773,INSURER,947,OTHER,1,READ,
w34,2026-03-26T02:27:32.718607Z,1839.274,200,True,0x1a03927dCE7C5BDefcc351BCF06A554ABCDf2862,ADJUSTER,60,VIDEO,2,READ,
w20,2026-03-26T02:27:33.380586Z,1178.166,403,False,0x0a32D28155a778b375C162F8999D8D0d760896b8,ADJUSTER,905,OTHER,1,READ,
w48,2026-03-26T02:27:33.382437Z,1176.978,403,False,0xfC435D0E00Ae6D11E5Bb3A9cd461B915Edc17F59,REGULATOR,719,TELEMATICS,3,READ,
w49,2026-03-26T02:27:33.383833Z,1176.192,403,False,0xDce410211947791510C6ABE09E20663d9934397A,INSURER,930,OTHER,1,READ,
w3,2026-03-26T02:27:32.742307Z,1904.987,200,True,0xd9A6B19e054ef53852110104f8251e86d57f88fe,INSURER,136,VIDEO,2,READ,
w24,2026-03-26T02:27:33.432699Z,1215.580,403,False,0x13C7F80a123954B61876Afba1c5b9DDB5Ac3772D,REGULATOR,733,TELEMATICS,3,READ,
w22,2026-03-26T02:27:33.444398Z,1213.045,403,False,0x4e3024d505B55f3da9f0D7B3a7319EDF7CBAdAdc,INSURER,888,OTHER,1,READ,
w23,2026-03-26T02:27:33.445195Z,1213.146,403,False,0x2c8aC86D2D94fC757C38B3E3895F90aa32E7594D,INSURER,746,TELEMATICS,3,READ,
w6,2026-03-26T02:27:33.445701Z,1216.245,403,False,0x814742D6773D55c02177ca64238a124D39d8CAd0,COURT,466,IMAGE,2,READ,
w8,2026-03-26T02:27:32.834999Z,1854.190,200,True,0x88982eB8A9a596fA186A12b47f4F905A2c7516d6,COURT,20,VIDEO,2,READ,
w37,2026-03-26T02:27:32.835740Z,1854.244,200,True,0xfC435D0E00Ae6D11E5Bb3A9cd461B915Edc17F59,REGULATOR,136,VIDEO,2,READ,
w38,2026-03-26T02:27:32.836267Z,1854.306,200,True,0xc560606Bd2B90Feea8BaAB3270Efd65c17422Ad3,ADJUSTER,235,VIDEO,2,READ,
w39,2026-03-26T02:27:33.567311Z,1155.077,403,False,0xB6920469504adDf687AfCe890A39E6EBF76cF88E,POLICE,889,OTHER,1,READ,
w26,2026-03-26T02:27:33.575669Z,1147.702,403,False,0xA92D4979eB98ad7361AD95Ad1182a54449C093eB,INSURER,865,OTHER,1,READ,
w2,2026-03-26T02:27:33.576362Z,1147.551,403,False,0xe4Ff9366F4FF38f071D95aA48d3DB306E70De577,POLICE,752,TELEMATICS,3,READ,
w46,2026-03-26T02:27:33.577019Z,1160.475,403,False,0x85CB40Edf798FBbfC3e1f8fBA9d60D3aDA9edc66,REGULATOR,303,IMAGE,2,READ,
w25,2026-03-26T02:27:33.577778Z,1160.355,403,False,0x7E270839240F84dCe86114e7c9A1B5C9751d5fc0,ADJUSTER,461,IMAGE,2,READ,
w28,2026-03-26T02:27:33.599509Z,1139.524,403,False,0x8818DFB61c2A02e64c74DC651D2b8a152A170140,INSURER,873,OTHER,1,READ,
w40,2026-03-26T02:27:33.601128Z,1138.543,403,False,0x3539040e9A7AA2F3eb932f8a6523DA9ED746160F,GARAGE,929,OTHER,1,READ,
w43,2026-03-26T02:27:32.944122Z,1843.725,200,True,0xD1ff571869D0436cC7b43A2a2c156085F4c5Efeb,ADJUSTER,146,VIDEO,2,READ,
w27,2026-03-26T02:27:32.945428Z,1843.259,200,True,0x5c07a06B115c15b04B988EA559f2FC152b87BE65,INSURER,159,VIDEO,2,READ,
w14,2026-03-26T02:27:34.084738Z,704.466,403,False,0x0faad82B330120b20f18ed21fCD7C5e6865C2088,INSURER,394,IMAGE,2,READ,
w29,2026-03-26T02:27:34.085579Z,704.294,403,False,0xA0D16Db45A3E299D305623eB5499B19F75Fd2E79,COURT,377,IMAGE,2,READ,
w15,2026-03-26T02:27:34.087254Z,703.100,403,False,0xc30C588825d2d3c37cC645CB5f9D5138F2A54A85,POLICE,453,IMAGE,2,READ,
w4,2026-03-26T02:27:34.151227Z,698.112,403,False,0x6e2eda1263F3990130d14F0D25bc4b93d5d6D80C,REGULATOR,709,TELEMATICS,3,READ,
w10,2026-03-26T02:27:34.151991Z,697.977,403,False,0x6e492Bff2B5Fc2351eF247518a6dCD98479E018C,POLICE,692,FNOL,4,READ,
w11,2026-03-26T02:27:34.152640Z,704.605,403,False,0xa09383266c25808Ea3362D5DaE160528bB5Fb130,POLICE,929,OTHER,1,READ,
w44,2026-03-26T02:27:34.189680Z,691.079,403,False,0x2C633fcDe1FC84a3cab453082dd753A56206d5a5,ADJUSTER,274,IMAGE,2,READ,
w16,2026-03-26T02:27:34.190446Z,691.560,403,False,0xfbffdfBb61e2B0aCC9065D4c9940fAdB3c5Bb4DE,INSURER,793,TELEMATICS,3,READ,
w45,2026-03-26T02:27:33.082130Z,1800.761,200,True,0x88982eB8A9a596fA186A12b47f4F905A2c7516d6,COURT,246,VIDEO,2,READ,
w1,2026-03-26T02:27:33.123214Z,1846.809,200,True,0x6B44eD6B1692CB06047271f02833671D89f1a4E7,INSURER,136,VIDEO,2,READ,
w18,2026-03-26T02:27:34.245711Z,725.111,403,False,0x221D1a7739dA73BA8B191C14399776D9C63E6e8F,INSURER,614,FNOL,4,READ,
w47,2026-03-26T02:27:34.246475Z,726.156,403,False,0xfa05901804C21448e6980BbDFa52ED18dc9d3B21,ADJUSTER,721,TELEMATICS,3,READ,
w13,2026-03-26T02:27:34.311026Z,724.171,403,False,0xD74Bb4A9C118bf6bC73Be08B90542dAab12c5FAe,INSURER,390,IMAGE,2,READ,
w19,2026-03-26T02:27:34.311700Z,725.460,403,False,0x2a44EF6977ec44cB5c6ad5038E54C761723DB5E9,INSURER,332,IMAGE,2,READ,
w21,2026-03-26T02:27:34.312034Z,725.737,403,False,0xA0D16Db45A3E299D305623eB5499B19F75Fd2E79,COURT,828,TELEMATICS,3,READ,
w0,2026-03-26T02:27:33.383056Z,1728.808,200,True,0x57D7Dac174cE9ce2c07ADDE286cBfDe51cC50122,INSURER,261,IMAGE,2,READ,
w20,2026-03-26T02:27:34.558777Z,553.642,403,False,0x09fA524FB632b6004cb5b61705D1Ac8346f5C956,ADJUSTER,267,IMAGE,2,READ,
w48,2026-03-26T02:27:34.559447Z,553.432,403,False,0x2C633fcDe1FC84a3cab453082dd753A56206d5a5,ADJUSTER,280,IMAGE,2,READ,
w49,2026-03-26T02:27:34.560050Z,553.230,403,False,0x0B5dF81DC06Bb007c88E04eD2D6826Ca41cBB0A2,GARAGE,358,IMAGE,2,READ,
w36,2026-03-26T02:27:33.431474Z,1727.365,200,True,0x23164e00C680c815A8886E437558C15425a21040,COURT,53,VIDEO,2,READ,
w5,2026-03-26T02:27:33.432133Z,1727.502,200,True,0x4e3024d505B55f3da9f0D7B3a7319EDF7CBAdAdc,INSURER,70,VIDEO,2,READ,
w3,2026-03-26T02:27:34.647339Z,512.941,403,False,0x59e91027b0aBD6B839408f96360A4ca0Dc596a98,ADJUSTER,764,TELEMATICS,3,READ,
w22,2026-03-26T02:27:34.657470Z,503.632,403,False,0xe028327896d2bb4705C2134380bDB1E038DdF2Fc,REGULATOR,571,MEDICAL_REPORT,5,READ,
w23,2026-03-26T02:27:34.658367Z,511.325,403,False,0x7036A61a0c4486ca1acA322940DFE746a02EdBF7,INSURER,844,TELEMATICS,3,READ,
w8,2026-03-26T02:27:34.689222Z,563.231,403,False,0x6793787989bC3CD4C54f44099Dc75Fb05503EC65,GARAGE,626,FNOL,4,READ,
w37,2026-03-26T02:27:34.690013Z,563.297,403,False,0xe8425CD8D02275245734Aa5D064DD1F2B051fA27,INSURER,691,MEDICAL_REPORT,5,READ,
w38,2026-03-26T02:27:34.690597Z,563.329,403,False,0xc30C588825d2d3c37cC645CB5f9D5138F2A54A85,POLICE,540,MEDICAL_REPORT,5,READ,
w9,2026-03-26T02:27:33.578497Z,1737.477,200,True,0x7693A9f87027932864A045F6Ed756AA65fdeEc1c,INSURER,69,VIDEO,2,READ,
w39,2026-03-26T02:27:34.722420Z,594.355,403,False,0x13C7F80a123954B61876Afba1c5b9DDB5Ac3772D,REGULATOR,842,TELEMATICS,3,READ,
w46,2026-03-26T02:27:34.737522Z,621.029,403,False,0xf24f0CD63a9b98E6C44679474b98157587e5608D,INSURER,467,IMAGE,2,READ,
w25,2026-03-26T02:27:34.738158Z,622.854,403,False,0xA903578836c1E60A93BAd29357D9962aBd7aE0E7,GARAGE,301,IMAGE,2,READ,
w28,2026-03-26T02:27:34.739067Z,622.878,403,False,0xC0B54dC53B9A14ad6199dbB75383AcEe7B50414B,ADJUSTER,651,MEDICAL_REPORT,5,READ,
w41,2026-03-26T02:27:34.086155Z,1325.394,200,True,0xE2694287D484e8aE315B0F637DD87846ff5d7AdB,COURT,70,VIDEO,2,READ,
w42,2026-03-26T02:27:34.086646Z,1325.547,200,True,0x7693A9f87027932864A045F6Ed756AA65fdeEc1c,INSURER,110,VIDEO,2,READ,
w27,2026-03-26T02:27:34.788714Z,624.038,403,False,0x7F99cBFcC9a6cBf31E66d657377B3C4D260ce4BE,ADJUSTER,976,OTHER,1,READ,
w14,2026-03-26T02:27:34.789226Z,624.087,403,False,0x09fA524FB632b6004cb5b61705D1Ac8346f5C956,ADJUSTER,276,IMAGE,2,READ,
w29,2026-03-26T02:27:34.789896Z,623.898,403,False,0x3A7a82b4A46a2f934834Ca05381528d576A17a70,INSURER,949,OTHER,1,READ,
w15,2026-03-26T02:27:34.790374Z,623.959,403,False,0xf24f0CD63a9b98E6C44679474b98157587e5608D,INSURER,275,IMAGE,2,READ,
w30,2026-03-26T02:27:34.150438Z,1282.896,200,True,0x55aC7E86FfE135500754bda7778b3749aE34930B,INSURER,245,VIDEO,2,READ,
w4,2026-03-26T02:27:34.849383Z,584.638,403,False,0x8B9C6E42320Cc7c0a0512De5818B2aCc269feef7,INSURER,822,TELEMATICS,3,READ,
w10,2026-03-26T02:27:34.849993Z,589.525,403,False,0x49Fc0F0951a6A354226EEdd0Ec69e2b1c69880E3,ADJUSTER,659,MEDICAL_REPORT,5,READ,
w11,2026-03-26T02:27:34.857275Z,601.137,403,False,0xAd32d7cB99dFce02DE8A0033cC5fea1262c9840C,INSURER,664,FNOL,4,READ,
w44,2026-03-26T02:27:34.880784Z,615.482,403,False,0x2a44EF6977ec44cB5c6ad5038E54C761723DB5E9,INSURER,972,OTHER,1,READ,
w16,2026-03-26T02:27:34.882035Z,615.115,403,False,0xAc46c6cb0d1d810573C55BcB67a854a313D89d5E,POLICE,340,IMAGE,2,READ,
w45,2026-03-26T02:27:34.882915Z,614.995,403,False,0xF92d6f9F9322A08d7548d2be3FFFfa7E9307bfF7,POLICE,522,FNOL,4,READ,
w31,2026-03-26T02:27:34.204785Z,1302.420,200,True,0x995408770BbdF9C720d131bCfa0bE248c90fA29f,COURT,172,VIDEO,2,READ,
w17,2026-03-26T02:27:34.205441Z,1302.598,200,True,0x23164e00C680c815A8886E437558C15425a21040,COURT,59,VIDEO,2,READ,
w32,2026-03-26T02:27:34.251101Z,1276.539,200,True,0x5dBb83D0d96c168133412CC6e93a25a61Bfb8599,INSURER,207,VIDEO,2,READ,
w12,2026-03-26T02:27:34.263586Z,1264.585,200,True,0xA540c09f6c140651CA79CFFa797D92DF979aE483,ADJUSTER,177,VIDEO,2,READ,
w47,2026-03-26T02:27:34.972658Z,556.081,403,False,0x49825196030134F6349A45D6c576684792207592,INSURER,632,MEDICAL_REPORT,5,READ,
w35,2026-03-26T02:27:34.309899Z,1259.031,200,True,0x265D84A4A56a37ae42bD3AE43A135660D59CE429,COURT,189,VIDEO,2,READ,
w33,2026-03-26T02:27:34.310569Z,1259.117,200,True,0xc30C588825d2d3c37cC645CB5f9D5138F2A54A85,POLICE,99,VIDEO,2,READ,
w7,2026-03-26T02:27:34.311382Z,1258.853,200,True,0xC0B54dC53B9A14ad6199dbB75383AcEe7B50414B,ADJUSTER,118,VIDEO,2,READ,
w19,2026-03-26T02:27:35.037201Z,533.618,403,False,0x907C18fd7B2D156904bC5c25dD4542B69dfe6d54,ADJUSTER,268,IMAGE,2,READ,
w21,2026-03-26T02:27:35.037796Z,533.983,403,False,0x074bE6382e1bAD6f8957dEED880345Efc1bDC58C,POLICE,844,TELEMATICS,3,READ,
w34,2026-03-26T02:27:34.557904Z,1052.270,200,True,0xF4B9B002569bC5998B1d5a2309EF921d2ca63BDd,INSURER,79,VIDEO,2,READ,
w0,2026-03-26T02:27:35.111888Z,499.110,403,False,0x4bde32504e100aaF1Db477c3F0AF1C01be0d3003,POLICE,846,TELEMATICS,3,READ,
w48,2026-03-26T02:27:35.112898Z,498.582,403,False,0xF4B9B002569bC5998B1d5a2309EF921d2ca63BDd,INSURER,678,FNOL,4,READ,
w24,2026-03-26T02:27:34.648303Z,999.427,200,True,0xB3eC418F3094778ae76FC8F0a97898435F0F1768,ADJUSTER,57,VIDEO,2,READ,
w36,2026-03-26T02:27:35.158863Z,489.620,403,False,0x99F976CEeE5D5d44F2838f3c8d7c188f183c11E8,COURT,683,FNOL,4,READ,
w5,2026-03-26T02:27:35.159660Z,489.301,403,False,0x1ed7D08B1bc117C8039A09D7469dCD6b7119ec85,POLICE,388,IMAGE,2,READ,
w3,2026-03-26T02:27:35.160320Z,492.733,403,False,0x969F5C531FA570b10b873CE229E1D17C35c80b01,POLICE,852,OTHER,1,READ,
w6,2026-03-26T02:27:34.661970Z,992.541,200,True,0xACeC85e12d17bE03cf4d9ac50Db46392aC26A13A,GARAGE,207,VIDEO,2,READ,
w23,2026-03-26T02:27:35.169734Z,486.375,403,False,0x1a03927dCE7C5BDefcc351BCF06A554ABCDf2862,ADJUSTER,704,TELEMATICS,3,READ,
w37,2026-03-26T02:27:35.253337Z,411.518,403,False,0x0D7022eA8E23540fb4DCD302f796E37E70C4ee18,ADJUSTER,362,IMAGE,2,READ,
w38,2026-03-26T02:27:35.253950Z,411.533,403,False,0x9f26D169621c57Db8eC4B7a3B5D9aF4CdF71085F,INSURER,284,IMAGE,2,READ,
w26,2026-03-26T02:27:34.723396Z,970.918,200,True,0x9D7C8C9e23D36eC3BFff969f156405253162b9e0,ADJUSTER,223,VIDEO,2,READ,
w2,2026-03-26T02:27:34.723948Z,971.990,200,True,0xD8859a86a30f76f3bB902c5710A4172bd799658c,INSURER,43,VIDEO,2,READ,
w9,2026-03-26T02:27:35.316001Z,380.640,403,False,0x6946334781F193CD26a1b9026c1980aa92c80Fd4,ADJUSTER,728,TELEMATICS,3,READ,
w39,2026-03-26T02:27:35.316800Z,380.313,403,False,0xB6eA80cE3349885Ebe955de74Db37883Bb9CB5B9,GARAGE,525,MEDICAL_REPORT,5,READ,
w40,2026-03-26T02:27:34.739697Z,965.431,200,True,0xe9BfB16581647fc6746A690dC658b56D114822f2,POLICE,72,VIDEO,2,READ,
w25,2026-03-26T02:27:35.361038Z,350.448,403,False,0xaFc74D5a37Fc772BA03f377804Ff23eE80c3F0B6,GARAGE,625,FNOL,4,READ,
w28,2026-03-26T02:27:35.361971Z,350.086,403,False,0xE2694287D484e8aE315B0F637DD87846ff5d7AdB,COURT,309,IMAGE,2,READ,
w43,2026-03-26T02:27:34.787871Z,984.453,200,True,0x9f26D169621c57Db8eC4B7a3B5D9aF4CdF71085F,INSURER,171,VIDEO,2,READ,
w27,2026-03-26T02:27:35.412777Z,362.756,403,False,0x4e3024d505B55f3da9f0D7B3a7319EDF7CBAdAdc,INSURER,496,IMAGE,2,READ,
w14,2026-03-26T02:27:35.413335Z,362.882,403,False,0x7E772D98853416cD822D23bF2d9D89Bd3FCF7Af6,INSURER,661,FNOL,4,READ,
w29,2026-03-26T02:27:35.413815Z,367.522,403,False,0x62198F0616394D6E59Acc14b43bbe6ABF2f67db8,ADJUSTER,318,IMAGE,2,READ,
w30,2026-03-26T02:27:35.433357Z,367.410,403,False,0xe740840314f9ce0a5F0dB4619861b2B85A08f007,INSURER,381,IMAGE,2,READ,
w4,2026-03-26T02:27:35.434046Z,367.243,403,False,0xF4B9B002569bC5998B1d5a2309EF921d2ca63BDd,INSURER,432,IMAGE,2,READ,
w10,2026-03-26T02:27:35.439543Z,364.925,403,False,0x38cBa880d4427ccC9Db01c3d1E1629eC61458b52,COURT,835,TELEMATICS,3,READ,
w11,2026-03-26T02:27:35.458443Z,349.302,403,False,0x57D7Dac174cE9ce2c07ADDE286cBfDe51cC50122,INSURER,933,OTHER,1,READ,
w44,2026-03-26T02:27:35.496296Z,359.062,403,False,0x1Bc44f70234E2a0FBCb744E2abF6F6931BA6231F,INSURER,490,IMAGE,2,READ,
w16,2026-03-26T02:27:35.497188Z,358.953,403,False,0xe4f7B57F3C40B6c829FCf662110800Fe4aBafb37,GARAGE,405,IMAGE,2,READ,
w45,2026-03-26T02:27:35.497970Z,358.732,403,False,0x5CBf5c5AcCf319E51A3261361f38b9b09D3A0Cdf,INSURER,893,OTHER,1,READ,
w1,2026-03-26T02:27:34.970047Z,949.330,200,True,0x88982eB8A9a596fA186A12b47f4F905A2c7516d6,COURT,126,VIDEO,2,READ,
w18,2026-03-26T02:27:34.970847Z,949.386,200,True,0xaFc74D5a37Fc772BA03f377804Ff23eE80c3F0B6,GARAGE,243,VIDEO,2,READ,
w32,2026-03-26T02:27:35.527662Z,393.082,403,False,0xfa05901804C21448e6980BbDFa52ED18dc9d3B21,ADJUSTER,459,IMAGE,2,READ,
w12,2026-03-26T02:27:35.528194Z,393.346,403,False,0x221D1a7739dA73BA8B191C14399776D9C63E6e8F,INSURER,687,MEDICAL_REPORT,5,READ,
w13,2026-03-26T02:27:35.035220Z,927.016,200,True,0x907C18fd7B2D156904bC5c25dD4542B69dfe6d54,ADJUSTER,35,VIDEO,2,READ,
w33,2026-03-26T02:27:35.569709Z,393.382,403,False,0xa69B6a9c2ED6A394a404B91B851C1176b76370Fa,GARAGE,651,MEDICAL_REPORT,5,READ,
w21,2026-03-26T02:27:35.571804Z,391.768,403,False,0x828c0FD3Ed54b03A52e62470aF331e95A50BCf09,POLICE,683,FNOL,4,READ,
w20,2026-03-26T02:27:35.112438Z,907.073,200,True,0x24d4D3F0B5de5Fc46A77423dfb1E9b1037BC96a0,INSURER,60,VIDEO,2,READ,
w49,2026-03-26T02:27:35.113299Z,907.158,200,True,0xB7953144C083a54D89d9e4eCB7A2A4151D4007E0,REGULATOR,258,IMAGE,2,READ,
w34,2026-03-26T02:27:35.610200Z,410.936,403,False,0xFc3a53f3055e68a2D5fE4aF7E5B5cF92e63F17e7,INSURER,570,FNOL,4,READ,
w48,2026-03-26T02:27:35.611501Z,410.481,403,False,0x2C633fcDe1FC84a3cab453082dd753A56206d5a5,ADJUSTER,737,TELEMATICS,3,READ,
w22,2026-03-26T02:27:35.161126Z,912.405,200,True,0xA0706EA97613c48c8Ee8A39218259d61Ae5A25c1,INSURER,247,VIDEO,2,READ,
w24,2026-03-26T02:27:35.647764Z,434.519,403,False,0x6aFB84B7d3D55C3019fC8120397eabD8507b6877,GARAGE,672,MEDICAL_REPORT,5,READ,
w36,2026-03-26T02:27:35.648504Z,434.764,403,False,0xd0689a028421dC6615C8E2A65363C35d34DCe4CC,COURT,690,MEDICAL_REPORT,5,READ,
w5,2026-03-26T02:27:35.648981Z,434.943,403,False,0x90028B286fD1D933A9D4663B944477413d781ad9,COURT,749,TELEMATICS,3,READ,
w6,2026-03-26T02:27:35.654534Z,432.986,403,False,0x49Fc0F0951a6A354226EEdd0Ec69e2b1c69880E3,ADJUSTER,532,FNOL,4,READ,
w23,2026-03-26T02:27:35.656147Z,431.955,403,False,0x23E9FBB7579C74D955604A707C648CA3Db02A0c7,ADJUSTER,271,IMAGE,2,READ,
w8,2026-03-26T02:27:35.252483Z,836.854,200,True,0x2c8aC86D2D94fC757C38B3E3895F90aa32E7594D,INSURER,91,VIDEO,2,READ,
w37,2026-03-26T02:27:35.664878Z,438.594,403,False,0x2FFDEE64f54829571565E7991764e0c0B2D31B16,INSURER,849,TELEMATICS,3,READ,
w26,2026-03-26T02:27:35.694346Z,445.349,403,False,0xc9d8268D9C81BA4cF1DBbA40D6dD31d9d29BFe87,COURT,794,TELEMATICS,3,READ,
w2,2026-03-26T02:27:35.695967Z,451.960,403,False,0xf0C27952Ff3Fa054AC5C5067bA433eE3851F196D,GARAGE,996,OTHER,1,READ,
w9,2026-03-26T02:27:35.696662Z,451.951,403,False,0xA540c09f6c140651CA79CFFa797D92DF979aE483,ADJUSTER,783,TELEMATICS,3,READ,
w39,2026-03-26T02:27:35.697136Z,452.113,403,False,0x54cFafA03b3780b2bEc02Ba688A6DB581b30e82F,POLICE,884,OTHER,1,READ,
w46,2026-03-26T02:27:35.358572Z,791.291,200,True,0x631528f50C384c7AeF4ED528554980D850De0283,POLICE,68,VIDEO,2,READ,
w40,2026-03-26T02:27:35.705151Z,445.329,403,False,0xc0c58f42F3d56a359208054C1e3d9EB9FEB181E5,ADJUSTER,334,IMAGE,2,READ,
w28,2026-03-26T02:27:35.712078Z,458.069,403,False,0xa59ECFb410CCB56f80640CFCfAe5726121Ab2cfa,REGULATOR,958,OTHER,1,READ,
w41,2026-03-26T02:27:35.411579Z,785.207,200,True,0x24d4D3F0B5de5Fc46A77423dfb1E9b1037BC96a0,INSURER,104,VIDEO,2,READ,
w42,2026-03-26T02:27:35.412232Z,785.564,200,True,0x2c8aC86D2D94fC757C38B3E3895F90aa32E7594D,INSURER,227,VIDEO,2,READ,
w15,2026-03-26T02:27:35.414355Z,784.141,200,True,0x9D7C8C9e23D36eC3BFff969f156405253162b9e0,ADJUSTER,32,VIDEO,2,READ,
w43,2026-03-26T02:27:35.772374Z,426.872,403,False,0x33733bc2AFfA696339eACE63a29db0850Bae08C6,COURT,401,IMAGE,2,READ,
w27,2026-03-26T02:27:35.775555Z,424.566,403,False,0x4Bb9AC8aB8c9D213B9d89538B10C1016f8e66773,INSURER,895,OTHER,1,READ,
w14,2026-03-26T02:27:35.776355Z,424.713,403,False,0x711f9Ba03b219CFED557d6c4077c783BdfBEC307,COURT,712,TELEMATICS,3,READ,
w30,2026-03-26T02:27:35.800787Z,419.404,403,False,0xF4B9B002569bC5998B1d5a2309EF921d2ca63BDd,INSURER,481,IMAGE,2,READ,
w4,2026-03-26T02:27:35.801309Z,419.701,403,False,0x6793787989bC3CD4C54f44099Dc75Fb05503EC65,GARAGE,769,TELEMATICS,3,READ,
w10,2026-03-26T02:27:35.804510Z,417.139,403,False,0xf24f0CD63a9b98E6C44679474b98157587e5608D,INSURER,915,OTHER,1,READ,
w31,2026-03-26T02:27:35.507239Z,783.991,200,True,0xc0c58f42F3d56a359208054C1e3d9EB9FEB181E5,ADJUSTER,90,VIDEO,2,READ,
w17,2026-03-26T02:27:35.508076Z,783.973,200,True,0x55aC7E86FfE135500754bda7778b3749aE34930B,INSURER,190,VIDEO,2,READ,
w44,2026-03-26T02:27:35.855386Z,437.287,403,False,0xE022AD1Cb2e3f18fD419769921D61166A5F80FB9,POLICE,499,IMAGE,2,READ,
w47,2026-03-26T02:27:35.528762Z,773.255,200,True,0x9dd7F747E30a7Ab727D5AabeC1205fC6FF74891e,INSURER,58,VIDEO,2,READ,
w1,2026-03-26T02:27:35.919401Z,383.426,403,False,0xe29a4A0F7cc642F4654E70D8217eDDD2237e5b7f,ADJUSTER,583,FNOL,4,READ,
w12,2026-03-26T02:27:35.921569Z,464.641,403,False,0x88982eB8A9a596fA186A12b47f4F905A2c7516d6,COURT,821,TELEMATICS,3,READ,
w35,2026-03-26T02:27:35.568952Z,859.574,200,True,0xd9A6B19e054ef53852110104f8251e86d57f88fe,INSURER,220,VIDEO,2,READ,
w7,2026-03-26T02:27:35.570258Z,862.178,200,True,0x2AA4a29437fF4B945Ac2957FFd6DdB3AF0fEb05b,ADJUSTER,62,VIDEO,2,READ,
w19,2026-03-26T02:27:35.570877Z,862.202,200,True,0x10d74EEF9a158805e197f451FFcF98B5df6f07B3,POLICE,149,VIDEO,2,READ,
w13,2026-03-26T02:27:35.962265Z,471.367,403,False,0x90937Fa99BC935CfA2aDcB3C0dcde37a9a95af00,INSURER,637,MEDICAL_REPORT,5,READ,
w33,2026-03-26T02:27:35.963113Z,471.164,403,False,0xAc46c6cb0d1d810573C55BcB67a854a313D89d5E,POLICE,651,MEDICAL_REPORT,5,READ,
w21,2026-03-26T02:27:35.963593Z,471.118,403,False,0x2E3A06358fFBF425bdBFB9D46d36F4C62cB2C752,ADJUSTER,575,FNOL,4,READ,
w0,2026-03-26T02:27:35.611021Z,864.874,200,True,0x69b1a8FA8C91e049e9d19bE94bef38769ec28c9D,INSURER,56,VIDEO,2,READ,
w20,2026-03-26T02:27:36.019539Z,457.093,403,False,0x0D7022eA8E23540fb4DCD302f796E37E70C4ee18,ADJUSTER,452,IMAGE,2,READ,
w49,2026-03-26T02:27:36.020482Z,462.727,403,False,0x5a73100273e2F91b8379DcaEe7505e5294ECd09E,INSURER,797,TELEMATICS,3,READ,
w48,2026-03-26T02:27:36.022009Z,461.730,403,False,0x36599004C3aC0Aa715a49186455E90556EA805cE,GARAGE,298,IMAGE,2,READ,
w3,2026-03-26T02:27:35.653095Z,894.401,200,True,0x2b2d95E89Db8d5C9D7a789205F735fffB7738f31,INSURER,174,VIDEO,2,READ,
w22,2026-03-26T02:27:36.073561Z,475.012,403,False,0xD1ff571869D0436cC7b43A2a2c156085F4c5Efeb,ADJUSTER,349,IMAGE,2,READ,
w24,2026-03-26T02:27:36.082316Z,466.911,403,False,0x4Bb9AC8aB8c9D213B9d89538B10C1016f8e66773,INSURER,837,TELEMATICS,3,READ,
w36,2026-03-26T02:27:36.083295Z,466.511,403,False,0x6e492Bff2B5Fc2351eF247518a6dCD98479E018C,POLICE,809,TELEMATICS,3,READ,
w38,2026-03-26T02:27:35.665511Z,885.010,200,True,0x85CB40Edf798FBbfC3e1f8fBA9d60D3aDA9edc66,REGULATOR,196,VIDEO,2,READ,
w6,2026-03-26T02:27:36.087544Z,491.913,403,False,0xe4f7B57F3C40B6c829FCf662110800Fe4aBafb37,GARAGE,891,OTHER,1,READ,
w23,2026-03-26T02:27:36.088125Z,492.174,403,False,0xd9A6B19e054ef53852110104f8251e86d57f88fe,INSURER,868,OTHER,1,READ,
w8,2026-03-26T02:27:36.089369Z,491.412,403,False,0x89536950F14FD6E0f52C88C17D5A8d27A19f7635,INSURER,561,MEDICAL_REPORT,5,READ,
w37,2026-03-26T02:27:36.103499Z,504.246,403,False,0xc073597a01C3BD226F8723F8E91124b57b11BEc8,GARAGE,365,IMAGE,2,READ,
w26,2026-03-26T02:27:36.139757Z,498.474,403,False,0xE2694287D484e8aE315B0F637DD87846ff5d7AdB,COURT,368,IMAGE,2,READ,
w39,2026-03-26T02:27:36.149273Z,489.887,403,False,0xAc46c6cb0d1d810573C55BcB67a854a313D89d5E,POLICE,423,IMAGE,2,READ,
w46,2026-03-26T02:27:36.149897Z,490.550,403,False,0xfbffdfBb61e2B0aCC9065D4c9940fAdB3c5Bb4DE,INSURER,562,FNOL,4,READ,
w40,2026-03-26T02:27:36.150508Z,496.636,403,False,0xD45c19e5e5E1f56DFD5EF10a0DBdBeE64Bb94C5E,POLICE,375,IMAGE,2,READ,
w25,2026-03-26T02:27:35.711515Z,936.402,200,True,0xB6eA80cE3349885Ebe955de74Db37883Bb9CB5B9,GARAGE,140,VIDEO,2,READ,
w28,2026-03-26T02:27:36.170172Z,478.513,403,False,0x62198F0616394D6E59Acc14b43bbe6ABF2f67db8,ADJUSTER,970,OTHER,1,READ,
w29,2026-03-26T02:27:35.781472Z,925.041,200,True,0x11d0837E47B208389bc698030a678Bc9261f8156,INSURER,63,VIDEO,2,READ,
w42,2026-03-26T02:27:36.197824Z,509.886,403,False,0x68a330775019D52b44455B42704E8ad360Bc617E,GARAGE,999,OTHER,1,READ,
w15,2026-03-26T02:27:36.198525Z,517.282,403,False,0x12CB40C48B0B23c8B9E9a012e1863b5225A5F311,INSURER,475,IMAGE,2,READ,
w43,2026-03-26T02:27:36.199302Z,517.192,403,False,0x5dBb83D0d96c168133412CC6e93a25a61Bfb8599,INSURER,715,TELEMATICS,3,READ,
w27,2026-03-26T02:27:36.200154Z,517.034,403,False,0x7693A9f87027932864A045F6Ed756AA65fdeEc1c,INSURER,832,TELEMATICS,3,READ,
w14,2026-03-26T02:27:36.201093Z,516.709,403,False,0x5dBb83D0d96c168133412CC6e93a25a61Bfb8599,INSURER,629,FNOL,4,READ,
w11,2026-03-26T02:27:35.807770Z,951.628,200,True,0xd0689a028421dC6615C8E2A65363C35d34DCe4CC,COURT,251,IMAGE,2,READ,
w4,2026-03-26T02:27:36.221033Z,539.195,403,False,0x2eda3233Edca92d3CC82824DE958CC1cCE3A80f4,POLICE,911,OTHER,1,READ,
w10,2026-03-26T02:27:36.221673Z,539.176,403,False,0x89536950F14FD6E0f52C88C17D5A8d27A19f7635,INSURER,829,TELEMATICS,3,READ,
w16,2026-03-26T02:27:35.856164Z,939.153,200,True,0x2AA4a29437fF4B945Ac2957FFd6DdB3AF0fEb05b,ADJUSTER,191,VIDEO,2,READ,
w45,2026-03-26T02:27:35.856744Z,939.409,200,True,0x3fC3662b6AbB721C5A8739eBc22914C534242aC2,GARAGE,239,VIDEO,2,READ,
w31,2026-03-26T02:27:36.291261Z,505.537,403,False,0xCe261d45B20f7c1ACaE3eAf693D957b5D99D42BD,REGULATOR,672,MEDICAL_REPORT,5,READ,
w44,2026-03-26T02:27:36.292696Z,504.675,403,False,0xAc46c6cb0d1d810573C55BcB67a854a313D89d5E,POLICE,595,MEDICAL_REPORT,5,READ,
w47,2026-03-26T02:27:36.302042Z,510.947,403,False,0x59e91027b0aBD6B839408f96360A4ca0Dc596a98,ADJUSTER,978,OTHER,1,READ,
w1,2026-03-26T02:27:36.302869Z,517.102,403,False,0x4Bb9AC8aB8c9D213B9d89538B10C1016f8e66773,INSURER,725,TELEMATICS,3,READ,
w18,2026-03-26T02:27:35.920256Z,910.339,200,True,0x59e91027b0aBD6B839408f96360A4ca0Dc596a98,ADJUSTER,78,VIDEO,2,READ,
w32,2026-03-26T02:27:35.920764Z,910.697,200,True,0xf35E98eF2f18881395aAf1Ef3ffB3f31d4b20C25,INSURER,169,VIDEO,2,READ,
w12,2026-03-26T02:27:36.386235Z,445.825,403,False,0xD74Bb4A9C118bf6bC73Be08B90542dAab12c5FAe,INSURER,672,MEDICAL_REPORT,5,READ,
w35,2026-03-26T02:27:36.428564Z,411.082,403,False,0x55aC7E86FfE135500754bda7778b3749aE34930B,INSURER,451,IMAGE,2,READ,
w7,2026-03-26T02:27:36.432461Z,408.990,403,False,0x49Fc0F0951a6A354226EEdd0Ec69e2b1c69880E3,ADJUSTER,667,MEDICAL_REPORT,5,READ,
w19,2026-03-26T02:27:36.433107Z,428.875,403,False,0x907C18fd7B2D156904bC5c25dD4542B69dfe6d54,ADJUSTER,592,FNOL,4,READ,
w13,2026-03-26T02:27:36.433658Z,428.946,403,False,0xa69B6a9c2ED6A394a404B91B851C1176b76370Fa,GARAGE,388,IMAGE,2,READ,
w21,2026-03-26T02:27:36.434727Z,428.470,403,False,0xe028327896d2bb4705C2134380bDB1E038DdF2Fc,REGULATOR,793,TELEMATICS,3,READ,
w34,2026-03-26T02:27:36.021186Z,847.862,200,True,0xF92d6f9F9322A08d7548d2be3FFFfa7E9307bfF7,POLICE,265,IMAGE,2,READ,
w0,2026-03-26T02:27:36.475919Z,394.127,403,False,0xa8c4E2fbBd0417D663e210a6FdD5976F5f906d9C,POLICE,833,TELEMATICS,3,READ,
w20,2026-03-26T02:27:36.476653Z,397.217,403,False,0x2E3A06358fFBF425bdBFB9D46d36F4C62cB2C752,ADJUSTER,317,IMAGE,2,READ,
w49,2026-03-26T02:27:36.483245Z,391.318,403,False,0x5a73100273e2F91b8379DcaEe7505e5294ECd09E,INSURER,316,IMAGE,2,READ,
w48,2026-03-26T02:27:36.483760Z,391.955,403,False,0x6e492Bff2B5Fc2351eF247518a6dCD98479E018C,POLICE,399,IMAGE,2,READ,
w5,2026-03-26T02:27:36.083953Z,792.577,200,True,0xE022AD1Cb2e3f18fD419769921D61166A5F80FB9,POLICE,89,VIDEO,2,READ,
w3,2026-03-26T02:27:36.547520Z,329.575,403,False,0x99F976CEeE5D5d44F2838f3c8d7c188f183c11E8,COURT,529,MEDICAL_REPORT,5,READ,
w22,2026-03-26T02:27:36.548599Z,351.170,403,False,0x9455AD24B4CF0dBA6bF671fb827428C8a7D5c62f,ADJUSTER,380,IMAGE,2,READ,
w36,2026-03-26T02:27:36.549835Z,353.976,403,False,0x387bB796cDb51d56531031d8f74b6b071370F649,INSURER,918,OTHER,1,READ,
w38,2026-03-26T02:27:36.550555Z,355.443,403,False,0x71012eDE103b9A85faF1F8b952361232E5A73b6d,COURT,798,TELEMATICS,3,READ,
w6,2026-03-26T02:27:36.579500Z,330.449,403,False,0x8818DFB61c2A02e64c74DC651D2b8a152A170140,INSURER,520,MEDICAL_REPORT,5,READ,
w8,2026-03-26T02:27:36.580800Z,329.883,403,False,0x4a28FD82865D1625ce719BbE1501981DBEb8775F,ADJUSTER,443,IMAGE,2,READ,
w37,2026-03-26T02:27:36.607791Z,303.643,403,False,0xa7eF2a6f2A3eb7A7472DAD889d17dEa48faBca1a,INSURER,707,TELEMATICS,3,READ,
w2,2026-03-26T02:27:36.147951Z,811.287,200,True,0x6B44eD6B1692CB06047271f02833671D89f1a4E7,INSURER,28,VIDEO,2,READ,
w9,2026-03-26T02:27:36.148637Z,811.337,200,True,0x8818DFB61c2A02e64c74DC651D2b8a152A170140,INSURER,244,VIDEO,2,READ,
w46,2026-03-26T02:27:36.640478Z,320.079,403,False,0x904b7a5cb6e3AAb09C26C16DF2E979FE130D0889,ADJUSTER,667,MEDICAL_REPORT,5,READ,
w25,2026-03-26T02:27:36.647942Z,317.783,403,False,0xC0B54dC53B9A14ad6199dbB75383AcEe7B50414B,ADJUSTER,292,IMAGE,2,READ,
w28,2026-03-26T02:27:36.648711Z,318.313,403,False,0x7e44eb68D57cA35191576B6498CAC17b47001a2b,INSURER,923,OTHER,1,READ,
w41,2026-03-26T02:27:36.196820Z,817.863,200,True,0x2AA4a29437fF4B945Ac2957FFd6DdB3AF0fEb05b,ADJUSTER,67,VIDEO,2,READ,
w29,2026-03-26T02:27:36.706538Z,309.483,403,False,0xa7eF2a6f2A3eb7A7472DAD889d17dEa48faBca1a,INSURER,596,FNOL,4,READ,
w15,2026-03-26T02:27:36.715832Z,329.064,403,False,0x4939E121036A8AD1643718eFc89097821616931f,POLICE,761,TELEMATICS,3,READ,
w43,2026-03-26T02:27:36.716545Z,329.349,403,False,0x7F37f92080D63E1b76A83FDd5aCa390d46475f17,INSURER,654,FNOL,4,READ,
w27,2026-03-26T02:27:36.717211Z,329.341,403,False,0x387bB796cDb51d56531031d8f74b6b071370F649,INSURER,470,IMAGE,2,READ,
w14,2026-03-26T02:27:36.717827Z,329.410,403,False,0x59e91027b0aBD6B839408f96360A4ca0Dc596a98,ADJUSTER,598,FNOL,4,READ,
w30,2026-03-26T02:27:36.220221Z,833.167,200,True,0x27Dd09F461d60E509B253B64B9C618ade0B207c2,INSURER,163,VIDEO,2,READ,
w11,2026-03-26T02:27:36.759425Z,297.527,403,False,0x4e3024d505B55f3da9f0D7B3a7319EDF7CBAdAdc,INSURER,440,IMAGE,2,READ,
w4,2026-03-26T02:27:36.760253Z,297.490,403,False,0x5CBf5c5AcCf319E51A3261361f38b9b09D3A0Cdf,INSURER,729,TELEMATICS,3,READ,
w10,2026-03-26T02:27:36.760876Z,297.653,403,False,0xB3eC418F3094778ae76FC8F0a97898435F0F1768,ADJUSTER,289,IMAGE,2,READ,
w17,2026-03-26T02:27:36.292073Z,801.321,200,True,0x1Bc44f70234E2a0FBCb744E2abF6F6931BA6231F,INSURER,72,VIDEO,2,READ,
w16,2026-03-26T02:27:36.795346Z,298.667,403,False,0x7E772D98853416cD822D23bF2d9D89Bd3FCF7Af6,INSURER,943,OTHER,1,READ,
w45,2026-03-26T02:27:36.796180Z,298.458,403,False,0x8818DFB61c2A02e64c74DC651D2b8a152A170140,INSURER,687,MEDICAL_REPORT,5,READ,
w44,2026-03-26T02:27:36.797397Z,297.905,403,False,0x2FFDEE64f54829571565E7991764e0c0B2D31B16,INSURER,811,TELEMATICS,3,READ,
w47,2026-03-26T02:27:36.813034Z,283.057,403,False,0x83e68Cac649872ca6135aDfEF9A944bbF908ef66,GARAGE,272,IMAGE,2,READ,
w1,2026-03-26T02:27:36.820003Z,276.627,403,False,0xAc46c6cb0d1d810573C55BcB67a854a313D89d5E,POLICE,377,IMAGE,2,READ,
w18,2026-03-26T02:27:36.830620Z,312.722,403,False,0x7e44eb68D57cA35191576B6498CAC17b47001a2b,INSURER,980,OTHER,1,READ,
w32,2026-03-26T02:27:36.831484Z,312.498,403,False,0x38cBa880d4427ccC9Db01c3d1E1629eC61458b52,COURT,776,TELEMATICS,3,READ,
w35,2026-03-26T02:27:36.839676Z,304.811,403,False,0x97e7867Ce5d3E2726b779578c7097DBB50CbDB95,INSURER,337,IMAGE,2,READ,
w33,2026-03-26T02:27:36.434304Z,10157.133,200,True,0x1Bc44f70234E2a0FBCb744E2abF6F6931BA6231F,INSURER,242,VIDEO,2,READ,
w19,2026-03-26T02:27:36.862009Z,9730.226,403,False,0x2E3A06358fFBF425bdBFB9D46d36F4C62cB2C752,ADJUSTER,533,FNOL,4,READ,
w13,2026-03-26T02:27:36.862638Z,9730.183,403,False,0x3A7a82b4A46a2f934834Ca05381528d576A17a70,INSURER,484,IMAGE,2,READ,
w20,2026-03-26T02:27:36.873892Z,9774.988,403,False,0x5d47D10E5aaDa092c97f77a2011d225a54e888dE,INSURER,496,IMAGE,2,READ,
w49,2026-03-26T02:27:36.874585Z,9775.039,403,False,0xacc4fa5f6784C35C0da5bCBEa5f8e3fe401F6323,COURT,744,TELEMATICS,3,READ,
w48,2026-03-26T02:27:36.875739Z,9774.565,403,False,0x27Dd09F461d60E509B253B64B9C618ade0B207c2,INSURER,589,FNOL,4,READ,
w5,2026-03-26T02:27:36.876553Z,9774.327,403,False,0x23164e00C680c815A8886E437558C15425a21040,COURT,955,OTHER,1,READ,
w3,2026-03-26T02:27:36.877119Z,9786.066,403,False,0xFc3a53f3055e68a2D5fE4aF7E5B5cF92e63F17e7,INSURER,573,MEDICAL_REPORT,5,READ,
w24,2026-03-26T02:27:36.549264Z,10177.005,200,True,0xA0D16Db45A3E299D305623eB5499B19F75Fd2E79,COURT,249,VIDEO,2,READ,
w22,2026-03-26T02:27:36.899796Z,9826.972,403,False,0xacc4fa5f6784C35C0da5bCBEa5f8e3fe401F6323,COURT,496,IMAGE,2,READ,
w38,2026-03-26T02:27:36.906021Z,9821.231,403,False,0x265D84A4A56a37ae42bD3AE43A135660D59CE429,COURT,929,OTHER,1,READ,
w23,2026-03-26T02:27:36.580322Z,10147.448,200,True,0x9A79C72a6b8A1a6F62B7D42810fA4D7d292395BC,POLICE,127,VIDEO,2,READ,
w26,2026-03-26T02:27:36.638255Z,10129.701,200,True,0x10e284843829f15F74cE6E0abD20284341c6DB9A,INSURER,253,IMAGE,2,READ,
w39,2026-03-26T02:27:36.639193Z,10129.273,200,True,0x11d0837E47B208389bc698030a678Bc9261f8156,INSURER,154,VIDEO,2,READ,
w40,2026-03-26T02:27:36.647168Z,10121.797,200,True,0xd0689a028421dC6615C8E2A65363C35d34DCe4CC,COURT,13,VIDEO,2,READ,
w2,2026-03-26T02:27:36.959271Z,9810.120,403,False,0xc9d8268D9C81BA4cF1DBbA40D6dD31d9d29BFe87,COURT,729,TELEMATICS,3,READ,
w46,2026-03-26T02:27:36.960579Z,9809.190,403,False,0x81946b335d2Cf70a427E23b92bCcC1ACcDDB118A,INSURER,766,TELEMATICS,3,READ,
w25,2026-03-26T02:27:36.965751Z,9804.482,403,False,0x09fA524FB632b6004cb5b61705D1Ac8346f5C956,ADJUSTER,456,IMAGE,2,READ,
w28,2026-03-26T02:27:36.967050Z,9803.622,403,False,0xa09383266c25808Ea3362D5DaE160528bB5Fb130,POLICE,772,TELEMATICS,3,READ,
w42,2026-03-26T02:27:36.707743Z,10094.557,200,True,0x58546e800Dd5EE7E99f22ecB7344138B6dFF55Ce,INSURER,231,VIDEO,2,READ,
w41,2026-03-26T02:27:37.014724Z,9788.532,403,False,0xA07ddA082a145D371fc7C88A2cBF3594FcBb51e0,REGULATOR,376,IMAGE,2,READ,
w29,2026-03-26T02:27:37.016053Z,9787.780,403,False,0xd9A6B19e054ef53852110104f8251e86d57f88fe,INSURER,432,IMAGE,2,READ,
w15,2026-03-26T02:27:37.044968Z,9764.284,403,False,0x55aC7E86FfE135500754bda7778b3749aE34930B,INSURER,656,FNOL,4,READ,
w43,2026-03-26T02:27:37.045923Z,9764.398,403,False,0x2a44EF6977ec44cB5c6ad5038E54C761723DB5E9,INSURER,804,TELEMATICS,3,READ,
w27,2026-03-26T02:27:37.046583Z,9764.894,403,False,0xc560606Bd2B90Feea8BaAB3270Efd65c17422Ad3,ADJUSTER,320,IMAGE,2,READ,
w14,2026-03-26T02:27:37.047261Z,9764.758,403,False,0xc073597a01C3BD226F8723F8E91124b57b11BEc8,GARAGE,976,OTHER,1,READ,
w11,2026-03-26T02:27:37.057014Z,9784.904,403,False,0x2AA4a29437fF4B945Ac2957FFd6DdB3AF0fEb05b,ADJUSTER,338,IMAGE,2,READ,
w4,2026-03-26T02:27:37.057770Z,9785.142,403,False,0xF4B9B002569bC5998B1d5a2309EF921d2ca63BDd,INSURER,660,FNOL,4,READ,
w10,2026-03-26T02:27:37.058559Z,9785.065,403,False,0xACeC85e12d17bE03cf4d9ac50Db46392aC26A13A,GARAGE,760,TELEMATICS,3,READ,
w31,2026-03-26T02:27:36.796820Z,10116.318,200,True,0x2eda3233Edca92d3CC82824DE958CC1cCE3A80f4,POLICE,66,VIDEO,2,READ,
w16,2026-03-26T02:27:37.094037Z,9823.132,403,False,0x81946b335d2Cf70a427E23b92bCcC1ACcDDB118A,INSURER,358,IMAGE,2,READ,
w45,2026-03-26T02:27:37.094692Z,9823.086,403,False,0x221D1a7739dA73BA8B191C14399776D9C63E6e8F,INSURER,972,OTHER,1,READ,
w44,2026-03-26T02:27:37.095325Z,9827.040,403,False,0xF4B9B002569bC5998B1d5a2309EF921d2ca63BDd,INSURER,871,OTHER,1,READ,
w47,2026-03-26T02:27:37.096114Z,9827.039,403,False,0x7F37f92080D63E1b76A83FDd5aCa390d46475f17,INSURER,816,TELEMATICS,3,READ,
w12,2026-03-26T02:27:36.832085Z,10128.406,200,True,0xE49f69335d2600b7983983725650eEc85f260b0E,INSURER,206,VIDEO,2,READ,
w7,2026-03-26T02:27:36.841474Z,10120.245,200,True,0x265D84A4A56a37ae42bD3AE43A135660D59CE429,COURT,124,VIDEO,2,READ,
w35,2026-03-26T02:27:37.144508Z,9817.974,403,False,0x9A79C72a6b8A1a6F62B7D42810fA4D7d292395BC,POLICE,322,IMAGE,2,READ,
w21,2026-03-26T02:27:36.863224Z,10155.785,200,True,0x6e492Bff2B5Fc2351eF247518a6dCD98479E018C,POLICE,171,VIDEO,2,READ,
w34,2026-03-26T02:27:36.869103Z,10150.554,200,True,0x034E07D329FcA8aC6b776699af54687288A7fe3E,ADJUSTER,1,VIDEO,2,READ,
w19,2026-03-26T02:27:46.592257Z,427.960,403,False,0xaFc74D5a37Fc772BA03f377804Ff23eE80c3F0B6,GARAGE,599,MEDICAL_REPORT,5,READ,
w0,2026-03-26T02:27:36.870066Z,10176.155,200,True,0xf35E98eF2f18881395aAf1Ef3ffB3f31d4b20C25,INSURER,23,VIDEO,2,READ,
w20,2026-03-26T02:27:46.648928Z,401.145,403,False,0xAd32d7cB99dFce02DE8A0033cC5fea1262c9840C,INSURER,638,FNOL,4,READ,
w49,2026-03-26T02:27:46.649651Z,400.997,403,False,0xD1ff571869D0436cC7b43A2a2c156085F4c5Efeb,ADJUSTER,269,IMAGE,2,READ,
w5,2026-03-26T02:27:46.650905Z,404.968,403,False,0xc560606Bd2B90Feea8BaAB3270Efd65c17422Ad3,ADJUSTER,448,IMAGE,2,READ,
w3,2026-03-26T02:27:46.663220Z,393.343,403,False,0x2b2d95E89Db8d5C9D7a789205F735fffB7738f31,INSURER,299,IMAGE,2,READ,
w36,2026-03-26T02:27:36.903849Z,10202.364,200,True,0x6e2eda1263F3990130d14F0D25bc4b93d5d6D80C,REGULATOR,196,VIDEO,2,READ,
w6,2026-03-26T02:27:36.909991Z,10196.851,200,True,0x995408770BbdF9C720d131bCfa0bE248c90fA29f,COURT,156,VIDEO,2,READ,
w8,2026-03-26T02:27:36.910706Z,10196.827,200,True,0x3F80f29E8ee7BD7ab795eaa0ea5834F45d8b4f36,ADJUSTER,173,VIDEO,2,READ,
w37,2026-03-26T02:27:36.911464Z,10196.633,200,True,0x45c4F19a8C6e455e9647ad8aD8a9A9c7733b6Bad,INSURER,201,VIDEO,2,READ,
w24,2026-03-26T02:27:46.726297Z,382.361,403,False,0xa59ECFb410CCB56f80640CFCfAe5726121Ab2cfa,REGULATOR,934,OTHER,1,READ,
w22,2026-03-26T02:27:46.726788Z,382.294,403,False,0xAc46c6cb0d1d810573C55BcB67a854a313D89d5E,POLICE,933,OTHER,1,READ,
w38,2026-03-26T02:27:46.727273Z,382.313,403,False,0x10e284843829f15F74cE6E0abD20284341c6DB9A,INSURER,793,TELEMATICS,3,READ,
w23,2026-03-26T02:27:46.727792Z,382.199,403,False,0x9A79C72a6b8A1a6F62B7D42810fA4D7d292395BC,POLICE,305,IMAGE,2,READ,
w9,2026-03-26T02:27:36.960001Z,10168.472,200,True,0x0Bc69A9CA614967C5D33108DA2C0Afd95130f7ab,POLICE,80,VIDEO,2,READ,
w26,2026-03-26T02:27:46.767980Z,362.557,403,False,0x969F5C531FA570b10b873CE229E1D17C35c80b01,POLICE,924,OTHER,1,READ,
w39,2026-03-26T02:27:46.768526Z,362.816,403,False,0x5d3d41FA5c381DAE4B6Bcdfd09862684aA5Ce3fd,ADJUSTER,279,IMAGE,2,READ,
w40,2026-03-26T02:27:46.769010Z,362.921,403,False,0xc560606Bd2B90Feea8BaAB3270Efd65c17422Ad3,ADJUSTER,840,TELEMATICS,3,READ,
w46,2026-03-26T02:27:46.769786Z,362.783,403,False,0x12CB40C48B0B23c8B9E9a012e1863b5225A5F311,INSURER,600,MEDICAL_REPORT,5,READ,
w28,2026-03-26T02:27:46.770690Z,362.525,403,False,0x9455AD24B4CF0dBA6bF671fb827428C8a7D5c62f,ADJUSTER,804,TELEMATICS,3,READ,
w42,2026-03-26T02:27:46.802325Z,373.298,403,False,0x0D7022eA8E23540fb4DCD302f796E37E70C4ee18,ADJUSTER,531,FNOL,4,READ,
w41,2026-03-26T02:27:46.803282Z,372.910,403,False,0x24d4D3F0B5de5Fc46A77423dfb1E9b1037BC96a0,INSURER,499,IMAGE,2,READ,
w29,2026-03-26T02:27:46.803855Z,372.885,403,False,0xfC435D0E00Ae6D11E5Bb3A9cd461B915Edc17F59,REGULATOR,530,FNOL,4,READ,
w15,2026-03-26T02:27:46.809276Z,367.945,403,False,0xD9D6cdEd999CB9B2EC63a0b734693f9a664C9F65,INSURER,837,TELEMATICS,3,READ,
w43,2026-03-26T02:27:46.810377Z,367.381,403,False,0xf24f0CD63a9b98E6C44679474b98157587e5608D,INSURER,495,IMAGE,2,READ,
w27,2026-03-26T02:27:46.811510Z,373.667,403,False,0x7E270839240F84dCe86114e7c9A1B5C9751d5fc0,ADJUSTER,735,TELEMATICS,3,READ,
w14,2026-03-26T02:27:46.812040Z,373.868,403,False,0xd9A6B19e054ef53852110104f8251e86d57f88fe,INSURER,300,IMAGE,2,READ,
w30,2026-03-26T02:27:37.053413Z,10136.413,200,True,0xA540c09f6c140651CA79CFFa797D92DF979aE483,ADJUSTER,110,VIDEO,2,READ,
w11,2026-03-26T02:27:46.841984Z,348.712,403,False,0x6e2eda1263F3990130d14F0D25bc4b93d5d6D80C,REGULATOR,834,TELEMATICS,3,READ,
w4,2026-03-26T02:27:46.842978Z,348.460,403,False,0x106A9Ba6bde37edc0BadcA9D48C8F8dF69524AD3,INSURER,840,TELEMATICS,3,READ,
w10,2026-03-26T02:27:46.843649Z,348.390,403,False,0x8d409457EE624A6a1Afb1B789793990026056d7d,REGULATOR,282,IMAGE,2,READ,
w17,2026-03-26T02:27:37.093421Z,10127.944,200,True,0x7F99cBFcC9a6cBf31E66d657377B3C4D260ce4BE,ADJUSTER,137,VIDEO,2,READ,
w1,2026-03-26T02:27:37.096649Z,10125.569,200,True,0x4a28FD82865D1625ce719BbE1501981DBEb8775F,ADJUSTER,229,VIDEO,2,READ,
w31,2026-03-26T02:27:46.913166Z,309.533,403,False,0x0D7022eA8E23540fb4DCD302f796E37E70C4ee18,ADJUSTER,669,MEDICAL_REPORT,5,READ,
w45,2026-03-26T02:27:46.917798Z,305.537,403,False,0x034E07D329FcA8aC6b776699af54687288A7fe3E,ADJUSTER,491,IMAGE,2,READ,
w44,2026-03-26T02:27:46.922395Z,301.708,403,False,0x85f013a2fE4D618643C6918f0dA731aA62b93420,GARAGE,656,FNOL,4,READ,
w47,2026-03-26T02:27:46.923192Z,301.696,403,False,0x387bB796cDb51d56531031d8f74b6b071370F649,INSURER,326,IMAGE,2,READ,
w18,2026-03-26T02:27:37.143365Z,10105.922,200,True,0x2c8aC86D2D94fC757C38B3E3895F90aa32E7594D,INSURER,182,VIDEO,2,READ,
w32,2026-03-26T02:27:37.144002Z,10108.629,200,True,0x57D7Dac174cE9ce2c07ADDE286cBfDe51cC50122,INSURER,237,VIDEO,2,READ,
w12,2026-03-26T02:27:46.960531Z,292.882,403,False,0x85CB40Edf798FBbfC3e1f8fBA9d60D3aDA9edc66,REGULATOR,588,MEDICAL_REPORT,5,READ,
w7,2026-03-26T02:27:46.961748Z,292.215,403,False,0x24d4D3F0B5de5Fc46A77423dfb1E9b1037BC96a0,INSURER,494,IMAGE,2,READ,
w35,2026-03-26T02:27:46.962506Z,291.961,403,False,0x3fC3662b6AbB721C5A8739eBc22914C534242aC2,GARAGE,367,IMAGE,2,READ,
w33,2026-03-26T02:27:46.591463Z,690.455,200,True,0xA92D4979eB98ad7361AD95Ad1182a54449C093eB,INSURER,121,VIDEO,2,READ,
w13,2026-03-26T02:27:46.592844Z,689.884,200,True,0x3A7a82b4A46a2f934834Ca05381528d576A17a70,INSURER,145,VIDEO,2,READ,
w34,2026-03-26T02:27:47.019681Z,263.654,403,False,0x2b2d95E89Db8d5C9D7a789205F735fffB7738f31,INSURER,520,MEDICAL_REPORT,5,READ,
w19,2026-03-26T02:27:47.020240Z,263.602,403,False,0x8B9C6E42320Cc7c0a0512De5818B2aCc269feef7,INSURER,787,TELEMATICS,3,READ,
w48,2026-03-26T02:27:46.650329Z,654.011,200,True,0x6e2eda1263F3990130d14F0D25bc4b93d5d6D80C,REGULATOR,62,VIDEO,2,READ,
w0,2026-03-26T02:27:47.046550Z,258.557,403,False,0x27Dd09F461d60E509B253B64B9C618ade0B207c2,INSURER,922,OTHER,1,READ,
w49,2026-03-26T02:27:47.050671Z,254.888,403,False,0x2E3648461e7e88D00d60a2f635D34041487Ae4B0,COURT,389,IMAGE,2,READ,
w5,2026-03-26T02:27:47.055919Z,255.322,403,False,0x2eda3233Edca92d3CC82824DE958CC1cCE3A80f4,POLICE,501,MEDICAL_REPORT,5,READ,
w3,2026-03-26T02:27:47.056587Z,255.743,403,False,0x59e91027b0aBD6B839408f96360A4ca0Dc596a98,ADJUSTER,691,MEDICAL_REPORT,5,READ,
w36,2026-03-26T02:27:47.106243Z,233.235,403,False,0x9455AD24B4CF0dBA6bF671fb827428C8a7D5c62f,ADJUSTER,426,IMAGE,2,READ,
w6,2026-03-26T02:27:47.106863Z,233.583,403,False,0x074bE6382e1bAD6f8957dEED880345Efc1bDC58C,POLICE,735,TELEMATICS,3,READ,
w8,2026-03-26T02:27:47.107556Z,233.503,403,False,0x5c07a06B115c15b04B988EA559f2FC152b87BE65,INSURER,777,TELEMATICS,3,READ,
w37,2026-03-26T02:27:47.108119Z,233.880,403,False,0x4e3024d505B55f3da9f0D7B3a7319EDF7CBAdAdc,INSURER,403,IMAGE,2,READ,
w24,2026-03-26T02:27:47.108679Z,234.694,403,False,0x7F37f92080D63E1b76A83FDd5aCa390d46475f17,INSURER,379,IMAGE,2,READ,
w22,2026-03-26T02:27:47.109101Z,234.817,403,False,0xa09383266c25808Ea3362D5DaE160528bB5Fb130,POLICE,835,TELEMATICS,3,READ,
w38,2026-03-26T02:27:47.109607Z,234.901,403,False,0xfa05901804C21448e6980BbDFa52ED18dc9d3B21,ADJUSTER,710,TELEMATICS,3,READ,
w23,2026-03-26T02:27:47.110005Z,235.586,403,False,0xe68Cd859c32799e54800ffa5C5474912A5C23706,INSURER,418,IMAGE,2,READ,
w2,2026-03-26T02:27:46.769409Z,610.259,200,True,0xa69B6a9c2ED6A394a404B91B851C1176b76370Fa,GARAGE,56,VIDEO,2,READ,
w25,2026-03-26T02:27:46.770252Z,610.839,200,True,0x23164e00C680c815A8886E437558C15425a21040,COURT,190,VIDEO,2,READ,
w9,2026-03-26T02:27:47.128518Z,253.648,403,False,0xC737C4f48DDAf3A5015F6461cCC3152074B1adDc,INSURER,812,TELEMATICS,3,READ,
w39,2026-03-26T02:27:47.131366Z,251.703,403,False,0xfa0c2c3a58Dc42E7c1266c6Badd86D7001B6c961,INSURER,778,TELEMATICS,3,READ,
w40,2026-03-26T02:27:47.131961Z,251.853,403,False,0x5106911D638802a025a43feF48b5836d711BcfDC,GARAGE,789,TELEMATICS,3,READ,
w46,2026-03-26T02:27:47.132652Z,252.208,403,False,0x3F80f29E8ee7BD7ab795eaa0ea5834F45d8b4f36,ADJUSTER,705,TELEMATICS,3,READ,
w28,2026-03-26T02:27:47.133239Z,252.439,403,False,0xC0B54dC53B9A14ad6199dbB75383AcEe7B50414B,ADJUSTER,540,MEDICAL_REPORT,5,READ,
w42,2026-03-26T02:27:47.175650Z,240.769,403,False,0x074bE6382e1bAD6f8957dEED880345Efc1bDC58C,POLICE,809,TELEMATICS,3,READ,
w41,2026-03-26T02:27:47.176216Z,241.106,403,False,0x074bE6382e1bAD6f8957dEED880345Efc1bDC58C,POLICE,675,MEDICAL_REPORT,5,READ,
w29,2026-03-26T02:27:47.176761Z,241.481,403,False,0xc073597a01C3BD226F8723F8E91124b57b11BEc8,GARAGE,718,TELEMATICS,3,READ,
w43,2026-03-26T02:27:47.177869Z,245.121,403,False,0x45c4F19a8C6e455e9647ad8aD8a9A9c7733b6Bad,INSURER,600,MEDICAL_REPORT,5,READ,
w27,2026-03-26T02:27:47.185204Z,238.462,403,False,0xF4B9B002569bC5998B1d5a2309EF921d2ca63BDd,INSURER,444,IMAGE,2,READ,
w14,2026-03-26T02:27:47.185931Z,238.323,403,False,0x1ed7D08B1bc117C8039A09D7469dCD6b7119ec85,POLICE,966,OTHER,1,READ,
w11,2026-03-26T02:27:47.190724Z,250.366,403,False,0xc0c58f42F3d56a359208054C1e3d9EB9FEB181E5,ADJUSTER,392,IMAGE,2,READ,
w4,2026-03-26T02:27:47.191463Z,250.255,403,False,0x265D84A4A56a37ae42bD3AE43A135660D59CE429,COURT,512,MEDICAL_REPORT,5,READ,
w16,2026-03-26T02:27:46.917195Z,551.919,200,True,0xd0689a028421dC6615C8E2A65363C35d34DCe4CC,COURT,225,VIDEO,2,READ,
w17,2026-03-26T02:27:47.221391Z,248.316,403,False,0x2c8aC86D2D94fC757C38B3E3895F90aa32E7594D,INSURER,563,FNOL,4,READ,
w1,2026-03-26T02:27:47.222241Z,248.005,403,False,0x763BeD60093Bc3ad989d0E71724B8a30f6629Bf2,ADJUSTER,877,OTHER,1,READ,
w31,2026-03-26T02:27:47.222721Z,248.106,403,False,0xfa0c2c3a58Dc42E7c1266c6Badd86D7001B6c961,INSURER,914,OTHER,1,READ,
w45,2026-03-26T02:27:47.223379Z,248.295,403,False,0x26Ab584De439e6A70824Fd85dFdc1587DF5D1516,INSURER,755,TELEMATICS,3,READ,
w47,2026-03-26T02:27:47.224912Z,247.482,403,False,0x5106911D638802a025a43feF48b5836d711BcfDC,GARAGE,822,TELEMATICS,3,READ,
w18,2026-03-26T02:27:47.249313Z,274.137,403,False,0x5d3d41FA5c381DAE4B6Bcdfd09862684aA5Ce3fd,ADJUSTER,405,IMAGE,2,READ,
w12,2026-03-26T02:27:47.253436Z,270.618,403,False,0x2d463F869E51337B7a301382Cc76B1960D09BAd7,ADJUSTER,664,FNOL,4,READ,
w7,2026-03-26T02:27:47.253984Z,270.514,403,False,0x2681A1fbf737DE9BE4B8ac0DEDe2f71fB64E2284,INSURER,678,FNOL,4,READ,
w35,2026-03-26T02:27:47.254486Z,278.338,403,False,0x995408770BbdF9C720d131bCfa0bE248c90fA29f,COURT,961,OTHER,1,READ,
w21,2026-03-26T02:27:47.019039Z,526.645,200,True,0x20060De9B531866f987DE7123AAb09E3Df40B650,INSURER,131,VIDEO,2,READ,
w13,2026-03-26T02:27:47.282753Z,263.858,403,False,0x4a28FD82865D1625ce719BbE1501981DBEb8775F,ADJUSTER,887,OTHER,1,READ,
w34,2026-03-26T02:27:47.283372Z,263.862,403,False,0x005fc769438eD21e72915650ea3d0Bd0779E1d56,ADJUSTER,701,TELEMATICS,3,READ,
w19,2026-03-26T02:27:47.283860Z,263.944,403,False,0x7E270839240F84dCe86114e7c9A1B5C9751d5fc0,ADJUSTER,548,FNOL,4,READ,
w20,2026-03-26T02:27:47.050101Z,570.959,200,True,0x26Ab584De439e6A70824Fd85dFdc1587DF5D1516,INSURER,218,VIDEO,2,READ,
w49,2026-03-26T02:27:47.305574Z,316.315,403,False,0xa59ECFb410CCB56f80640CFCfAe5726121Ab2cfa,REGULATOR,654,FNOL,4,READ,
w5,2026-03-26T02:27:47.311267Z,311.204,403,False,0xB7953144C083a54D89d9e4eCB7A2A4151D4007E0,REGULATOR,539,MEDICAL_REPORT,5,READ,
w3,2026-03-26T02:27:47.312352Z,310.824,403,False,0xD1ff571869D0436cC7b43A2a2c156085F4c5Efeb,ADJUSTER,881,OTHER,1,READ,
w36,2026-03-26T02:27:47.339504Z,364.096,403,False,0xfbffdfBb61e2B0aCC9065D4c9940fAdB3c5Bb4DE,INSURER,651,MEDICAL_REPORT,5,READ,
w6,2026-03-26T02:27:47.340472Z,364.932,403,False,0xA903578836c1E60A93BAd29357D9962aBd7aE0E7,GARAGE,285,IMAGE,2,READ,
w8,2026-03-26T02:27:47.341421Z,366.913,403,False,0x83e68Cac649872ca6135aDfEF9A944bbF908ef66,GARAGE,430,IMAGE,2,READ,
w37,2026-03-26T02:27:47.342052Z,366.943,403,False,0xF0d558cD42EB081556a20bB9C95157de4966DbEe,INSURER,800,TELEMATICS,3,READ,
w24,2026-03-26T02:27:47.343396Z,366.168,403,False,0x26Ab584De439e6A70824Fd85dFdc1587DF5D1516,INSURER,534,FNOL,4,READ,
w22,2026-03-26T02:27:47.343939Z,366.230,403,False,0xC737C4f48DDAf3A5015F6461cCC3152074B1adDc,INSURER,345,IMAGE,2,READ,
w38,2026-03-26T02:27:47.344530Z,366.154,403,False,0x88982eB8A9a596fA186A12b47f4F905A2c7516d6,COURT,275,IMAGE,2,READ,
w26,2026-03-26T02:27:47.130560Z,652.489,200,True,0x3391d15CCe51D9F0a877840266E4784c3b30dF24,POLICE,87,VIDEO,2,READ,
w2,2026-03-26T02:27:47.379694Z,404.051,403,False,0x23E9FBB7579C74D955604A707C648CA3Db02A0c7,ADJUSTER,726,TELEMATICS,3,READ,
w9,2026-03-26T02:27:47.382199Z,402.043,403,False,0x85f013a2fE4D618643C6918f0dA731aA62b93420,GARAGE,793,TELEMATICS,3,READ,
w28,2026-03-26T02:27:47.385708Z,399.080,403,False,0x57D7Dac174cE9ce2c07ADDE286cBfDe51cC50122,INSURER,976,OTHER,1,READ,
w15,2026-03-26T02:27:47.177245Z,642.428,200,True,0xf35E98eF2f18881395aAf1Ef3ffB3f31d4b20C25,INSURER,43,VIDEO,2,READ,
w42,2026-03-26T02:27:47.416439Z,404.178,403,False,0x106A9Ba6bde37edc0BadcA9D48C8F8dF69524AD3,INSURER,613,FNOL,4,READ,
w41,2026-03-26T02:27:47.417352Z,404.456,403,False,0xC737C4f48DDAf3A5015F6461cCC3152074B1adDc,INSURER,770,TELEMATICS,3,READ,
w29,2026-03-26T02:27:47.418273Z,407.152,403,False,0xc073597a01C3BD226F8723F8E91124b57b11BEc8,GARAGE,615,FNOL,4,READ,
w43,2026-03-26T02:27:47.423026Z,430.404,403,False,0xE022AD1Cb2e3f18fD419769921D61166A5F80FB9,POLICE,872,OTHER,1,READ,
w27,2026-03-26T02:27:47.423690Z,430.575,403,False,0x763BeD60093Bc3ad989d0E71724B8a30f6629Bf2,ADJUSTER,1000,OTHER,1,READ,
w30,2026-03-26T02:27:47.189849Z,665.198,200,True,0xF44A9B02ECE32ED838D00FD3Ce799F3256367eE3,INSURER,51,VIDEO,2,READ,
w10,2026-03-26T02:27:47.192071Z,663.541,200,True,0x83e68Cac649872ca6135aDfEF9A944bbF908ef66,GARAGE,52,VIDEO,2,READ,
w11,2026-03-26T02:27:47.441111Z,419.081,403,False,0x85ECA10226e8EE3Abb23B282bEBcfD147D3af353,POLICE,310,IMAGE,2,READ,
w4,2026-03-26T02:27:47.441744Z,419.117,403,False,0x0Bc69A9CA614967C5D33108DA2C0Afd95130f7ab,POLICE,878,OTHER,1,READ,
w44,2026-03-26T02:27:47.224128Z,711.318,200,True,0xA903578836c1E60A93BAd29357D9962aBd7aE0E7,GARAGE,24,VIDEO,2,READ,
w17,2026-03-26T02:27:47.469728Z,466.272,403,False,0x5361cD9F3982091dD2C3e79FAb30707aD081b1AA,INSURER,713,TELEMATICS,3,READ,
w1,2026-03-26T02:27:47.470268Z,466.201,403,False,0xd0689a028421dC6615C8E2A65363C35d34DCe4CC,COURT,957,OTHER,1,READ,
w31,2026-03-26T02:27:47.470859Z,466.073,403,False,0xF0d558cD42EB081556a20bB9C95157de4966DbEe,INSURER,727,TELEMATICS,3,READ,
w45,2026-03-26T02:27:47.471699Z,465.715,403,False,0xf35E98eF2f18881395aAf1Ef3ffB3f31d4b20C25,INSURER,585,MEDICAL_REPORT,5,READ,
w32,2026-03-26T02:27:47.252655Z,697.946,200,True,0x5dBb83D0d96c168133412CC6e93a25a61Bfb8599,INSURER,238,VIDEO,2,READ,
w18,2026-03-26T02:27:47.523481Z,427.894,403,False,0x5CBf5c5AcCf319E51A3261361f38b9b09D3A0Cdf,INSURER,626,FNOL,4,READ,
w12,2026-03-26T02:27:47.524076Z,427.990,403,False,0x711f9Ba03b219CFED557d6c4077c783BdfBEC307,COURT,384,IMAGE,2,READ,
w7,2026-03-26T02:27:47.524516Z,428.171,403,False,0xe9BfB16581647fc6746A690dC658b56D114822f2,POLICE,683,FNOL,4,READ,
w33,2026-03-26T02:27:47.281941Z,706.222,200,True,0xB6920469504adDf687AfCe890A39E6EBF76cF88E,POLICE,200,VIDEO,2,READ,
w13,2026-03-26T02:27:47.546634Z,493.402,403,False,0xAd32d7cB99dFce02DE8A0033cC5fea1262c9840C,INSURER,548,FNOL,4,READ,
w48,2026-03-26T02:27:47.304367Z,761.311,200,True,0xa09383266c25808Ea3362D5DaE160528bB5Fb130,POLICE,88,VIDEO,2,READ,
w0,2026-03-26T02:27:47.305152Z,761.268,200,True,0x1Bc44f70234E2a0FBCb744E2abF6F6931BA6231F,INSURER,214,VIDEO,2,READ,
w20,2026-03-26T02:27:47.621084Z,446.169,403,False,0x49825196030134F6349A45D6c576684792207592,INSURER,889,OTHER,1,READ,
w49,2026-03-26T02:27:47.621914Z,445.975,403,False,0x13C7F80a123954B61876Afba1c5b9DDB5Ac3772D,REGULATOR,487,IMAGE,2,READ,
w36,2026-03-26T02:27:47.703622Z,409.936,403,False,0xaFc74D5a37Fc772BA03f377804Ff23eE80c3F0B6,GARAGE,356,IMAGE,2,READ,
w6,2026-03-26T02:27:47.705426Z,410.862,403,False,0xfbffdfBb61e2B0aCC9065D4c9940fAdB3c5Bb4DE,INSURER,598,FNOL,4,READ,
w23,2026-03-26T02:27:47.345625Z,771.461,200,True,0x62198F0616394D6E59Acc14b43bbe6ABF2f67db8,ADJUSTER,44,VIDEO,2,READ,
w37,2026-03-26T02:27:47.709020Z,408.219,403,False,0xD9D6cdEd999CB9B2EC63a0b734693f9a664C9F65,INSURER,760,TELEMATICS,3,READ,
w38,2026-03-26T02:27:47.710706Z,406.655,403,False,0x8B9C6E42320Cc7c0a0512De5818B2aCc269feef7,INSURER,630,FNOL,4,READ,
w25,2026-03-26T02:27:47.381121Z,760.602,200,True,0x26Ab584De439e6A70824Fd85dFdc1587DF5D1516,INSURER,196,VIDEO,2,READ,
w39,2026-03-26T02:27:47.383101Z,758.953,200,True,0x9f37E319F5290Da8b5C5Cb33369dc41B4E185AB5,ADJUSTER,126,VIDEO,2,READ,
w40,2026-03-26T02:27:47.383842Z,758.496,200,True,0x763BeD60093Bc3ad989d0E71724B8a30f6629Bf2,ADJUSTER,48,VIDEO,2,READ,
w46,2026-03-26T02:27:47.384920Z,757.744,200,True,0xA540c09f6c140651CA79CFFa797D92DF979aE483,ADJUSTER,245,VIDEO,2,READ,
w26,2026-03-26T02:27:47.783072Z,359.983,403,False,0x7e44eb68D57cA35191576B6498CAC17b47001a2b,INSURER,718,TELEMATICS,3,READ,
w2,2026-03-26T02:27:47.783768Z,359.442,403,False,0xf35E98eF2f18881395aAf1Ef3ffB3f31d4b20C25,INSURER,353,IMAGE,2,READ,
w9,2026-03-26T02:27:47.784263Z,359.178,403,False,0xd4d6f7C907632F87345652fbbA08446B0cAc034d,GARAGE,566,MEDICAL_REPORT,5,READ,
w15,2026-03-26T02:27:47.819703Z,343.055,403,False,0x33733bc2AFfA696339eACE63a29db0850Bae08C6,COURT,554,FNOL,4,READ,
w42,2026-03-26T02:27:47.820659Z,342.390,403,False,0x6946334781F193CD26a1b9026c1980aa92c80Fd4,ADJUSTER,515,FNOL,4,READ,
w41,2026-03-26T02:27:47.821867Z,341.446,403,False,0x61315e13CF193804B6c866AeC0205078E4C25a12,COURT,762,TELEMATICS,3,READ,
w14,2026-03-26T02:27:47.424277Z,782.570,200,True,0xD74Bb4A9C118bf6bC73Be08B90542dAab12c5FAe,INSURER,218,VIDEO,2,READ,
w27,2026-03-26T02:27:47.854289Z,352.808,403,False,0xc073597a01C3BD226F8723F8E91124b57b11BEc8,GARAGE,923,OTHER,1,READ,
w10,2026-03-26T02:27:47.855661Z,351.781,403,False,0xE022AD1Cb2e3f18fD419769921D61166A5F80FB9,POLICE,758,TELEMATICS,3,READ,
w4,2026-03-26T02:27:47.860883Z,346.966,403,False,0x5CBf5c5AcCf319E51A3261361f38b9b09D3A0Cdf,INSURER,637,MEDICAL_REPORT,5,READ,
w16,2026-03-26T02:27:47.469151Z,754.654,200,True,0x10e284843829f15F74cE6E0abD20284341c6DB9A,INSURER,237,VIDEO,2,READ,
w47,2026-03-26T02:27:47.472419Z,751.724,200,True,0x2E3A06358fFBF425bdBFB9D46d36F4C62cB2C752,ADJUSTER,136,VIDEO,2,READ,
w44,2026-03-26T02:27:47.935476Z,289.002,403,False,0x2a44EF6977ec44cB5c6ad5038E54C761723DB5E9,INSURER,872,OTHER,1,READ,
w17,2026-03-26T02:27:47.936038Z,288.549,403,False,0x1Bc44f70234E2a0FBCb744E2abF6F6931BA6231F,INSURER,525,MEDICAL_REPORT,5,READ,
w1,2026-03-26T02:27:47.936487Z,288.458,403,False,0xA07ddA082a145D371fc7C88A2cBF3594FcBb51e0,REGULATOR,491,IMAGE,2,READ,
w31,2026-03-26T02:27:47.936951Z,288.128,403,False,0xE022AD1Cb2e3f18fD419769921D61166A5F80FB9,POLICE,845,TELEMATICS,3,READ,
w45,2026-03-26T02:27:47.937437Z,287.887,403,False,0x45c4F19a8C6e455e9647ad8aD8a9A9c7733b6Bad,INSURER,874,OTHER,1,READ,
w32,2026-03-26T02:27:47.950627Z,292.480,403,False,0x221D1a7739dA73BA8B191C14399776D9C63E6e8F,INSURER,686,MEDICAL_REPORT,5,READ,
w18,2026-03-26T02:27:47.951402Z,292.011,403,False,0x6e492Bff2B5Fc2351eF247518a6dCD98479E018C,POLICE,505,MEDICAL_REPORT,5,READ,
w7,2026-03-26T02:27:47.952713Z,290.934,403,False,0x98568A32769F002C8A543cc7578A13516D5646a3,INSURER,675,MEDICAL_REPORT,5,READ,
w35,2026-03-26T02:27:47.532851Z,722.830,200,True,0x99F976CEeE5D5d44F2838f3c8d7c188f183c11E8,COURT,200,VIDEO,2,READ,
w21,2026-03-26T02:27:47.545736Z,722.723,200,True,0xa59ECFb410CCB56f80640CFCfAe5726121Ab2cfa,REGULATOR,115,VIDEO,2,READ,
w34,2026-03-26T02:27:47.547259Z,721.548,200,True,0x85CB40Edf798FBbfC3e1f8fBA9d60D3aDA9edc66,REGULATOR,2,VIDEO,2,READ,
w19,2026-03-26T02:27:47.547828Z,721.246,200,True,0x90937Fa99BC935CfA2aDcB3C0dcde37a9a95af00,INSURER,264,IMAGE,2,READ,
w13,2026-03-26T02:27:48.040062Z,229.281,403,False,0xC60A6C8Fe339e01d6E76d91B0650A99bd0eA77F1,POLICE,754,TELEMATICS,3,READ,
w5,2026-03-26T02:27:47.622503Z,659.663,200,True,0x7E772D98853416cD822D23bF2d9D89Bd3FCF7Af6,INSURER,82,VIDEO,2,READ,
w3,2026-03-26T02:27:47.623207Z,659.094,200,True,0x763BeD60093Bc3ad989d0E71724B8a30f6629Bf2,ADJUSTER,96,VIDEO,2,READ,
w48,2026-03-26T02:27:48.065741Z,216.659,403,False,0x9e27Ca8f24DA387fa26EB31284B2cee849f4fDb8,INSURER,905,OTHER,1,READ,
w0,2026-03-26T02:27:48.066443Z,216.093,403,False,0xFc3a53f3055e68a2D5fE4aF7E5B5cF92e63F17e7,INSURER,883,OTHER,1,READ,
w20,2026-03-26T02:27:48.067278Z,215.357,403,False,0x7693A9f87027932864A045F6Ed756AA65fdeEc1c,INSURER,587,MEDICAL_REPORT,5,READ,
w8,2026-03-26T02:27:47.708382Z,586.957,200,True,0x9e27Ca8f24DA387fa26EB31284B2cee849f4fDb8,INSURER,119,VIDEO,2,READ,
w24,2026-03-26T02:27:47.709590Z,586.089,200,True,0xA540c09f6c140651CA79CFFa797D92DF979aE483,ADJUSTER,120,VIDEO,2,READ,
w22,2026-03-26T02:27:47.710194Z,585.592,200,True,0x97e7867Ce5d3E2726b779578c7097DBB50CbDB95,INSURER,86,VIDEO,2,READ,
w6,2026-03-26T02:27:48.116315Z,179.559,403,False,0xa7eF2a6f2A3eb7A7472DAD889d17dEa48faBca1a,INSURER,672,MEDICAL_REPORT,5,READ,
w28,2026-03-26T02:27:47.784808Z,512.178,200,True,0xa8c4E2fbBd0417D663e210a6FdD5976F5f906d9C,POLICE,42,VIDEO,2,READ,
w29,2026-03-26T02:27:47.825449Z,480.340,200,True,0x221D1a7739dA73BA8B191C14399776D9C63E6e8F,INSURER,12,VIDEO,2,READ,
w43,2026-03-26T02:27:47.853455Z,455.479,200,True,0x9e27Ca8f24DA387fa26EB31284B2cee849f4fDb8,INSURER,244,VIDEO,2,READ,
w30,2026-03-26T02:27:47.855071Z,454.262,200,True,0x4bde32504e100aaF1Db477c3F0AF1C01be0d3003,POLICE,29,VIDEO,2,READ,
w11,2026-03-26T02:27:47.860216Z,449.461,200,True,0x7e44eb68D57cA35191576B6498CAC17b47001a2b,INSURER,154,VIDEO,2,READ,
w12,2026-03-26T02:27:47.952092Z,362.717,200,True,0x034E07D329FcA8aC6b776699af54687288A7fe3E,ADJUSTER,122,VIDEO,2,READ,
w33,2026-03-26T02:27:47.988187Z,326.975,200,True,0x6e2eda1263F3990130d14F0D25bc4b93d5d6D80C,REGULATOR,4,VIDEO,2,READ,
w49,2026-03-26T02:27:48.067918Z,250.816,200,True,0xacc4fa5f6784C35C0da5bCBEa5f8e3fe401F6323,COURT,205,VIDEO,2,READ,
w36,2026-03-26T02:27:48.113589Z,205.501,200,True,0x62aEE2Fd1DE1f438B8c33F5C551d94d6cbD55160,POLICE,113,VIDEO,2,READ,
