worker,index,status,latency_ms,tx_hash,gas_used,policy_id,error
w1,1,500,432.016,,,,"{""error"": ""Internal error"", ""details"": ""Nonce provided for the transaction is lower than the current nonce of the account.\nTry increasing the nonce or find the latest nonce with `getTransactionCount`.\n\nRequest Arguments:\n  from:  0xf39Fd6e51aad88F6F4ce6aB8827279cffFb92266\n  to:    0x9fE46736679d2D9a65F0992F2272dE9f3c7fa6e0\n  data:  0x40d777ba0000000000000000000000000000000000000000000000000000000000000007000000000000000000000000000000000000000000000000000000000000000000000000000000000000000000000000000000000000000000000000000000000000000000000000000000000000000000000000000000000000000000000005000000000000000000000000000000000000000000000000000000000000000000000000000000000000000000000000000000000000000000000000000000000000000000000000000000000000000000000000000000000000000000000003000000000000000000000000000000000000000000000000000000000000000000000000000000000000000000000000000000000000000000000000000000000000000000000000000000000000000000000000000000000000000000000001\n \nContract Call:\n  address:   0x9fE46736679d2D9a65F0992F2272dE9f3c7fa6e0\n  function:  createPolicy(uint8 role, bytes32 orgId, bytes32 jurisdiction, uint8 rType, bytes32 caseId, uint8 action, uint8 maxSensitivity, uint64 notBefore, uint64 notAfter, bool allow)\n  args:                  (7, 0x0000000000000000000000000000000000000000000000000000000000000000, 0x0000000000000000000000000000000000000000000000000000000000000000, 5, 0x0000000000000000000000000000000000000000000000000000000000000000, 0, 3, 0, 0, true)\n  sender:    0xf39Fd6e51aad88F6F4ce6aB8827279cffFb92266\n\nDocs: https://viem.sh/docs/contract/writeContract\nDetails: Nonce too low. Expected nonce to be 254 but got 253. Note that transactions can't be queued when automining.\nVersion: viem@2.40.3""}"
w3,3,500,446.824,,,,"{""error"": ""Internal error"", ""details"": ""Nonce provided for the transaction is lower than the current nonce of the account.\nTry increasing the nonce or find the latest nonce with `getTransactionCount`.\n\nRequest Arguments:\n  from:  0xf39Fd6e51aad88F6F4ce6aB8827279cffFb92266\n  to:    0x9fE46736679d2D9a65F0992F2272dE9f3c7fa6e0\n  data:  0x40d777ba0000000000000000000000000000000000000000000000000000000000000008000000000000000000000000000000000000000000000000000000000000000000000000000000000000000000000000000000000000000000000000000000000000000000000000000000000000000000000000000000000000000000000007000000000000000000000000000000000000000000000000000000000000000000000000000000000000000000000000000000000000000000000000000000000000000000000000000000000000000000000000000000000000000000000003000000000000000000000000000000000000000000000000000000000000000000000000000000000000000000000000000000000000000000000000000000000000000000000000000000000000000000000000000000000000000000000001\n \nContract Call:\n  address:   0x9fE46736679d2D9a65F0992F2272dE9f3c7fa6e0\n  function:  createPolicy(uint8 role, bytes32 orgId, bytes32 jurisdiction, uint8 rType, bytes32 caseId, uint8 action, uint8 maxSensitivity, uint64 notBefore, uint64 notAfter, bool allow)\n  args:                  (8, 0x0000000000000000000000000000000000000000000000000000000000000000, 0x0000000000000000000000000000000000000000000000000000000000000000, 7, 0x0000000000000000000000000000000000000000000000000000000000000000, 0, 3, 0, 0, true)\n  sender:    0xf39Fd6e51aad88F6F4ce6aB8827279cffFb92266\n\nDocs: https://viem.sh/docs/contract/writeContract\nDetails: Nonce too low. Expected nonce to be 254 but got 253. Note that transactions can't be queued when automining.\nVersion: viem@2.40.3""}"
w0,0,500,462.492,,,,"{""error"": ""Internal error"", ""details"": ""Nonce provided for the transaction is lower than the current nonce of the account.\nTry increasing the nonce or find the latest nonce with `getTransactionCount`.\n\nRequest Arguments:\n  from:  0xf39Fd6e51aad88F6F4ce6aB8827279cffFb92266\n  to:    0x9fE46736679d2D9a65F0992F2272dE9f3c7fa6e0\n  data:  0x40d777ba0000000000000000000000000000000000000000000000000000000000000007000000000000000000000000000000000000000000000000000000000000000000000000000000000000000000000000000000000000000000000000000000000000000000000000000000000000000000000000000000000000000000000002000000000000000000000000000000000000000000000000000000000000000000000000000000000000000000000000000000000000000000000000000000000000000000000000000000000000000000000000000000000000000000000005000000000000000000000000000000000000000000000000000000000000000000000000000000000000000000000000000000000000000000000000000000000000000000000000000000000000000000000000000000000000000000000001\n \nContract Call:\n  address:   0x9fE46736679d2D9a65F0992F2272dE9f3c7fa6e0\n  function:  createPolicy(uint8 role, bytes32 orgId, bytes32 jurisdiction, uint8 rType, bytes32 caseId, uint8 action, uint8 maxSensitivity, uint64 notBefore, uint64 notAfter, bool allow)\n  args:                  (7, 0x0000000000000000000000000000000000000000000000000000000000000000, 0x0000000000000000000000000000000000000000000000000000000000000000, 2, 0x0000000000000000000000000000000000000000000000000000000000000000, 0, 5, 0, 0, true)\n  sender:    0xf39Fd6e51aad88F6F4ce6aB8827279cffFb92266\n\nDocs: https://viem.sh/docs/contract/writeContract\nDetails: Nonce too low. Expected nonce to be 254 but got 253. Note that transactions can't be queued when automining.\nVersion: viem@2.40.3""}"
w2,2,200,476.929,0x9e11eb19f491104eff468f5c02981392b27a73469fed5a404c3b32c176516c4e,134001,11,
w3,5,500,326.475,,,,"{""error"": ""Internal error"", ""details"": ""Nonce provided for the transaction is lower than the current nonce of the account.\nTry increasing the nonce or find the latest nonce with `getTransactionCount`.\n\nRequest Arguments:\n  from:  0xf39Fd6e51aad88F6F4ce6aB8827279cffFb92266\n  to:    0x9fE46736679d2D9a65F0992F2272dE9f3c7fa6e0\n  data:  0x40d777ba0000000000000000000000000000000000000000000000000000000000000005000000000000000000000000000000000000000000000000000000000000000000000000000000000000000000000000000000000000000000000000000000000000000000000000000000000000000000000000000000000000000000000000000000000000000000000000000000000000000000000000000000000000000000000000000000000000000000000000000000000000000000000000000000000000000000000000000000000000000000000000000000000000000000000004000000000000000000000000000000000000000000000000000000000000000000000000000000000000000000000000000000000000000000000000000000000000000000000000000000000000000000000000000000000000000000000001\n \nContract Call:\n  address:   0x9fE46736679d2D9a65F0992F2272dE9f3c7fa6e0\n  function:  createPolicy(uint8 role, bytes32 orgId, bytes32 jurisdiction, uint8 rType, bytes32 caseId, uint8 action, uint8 maxSensitivity, uint64 notBefore, uint64 notAfter, bool allow)\n  args:                  (5, 0x0000000000000000000000000000000000000000000000000000000000000000, 0x0000000000000000000000000000000000000000000000000000000000000000, 0, 0x0000000000000000000000000000000000000000000000000000000000000000, 0, 4, 0, 0, true)\n  sender:    0xf39Fd6e51aad88F6F4ce6aB8827279cffFb92266\n\nDocs: https://viem.sh/docs/contract/writeContract\nDetails: Nonce too low. Expected nonce to be 255 but got 254. Note that transactions can't be queued when automining.\nVersion: viem@2.40.3""}"
w0,6,500,323.362,,,,"{""error"": ""Internal error"", ""details"": ""Nonce provided for the transaction is lower than the current nonce of the account.\nTry increasing the nonce or find the latest nonce with `getTransactionCount`.\n\nRequest Arguments:\n  from:  0xf39Fd6e51aad88F6F4ce6aB8827279cffFb92266\n  to:    0x9fE46736679d2D9a65F0992F2272dE9f3c7fa6e0\n  data:  0x40d777ba0000000000000000000000000000000000000000000000000000000000000007000000000000000000000000000000000000000000000000000000000000000000000000000000000000000000000000000000000000000000000000000000000000000000000000000000000000000000000000000000000000000000000003000000000000000000000000000000000000000000000000000000000000000000000000000000000000000000000000000000000000000000000000000000000000000000000000000000000000000000000000000000000000000000000004000000000000000000000000000000000000000000000000000000000000000000000000000000000000000000000000000000000000000000000000000000000000000000000000000000000000000000000000000000000000000000000001\n \nContract Call:\n  address:   0x9fE46736679d2D9a65F0992F2272dE9f3c7fa6e0\n  function:  createPolicy(uint8 role, bytes32 orgId, bytes32 jurisdiction, uint8 rType, bytes32 caseId, uint8 action, uint8 maxSensitivity, uint64 notBefore, uint64 notAfter, bool allow)\n  args:                  (7, 0x0000000000000000000000000000000000000000000000000000000000000000, 0x0000000000000000000000000000000000000000000000000000000000000000, 3, 0x0000000000000000000000000000000000000000000000000000000000000000, 0, 4, 0, 0, true)\n  sender:    0xf39Fd6e51aad88F6F4ce6aB8827279cffFb92266\n\nDocs: https://viem.sh/docs/contract/writeContract\nDetails: Nonce too low. Expected nonce to be 255 but got 254. Note that transactions can't be queued when automining.\nVersion: viem@2.40.3""}"
w2,7,500,323.365,,,,"{""error"": ""Internal error"", ""details"": ""Nonce provided for the transaction is lower than the current nonce of the account.\nTry increasing the nonce or find the latest nonce with `getTransactionCount`.\n\nRequest Arguments:\n  from:  0xf39Fd6e51aad88F6F4ce6aB8827279cffFb92266\n  to:    0x9fE46736679d2D9a65F0992F2272dE9f3c7fa6e0\n  data:  0x40d777ba00000000000000000000000000000000000000000000000000000000000000060000000000000000000000000000000000000000000000000000000000000000000000000000000000000000000000000000000000000000000000000000000000000000000000000000000000000000000000000000000000000000000000030000000000000000000000000000000000000000000000000000000000000000000000000000000000000000000000000000000000000000000000000000000000000000000000000000000000000000000000000000000000000000000000040000000000000000000000000000000000000000000000000000000069c4819f0000000000000000000000000000000000000000000000000000000069cdbc1f0000000000000000000000000000000000000000000000000000000000000001\n \nContract Call:\n  address:   0x9fE46736679d2D9a65F0992F2272dE9f3c7fa6e0\n  function:  createPolicy(uint8 role, bytes32 orgId, bytes32 jurisdiction, uint8 rType, bytes32 caseId, uint8 action, uint8 maxSensitivity, uint64 notBefore, uint64 notAfter, bool allow)\n  args:                  (6, 0x0000000000000000000000000000000000000000000000000000000000000000, 0x0000000000000000000000000000000000000000000000000000000000000000, 3, 0x0000000000000000000000000000000000000000000000000000000000000000, 0, 4, 1774485919, 1775090719, true)\n  sender:    0xf39Fd6e51aad88F6F4ce6aB8827279cffFb92266\n\nDocs: https://viem.sh/docs/contract/writeContract\nDetails: Nonce too low. Expected nonce to be 255 but got 254. Note that transactions can't be queued when automining.\nVersion: viem@2.40.3""}"
w1,4,200,371.110,0xf5068f81b8edcd9f843f27a7928b5c2e3b7bf99b4f432f1b6fdfaa6c97b60357,134001,12,
w0,9,500,224.688,,,,"{""error"": ""Internal error"", ""details"": ""Nonce provided for the transaction is lower than the current nonce of the account.\nTry increasing the nonce or find the latest nonce with `getTransactionCount`.\n\nRequest Arguments:\n  from:  0xf39Fd6e51aad88F6F4ce6aB8827279cffFb92266\n  to:    0x9fE46736679d2D9a65F0992F2272dE9f3c7fa6e0\n  data:  0x40d777ba0000000000000000000000000000000000000000000000000000000000000007000000000000000000000000000000000000000000000000000000000000000000000000000000000000000000000000000000000000000000000000000000000000000000000000000000000000000000000000000000000000000000000007000000000000000000000000000000000000000000000000000000000000000000000000000000000000000000000000000000000000000000000000000000000000000000000000000000000000000000000000000000000000000000000005000000000000000000000000000000000000000000000000000000000000000000000000000000000000000000000000000000000000000000000000000000000000000000000000000000000000000000000000000000000000000000000001\n \nContract Call:\n  address:   0x9fE46736679d2D9a65F0992F2272dE9f3c7fa6e0\n  function:  createPolicy(uint8 role, bytes32 orgId, bytes32 jurisdiction, uint8 rType, bytes32 caseId, uint8 action, uint8 maxSensitivity, uint64 notBefore, uint64 notAfter, bool allow)\n  args:                  (7, 0x0000000000000000000000000000000000000000000000000000000000000000, 0x0000000000000000000000000000000000000000000000000000000000000000, 7, 0x0000000000000000000000000000000000000000000000000000000000000000, 0, 5, 0, 0, true)\n  sender:    0xf39Fd6e51aad88F6F4ce6aB8827279cffFb92266\n\nDocs: https://viem.sh/docs/contract/writeContract\nDetails: Nonce too low. Expected nonce to be 256 but got 255. Note that transactions can't be queued when automining.\nVersion: viem@2.40.3""}"
w2,10,500,236.952,,,,"{""error"": ""Internal error"", ""details"": ""Nonce provided for the transaction is lower than the current nonce of the account.\nTry increasing the nonce or find the latest nonce with `getTransactionCount`.\n\nRequest Arguments:\n  from:  0xf39Fd6e51aad88F6F4ce6aB8827279cffFb92266\n  to:    0x9fE46736679d2D9a65F0992F2272dE9f3c7fa6e0\n  data:  0x40d777ba0000000000000000000000000000000000000000000000000000000000000004000000000000000000000000000000000000000000000000000000000000000000000000000000000000000000000000000000000000000000000000000000000000000000000000000000000000000000000000000000000000000000000005000000000000000000000000000000000000000000000000000000000000000000000000000000000000000000000000000000000000000000000000000000000000000000000000000000000000000000000000000000000000000000000005000000000000000000000000000000000000000000000000000000000000000000000000000000000000000000000000000000000000000000000000000000000000000000000000000000000000000000000000000000000000000000000001\n \nContract Call:\n  address:   0x9fE46736679d2D9a65F0992F2272dE9f3c7fa6e0\n  function:  createPolicy(uint8 role, bytes32 orgId, bytes32 jurisdiction, uint8 rType, bytes32 caseId, uint8 action, uint8 maxSensitivity, uint64 notBefore, uint64 notAfter, bool allow)\n  args:                  (4, 0x0000000000000000000000000000000000000000000000000000000000000000, 0x0000000000000000000000000000000000000000000000000000000000000000, 5, 0x0000000000000000000000000000000000000000000000000000000000000000, 0, 5, 0, 0, true)\n  sender:    0xf39Fd6e51aad88F6F4ce6aB8827279cffFb92266\n\nDocs: https://viem.sh/docs/contract/writeContract\nDetails: Nonce too low. Expected nonce to be 256 but got 255. Note that transactions can't be queued when automining.\nVersion: viem@2.40.3""}"
w1,11,500,239.315,,,,"{""error"": ""Internal error"", ""details"": ""Nonce provided for the transaction is lower than the current nonce of the account.\nTry increasing the nonce or find the latest nonce with `getTransactionCount`.\n\nRequest Arguments:\n  from:  0xf39Fd6e51aad88F6F4ce6aB8827279cffFb92266\n  to:    0x9fE46736679d2D9a65F0992F2272dE9f3c7fa6e0\n  data:  0x40d777ba0000000000000000000000000000000000000000000000000000000000000002000000000000000000000000000000000000000000000000000000000000000000000000000000000000000000000000000000000000000000000000000000000000000000000000000000000000000000000000000000000000000000000009000000000000000000000000000000000000000000000000000000000000000000000000000000000000000000000000000000000000000000000000000000000000000000000000000000000000000000000000000000000000000000000004000000000000000000000000000000000000000000000000000000000000000000000000000000000000000000000000000000000000000000000000000000000000000000000000000000000000000000000000000000000000000000000001\n \nContract Call:\n  address:   0x9fE46736679d2D9a65F0992F2272dE9f3c7fa6e0\n  function:  createPolicy(uint8 role, bytes32 orgId, bytes32 jurisdiction, uint8 rType, bytes32 caseId, uint8 action, uint8 maxSensitivity, uint64 notBefore, uint64 notAfter, bool allow)\n  args:                  (2, 0x0000000000000000000000000000000000000000000000000000000000000000, 0x0000000000000000000000000000000000000000000000000000000000000000, 9, 0x0000000000000000000000000000000000000000000000000000000000000000, 0, 4, 0, 0, true)\n  sender:    0xf39Fd6e51aad88F6F4ce6aB8827279cffFb92266\n\nDocs: https://viem.sh/docs/contract/writeContract\nDetails: Nonce too low. Expected nonce to be 256 but got 255. Note that transactions can't be queued when automining.\nVersion: viem@2.40.3""}"
w3,8,200,280.727,0xd145837291c5a6e22d1c5a95cbfcfa0609b1786734b4925203759e96bfbf6e63,134001,13,
w0,12,200,239.892,0x0ae39a813b34543f179ff0254f5efe1168cbc9725eff524b6d4bc859b4717be2,114089,14,
w2,13,500,1570.749,,,,"{""error"": ""Internal error"", ""details"": ""Nonce provided for the transaction is lower than the current nonce of the account.\nTry increasing the nonce or find the latest nonce with `getTransactionCount`.\n\nRequest Arguments:\n  from:  0xf39Fd6e51aad88F6F4ce6aB8827279cffFb92266\n  to:    0x9fE46736679d2D9a65F0992F2272dE9f3c7fa6e0\n  data:  0x40d777ba0000000000000000000000000000000000000000000000000000000000000006000000000000000000000000000000000000000000000000000000000000000000000000000000000000000000000000000000000000000000000000000000000000000000000000000000000000000000000000000000000000000000000009000000000000000000000000000000000000000000000000000000000000000000000000000000000000000000000000000000000000000000000000000000000000000000000000000000000000000000000000000000000000000000000003000000000000000000000000000000000000000000000000000000000000000000000000000000000000000000000000000000000000000000000000000000000000000000000000000000000000000000000000000000000000000000000001\n \nContract Call:\n  address:   0x9fE46736679d2D9a65F0992F2272dE9f3c7fa6e0\n  function:  createPolicy(uint8 role, bytes32 orgId, bytes32 jurisdiction, uint8 rType, bytes32 caseId, uint8 action, uint8 maxSensitivity, uint64 notBefore, uint64 notAfter, bool allow)\n  args:                  (6, 0x0000000000000000000000000000000000000000000000000000000000000000, 0x0000000000000000000000000000000000000000000000000000000000000000, 9, 0x0000000000000000000000000000000000000000000000000000000000000000, 0, 3, 0, 0, true)\n  sender:    0xf39Fd6e51aad88F6F4ce6aB8827279cffFb92266\n\nDocs: https://viem.sh/docs/contract/writeContract\nDetails: Nonce too low. Expected nonce to be 257 but got 256. Note that transactions can't be queued when automining.\nVersion: viem@2.40.3""}"
w1,14,500,1569.855,,,,"{""error"": ""Internal error"", ""details"": ""Nonce provided for the transaction is lower than the current nonce of the account.\nTry increasing the nonce or find the latest nonce with `getTransactionCount`.\n\nRequest Arguments:\n  from:  0xf39Fd6e51aad88F6F4ce6aB8827279cffFb92266\n  to:    0x9fE46736679d2D9a65F0992F2272dE9f3c7fa6e0\n  data:  0x40d777ba0000000000000000000000000000000000000000000000000000000000000006000000000000000000000000000000000000000000000000000000000000000000000000000000000000000000000000000000000000000000000000000000000000000000000000000000000000000000000000000000000000000000000007000000000000000000000000000000000000000000000000000000000000000000000000000000000000000000000000000000000000000000000000000000000000000000000000000000000000000000000000000000000000000000000003000000000000000000000000000000000000000000000000000000000000000000000000000000000000000000000000000000000000000000000000000000000000000000000000000000000000000000000000000000000000000000000001\n \nContract Call:\n  address:   0x9fE46736679d2D9a65F0992F2272dE9f3c7fa6e0\n  function:  createPolicy(uint8 role, bytes32 orgId, bytes32 jurisdiction, uint8 rType, bytes32 caseId, uint8 action, uint8 maxSensitivity, uint64 notBefore, uint64 notAfter, bool allow)\n  args:                  (6, 0x0000000000000000000000000000000000000000000000000000000000000000, 0x0000000000000000000000000000000000000000000000000000000000000000, 7, 0x0000000000000000000000000000000000000000000000000000000000000000, 0, 3, 0, 0, true)\n  sender:    0xf39Fd6e51aad88F6F4ce6aB8827279cffFb92266\n\nDocs: https://viem.sh/docs/contract/writeContract\nDetails: Nonce too low. Expected nonce to be 257 but got 256. Note that transactions can't be queued when automining.\nVersion: viem@2.40.3""}"
w3,15,500,1571.997,,,,"{""error"": ""Internal error"", ""details"": ""Nonce provided for the transaction is lower than the current nonce of the account.\nTry increasing the nonce or find the latest nonce with `getTransactionCount`.\n\nRequest Arguments:\n  from:  0xf39Fd6e51aad88F6F4ce6aB8827279cffFb92266\n  to:    0x9fE46736679d2D9a65F0992F2272dE9f3c7fa6e0\n  data:  0x40d777ba0000000000000000000000000000000000000000000000000000000000000006000000000000000000000000000000000000000000000000000000000000000000000000000000000000000000000000000000000000000000000000000000000000000000000000000000000000000000000000000000000000000000000004000000000000000000000000000000000000000000000000000000000000000000000000000000000000000000000000000000000000000000000000000000000000000000000000000000000000000000000000000000000000000000000004000000000000000000000000000000000000000000000000000000000000000000000000000000000000000000000000000000000000000000000000000000000000000000000000000000000000000000000000000000000000000000000001\n \nContract Call:\n  address:   0x9fE46736679d2D9a65F0992F2272dE9f3c7fa6e0\n  function:  createPolicy(uint8 role, bytes32 orgId, bytes32 jurisdiction, uint8 rType, bytes32 caseId, uint8 action, uint8 maxSensitivity, uint64 notBefore, uint64 notAfter, bool allow)\n  args:                  (6, 0x0000000000000000000000000000000000000000000000000000000000000000, 0x0000000000000000000000000000000000000000000000000000000000000000, 4, 0x0000000000000000000000000000000000000000000000000000000000000000, 0, 4, 0, 0, true)\n  sender:    0xf39Fd6e51aad88F6F4ce6aB8827279cffFb92266\n\nDocs: https://viem.sh/docs/contract/writeContract\nDetails: Nonce too low. Expected nonce to be 257 but got 256. Note that transactions can't be queued when automining.\nVersion: viem@2.40.3""}"
w2,17,500,164.656,,,,"{""error"": ""Internal error"", ""details"": ""Nonce provided for the transaction is lower than the current nonce of the account.\nTry increasing the nonce or find the latest nonce with `getTransactionCount`.\n\nRequest Arguments:\n  from:  0xf39Fd6e51aad88F6F4ce6aB8827279cffFb92266\n  to:    0x9fE46736679d2D9a65F0992F2272dE9f3c7fa6e0\n  data:  0x40d777ba000000000000000000000000000000000000000000000000000000000000000800000000000000000000000000000000000000000000000000000000000000000000000000000000000000000000000000000000000000000000000000000000000000000000000000000000000000000000000000000000000000000000000a000000000000000000000000000000000000000000000000000000000000000000000000000000000000000000000000000000000000000000000000000000000000000000000000000000000000000000000000000000000000000000000003000000000000000000000000000000000000000000000000000000000000000000000000000000000000000000000000000000000000000000000000000000000000000000000000000000000000000000000000000000000000000000000001\n \nContract Call:\n  address:   0x9fE46736679d2D9a65F0992F2272dE9f3c7fa6e0\n  function:  createPolicy(uint8 role, bytes32 orgId, bytes32 jurisdiction, uint8 rType, bytes32 caseId, uint8 action, uint8 maxSensitivity, uint64 notBefore, uint64 notAfter, bool allow)\n  args:                  (8, 0x0000000000000000000000000000000000000000000000000000000000000000, 0x0000000000000000000000000000000000000000000000000000000000000000, 10, 0x0000000000000000000000000000000000000000000000000000000000000000, 0, 3, 0, 0, true)\n  sender:    0xf39Fd6e51aad88F6F4ce6aB8827279cffFb92266\n\nDocs: https://viem.sh/docs/contract/writeContract\nDetails: Nonce too low. Expected nonce to be 258 but got 257. Note that transactions can't be queued when automining.\nVersion: viem@2.40.3""}"
w1,18,500,165.327,,,,"{""error"": ""Internal error"", ""details"": ""Nonce provided for the transaction is lower than the current nonce of the account.\nTry increasing the nonce or find the latest nonce with `getTransactionCount`.\n\nRequest Arguments:\n  from:  0xf39Fd6e51aad88F6F4ce6aB8827279cffFb92266\n  to:    0x9fE46736679d2D9a65F0992F2272dE9f3c7fa6e0\n  data:  0x40d777ba0000000000000000000000000000000000000000000000000000000000000004000000000000000000000000000000000000000000000000000000000000000000000000000000000000000000000000000000000000000000000000000000000000000000000000000000000000000000000000000000000000000000000005000000000000000000000000000000000000000000000000000000000000000000000000000000000000000000000000000000000000000000000000000000000000000000000000000000000000000000000000000000000000000000000003000000000000000000000000000000000000000000000000000000000000000000000000000000000000000000000000000000000000000000000000000000000000000000000000000000000000000000000000000000000000000000000001\n \nContract Call:\n  address:   0x9fE46736679d2D9a65F0992F2272dE9f3c7fa6e0\n  function:  createPolicy(uint8 role, bytes32 orgId, bytes32 jurisdiction, uint8 rType, bytes32 caseId, uint8 action, uint8 maxSensitivity, uint64 notBefore, uint64 notAfter, bool allow)\n  args:                  (4, 0x0000000000000000000000000000000000000000000000000000000000000000, 0x0000000000000000000000000000000000000000000000000000000000000000, 5, 0x0000000000000000000000000000000000000000000000000000000000000000, 0, 3, 0, 0, true)\n  sender:    0xf39Fd6e51aad88F6F4ce6aB8827279cffFb92266\n\nDocs: https://viem.sh/docs/contract/writeContract\nDetails: Nonce too low. Expected nonce to be 258 but got 257. Note that transactions can't be queued when automining.\nVersion: viem@2.40.3""}"
w0,16,200,1540.312,0x2e5839183fc70bf6a472e891ffdea4f3025f90d0227d2f272e5bbb5207f9bc73,134001,15,
w3,19,500,185.695,,,,"{""error"": ""Internal error"", ""details"": ""Nonce provided for the transaction is lower than the current nonce of the account.\nTry increasing the nonce or find the latest nonce with `getTransactionCount`.\n\nRequest Arguments:\n  from:  0xf39Fd6e51aad88F6F4ce6aB8827279cffFb92266\n  to:    0x9fE46736679d2D9a65F0992F2272dE9f3c7fa6e0\n  data:  0x40d777ba0000000000000000000000000000000000000000000000000000000000000004000000000000000000000000000000000000000000000000000000000000000000000000000000000000000000000000000000000000000000000000000000000000000000000000000000000000000000000000000000000000000000000006000000000000000000000000000000000000000000000000000000000000000000000000000000000000000000000000000000000000000000000000000000000000000000000000000000000000000000000000000000000000000000000003000000000000000000000000000000000000000000000000000000000000000000000000000000000000000000000000000000000000000000000000000000000000000000000000000000000000000000000000000000000000000000000001\n \nContract Call:\n  address:   0x9fE46736679d2D9a65F0992F2272dE9f3c7fa6e0\n  function:  createPolicy(uint8 role, bytes32 orgId, bytes32 jurisdiction, uint8 rType, bytes32 caseId, uint8 action, uint8 maxSensitivity, uint64 notBefore, uint64 notAfter, bool allow)\n  args:                  (4, 0x0000000000000000000000000000000000000000000000000000000000000000, 0x0000000000000000000000000000000000000000000000000000000000000000, 6, 0x0000000000000000000000000000000000000000000000000000000000000000, 0, 3, 0, 0, true)\n  sender:    0xf39Fd6e51aad88F6F4ce6aB8827279cffFb92266\n\nDocs: https://viem.sh/docs/contract/writeContract\nDetails: Nonce too low. Expected nonce to be 258 but got 257. Note that transactions can't be queued when automining.\nVersion: viem@2.40.3""}"
w1,21,500,180.373,,,,"{""error"": ""Internal error"", ""details"": ""Nonce provided for the transaction is lower than the current nonce of the account.\nTry increasing the nonce or find the latest nonce with `getTransactionCount`.\n\nRequest Arguments:\n  from:  0xf39Fd6e51aad88F6F4ce6aB8827279cffFb92266\n  to:    0x9fE46736679d2D9a65F0992F2272dE9f3c7fa6e0\n  data:  0x40d777ba0000000000000000000000000000000000000000000000000000000000000004000000000000000000000000000000000000000000000000000000000000000000000000000000000000000000000000000000000000000000000000000000000000000000000000000000000000000000000000000000000000000000000002000000000000000000000000000000000000000000000000000000000000000000000000000000000000000000000000000000000000000000000000000000000000000000000000000000000000000000000000000000000000000000000003000000000000000000000000000000000000000000000000000000000000000000000000000000000000000000000000000000000000000000000000000000000000000000000000000000000000000000000000000000000000000000000001\n \nContract Call:\n  address:   0x9fE46736679d2D9a65F0992F2272dE9f3c7fa6e0\n  function:  createPolicy(uint8 role, bytes32 orgId, bytes32 jurisdiction, uint8 rType, bytes32 caseId, uint8 action, uint8 maxSensitivity, uint64 notBefore, uint64 notAfter, bool allow)\n  args:                  (4, 0x0000000000000000000000000000000000000000000000000000000000000000, 0x0000000000000000000000000000000000000000000000000000000000000000, 2, 0x0000000000000000000000000000000000000000000000000000000000000000, 0, 3, 0, 0, true)\n  sender:    0xf39Fd6e51aad88F6F4ce6aB8827279cffFb92266\n\nDocs: https://viem.sh/docs/contract/writeContract\nDetails: Nonce too low. Expected nonce to be 259 but got 258. Note that transactions can't be queued when automining.\nVersion: viem@2.40.3""}"
w0,22,500,186.508,,,,"{""error"": ""Internal error"", ""details"": ""Nonce provided for the transaction is lower than the current nonce of the account.\nTry increasing the nonce or find the latest nonce with `getTransactionCount`.\n\nRequest Arguments:\n  from:  0xf39Fd6e51aad88F6F4ce6aB8827279cffFb92266\n  to:    0x9fE46736679d2D9a65F0992F2272dE9f3c7fa6e0\n  data:  0x40d777ba0000000000000000000000000000000000000000000000000000000000000006000000000000000000000000000000000000000000000000000000000000000000000000000000000000000000000000000000000000000000000000000000000000000000000000000000000000000000000000000000000000000000000002000000000000000000000000000000000000000000000000000000000000000000000000000000000000000000000000000000000000000000000000000000000000000000000000000000000000000000000000000000000000000000000003000000000000000000000000000000000000000000000000000000000000000000000000000000000000000000000000000000000000000000000000000000000000000000000000000000000000000000000000000000000000000000000001\n \nContract Call:\n  address:   0x9fE46736679d2D9a65F0992F2272dE9f3c7fa6e0\n  function:  createPolicy(uint8 role, bytes32 orgId, bytes32 jurisdiction, uint8 rType, bytes32 caseId, uint8 action, uint8 maxSensitivity, uint64 notBefore, uint64 notAfter, bool allow)\n  args:                  (6, 0x0000000000000000000000000000000000000000000000000000000000000000, 0x0000000000000000000000000000000000000000000000000000000000000000, 2, 0x0000000000000000000000000000000000000000000000000000000000000000, 0, 3, 0, 0, true)\n  sender:    0xf39Fd6e51aad88F6F4ce6aB8827279cffFb92266\n\nDocs: https://viem.sh/docs/contract/writeContract\nDetails: Nonce too low. Expected nonce to be 259 but got 258. Note that transactions can't be queued when automining.\nVersion: viem@2.40.3""}"
w2,20,200,215.413,0x89ad15273e3f616a9baa6e02468ac1b4fd0b0180fa3b8be8be519d972190547f,134001,16,
w3,23,500,1921.813,,,,"{""error"": ""Internal error"", ""details"": ""Nonce provided for the transaction is lower than the current nonce of the account.\nTry increasing the nonce or find the latest nonce with `getTransactionCount`.\n\nRequest Arguments:\n  from:  0xf39Fd6e51aad88F6F4ce6aB8827279cffFb92266\n  to:    0x9fE46736679d2D9a65F0992F2272dE9f3c7fa6e0\n  data:  0x40d777ba0000000000000000000000000000000000000000000000000000000000000005000000000000000000000000000000000000000000000000000000000000000000000000000000000000000000000000000000000000000000000000000000000000000000000000000000000000000000000000000000000000000000000001000000000000000000000000000000000000000000000000000000000000000000000000000000000000000000000000000000000000000000000000000000000000000000000000000000000000000000000000000000000000000000000003000000000000000000000000000000000000000000000000000000000000000000000000000000000000000000000000000000000000000000000000000000000000000000000000000000000000000000000000000000000000000000000001\n \nContract Call:\n  address:   0x9fE46736679d2D9a65F0992F2272dE9f3c7fa6e0\n  function:  createPolicy(uint8 role, bytes32 orgId, bytes32 jurisdiction, uint8 rType, bytes32 caseId, uint8 action, uint8 maxSensitivity, uint64 notBefore, uint64 notAfter, bool allow)\n  args:                  (5, 0x0000000000000000000000000000000000000000000000000000000000000000, 0x0000000000000000000000000000000000000000000000000000000000000000, 1, 0x0000000000000000000000000000000000000000000000000000000000000000, 0, 3, 0, 0, true)\n  sender:    0xf39Fd6e51aad88F6F4ce6aB8827279cffFb92266\n\nDocs: https://viem.sh/docs/contract/writeContract\nDetails: Nonce too low. Expected nonce to be 259 but got 258. Note that transactions can't be queued when automining.\nVersion: viem@2.40.3""}"
w0,25,500,1888.469,,,,"{""error"": ""Internal error"", ""details"": ""Nonce provided for the transaction is lower than the current nonce of the account.\nTry increasing the nonce or find the latest nonce with `getTransactionCount`.\n\nRequest Arguments:\n  from:  0xf39Fd6e51aad88F6F4ce6aB8827279cffFb92266\n  to:    0x9fE46736679d2D9a65F0992F2272dE9f3c7fa6e0\n  data:  0x40d777ba00000000000000000000000000000000000000000000000000000000000000080000000000000000000000000000000000000000000000000000000000000000000000000000000000000000000000000000000000000000000000000000000000000000000000000000000000000000000000000000000000000000000000020000000000000000000000000000000000000000000000000000000000000000000000000000000000000000000000000000000000000000000000000000000000000000000000000000000000000000000000000000000000000000000000020000000000000000000000000000000000000000000000000000000069c481a20000000000000000000000000000000000000000000000000000000069cdbc220000000000000000000000000000000000000000000000000000000000000001\n \nContract Call:\n  address:   0x9fE46736679d2D9a65F0992F2272dE9f3c7fa6e0\n  function:  createPolicy(uint8 role, bytes32 orgId, bytes32 jurisdiction, uint8 rType, bytes32 caseId, uint8 action, uint8 maxSensitivity, uint64 notBefore, uint64 notAfter, bool allow)\n  args:                  (8, 0x0000000000000000000000000000000000000000000000000000000000000000, 0x0000000000000000000000000000000000000000000000000000000000000000, 2, 0x0000000000000000000000000000000000000000000000000000000000000000, 0, 2, 1774485922, 1775090722, true)\n  sender:    0xf39Fd6e51aad88F6F4ce6aB8827279cffFb92266\n\nDocs: https://viem.sh/docs/contract/writeContract\nDetails: Nonce too low. Expected nonce to be 260 but got 259. Note that transactions can't be queued when automining.\nVersion: viem@2.40.3""}"
w2,26,500,1894.581,,,,"{""error"": ""Internal error"", ""details"": ""Nonce provided for the transaction is lower than the current nonce of the account.\nTry increasing the nonce or find the latest nonce with `getTransactionCount`.\n\nRequest Arguments:\n  from:  0xf39Fd6e51aad88F6F4ce6aB8827279cffFb92266\n  to:    0x9fE46736679d2D9a65F0992F2272dE9f3c7fa6e0\n  data:  0x40d777ba0000000000000000000000000000000000000000000000000000000000000002000000000000000000000000000000000000000000000000000000000000000000000000000000000000000000000000000000000000000000000000000000000000000000000000000000000000000000000000000000000000000000000004000000000000000000000000000000000000000000000000000000000000000000000000000000000000000000000000000000000000000000000000000000000000000000000000000000000000000000000000000000000000000000000004000000000000000000000000000000000000000000000000000000000000000000000000000000000000000000000000000000000000000000000000000000000000000000000000000000000000000000000000000000000000000000000001\n \nContract Call:\n  address:   0x9fE46736679d2D9a65F0992F2272dE9f3c7fa6e0\n  function:  createPolicy(uint8 role, bytes32 orgId, bytes32 jurisdiction, uint8 rType, bytes32 caseId, uint8 action, uint8 maxSensitivity, uint64 notBefore, uint64 notAfter, bool allow)\n  args:                  (2, 0x0000000000000000000000000000000000000000000000000000000000000000, 0x0000000000000000000000000000000000000000000000000000000000000000, 4, 0x0000000000000000000000000000000000000000000000000000000000000000, 0, 4, 0, 0, true)\n  sender:    0xf39Fd6e51aad88F6F4ce6aB8827279cffFb92266\n\nDocs: https://viem.sh/docs/contract/writeContract\nDetails: Nonce too low. Expected nonce to be 260 but got 259. Note that transactions can't be queued when automining.\nVersion: viem@2.40.3""}"
w1,24,200,1938.624,0x779b38d1e9ad5303299840e657d4e0d92352fe13e6886bf4fd107b9f564f9c3a,134001,17,
w3,27,500,178.640,,,,"{""error"": ""Internal error"", ""details"": ""Nonce provided for the transaction is lower than the current nonce of the account.\nTry increasing the nonce or find the latest nonce with `getTransactionCount`.\n\nRequest Arguments:\n  from:  0xf39Fd6e51aad88F6F4ce6aB8827279cffFb92266\n  to:    0x9fE46736679d2D9a65F0992F2272dE9f3c7fa6e0\n  data:  0x40d777ba0000000000000000000000000000000000000000000000000000000000000007000000000000000000000000000000000000000000000000000000000000000000000000000000000000000000000000000000000000000000000000000000000000000000000000000000000000000000000000000000000000000000000006000000000000000000000000000000000000000000000000000000000000000000000000000000000000000000000000000000000000000000000000000000000000000000000000000000000000000000000000000000000000000000000004000000000000000000000000000000000000000000000000000000000000000000000000000000000000000000000000000000000000000000000000000000000000000000000000000000000000000000000000000000000000000000000001\n \nContract Call:\n  address:   0x9fE46736679d2D9a65F0992F2272dE9f3c7fa6e0\n  function:  createPolicy(uint8 role, bytes32 orgId, bytes32 jurisdiction, uint8 rType, bytes32 caseId, uint8 action, uint8 maxSensitivity, uint64 notBefore, uint64 notAfter, bool allow)\n  args:                  (7, 0x0000000000000000000000000000000000000000000000000000000000000000, 0x0000000000000000000000000000000000000000000000000000000000000000, 6, 0x0000000000000000000000000000000000000000000000000000000000000000, 0, 4, 0, 0, true)\n  sender:    0xf39Fd6e51aad88F6F4ce6aB8827279cffFb92266\n\nDocs: https://viem.sh/docs/contract/writeContract\nDetails: Nonce too low. Expected nonce to be 260 but got 259. Note that transactions can't be queued when automining.\nVersion: viem@2.40.3""}"
w1,30,500,221.365,,,,"{""error"": ""Internal error"", ""details"": ""Nonce provided for the transaction is lower than the current nonce of the account.\nTry increasing the nonce or find the latest nonce with `getTransactionCount`.\n\nRequest Arguments:\n  from:  0xf39Fd6e51aad88F6F4ce6aB8827279cffFb92266\n  to:    0x9fE46736679d2D9a65F0992F2272dE9f3c7fa6e0\n  data:  0x40d777ba00000000000000000000000000000000000000000000000000000000000000020000000000000000000000000000000000000000000000000000000000000000000000000000000000000000000000000000000000000000000000000000000000000000000000000000000000000000000000000000000000000000000000070000000000000000000000000000000000000000000000000000000000000000000000000000000000000000000000000000000000000000000000000000000000000000000000000000000000000000000000000000000000000000000000030000000000000000000000000000000000000000000000000000000069c481a30000000000000000000000000000000000000000000000000000000069cdbc230000000000000000000000000000000000000000000000000000000000000001\n \nContract Call:\n  address:   0x9fE46736679d2D9a65F0992F2272dE9f3c7fa6e0\n  function:  createPolicy(uint8 role, bytes32 orgId, bytes32 jurisdiction, uint8 rType, bytes32 caseId, uint8 action, uint8 maxSensitivity, uint64 notBefore, uint64 notAfter, bool allow)\n  args:                  (2, 0x0000000000000000000000000000000000000000000000000000000000000000, 0x0000000000000000000000000000000000000000000000000000000000000000, 7, 0x0000000000000000000000000000000000000000000000000000000000000000, 0, 3, 1774485923, 1775090723, true)\n  sender:    0xf39Fd6e51aad88F6F4ce6aB8827279cffFb92266\n\nDocs: https://viem.sh/docs/contract/writeContract\nDetails: Nonce too low. Expected nonce to be 261 but got 260. Note that transactions can't be queued when automining.\nVersion: viem@2.40.3""}"
w2,29,500,251.540,,,,"{""error"": ""Internal error"", ""details"": ""Nonce provided for the transaction is lower than the current nonce of the account.\nTry increasing the nonce or find the latest nonce with `getTransactionCount`.\n\nRequest Arguments:\n  from:  0xf39Fd6e51aad88F6F4ce6aB8827279cffFb92266\n  to:    0x9fE46736679d2D9a65F0992F2272dE9f3c7fa6e0\n  data:  0x40d777ba00000000000000000000000000000000000000000000000000000000000000080000000000000000000000000000000000000000000000000000000000000000000000000000000000000000000000000000000000000000000000000000000000000000000000000000000000000000000000000000000000000000000000030000000000000000000000000000000000000000000000000000000000000000000000000000000000000000000000000000000000000000000000000000000000000000000000000000000000000000000000000000000000000000000000050000000000000000000000000000000000000000000000000000000069c481a30000000000000000000000000000000000000000000000000000000069cdbc230000000000000000000000000000000000000000000000000000000000000001\n \nContract Call:\n  address:   0x9fE46736679d2D9a65F0992F2272dE9f3c7fa6e0\n  function:  createPolicy(uint8 role, bytes32 orgId, bytes32 jurisdiction, uint8 rType, bytes32 caseId, uint8 action, uint8 maxSensitivity, uint64 notBefore, uint64 notAfter, bool allow)\n  args:                  (8, 0x0000000000000000000000000000000000000000000000000000000000000000, 0x0000000000000000000000000000000000000000000000000000000000000000, 3, 0x0000000000000000000000000000000000000000000000000000000000000000, 0, 5, 1774485923, 1775090723, true)\n  sender:    0xf39Fd6e51aad88F6F4ce6aB8827279cffFb92266\n\nDocs: https://viem.sh/docs/contract/writeContract\nDetails: Nonce too low. Expected nonce to be 261 but got 260. Note that transactions can't be queued when automining.\nVersion: viem@2.40.3""}"
w3,31,500,238.025,,,,"{""error"": ""Internal error"", ""details"": ""Nonce provided for the transaction is lower than the current nonce of the account.\nTry increasing the nonce or find the latest nonce with `getTransactionCount`.\n\nRequest Arguments:\n  from:  0xf39Fd6e51aad88F6F4ce6aB8827279cffFb92266\n  to:    0x9fE46736679d2D9a65F0992F2272dE9f3c7fa6e0\n  data:  0x40d777ba0000000000000000000000000000000000000000000000000000000000000007000000000000000000000000000000000000000000000000000000000000000000000000000000000000000000000000000000000000000000000000000000000000000000000000000000000000000000000000000000000000000000000004000000000000000000000000000000000000000000000000000000000000000000000000000000000000000000000000000000000000000000000000000000000000000000000000000000000000000000000000000000000000000000000004000000000000000000000000000000000000000000000000000000000000000000000000000000000000000000000000000000000000000000000000000000000000000000000000000000000000000000000000000000000000000000000001\n \nContract Call:\n  address:   0x9fE46736679d2D9a65F0992F2272dE9f3c7fa6e0\n  function:  createPolicy(uint8 role, bytes32 orgId, bytes32 jurisdiction, uint8 rType, bytes32 caseId, uint8 action, uint8 maxSensitivity, uint64 notBefore, uint64 notAfter, bool allow)\n  args:                  (7, 0x0000000000000000000000000000000000000000000000000000000000000000, 0x0000000000000000000000000000000000000000000000000000000000000000, 4, 0x0000000000000000000000000000000000000000000000000000000000000000, 0, 4, 0, 0, true)\n  sender:    0xf39Fd6e51aad88F6F4ce6aB8827279cffFb92266\n\nDocs: https://viem.sh/docs/contract/writeContract\nDetails: Nonce too low. Expected nonce to be 261 but got 260. Note that transactions can't be queued when automining.\nVersion: viem@2.40.3""}"
w0,28,200,300.586,0x544cdb83e77a14ca41037681bd0a126c12eceaf64527bfbadfa6dd0aa40296a5,134001,18,
w2,33,500,193.221,,,,"{""error"": ""Internal error"", ""details"": ""Nonce provided for the transaction is lower than the current nonce of the account.\nTry increasing the nonce or find the latest nonce with `getTransactionCount`.\n\nRequest Arguments:\n  from:  0xf39Fd6e51aad88F6F4ce6aB8827279cffFb92266\n  to:    0x9fE46736679d2D9a65F0992F2272dE9f3c7fa6e0\n  data:  0x40d777ba0000000000000000000000000000000000000000000000000000000000000002000000000000000000000000000000000000000000000000000000000000000000000000000000000000000000000000000000000000000000000000000000000000000000000000000000000000000000000000000000000000000000000008000000000000000000000000000000000000000000000000000000000000000000000000000000000000000000000000000000000000000000000000000000000000000000000000000000000000000000000000000000000000000000000003000000000000000000000000000000000000000000000000000000000000000000000000000000000000000000000000000000000000000000000000000000000000000000000000000000000000000000000000000000000000000000000001\n \nContract Call:\n  address:   0x9fE46736679d2D9a65F0992F2272dE9f3c7fa6e0\n  function:  createPolicy(uint8 role, bytes32 orgId, bytes32 jurisdiction, uint8 rType, bytes32 caseId, uint8 action, uint8 maxSensitivity, uint64 notBefore, uint64 notAfter, bool allow)\n  args:                  (2, 0x0000000000000000000000000000000000000000000000000000000000000000, 0x0000000000000000000000000000000000000000000000000000000000000000, 8, 0x0000000000000000000000000000000000000000000000000000000000000000, 0, 3, 0, 0, true)\n  sender:    0xf39Fd6e51aad88F6F4ce6aB8827279cffFb92266\n\nDocs: https://viem.sh/docs/contract/writeContract\nDetails: Nonce too low. Expected nonce to be 262 but got 261. Note that transactions can't be queued when automining.\nVersion: viem@2.40.3""}"
w1,32,200,210.541,0x8f58f3751924ff2debc376a4502de08db35ab838ab39d33368e6801ce6ab2de0,134132,19,
w3,34,500,206.388,,,,"{""error"": ""Internal error"", ""details"": ""Nonce provided for the transaction is lower than the current nonce of the account.\nTry increasing the nonce or find the latest nonce with `getTransactionCount`.\n\nRequest Arguments:\n  from:  0xf39Fd6e51aad88F6F4ce6aB8827279cffFb92266\n  to:    0x9fE46736679d2D9a65F0992F2272dE9f3c7fa6e0\n  data:  0x40d777ba0000000000000000000000000000000000000000000000000000000000000002000000000000000000000000000000000000000000000000000000000000000000000000000000000000000000000000000000000000000000000000000000000000000000000000000000000000000000000000000000000000000000000006000000000000000000000000000000000000000000000000000000000000000000000000000000000000000000000000000000000000000000000000000000000000000000000000000000000000000000000000000000000000000000000002000000000000000000000000000000000000000000000000000000000000000000000000000000000000000000000000000000000000000000000000000000000000000000000000000000000000000000000000000000000000000000000001\n \nContract Call:\n  address:   0x9fE46736679d2D9a65F0992F2272dE9f3c7fa6e0\n  function:  createPolicy(uint8 role, bytes32 orgId, bytes32 jurisdiction, uint8 rType, bytes32 caseId, uint8 action, uint8 maxSensitivity, uint64 notBefore, uint64 notAfter, bool allow)\n  args:                  (2, 0x0000000000000000000000000000000000000000000000000000000000000000, 0x0000000000000000000000000000000000000000000000000000000000000000, 6, 0x0000000000000000000000000000000000000000000000000000000000000000, 0, 2, 0, 0, true)\n  sender:    0xf39Fd6e51aad88F6F4ce6aB8827279cffFb92266\n\nDocs: https://viem.sh/docs/contract/writeContract\nDetails: Nonce too low. Expected nonce to be 262 but got 261. Note that transactions can't be queued when automining.\nVersion: viem@2.40.3""}"
w0,35,500,199.924,,,,"{""error"": ""Internal error"", ""details"": ""Nonce provided for the transaction is lower than the current nonce of the account.\nTry increasing the nonce or find the latest nonce with `getTransactionCount`.\n\nRequest Arguments:\n  from:  0xf39Fd6e51aad88F6F4ce6aB8827279cffFb92266\n  to:    0x9fE46736679d2D9a65F0992F2272dE9f3c7fa6e0\n  data:  0x40d777ba0000000000000000000000000000000000000000000000000000000000000004000000000000000000000000000000000000000000000000000000000000000000000000000000000000000000000000000000000000000000000000000000000000000000000000000000000000000000000000000000000000000000000009000000000000000000000000000000000000000000000000000000000000000000000000000000000000000000000000000000000000000000000000000000000000000000000000000000000000000000000000000000000000000000000003000000000000000000000000000000000000000000000000000000000000000000000000000000000000000000000000000000000000000000000000000000000000000000000000000000000000000000000000000000000000000000000001\n \nContract Call:\n  address:   0x9fE46736679d2D9a65F0992F2272dE9f3c7fa6e0\n  function:  createPolicy(uint8 role, bytes32 orgId, bytes32 jurisdiction, uint8 rType, bytes32 caseId, uint8 action, uint8 maxSensitivity, uint64 notBefore, uint64 notAfter, bool allow)\n  args:                  (4, 0x0000000000000000000000000000000000000000000000000000000000000000, 0x0000000000000000000000000000000000000000000000000000000000000000, 9, 0x0000000000000000000000000000000000000000000000000000000000000000, 0, 3, 0, 0, true)\n  sender:    0xf39Fd6e51aad88F6F4ce6aB8827279cffFb92266\n\nDocs: https://viem.sh/docs/contract/writeContract\nDetails: Nonce too low. Expected nonce to be 262 but got 261. Note that transactions can't be queued when automining.\nVersion: viem@2.40.3""}"
w1,37,500,1830.486,,,,"{""error"": ""Internal error"", ""details"": ""Nonce provided for the transaction is lower than the current nonce of the account.\nTry increasing the nonce or find the latest nonce with `getTransactionCount`.\n\nRequest Arguments:\n  from:  0xf39Fd6e51aad88F6F4ce6aB8827279cffFb92266\n  to:    0x9fE46736679d2D9a65F0992F2272dE9f3c7fa6e0\n  data:  0x40d777ba0000000000000000000000000000000000000000000000000000000000000005000000000000000000000000000000000000000000000000000000000000000000000000000000000000000000000000000000000000000000000000000000000000000000000000000000000000000000000000000000000000000000000009000000000000000000000000000000000000000000000000000000000000000000000000000000000000000000000000000000000000000000000000000000000000000000000000000000000000000000000000000000000000000000000002000000000000000000000000000000000000000000000000000000000000000000000000000000000000000000000000000000000000000000000000000000000000000000000000000000000000000000000000000000000000000000000001\n \nContract Call:\n  address:   0x9fE46736679d2D9a65F0992F2272dE9f3c7fa6e0\n  function:  createPolicy(uint8 role, bytes32 orgId, bytes32 jurisdiction, uint8 rType, bytes32 caseId, uint8 action, uint8 maxSensitivity, uint64 notBefore, uint64 notAfter, bool allow)\n  args:                  (5, 0x0000000000000000000000000000000000000000000000000000000000000000, 0x0000000000000000000000000000000000000000000000000000000000000000, 9, 0x0000000000000000000000000000000000000000000000000000000000000000, 0, 2, 0, 0, true)\n  sender:    0xf39Fd6e51aad88F6F4ce6aB8827279cffFb92266\n\nDocs: https://viem.sh/docs/contract/writeContract\nDetails: Nonce too low. Expected nonce to be 263 but got 262. Note that transactions can't be queued when automining.\nVersion: viem@2.40.3""}"
w2,36,200,1841.347,0x1ff48e5d6230d25f9d59dadb1dd64bb67c63a4ed27b16ad342b33534f431b6b8,134001,20,
w3,38,500,1823.814,,,,"{""error"": ""Internal error"", ""details"": ""Nonce provided for the transaction is lower than the current nonce of the account.\nTry increasing the nonce or find the latest nonce with `getTransactionCount`.\n\nRequest Arguments:\n  from:  0xf39Fd6e51aad88F6F4ce6aB8827279cffFb92266\n  to:    0x9fE46736679d2D9a65F0992F2272dE9f3c7fa6e0\n  data:  0x40d777ba0000000000000000000000000000000000000000000000000000000000000008000000000000000000000000000000000000000000000000000000000000000000000000000000000000000000000000000000000000000000000000000000000000000000000000000000000000000000000000000000000000000000000008000000000000000000000000000000000000000000000000000000000000000000000000000000000000000000000000000000000000000000000000000000000000000000000000000000000000000000000000000000000000000000000002000000000000000000000000000000000000000000000000000000000000000000000000000000000000000000000000000000000000000000000000000000000000000000000000000000000000000000000000000000000000000000000001\n \nContract Call:\n  address:   0x9fE46736679d2D9a65F0992F2272dE9f3c7fa6e0\n  function:  createPolicy(uint8 role, bytes32 orgId, bytes32 jurisdiction, uint8 rType, bytes32 caseId, uint8 action, uint8 maxSensitivity, uint64 notBefore, uint64 notAfter, bool allow)\n  args:                  (8, 0x0000000000000000000000000000000000000000000000000000000000000000, 0x0000000000000000000000000000000000000000000000000000000000000000, 8, 0x0000000000000000000000000000000000000000000000000000000000000000, 0, 2, 0, 0, true)\n  sender:    0xf39Fd6e51aad88F6F4ce6aB8827279cffFb92266\n\nDocs: https://viem.sh/docs/contract/writeContract\nDetails: Nonce too low. Expected nonce to be 263 but got 262. Note that transactions can't be queued when automining.\nVersion: viem@2.40.3""}"
w0,39,500,1842.027,,,,"{""error"": ""Internal error"", ""details"": ""Nonce provided for the transaction is lower than the current nonce of the account.\nTry increasing the nonce or find the latest nonce with `getTransactionCount`.\n\nRequest Arguments:\n  from:  0xf39Fd6e51aad88F6F4ce6aB8827279cffFb92266\n  to:    0x9fE46736679d2D9a65F0992F2272dE9f3c7fa6e0\n  data:  0x40d777ba0000000000000000000000000000000000000000000000000000000000000007000000000000000000000000000000000000000000000000000000000000000000000000000000000000000000000000000000000000000000000000000000000000000000000000000000000000000000000000000000000000000000000005000000000000000000000000000000000000000000000000000000000000000000000000000000000000000000000000000000000000000000000000000000000000000000000000000000000000000000000000000000000000000000000004000000000000000000000000000000000000000000000000000000000000000000000000000000000000000000000000000000000000000000000000000000000000000000000000000000000000000000000000000000000000000000000001\n \nContract Call:\n  address:   0x9fE46736679d2D9a65F0992F2272dE9f3c7fa6e0\n  function:  createPolicy(uint8 role, bytes32 orgId, bytes32 jurisdiction, uint8 rType, bytes32 caseId, uint8 action, uint8 maxSensitivity, uint64 notBefore, uint64 notAfter, bool allow)\n  args:                  (7, 0x0000000000000000000000000000000000000000000000000000000000000000, 0x0000000000000000000000000000000000000000000000000000000000000000, 5, 0x0000000000000000000000000000000000000000000000000000000000000000, 0, 4, 0, 0, true)\n  sender:    0xf39Fd6e51aad88F6F4ce6aB8827279cffFb92266\n\nDocs: https://viem.sh/docs/contract/writeContract\nDetails: Nonce too low. Expected nonce to be 263 but got 262. Note that transactions can't be queued when automining.\nVersion: viem@2.40.3""}"
w2,41,500,146.163,,,,"{""error"": ""Internal error"", ""details"": ""Nonce provided for the transaction is lower than the current nonce of the account.\nTry increasing the nonce or find the latest nonce with `getTransactionCount`.\n\nRequest Arguments:\n  from:  0xf39Fd6e51aad88F6F4ce6aB8827279cffFb92266\n  to:    0x9fE46736679d2D9a65F0992F2272dE9f3c7fa6e0\n  data:  0x40d777ba0000000000000000000000000000000000000000000000000000000000000006000000000000000000000000000000000000000000000000000000000000000000000000000000000000000000000000000000000000000000000000000000000000000000000000000000000000000000000000000000000000000000000002000000000000000000000000000000000000000000000000000000000000000000000000000000000000000000000000000000000000000000000000000000000000000000000000000000000000000000000000000000000000000000000005000000000000000000000000000000000000000000000000000000000000000000000000000000000000000000000000000000000000000000000000000000000000000000000000000000000000000000000000000000000000000000000001\n \nContract Call:\n  address:   0x9fE46736679d2D9a65F0992F2272dE9f3c7fa6e0\n  function:  createPolicy(uint8 role, bytes32 orgId, bytes32 jurisdiction, uint8 rType, bytes32 caseId, uint8 action, uint8 maxSensitivity, uint64 notBefore, uint64 notAfter, bool allow)\n  args:                  (6, 0x0000000000000000000000000000000000000000000000000000000000000000, 0x0000000000000000000000000000000000000000000000000000000000000000, 2, 0x0000000000000000000000000000000000000000000000000000000000000000, 0, 5, 0, 0, true)\n  sender:    0xf39Fd6e51aad88F6F4ce6aB8827279cffFb92266\n\nDocs: https://viem.sh/docs/contract/writeContract\nDetails: Nonce too low. Expected nonce to be 264 but got 263. Note that transactions can't be queued when automining.\nVersion: viem@2.40.3""}"
w1,40,200,186.197,0x02a1d456386b3903fd4a0af7979bb77e4dc13348ddcbfb4deeeacca585450d2b,134001,21,
w3,42,500,181.277,,,,"{""error"": ""Internal error"", ""details"": ""Nonce provided for the transaction is lower than the current nonce of the account.\nTry increasing the nonce or find the latest nonce with `getTransactionCount`.\n\nRequest Arguments:\n  from:  0xf39Fd6e51aad88F6F4ce6aB8827279cffFb92266\n  to:    0x9fE46736679d2D9a65F0992F2272dE9f3c7fa6e0\n  data:  0x40d777ba0000000000000000000000000000000000000000000000000000000000000006000000000000000000000000000000000000000000000000000000000000000000000000000000000000000000000000000000000000000000000000000000000000000000000000000000000000000000000000000000000000000000000008000000000000000000000000000000000000000000000000000000000000000000000000000000000000000000000000000000000000000000000000000000000000000000000000000000000000000000000000000000000000000000000003000000000000000000000000000000000000000000000000000000000000000000000000000000000000000000000000000000000000000000000000000000000000000000000000000000000000000000000000000000000000000000000001\n \nContract Call:\n  address:   0x9fE46736679d2D9a65F0992F2272dE9f3c7fa6e0\n  function:  createPolicy(uint8 role, bytes32 orgId, bytes32 jurisdiction, uint8 rType, bytes32 caseId, uint8 action, uint8 maxSensitivity, uint64 notBefore, uint64 notAfter, bool allow)\n  args:                  (6, 0x0000000000000000000000000000000000000000000000000000000000000000, 0x0000000000000000000000000000000000000000000000000000000000000000, 8, 0x0000000000000000000000000000000000000000000000000000000000000000, 0, 3, 0, 0, true)\n  sender:    0xf39Fd6e51aad88F6F4ce6aB8827279cffFb92266\n\nDocs: https://viem.sh/docs/contract/writeContract\nDetails: Nonce too low. Expected nonce to be 264 but got 263. Note that transactions can't be queued when automining.\nVersion: viem@2.40.3""}"
w0,43,500,171.949,,,,"{""error"": ""Internal error"", ""details"": ""Nonce provided for the transaction is lower than the current nonce of the account.\nTry increasing the nonce or find the latest nonce with `getTransactionCount`.\n\nRequest Arguments:\n  from:  0xf39Fd6e51aad88F6F4ce6aB8827279cffFb92266\n  to:    0x9fE46736679d2D9a65F0992F2272dE9f3c7fa6e0\n  data:  0x40d777ba0000000000000000000000000000000000000000000000000000000000000005000000000000000000000000000000000000000000000000000000000000000000000000000000000000000000000000000000000000000000000000000000000000000000000000000000000000000000000000000000000000000000000000000000000000000000000000000000000000000000000000000000000000000000000000000000000000000000000000000000000000000000000000000000000000000000000000000000000000000000000000000000000000000000000003000000000000000000000000000000000000000000000000000000000000000000000000000000000000000000000000000000000000000000000000000000000000000000000000000000000000000000000000000000000000000000000001\n \nContract Call:\n  address:   0x9fE46736679d2D9a65F0992F2272dE9f3c7fa6e0\n  function:  createPolicy(uint8 role, bytes32 orgId, bytes32 jurisdiction, uint8 rType, bytes32 caseId, uint8 action, uint8 maxSensitivity, uint64 notBefore, uint64 notAfter, bool allow)\n  args:                  (5, 0x0000000000000000000000000000000000000000000000000000000000000000, 0x0000000000000000000000000000000000000000000000000000000000000000, 0, 0x0000000000000000000000000000000000000000000000000000000000000000, 0, 3, 0, 0, true)\n  sender:    0xf39Fd6e51aad88F6F4ce6aB8827279cffFb92266\n\nDocs: https://viem.sh/docs/contract/writeContract\nDetails: Nonce too low. Expected nonce to be 264 but got 263. Note that transactions can't be queued when automining.\nVersion: viem@2.40.3""}"
w1,45,500,185.427,,,,"{""error"": ""Internal error"", ""details"": ""Nonce provided for the transaction is lower than the current nonce of the account.\nTry increasing the nonce or find the latest nonce with `getTransactionCount`.\n\nRequest Arguments:\n  from:  0xf39Fd6e51aad88F6F4ce6aB8827279cffFb92266\n  to:    0x9fE46736679d2D9a65F0992F2272dE9f3c7fa6e0\n  data:  0x40d777ba0000000000000000000000000000000000000000000000000000000000000005000000000000000000000000000000000000000000000000000000000000000000000000000000000000000000000000000000000000000000000000000000000000000000000000000000000000000000000000000000000000000000000005000000000000000000000000000000000000000000000000000000000000000000000000000000000000000000000000000000000000000000000000000000000000000000000000000000000000000000000000000000000000000000000003000000000000000000000000000000000000000000000000000000000000000000000000000000000000000000000000000000000000000000000000000000000000000000000000000000000000000000000000000000000000000000000001\n \nContract Call:\n  address:   0x9fE46736679d2D9a65F0992F2272dE9f3c7fa6e0\n  function:  createPolicy(uint8 role, bytes32 orgId, bytes32 jurisdiction, uint8 rType, bytes32 caseId, uint8 action, uint8 maxSensitivity, uint64 notBefore, uint64 notAfter, bool allow)\n  args:                  (5, 0x0000000000000000000000000000000000000000000000000000000000000000, 0x0000000000000000000000000000000000000000000000000000000000000000, 5, 0x0000000000000000000000000000000000000000000000000000000000000000, 0, 3, 0, 0, true)\n  sender:    0xf39Fd6e51aad88F6F4ce6aB8827279cffFb92266\n\nDocs: https://viem.sh/docs/contract/writeContract\nDetails: Nonce too low. Expected nonce to be 265 but got 264. Note that transactions can't be queued when automining.\nVersion: viem@2.40.3""}"
w2,44,200,219.599,0x6a75b0a49d2136ea7617f1a5b9495387b91c88b41492c7b647ce98450b7abc89,134001,22,
w3,46,500,183.848,,,,"{""error"": ""Internal error"", ""details"": ""Nonce provided for the transaction is lower than the current nonce of the account.\nTry increasing the nonce or find the latest nonce with `getTransactionCount`.\n\nRequest Arguments:\n  from:  0xf39Fd6e51aad88F6F4ce6aB8827279cffFb92266\n  to:    0x9fE46736679d2D9a65F0992F2272dE9f3c7fa6e0\n  data:  0x40d777ba0000000000000000000000000000000000000000000000000000000000000005000000000000000000000000000000000000000000000000000000000000000000000000000000000000000000000000000000000000000000000000000000000000000000000000000000000000000000000000000000000000000000000003000000000000000000000000000000000000000000000000000000000000000000000000000000000000000000000000000000000000000000000000000000000000000000000000000000000000000000000000000000000000000000000005000000000000000000000000000000000000000000000000000000000000000000000000000000000000000000000000000000000000000000000000000000000000000000000000000000000000000000000000000000000000000000000001\n \nContract Call:\n  address:   0x9fE46736679d2D9a65F0992F2272dE9f3c7fa6e0\n  function:  createPolicy(uint8 role, bytes32 orgId, bytes32 jurisdiction, uint8 rType, bytes32 caseId, uint8 action, uint8 maxSensitivity, uint64 notBefore, uint64 notAfter, bool allow)\n  args:                  (5, 0x0000000000000000000000000000000000000000000000000000000000000000, 0x0000000000000000000000000000000000000000000000000000000000000000, 3, 0x0000000000000000000000000000000000000000000000000000000000000000, 0, 5, 0, 0, true)\n  sender:    0xf39Fd6e51aad88F6F4ce6aB8827279cffFb92266\n\nDocs: https://viem.sh/docs/contract/writeContract\nDetails: Nonce too low. Expected nonce to be 265 but got 264. Note that transactions can't be queued when automining.\nVersion: viem@2.40.3""}"
w0,47,500,1693.171,,,,"{""error"": ""Internal error"", ""details"": ""Nonce provided for the transaction is lower than the current nonce of the account.\nTry increasing the nonce or find the latest nonce with `getTransactionCount`.\n\nRequest Arguments:\n  from:  0xf39Fd6e51aad88F6F4ce6aB8827279cffFb92266\n  to:    0x9fE46736679d2D9a65F0992F2272dE9f3c7fa6e0\n  data:  0x40d777ba00000000000000000000000000000000000000000000000000000000000000020000000000000000000000000000000000000000000000000000000000000000000000000000000000000000000000000000000000000000000000000000000000000000000000000000000000000000000000000000000000000000000000020000000000000000000000000000000000000000000000000000000000000000000000000000000000000000000000000000000000000000000000000000000000000000000000000000000000000000000000000000000000000000000000040000000000000000000000000000000000000000000000000000000069c481a60000000000000000000000000000000000000000000000000000000069cdbc260000000000000000000000000000000000000000000000000000000000000001\n \nContract Call:\n  address:   0x9fE46736679d2D9a65F0992F2272dE9f3c7fa6e0\n  function:  createPolicy(uint8 role, bytes32 orgId, bytes32 jurisdiction, uint8 rType, bytes32 caseId, uint8 action, uint8 maxSensitivity, uint64 notBefore, uint64 notAfter, bool allow)\n  args:                  (2, 0x0000000000000000000000000000000000000000000000000000000000000000, 0x0000000000000000000000000000000000000000000000000000000000000000, 2, 0x0000000000000000000000000000000000000000000000000000000000000000, 0, 4, 1774485926, 1775090726, true)\n  sender:    0xf39Fd6e51aad88F6F4ce6aB8827279cffFb92266\n\nDocs: https://viem.sh/docs/contract/writeContract\nDetails: Nonce too low. Expected nonce to be 265 but got 264. Note that transactions can't be queued when automining.\nVersion: viem@2.40.3""}"
w2,49,500,1643.088,,,,"{""error"": ""Internal error"", ""details"": ""Nonce provided for the transaction is lower than the current nonce of the account.\nTry increasing the nonce or find the latest nonce with `getTransactionCount`.\n\nRequest Arguments:\n  from:  0xf39Fd6e51aad88F6F4ce6aB8827279cffFb92266\n  to:    0x9fE46736679d2D9a65F0992F2272dE9f3c7fa6e0\n  data:  0x40d777ba00000000000000000000000000000000000000000000000000000000000000020000000000000000000000000000000000000000000000000000000000000000000000000000000000000000000000000000000000000000000000000000000000000000000000000000000000000000000000000000000000000000000000040000000000000000000000000000000000000000000000000000000000000000000000000000000000000000000000000000000000000000000000000000000000000000000000000000000000000000000000000000000000000000000000050000000000000000000000000000000000000000000000000000000069c481a60000000000000000000000000000000000000000000000000000000069cdbc260000000000000000000000000000000000000000000000000000000000000001\n \nContract Call:\n  address:   0x9fE46736679d2D9a65F0992F2272dE9f3c7fa6e0\n  function:  createPolicy(uint8 role, bytes32 orgId, bytes32 jurisdiction, uint8 rType, bytes32 caseId, uint8 action, uint8 maxSensitivity, uint64 notBefore, uint64 notAfter, bool allow)\n  args:                  (2, 0x0000000000000000000000000000000000000000000000000000000000000000, 0x0000000000000000000000000000000000000000000000000000000000000000, 4, 0x0000000000000000000000000000000000000000000000000000000000000000, 0, 5, 1774485926, 1775090726, true)\n  sender:    0xf39Fd6e51aad88F6F4ce6aB8827279cffFb92266\n\nDocs: https://viem.sh/docs/contract/writeContract\nDetails: Nonce too low. Expected nonce to be 266 but got 265. Note that transactions can't be queued when automining.\nVersion: viem@2.40.3""}"
w3,50,500,1645.618,,,,"{""error"": ""Internal error"", ""details"": ""Nonce provided for the transaction is lower than the current nonce of the account.\nTry increasing the nonce or find the latest nonce with `getTransactionCount`.\n\nRequest Arguments:\n  from:  0xf39Fd6e51aad88F6F4ce6aB8827279cffFb92266\n  to:    0x9fE46736679d2D9a65F0992F2272dE9f3c7fa6e0\n  data:  0x40d777ba000000000000000000000000000000000000000000000000000000000000000200000000000000000000000000000000000000000000000000000000000000000000000000000000000000000000000000000000000000000000000000000000000000000000000000000000000000000000000000000000000000000000000a000000000000000000000000000000000000000000000000000000000000000000000000000000000000000000000000000000000000000000000000000000000000000000000000000000000000000000000000000000000000000000000002000000000000000000000000000000000000000000000000000000000000000000000000000000000000000000000000000000000000000000000000000000000000000000000000000000000000000000000000000000000000000000000001\n \nContract Call:\n  address:   0x9fE46736679d2D9a65F0992F2272dE9f3c7fa6e0\n  function:  createPolicy(uint8 role, bytes32 orgId, bytes32 jurisdiction, uint8 rType, bytes32 caseId, uint8 action, uint8 maxSensitivity, uint64 notBefore, uint64 notAfter, bool allow)\n  args:                  (2, 0x0000000000000000000000000000000000000000000000000000000000000000, 0x0000000000000000000000000000000000000000000000000000000000000000, 10, 0x0000000000000000000000000000000000000000000000000000000000000000, 0, 2, 0, 0, true)\n  sender:    0xf39Fd6e51aad88F6F4ce6aB8827279cffFb92266\n\nDocs: https://viem.sh/docs/contract/writeContract\nDetails: Nonce too low. Expected nonce to be 266 but got 265. Note that transactions can't be queued when automining.\nVersion: viem@2.40.3""}"
w1,48,200,1678.103,0xb890b742d6dfdb4222a791d3e1213f1917be1109af80431b72da719667d82a60,134001,23,
w0,51,500,167.210,,,,"{""error"": ""Internal error"", ""details"": ""Nonce provided for the transaction is lower than the current nonce of the account.\nTry increasing the nonce or find the latest nonce with `getTransactionCount`.\n\nRequest Arguments:\n  from:  0xf39Fd6e51aad88F6F4ce6aB8827279cffFb92266\n  to:    0x9fE46736679d2D9a65F0992F2272dE9f3c7fa6e0\n  data:  0x40d777ba0000000000000000000000000000000000000000000000000000000000000005000000000000000000000000000000000000000000000000000000000000000000000000000000000000000000000000000000000000000000000000000000000000000000000000000000000000000000000000000000000000000000000007000000000000000000000000000000000000000000000000000000000000000000000000000000000000000000000000000000000000000000000000000000000000000000000000000000000000000000000000000000000000000000000004000000000000000000000000000000000000000000000000000000000000000000000000000000000000000000000000000000000000000000000000000000000000000000000000000000000000000000000000000000000000000000000001\n \nContract Call:\n  address:   0x9fE46736679d2D9a65F0992F2272dE9f3c7fa6e0\n  function:  createPolicy(uint8 role, bytes32 orgId, bytes32 jurisdiction, uint8 rType, bytes32 caseId, uint8 action, uint8 maxSensitivity, uint64 notBefore, uint64 notAfter, bool allow)\n  args:                  (5, 0x0000000000000000000000000000000000000000000000000000000000000000, 0x0000000000000000000000000000000000000000000000000000000000000000, 7, 0x0000000000000000000000000000000000000000000000000000000000000000, 0, 4, 0, 0, true)\n  sender:    0xf39Fd6e51aad88F6F4ce6aB8827279cffFb92266\n\nDocs: https://viem.sh/docs/contract/writeContract\nDetails: Nonce too low. Expected nonce to be 266 but got 265. Note that transactions can't be queued when automining.\nVersion: viem@2.40.3""}"
w3,53,500,174.577,,,,"{""error"": ""Internal error"", ""details"": ""Nonce provided for the transaction is lower than the current nonce of the account.\nTry increasing the nonce or find the latest nonce with `getTransactionCount`.\n\nRequest Arguments:\n  from:  0xf39Fd6e51aad88F6F4ce6aB8827279cffFb92266\n  to:    0x9fE46736679d2D9a65F0992F2272dE9f3c7fa6e0\n  data:  0x40d777ba0000000000000000000000000000000000000000000000000000000000000002000000000000000000000000000000000000000000000000000000000000000000000000000000000000000000000000000000000000000000000000000000000000000000000000000000000000000000000000000000000000000000000006000000000000000000000000000000000000000000000000000000000000000000000000000000000000000000000000000000000000000000000000000000000000000000000000000000000000000000000000000000000000000000000004000000000000000000000000000000000000000000000000000000000000000000000000000000000000000000000000000000000000000000000000000000000000000000000000000000000000000000000000000000000000000000000001\n \nContract Call:\n  address:   0x9fE46736679d2D9a65F0992F2272dE9f3c7fa6e0\n  function:  createPolicy(uint8 role, bytes32 orgId, bytes32 jurisdiction, uint8 rType, bytes32 caseId, uint8 action, uint8 maxSensitivity, uint64 notBefore, uint64 notAfter, bool allow)\n  args:                  (2, 0x0000000000000000000000000000000000000000000000000000000000000000, 0x0000000000000000000000000000000000000000000000000000000000000000, 6, 0x0000000000000000000000000000000000000000000000000000000000000000, 0, 4, 0, 0, true)\n  sender:    0xf39Fd6e51aad88F6F4ce6aB8827279cffFb92266\n\nDocs: https://viem.sh/docs/contract/writeContract\nDetails: Nonce too low. Expected nonce to be 267 but got 266. Note that transactions can't be queued when automining.\nVersion: viem@2.40.3""}"
w1,54,500,173.372,,,,"{""error"": ""Internal error"", ""details"": ""Nonce provided for the transaction is lower than the current nonce of the account.\nTry increasing the nonce or find the latest nonce with `getTransactionCount`.\n\nRequest Arguments:\n  from:  0xf39Fd6e51aad88F6F4ce6aB8827279cffFb92266\n  to:    0x9fE46736679d2D9a65F0992F2272dE9f3c7fa6e0\n  data:  0x40d777ba0000000000000000000000000000000000000000000000000000000000000007000000000000000000000000000000000000000000000000000000000000000000000000000000000000000000000000000000000000000000000000000000000000000000000000000000000000000000000000000000000000000000000009000000000000000000000000000000000000000000000000000000000000000000000000000000000000000000000000000000000000000000000000000000000000000000000000000000000000000000000000000000000000000000000002000000000000000000000000000000000000000000000000000000000000000000000000000000000000000000000000000000000000000000000000000000000000000000000000000000000000000000000000000000000000000000000001\n \nContract Call:\n  address:   0x9fE46736679d2D9a65F0992F2272dE9f3c7fa6e0\n  function:  createPolicy(uint8 role, bytes32 orgId, bytes32 jurisdiction, uint8 rType, bytes32 caseId, uint8 action, uint8 maxSensitivity, uint64 notBefore, uint64 notAfter, bool allow)\n  args:                  (7, 0x0000000000000000000000000000000000000000000000000000000000000000, 0x0000000000000000000000000000000000000000000000000000000000000000, 9, 0x0000000000000000000000000000000000000000000000000000000000000000, 0, 2, 0, 0, true)\n  sender:    0xf39Fd6e51aad88F6F4ce6aB8827279cffFb92266\n\nDocs: https://viem.sh/docs/contract/writeContract\nDetails: Nonce too low. Expected nonce to be 267 but got 266. Note that transactions can't be queued when automining.\nVersion: viem@2.40.3""}"
w2,52,200,220.037,0x2ac81f31f4b469c06b1357acdc4ada0cccf4d56d1bb8523f7586bf8e589bbbc2,134132,24,
w0,55,500,189.065,,,,"{""error"": ""Internal error"", ""details"": ""Nonce provided for the transaction is lower than the current nonce of the account.\nTry increasing the nonce or find the latest nonce with `getTransactionCount`.\n\nRequest Arguments:\n  from:  0xf39Fd6e51aad88F6F4ce6aB8827279cffFb92266\n  to:    0x9fE46736679d2D9a65F0992F2272dE9f3c7fa6e0\n  data:  0x40d777ba00000000000000000000000000000000000000000000000000000000000000040000000000000000000000000000000000000000000000000000000000000000000000000000000000000000000000000000000000000000000000000000000000000000000000000000000000000000000000000000000000000000000000060000000000000000000000000000000000000000000000000000000000000000000000000000000000000000000000000000000000000000000000000000000000000000000000000000000000000000000000000000000000000000000000050000000000000000000000000000000000000000000000000000000069c481a80000000000000000000000000000000000000000000000000000000069cdbc280000000000000000000000000000000000000000000000000000000000000001\n \nContract Call:\n  address:   0x9fE46736679d2D9a65F0992F2272dE9f3c7fa6e0\n  function:  createPolicy(uint8 role, bytes32 orgId, bytes32 jurisdiction, uint8 rType, bytes32 caseId, uint8 action, uint8 maxSensitivity, uint64 notBefore, uint64 notAfter, bool allow)\n  args:                  (4, 0x0000000000000000000000000000000000000000000000000000000000000000, 0x0000000000000000000000000000000000000000000000000000000000000000, 6, 0x0000000000000000000000000000000000000000000000000000000000000000, 0, 5, 1774485928, 1775090728, true)\n  sender:    0xf39Fd6e51aad88F6F4ce6aB8827279cffFb92266\n\nDocs: https://viem.sh/docs/contract/writeContract\nDetails: Nonce too low. Expected nonce to be 267 but got 266. Note that transactions can't be queued when automining.\nVersion: viem@2.40.3""}"
w1,57,500,160.484,,,,"{""error"": ""Internal error"", ""details"": ""Nonce provided for the transaction is lower than the current nonce of the account.\nTry increasing the nonce or find the latest nonce with `getTransactionCount`.\n\nRequest Arguments:\n  from:  0xf39Fd6e51aad88F6F4ce6aB8827279cffFb92266\n  to:    0x9fE46736679d2D9a65F0992F2272dE9f3c7fa6e0\n  data:  0x40d777ba0000000000000000000000000000000000000000000000000000000000000002000000000000000000000000000000000000000000000000000000000000000000000000000000000000000000000000000000000000000000000000000000000000000000000000000000000000000000000000000000000000000000000005000000000000000000000000000000000000000000000000000000000000000000000000000000000000000000000000000000000000000000000000000000000000000000000000000000000000000000000000000000000000000000000005000000000000000000000000000000000000000000000000000000000000000000000000000000000000000000000000000000000000000000000000000000000000000000000000000000000000000000000000000000000000000000000001\n \nContract Call:\n  address:   0x9fE46736679d2D9a65F0992F2272dE9f3c7fa6e0\n  function:  createPolicy(uint8 role, bytes32 orgId, bytes32 jurisdiction, uint8 rType, bytes32 caseId, uint8 action, uint8 maxSensitivity, uint64 notBefore, uint64 notAfter, bool allow)\n  args:                  (2, 0x0000000000000000000000000000000000000000000000000000000000000000, 0x0000000000000000000000000000000000000000000000000000000000000000, 5, 0x0000000000000000000000000000000000000000000000000000000000000000, 0, 5, 0, 0, true)\n  sender:    0xf39Fd6e51aad88F6F4ce6aB8827279cffFb92266\n\nDocs: https://viem.sh/docs/contract/writeContract\nDetails: Nonce too low. Expected nonce to be 268 but got 267. Note that transactions can't be queued when automining.\nVersion: viem@2.40.3""}"
w3,56,200,177.162,0xfd1ddb5f975a036cc587fb3f3a466bbff23202aac682c964d281b8418f89326c,114220,25,
w2,58,500,158.999,,,,"{""error"": ""Internal error"", ""details"": ""Nonce provided for the transaction is lower than the current nonce of the account.\nTry increasing the nonce or find the latest nonce with `getTransactionCount`.\n\nRequest Arguments:\n  from:  0xf39Fd6e51aad88F6F4ce6aB8827279cffFb92266\n  to:    0x9fE46736679d2D9a65F0992F2272dE9f3c7fa6e0\n  data:  0x40d777ba00000000000000000000000000000000000000000000000000000000000000040000000000000000000000000000000000000000000000000000000000000000000000000000000000000000000000000000000000000000000000000000000000000000000000000000000000000000000000000000000000000000000000020000000000000000000000000000000000000000000000000000000000000000000000000000000000000000000000000000000000000000000000000000000000000000000000000000000000000000000000000000000000000000000000050000000000000000000000000000000000000000000000000000000069c481a80000000000000000000000000000000000000000000000000000000069cdbc280000000000000000000000000000000000000000000000000000000000000001\n \nContract Call:\n  address:   0x9fE46736679d2D9a65F0992F2272dE9f3c7fa6e0\n  function:  createPolicy(uint8 role, bytes32 orgId, bytes32 jurisdiction, uint8 rType, bytes32 caseId, uint8 action, uint8 maxSensitivity, uint64 notBefore, uint64 notAfter, bool allow)\n  args:                  (4, 0x0000000000000000000000000000000000000000000000000000000000000000, 0x0000000000000000000000000000000000000000000000000000000000000000, 2, 0x0000000000000000000000000000000000000000000000000000000000000000, 0, 5, 1774485928, 1775090728, true)\n  sender:    0xf39Fd6e51aad88F6F4ce6aB8827279cffFb92266\n\nDocs: https://viem.sh/docs/contract/writeContract\nDetails: Nonce too low. Expected nonce to be 268 but got 267. Note that transactions can't be queued when automining.\nVersion: viem@2.40.3""}"
w0,59,500,175.872,,,,"{""error"": ""Internal error"", ""details"": ""Nonce provided for the transaction is lower than the current nonce of the account.\nTry increasing the nonce or find the latest nonce with `getTransactionCount`.\n\nRequest Arguments:\n  from:  0xf39Fd6e51aad88F6F4ce6aB8827279cffFb92266\n  to:    0x9fE46736679d2D9a65F0992F2272dE9f3c7fa6e0\n  data:  0x40d777ba0000000000000000000000000000000000000000000000000000000000000008000000000000000000000000000000000000000000000000000000000000000000000000000000000000000000000000000000000000000000000000000000000000000000000000000000000000000000000000000000000000000000000005000000000000000000000000000000000000000000000000000000000000000000000000000000000000000000000000000000000000000000000000000000000000000000000000000000000000000000000000000000000000000000000002000000000000000000000000000000000000000000000000000000000000000000000000000000000000000000000000000000000000000000000000000000000000000000000000000000000000000000000000000000000000000000000001\n \nContract Call:\n  address:   0x9fE46736679d2D9a65F0992F2272dE9f3c7fa6e0\n  function:  createPolicy(uint8 role, bytes32 orgId, bytes32 jurisdiction, uint8 rType, bytes32 caseId, uint8 action, uint8 maxSensitivity, uint64 notBefore, uint64 notAfter, bool allow)\n  args:                  (8, 0x0000000000000000000000000000000000000000000000000000000000000000, 0x0000000000000000000000000000000000000000000000000000000000000000, 5, 0x0000000000000000000000000000000000000000000000000000000000000000, 0, 2, 0, 0, true)\n  sender:    0xf39Fd6e51aad88F6F4ce6aB8827279cffFb92266\n\nDocs: https://viem.sh/docs/contract/writeContract\nDetails: Nonce too low. Expected nonce to be 268 but got 267. Note that transactions can't be queued when automining.\nVersion: viem@2.40.3""}"
w3,61,500,2089.117,,,,"{""error"": ""Internal error"", ""details"": ""Nonce provided for the transaction is lower than the current nonce of the account.\nTry increasing the nonce or find the latest nonce with `getTransactionCount`.\n\nRequest Arguments:\n  from:  0xf39Fd6e51aad88F6F4ce6aB8827279cffFb92266\n  to:    0x9fE46736679d2D9a65F0992F2272dE9f3c7fa6e0\n  data:  0x40d777ba00000000000000000000000000000000000000000000000000000000000000070000000000000000000000000000000000000000000000000000000000000000000000000000000000000000000000000000000000000000000000000000000000000000000000000000000000000000000000000000000000000000000000080000000000000000000000000000000000000000000000000000000000000000000000000000000000000000000000000000000000000000000000000000000000000000000000000000000000000000000000000000000000000000000000050000000000000000000000000000000000000000000000000000000069c481a80000000000000000000000000000000000000000000000000000000069cdbc280000000000000000000000000000000000000000000000000000000000000001\n \nContract Call:\n  address:   0x9fE46736679d2D9a65F0992F2272dE9f3c7fa6e0\n  function:  createPolicy(uint8 role, bytes32 orgId, bytes32 jurisdiction, uint8 rType, bytes32 caseId, uint8 action, uint8 maxSensitivity, uint64 notBefore, uint64 notAfter, bool allow)\n  args:                  (7, 0x0000000000000000000000000000000000000000000000000000000000000000, 0x0000000000000000000000000000000000000000000000000000000000000000, 8, 0x0000000000000000000000000000000000000000000000000000000000000000, 0, 5, 1774485928, 1775090728, true)\n  sender:    0xf39Fd6e51aad88F6F4ce6aB8827279cffFb92266\n\nDocs: https://viem.sh/docs/contract/writeContract\nDetails: Nonce too low. Expected nonce to be 269 but got 268. Note that transactions can't be queued when automining.\nVersion: viem@2.40.3""}"
w2,62,500,2078.787,,,,"{""error"": ""Internal error"", ""details"": ""Nonce provided for the transaction is lower than the current nonce of the account.\nTry increasing the nonce or find the latest nonce with `getTransactionCount`.\n\nRequest Arguments:\n  from:  0xf39Fd6e51aad88F6F4ce6aB8827279cffFb92266\n  to:    0x9fE46736679d2D9a65F0992F2272dE9f3c7fa6e0\n  data:  0x40d777ba00000000000000000000000000000000000000000000000000000000000000040000000000000000000000000000000000000000000000000000000000000000000000000000000000000000000000000000000000000000000000000000000000000000000000000000000000000000000000000000000000000000000000060000000000000000000000000000000000000000000000000000000000000000000000000000000000000000000000000000000000000000000000000000000000000000000000000000000000000000000000000000000000000000000000050000000000000000000000000000000000000000000000000000000069c481a80000000000000000000000000000000000000000000000000000000069cdbc280000000000000000000000000000000000000000000000000000000000000001\n \nContract Call:\n  address:   0x9fE46736679d2D9a65F0992F2272dE9f3c7fa6e0\n  function:  createPolicy(uint8 role, bytes32 orgId, bytes32 jurisdiction, uint8 rType, bytes32 caseId, uint8 action, uint8 maxSensitivity, uint64 notBefore, uint64 notAfter, bool allow)\n  args:                  (4, 0x0000000000000000000000000000000000000000000000000000000000000000, 0x0000000000000000000000000000000000000000000000000000000000000000, 6, 0x0000000000000000000000000000000000000000000000000000000000000000, 0, 5, 1774485928, 1775090728, true)\n  sender:    0xf39Fd6e51aad88F6F4ce6aB8827279cffFb92266\n\nDocs: https://viem.sh/docs/contract/writeContract\nDetails: Nonce too low. Expected nonce to be 269 but got 268. Note that transactions can't be queued when automining.\nVersion: viem@2.40.3""}"
w1,60,200,2094.999,0x83c5b168447d4ef9e27643ff02cc182d8f406839c6243075ee80da6559b55f99,134001,26,
w0,63,500,2064.523,,,,"{""error"": ""Internal error"", ""details"": ""Nonce provided for the transaction is lower than the current nonce of the account.\nTry increasing the nonce or find the latest nonce with `getTransactionCount`.\n\nRequest Arguments:\n  from:  0xf39Fd6e51aad88F6F4ce6aB8827279cffFb92266\n  to:    0x9fE46736679d2D9a65F0992F2272dE9f3c7fa6e0\n  data:  0x40d777ba0000000000000000000000000000000000000000000000000000000000000005000000000000000000000000000000000000000000000000000000000000000000000000000000000000000000000000000000000000000000000000000000000000000000000000000000000000000000000000000000000000000000000004000000000000000000000000000000000000000000000000000000000000000000000000000000000000000000000000000000000000000000000000000000000000000000000000000000000000000000000000000000000000000000000003000000000000000000000000000000000000000000000000000000000000000000000000000000000000000000000000000000000000000000000000000000000000000000000000000000000000000000000000000000000000000000000001\n \nContract Call:\n  address:   0x9fE46736679d2D9a65F0992F2272dE9f3c7fa6e0\n  function:  createPolicy(uint8 role, bytes32 orgId, bytes32 jurisdiction, uint8 rType, bytes32 caseId, uint8 action, uint8 maxSensitivity, uint64 notBefore, uint64 notAfter, bool allow)\n  args:                  (5, 0x0000000000000000000000000000000000000000000000000000000000000000, 0x0000000000000000000000000000000000000000000000000000000000000000, 4, 0x0000000000000000000000000000000000000000000000000000000000000000, 0, 3, 0, 0, true)\n  sender:    0xf39Fd6e51aad88F6F4ce6aB8827279cffFb92266\n\nDocs: https://viem.sh/docs/contract/writeContract\nDetails: Nonce too low. Expected nonce to be 269 but got 268. Note that transactions can't be queued when automining.\nVersion: viem@2.40.3""}"
w2,65,500,217.797,,,,"{""error"": ""Internal error"", ""details"": ""Nonce provided for the transaction is lower than the current nonce of the account.\nTry increasing the nonce or find the latest nonce with `getTransactionCount`.\n\nRequest Arguments:\n  from:  0xf39Fd6e51aad88F6F4ce6aB8827279cffFb92266\n  to:    0x9fE46736679d2D9a65F0992F2272dE9f3c7fa6e0\n  data:  0x40d777ba0000000000000000000000000000000000000000000000000000000000000007000000000000000000000000000000000000000000000000000000000000000000000000000000000000000000000000000000000000000000000000000000000000000000000000000000000000000000000000000000000000000000000007000000000000000000000000000000000000000000000000000000000000000000000000000000000000000000000000000000000000000000000000000000000000000000000000000000000000000000000000000000000000000000000003000000000000000000000000000000000000000000000000000000000000000000000000000000000000000000000000000000000000000000000000000000000000000000000000000000000000000000000000000000000000000000000001\n \nContract Call:\n  address:   0x9fE46736679d2D9a65F0992F2272dE9f3c7fa6e0\n  function:  createPolicy(uint8 role, bytes32 orgId, bytes32 jurisdiction, uint8 rType, bytes32 caseId, uint8 action, uint8 maxSensitivity, uint64 notBefore, uint64 notAfter, bool allow)\n  args:                  (7, 0x0000000000000000000000000000000000000000000000000000000000000000, 0x0000000000000000000000000000000000000000000000000000000000000000, 7, 0x0000000000000000000000000000000000000000000000000000000000000000, 0, 3, 0, 0, true)\n  sender:    0xf39Fd6e51aad88F6F4ce6aB8827279cffFb92266\n\nDocs: https://viem.sh/docs/contract/writeContract\nDetails: Nonce too low. Expected nonce to be 270 but got 269. Note that transactions can't be queued when automining.\nVersion: viem@2.40.3""}"
w1,66,500,228.934,,,,"{""error"": ""Internal error"", ""details"": ""Nonce provided for the transaction is lower than the current nonce of the account.\nTry increasing the nonce or find the latest nonce with `getTransactionCount`.\n\nRequest Arguments:\n  from:  0xf39Fd6e51aad88F6F4ce6aB8827279cffFb92266\n  to:    0x9fE46736679d2D9a65F0992F2272dE9f3c7fa6e0\n  data:  0x40d777ba0000000000000000000000000000000000000000000000000000000000000002000000000000000000000000000000000000000000000000000000000000000000000000000000000000000000000000000000000000000000000000000000000000000000000000000000000000000000000000000000000000000000000001000000000000000000000000000000000000000000000000000000000000000000000000000000000000000000000000000000000000000000000000000000000000000000000000000000000000000000000000000000000000000000000004000000000000000000000000000000000000000000000000000000000000000000000000000000000000000000000000000000000000000000000000000000000000000000000000000000000000000000000000000000000000000000000001\n \nContract Call:\n  address:   0x9fE46736679d2D9a65F0992F2272dE9f3c7fa6e0\n  function:  createPolicy(uint8 role, bytes32 orgId, bytes32 jurisdiction, uint8 rType, bytes32 caseId, uint8 action, uint8 maxSensitivity, uint64 notBefore, uint64 notAfter, bool allow)\n  args:                  (2, 0x0000000000000000000000000000000000000000000000000000000000000000, 0x0000000000000000000000000000000000000000000000000000000000000000, 1, 0x0000000000000000000000000000000000000000000000000000000000000000, 0, 4, 0, 0, true)\n  sender:    0xf39Fd6e51aad88F6F4ce6aB8827279cffFb92266\n\nDocs: https://viem.sh/docs/contract/writeContract\nDetails: Nonce too low. Expected nonce to be 270 but got 269. Note that transactions can't be queued when automining.\nVersion: viem@2.40.3""}"
w3,64,200,249.243,0x9b9e7adf779c9e62a175219d092f6d5a5ecc0701edad013c294ab4e8bea74ad2,134001,27,
w0,67,500,243.698,,,,"{""error"": ""Internal error"", ""details"": ""Nonce provided for the transaction is lower than the current nonce of the account.\nTry increasing the nonce or find the latest nonce with `getTransactionCount`.\n\nRequest Arguments:\n  from:  0xf39Fd6e51aad88F6F4ce6aB8827279cffFb92266\n  to:    0x9fE46736679d2D9a65F0992F2272dE9f3c7fa6e0\n  data:  0x40d777ba00000000000000000000000000000000000000000000000000000000000000080000000000000000000000000000000000000000000000000000000000000000000000000000000000000000000000000000000000000000000000000000000000000000000000000000000000000000000000000000000000000000000000070000000000000000000000000000000000000000000000000000000000000000000000000000000000000000000000000000000000000000000000000000000000000000000000000000000000000000000000000000000000000000000000050000000000000000000000000000000000000000000000000000000069c481aa0000000000000000000000000000000000000000000000000000000069cdbc2a0000000000000000000000000000000000000000000000000000000000000001\n \nContract Call:\n  address:   0x9fE46736679d2D9a65F0992F2272dE9f3c7fa6e0\n  function:  createPolicy(uint8 role, bytes32 orgId, bytes32 jurisdiction, uint8 rType, bytes32 caseId, uint8 action, uint8 maxSensitivity, uint64 notBefore, uint64 notAfter, bool allow)\n  args:                  (8, 0x0000000000000000000000000000000000000000000000000000000000000000, 0x0000000000000000000000000000000000000000000000000000000000000000, 7, 0x0000000000000000000000000000000000000000000000000000000000000000, 0, 5, 1774485930, 1775090730, true)\n  sender:    0xf39Fd6e51aad88F6F4ce6aB8827279cffFb92266\n\nDocs: https://viem.sh/docs/contract/writeContract\nDetails: Nonce too low. Expected nonce to be 270 but got 269. Note that transactions can't be queued when automining.\nVersion: viem@2.40.3""}"
w1,69,500,212.907,,,,"{""error"": ""Internal error"", ""details"": ""Nonce provided for the transaction is lower than the current nonce of the account.\nTry increasing the nonce or find the latest nonce with `getTransactionCount`.\n\nRequest Arguments:\n  from:  0xf39Fd6e51aad88F6F4ce6aB8827279cffFb92266\n  to:    0x9fE46736679d2D9a65F0992F2272dE9f3c7fa6e0\n  data:  0x40d777ba00000000000000000000000000000000000000000000000000000000000000080000000000000000000000000000000000000000000000000000000000000000000000000000000000000000000000000000000000000000000000000000000000000000000000000000000000000000000000000000000000000000000000070000000000000000000000000000000000000000000000000000000000000000000000000000000000000000000000000000000000000000000000000000000000000000000000000000000000000000000000000000000000000000000000020000000000000000000000000000000000000000000000000000000069c481aa0000000000000000000000000000000000000000000000000000000069cdbc2a0000000000000000000000000000000000000000000000000000000000000001\n \nContract Call:\n  address:   0x9fE46736679d2D9a65F0992F2272dE9f3c7fa6e0\n  function:  createPolicy(uint8 role, bytes32 orgId, bytes32 jurisdiction, uint8 rType, bytes32 caseId, uint8 action, uint8 maxSensitivity, uint64 notBefore, uint64 notAfter, bool allow)\n  args:                  (8, 0x0000000000000000000000000000000000000000000000000000000000000000, 0x0000000000000000000000000000000000000000000000000000000000000000, 7, 0x0000000000000000000000000000000000000000000000000000000000000000, 0, 2, 1774485930, 1775090730, true)\n  sender:    0xf39Fd6e51aad88F6F4ce6aB8827279cffFb92266\n\nDocs: https://viem.sh/docs/contract/writeContract\nDetails: Nonce too low. Expected nonce to be 271 but got 270. Note that transactions can't be queued when automining.\nVersion: viem@2.40.3""}"
w3,70,500,210.491,,,,"{""error"": ""Internal error"", ""details"": ""Nonce provided for the transaction is lower than the current nonce of the account.\nTry increasing the nonce or find the latest nonce with `getTransactionCount`.\n\nRequest Arguments:\n  from:  0xf39Fd6e51aad88F6F4ce6aB8827279cffFb92266\n  to:    0x9fE46736679d2D9a65F0992F2272dE9f3c7fa6e0\n  data:  0x40d777ba0000000000000000000000000000000000000000000000000000000000000008000000000000000000000000000000000000000000000000000000000000000000000000000000000000000000000000000000000000000000000000000000000000000000000000000000000000000000000000000000000000000000000004000000000000000000000000000000000000000000000000000000000000000000000000000000000000000000000000000000000000000000000000000000000000000000000000000000000000000000000000000000000000000000000004000000000000000000000000000000000000000000000000000000000000000000000000000000000000000000000000000000000000000000000000000000000000000000000000000000000000000000000000000000000000000000000001\n \nContract Call:\n  address:   0x9fE46736679d2D9a65F0992F2272dE9f3c7fa6e0\n  function:  createPolicy(uint8 role, bytes32 orgId, bytes32 jurisdiction, uint8 rType, bytes32 caseId, uint8 action, uint8 maxSensitivity, uint64 notBefore, uint64 notAfter, bool allow)\n  args:                  (8, 0x0000000000000000000000000000000000000000000000000000000000000000, 0x0000000000000000000000000000000000000000000000000000000000000000, 4, 0x0000000000000000000000000000000000000000000000000000000000000000, 0, 4, 0, 0, true)\n  sender:    0xf39Fd6e51aad88F6F4ce6aB8827279cffFb92266\n\nDocs: https://viem.sh/docs/contract/writeContract\nDetails: Nonce too low. Expected nonce to be 271 but got 270. Note that transactions can't be queued when automining.\nVersion: viem@2.40.3""}"
w2,68,200,253.443,0xdd4f0543c718eace0241503fe7efbe6623339d1a90df3d77d87851ee726e73d3,134001,28,
w0,71,500,1838.177,,,,"{""error"": ""Internal error"", ""details"": ""Nonce provided for the transaction is lower than the current nonce of the account.\nTry increasing the nonce or find the latest nonce with `getTransactionCount`.\n\nRequest Arguments:\n  from:  0xf39Fd6e51aad88F6F4ce6aB8827279cffFb92266\n  to:    0x9fE46736679d2D9a65F0992F2272dE9f3c7fa6e0\n  data:  0x40d777ba0000000000000000000000000000000000000000000000000000000000000005000000000000000000000000000000000000000000000000000000000000000000000000000000000000000000000000000000000000000000000000000000000000000000000000000000000000000000000000000000000000000000000001000000000000000000000000000000000000000000000000000000000000000000000000000000000000000000000000000000000000000000000000000000000000000000000000000000000000000000000000000000000000000000000003000000000000000000000000000000000000000000000000000000000000000000000000000000000000000000000000000000000000000000000000000000000000000000000000000000000000000000000000000000000000000000000001\n \nContract Call:\n  address:   0x9fE46736679d2D9a65F0992F2272dE9f3c7fa6e0\n  function:  createPolicy(uint8 role, bytes32 orgId, bytes32 jurisdiction, uint8 rType, bytes32 caseId, uint8 action, uint8 maxSensitivity, uint64 notBefore, uint64 notAfter, bool allow)\n  args:                  (5, 0x0000000000000000000000000000000000000000000000000000000000000000, 0x0000000000000000000000000000000000000000000000000000000000000000, 1, 0x0000000000000000000000000000000000000000000000000000000000000000, 0, 3, 0, 0, true)\n  sender:    0xf39Fd6e51aad88F6F4ce6aB8827279cffFb92266\n\nDocs: https://viem.sh/docs/contract/writeContract\nDetails: Nonce too low. Expected nonce to be 271 but got 270. Note that transactions can't be queued when automining.\nVersion: viem@2.40.3""}"
w3,73,500,1768.788,,,,"{""error"": ""Internal error"", ""details"": ""Nonce provided for the transaction is lower than the current nonce of the account.\nTry increasing the nonce or find the latest nonce with `getTransactionCount`.\n\nRequest Arguments:\n  from:  0xf39Fd6e51aad88F6F4ce6aB8827279cffFb92266\n  to:    0x9fE46736679d2D9a65F0992F2272dE9f3c7fa6e0\n  data:  0x40d777ba0000000000000000000000000000000000000000000000000000000000000004000000000000000000000000000000000000000000000000000000000000000000000000000000000000000000000000000000000000000000000000000000000000000000000000000000000000000000000000000000000000000000000008000000000000000000000000000000000000000000000000000000000000000000000000000000000000000000000000000000000000000000000000000000000000000000000000000000000000000000000000000000000000000000000004000000000000000000000000000000000000000000000000000000000000000000000000000000000000000000000000000000000000000000000000000000000000000000000000000000000000000000000000000000000000000000000001\n \nContract Call:\n  address:   0x9fE46736679d2D9a65F0992F2272dE9f3c7fa6e0\n  function:  createPolicy(uint8 role, bytes32 orgId, bytes32 jurisdiction, uint8 rType, bytes32 caseId, uint8 action, uint8 maxSensitivity, uint64 notBefore, uint64 notAfter, bool allow)\n  args:                  (4, 0x0000000000000000000000000000000000000000000000000000000000000000, 0x0000000000000000000000000000000000000000000000000000000000000000, 8, 0x0000000000000000000000000000000000000000000000000000000000000000, 0, 4, 0, 0, true)\n  sender:    0xf39Fd6e51aad88F6F4ce6aB8827279cffFb92266\n\nDocs: https://viem.sh/docs/contract/writeContract\nDetails: Nonce too low. Expected nonce to be 272 but got 271. Note that transactions can't be queued when automining.\nVersion: viem@2.40.3""}"
w2,74,500,1767.641,,,,"{""error"": ""Internal error"", ""details"": ""Nonce provided for the transaction is lower than the current nonce of the account.\nTry increasing the nonce or find the latest nonce with `getTransactionCount`.\n\nRequest Arguments:\n  from:  0xf39Fd6e51aad88F6F4ce6aB8827279cffFb92266\n  to:    0x9fE46736679d2D9a65F0992F2272dE9f3c7fa6e0\n  data:  0x40d777ba0000000000000000000000000000000000000000000000000000000000000005000000000000000000000000000000000000000000000000000000000000000000000000000000000000000000000000000000000000000000000000000000000000000000000000000000000000000000000000000000000000000000000008000000000000000000000000000000000000000000000000000000000000000000000000000000000000000000000000000000000000000000000000000000000000000000000000000000000000000000000000000000000000000000000003000000000000000000000000000000000000000000000000000000000000000000000000000000000000000000000000000000000000000000000000000000000000000000000000000000000000000000000000000000000000000000000001\n \nContract Call:\n  address:   0x9fE46736679d2D9a65F0992F2272dE9f3c7fa6e0\n  function:  createPolicy(uint8 role, bytes32 orgId, bytes32 jurisdiction, uint8 rType, bytes32 caseId, uint8 action, uint8 maxSensitivity, uint64 notBefore, uint64 notAfter, bool allow)\n  args:                  (5, 0x0000000000000000000000000000000000000000000000000000000000000000, 0x0000000000000000000000000000000000000000000000000000000000000000, 8, 0x0000000000000000000000000000000000000000000000000000000000000000, 0, 3, 0, 0, true)\n  sender:    0xf39Fd6e51aad88F6F4ce6aB8827279cffFb92266\n\nDocs: https://viem.sh/docs/contract/writeContract\nDetails: Nonce too low. Expected nonce to be 272 but got 271. Note that transactions can't be queued when automining.\nVersion: viem@2.40.3""}"
w1,72,200,1810.351,0xb816b19b1f8c245d692c016dd8554a1e4ece573fd03e7285d598e1dfb1b463f8,134001,29,
w0,75,500,155.770,,,,"{""error"": ""Internal error"", ""details"": ""Nonce provided for the transaction is lower than the current nonce of the account.\nTry increasing the nonce or find the latest nonce with `getTransactionCount`.\n\nRequest Arguments:\n  from:  0xf39Fd6e51aad88F6F4ce6aB8827279cffFb92266\n  to:    0x9fE46736679d2D9a65F0992F2272dE9f3c7fa6e0\n  data:  0x40d777ba000000000000000000000000000000000000000000000000000000000000000800000000000000000000000000000000000000000000000000000000000000000000000000000000000000000000000000000000000000000000000000000000000000000000000000000000000000000000000000000000000000000000000a000000000000000000000000000000000000000000000000000000000000000000000000000000000000000000000000000000000000000000000000000000000000000000000000000000000000000000000000000000000000000000000002000000000000000000000000000000000000000000000000000000000000000000000000000000000000000000000000000000000000000000000000000000000000000000000000000000000000000000000000000000000000000000000001\n \nContract Call:\n  address:   0x9fE46736679d2D9a65F0992F2272dE9f3c7fa6e0\n  function:  createPolicy(uint8 role, bytes32 orgId, bytes32 jurisdiction, uint8 rType, bytes32 caseId, uint8 action, uint8 maxSensitivity, uint64 notBefore, uint64 notAfter, bool allow)\n  args:                  (8, 0x0000000000000000000000000000000000000000000000000000000000000000, 0x0000000000000000000000000000000000000000000000000000000000000000, 10, 0x0000000000000000000000000000000000000000000000000000000000000000, 0, 2, 0, 0, true)\n  sender:    0xf39Fd6e51aad88F6F4ce6aB8827279cffFb92266\n\nDocs: https://viem.sh/docs/contract/writeContract\nDetails: Nonce too low. Expected nonce to be 272 but got 271. Note that transactions can't be queued when automining.\nVersion: viem@2.40.3""}"
w2,77,500,159.277,,,,"{""error"": ""Internal error"", ""details"": ""Nonce provided for the transaction is lower than the current nonce of the account.\nTry increasing the nonce or find the latest nonce with `getTransactionCount`.\n\nRequest Arguments:\n  from:  0xf39Fd6e51aad88F6F4ce6aB8827279cffFb92266\n  to:    0x9fE46736679d2D9a65F0992F2272dE9f3c7fa6e0\n  data:  0x40d777ba0000000000000000000000000000000000000000000000000000000000000005000000000000000000000000000000000000000000000000000000000000000000000000000000000000000000000000000000000000000000000000000000000000000000000000000000000000000000000000000000000000000000000001000000000000000000000000000000000000000000000000000000000000000000000000000000000000000000000000000000000000000000000000000000000000000000000000000000000000000000000000000000000000000000000003000000000000000000000000000000000000000000000000000000000000000000000000000000000000000000000000000000000000000000000000000000000000000000000000000000000000000000000000000000000000000000000001\n \nContract Call:\n  address:   0x9fE46736679d2D9a65F0992F2272dE9f3c7fa6e0\n  function:  createPolicy(uint8 role, bytes32 orgId, bytes32 jurisdiction, uint8 rType, bytes32 caseId, uint8 action, uint8 maxSensitivity, uint64 notBefore, uint64 notAfter, bool allow)\n  args:                  (5, 0x0000000000000000000000000000000000000000000000000000000000000000, 0x0000000000000000000000000000000000000000000000000000000000000000, 1, 0x0000000000000000000000000000000000000000000000000000000000000000, 0, 3, 0, 0, true)\n  sender:    0xf39Fd6e51aad88F6F4ce6aB8827279cffFb92266\n\nDocs: https://viem.sh/docs/contract/writeContract\nDetails: Nonce too low. Expected nonce to be 273 but got 272. Note that transactions can't be queued when automining.\nVersion: viem@2.40.3""}"
w1,78,500,173.266,,,,"{""error"": ""Internal error"", ""details"": ""Nonce provided for the transaction is lower than the current nonce of the account.\nTry increasing the nonce or find the latest nonce with `getTransactionCount`.\n\nRequest Arguments:\n  from:  0xf39Fd6e51aad88F6F4ce6aB8827279cffFb92266\n  to:    0x9fE46736679d2D9a65F0992F2272dE9f3c7fa6e0\n  data:  0x40d777ba0000000000000000000000000000000000000000000000000000000000000005000000000000000000000000000000000000000000000000000000000000000000000000000000000000000000000000000000000000000000000000000000000000000000000000000000000000000000000000000000000000000000000006000000000000000000000000000000000000000000000000000000000000000000000000000000000000000000000000000000000000000000000000000000000000000000000000000000000000000000000000000000000000000000000003000000000000000000000000000000000000000000000000000000000000000000000000000000000000000000000000000000000000000000000000000000000000000000000000000000000000000000000000000000000000000000000001\n \nContract Call:\n  address:   0x9fE46736679d2D9a65F0992F2272dE9f3c7fa6e0\n  function:  createPolicy(uint8 role, bytes32 orgId, bytes32 jurisdiction, uint8 rType, bytes32 caseId, uint8 action, uint8 maxSensitivity, uint64 notBefore, uint64 notAfter, bool allow)\n  args:                  (5, 0x0000000000000000000000000000000000000000000000000000000000000000, 0x0000000000000000000000000000000000000000000000000000000000000000, 6, 0x0000000000000000000000000000000000000000000000000000000000000000, 0, 3, 0, 0, true)\n  sender:    0xf39Fd6e51aad88F6F4ce6aB8827279cffFb92266\n\nDocs: https://viem.sh/docs/contract/writeContract\nDetails: Nonce too low. Expected nonce to be 273 but got 272. Note that transactions can't be queued when automining.\nVersion: viem@2.40.3""}"
w3,76,200,205.244,0x67d482d1328c9999851472dd25186c66c6403b986f3694cc39c5bbeebf4e33d6,134132,30,
w0,79,500,174.163,,,,"{""error"": ""Internal error"", ""details"": ""Nonce provided for the transaction is lower than the current nonce of the account.\nTry increasing the nonce or find the latest nonce with `getTransactionCount`.\n\nRequest Arguments:\n  from:  0xf39Fd6e51aad88F6F4ce6aB8827279cffFb92266\n  to:    0x9fE46736679d2D9a65F0992F2272dE9f3c7fa6e0\n  data:  0x40d777ba0000000000000000000000000000000000000000000000000000000000000007000000000000000000000000000000000000000000000000000000000000000000000000000000000000000000000000000000000000000000000000000000000000000000000000000000000000000000000000000000000000000000000009000000000000000000000000000000000000000000000000000000000000000000000000000000000000000000000000000000000000000000000000000000000000000000000000000000000000000000000000000000000000000000000003000000000000000000000000000000000000000000000000000000000000000000000000000000000000000000000000000000000000000000000000000000000000000000000000000000000000000000000000000000000000000000000001\n \nContract Call:\n  address:   0x9fE46736679d2D9a65F0992F2272dE9f3c7fa6e0\n  function:  createPolicy(uint8 role, bytes32 orgId, bytes32 jurisdiction, uint8 rType, bytes32 caseId, uint8 action, uint8 maxSensitivity, uint64 notBefore, uint64 notAfter, bool allow)\n  args:                  (7, 0x0000000000000000000000000000000000000000000000000000000000000000, 0x0000000000000000000000000000000000000000000000000000000000000000, 9, 0x0000000000000000000000000000000000000000000000000000000000000000, 0, 3, 0, 0, true)\n  sender:    0xf39Fd6e51aad88F6F4ce6aB8827279cffFb92266\n\nDocs: https://viem.sh/docs/contract/writeContract\nDetails: Nonce too low. Expected nonce to be 273 but got 272. Note that transactions can't be queued when automining.\nVersion: viem@2.40.3""}"
w1,81,500,166.692,,,,"{""error"": ""Internal error"", ""details"": ""Nonce provided for the transaction is lower than the current nonce of the account.\nTry increasing the nonce or find the latest nonce with `getTransactionCount`.\n\nRequest Arguments:\n  from:  0xf39Fd6e51aad88F6F4ce6aB8827279cffFb92266\n  to:    0x9fE46736679d2D9a65F0992F2272dE9f3c7fa6e0\n  data:  0x40d777ba0000000000000000000000000000000000000000000000000000000000000007000000000000000000000000000000000000000000000000000000000000000000000000000000000000000000000000000000000000000000000000000000000000000000000000000000000000000000000000000000000000000000000002000000000000000000000000000000000000000000000000000000000000000000000000000000000000000000000000000000000000000000000000000000000000000000000000000000000000000000000000000000000000000000000005000000000000000000000000000000000000000000000000000000000000000000000000000000000000000000000000000000000000000000000000000000000000000000000000000000000000000000000000000000000000000000000001\n \nContract Call:\n  address:   0x9fE46736679d2D9a65F0992F2272dE9f3c7fa6e0\n  function:  createPolicy(uint8 role, bytes32 orgId, bytes32 jurisdiction, uint8 rType, bytes32 caseId, uint8 action, uint8 maxSensitivity, uint64 notBefore, uint64 notAfter, bool allow)\n  args:                  (7, 0x0000000000000000000000000000000000000000000000000000000000000000, 0x0000000000000000000000000000000000000000000000000000000000000000, 2, 0x0000000000000000000000000000000000000000000000000000000000000000, 0, 5, 0, 0, true)\n  sender:    0xf39Fd6e51aad88F6F4ce6aB8827279cffFb92266\n\nDocs: https://viem.sh/docs/contract/writeContract\nDetails: Nonce too low. Expected nonce to be 274 but got 273. Note that transactions can't be queued when automining.\nVersion: viem@2.40.3""}"
w3,82,500,177.629,,,,"{""error"": ""Internal error"", ""details"": ""Nonce provided for the transaction is lower than the current nonce of the account.\nTry increasing the nonce or find the latest nonce with `getTransactionCount`.\n\nRequest Arguments:\n  from:  0xf39Fd6e51aad88F6F4ce6aB8827279cffFb92266\n  to:    0x9fE46736679d2D9a65F0992F2272dE9f3c7fa6e0\n  data:  0x40d777ba00000000000000000000000000000000000000000000000000000000000000020000000000000000000000000000000000000000000000000000000000000000000000000000000000000000000000000000000000000000000000000000000000000000000000000000000000000000000000000000000000000000000000080000000000000000000000000000000000000000000000000000000000000000000000000000000000000000000000000000000000000000000000000000000000000000000000000000000000000000000000000000000000000000000000040000000000000000000000000000000000000000000000000000000069c481ad0000000000000000000000000000000000000000000000000000000069cdbc2d0000000000000000000000000000000000000000000000000000000000000001\n \nContract Call:\n  address:   0x9fE46736679d2D9a65F0992F2272dE9f3c7fa6e0\n  function:  createPolicy(uint8 role, bytes32 orgId, bytes32 jurisdiction, uint8 rType, bytes32 caseId, uint8 action, uint8 maxSensitivity, uint64 notBefore, uint64 notAfter, bool allow)\n  args:                  (2, 0x0000000000000000000000000000000000000000000000000000000000000000, 0x0000000000000000000000000000000000000000000000000000000000000000, 8, 0x0000000000000000000000000000000000000000000000000000000000000000, 0, 4, 1774485933, 1775090733, true)\n  sender:    0xf39Fd6e51aad88F6F4ce6aB8827279cffFb92266\n\nDocs: https://viem.sh/docs/contract/writeContract\nDetails: Nonce too low. Expected nonce to be 274 but got 273. Note that transactions can't be queued when automining.\nVersion: viem@2.40.3""}"
w2,80,200,212.429,0x042b2d03d677962d9f2fc395e6d2830d8e8cca1ffb62feefbc692aa84e23749d,134001,31,
w0,83,500,181.231,,,,"{""error"": ""Internal error"", ""details"": ""Nonce provided for the transaction is lower than the current nonce of the account.\nTry increasing the nonce or find the latest nonce with `getTransactionCount`.\n\nRequest Arguments:\n  from:  0xf39Fd6e51aad88F6F4ce6aB8827279cffFb92266\n  to:    0x9fE46736679d2D9a65F0992F2272dE9f3c7fa6e0\n  data:  0x40d777ba0000000000000000000000000000000000000000000000000000000000000008000000000000000000000000000000000000000000000000000000000000000000000000000000000000000000000000000000000000000000000000000000000000000000000000000000000000000000000000000000000000000000000009000000000000000000000000000000000000000000000000000000000000000000000000000000000000000000000000000000000000000000000000000000000000000000000000000000000000000000000000000000000000000000000004000000000000000000000000000000000000000000000000000000000000000000000000000000000000000000000000000000000000000000000000000000000000000000000000000000000000000000000000000000000000000000000001\n \nContract Call:\n  address:   0x9fE46736679d2D9a65F0992F2272dE9f3c7fa6e0\n  function:  createPolicy(uint8 role, bytes32 orgId, bytes32 jurisdiction, uint8 rType, bytes32 caseId, uint8 action, uint8 maxSensitivity, uint64 notBefore, uint64 notAfter, bool allow)\n  args:                  (8, 0x0000000000000000000000000000000000000000000000000000000000000000, 0x0000000000000000000000000000000000000000000000000000000000000000, 9, 0x0000000000000000000000000000000000000000000000000000000000000000, 0, 4, 0, 0, true)\n  sender:    0xf39Fd6e51aad88F6F4ce6aB8827279cffFb92266\n\nDocs: https://viem.sh/docs/contract/writeContract\nDetails: Nonce too low. Expected nonce to be 274 but got 273. Note that transactions can't be queued when automining.\nVersion: viem@2.40.3""}"
w3,85,500,174.809,,,,"{""error"": ""Internal error"", ""details"": ""Nonce provided for the transaction is lower than the current nonce of the account.\nTry increasing the nonce or find the latest nonce with `getTransactionCount`.\n\nRequest Arguments:\n  from:  0xf39Fd6e51aad88F6F4ce6aB8827279cffFb92266\n  to:    0x9fE46736679d2D9a65F0992F2272dE9f3c7fa6e0\n  data:  0x40d777ba0000000000000000000000000000000000000000000000000000000000000005000000000000000000000000000000000000000000000000000000000000000000000000000000000000000000000000000000000000000000000000000000000000000000000000000000000000000000000000000000000000000000000005000000000000000000000000000000000000000000000000000000000000000000000000000000000000000000000000000000000000000000000000000000000000000000000000000000000000000000000000000000000000000000000004000000000000000000000000000000000000000000000000000000000000000000000000000000000000000000000000000000000000000000000000000000000000000000000000000000000000000000000000000000000000000000000001\n \nContract Call:\n  address:   0x9fE46736679d2D9a65F0992F2272dE9f3c7fa6e0\n  function:  createPolicy(uint8 role, bytes32 orgId, bytes32 jurisdiction, uint8 rType, bytes32 caseId, uint8 action, uint8 maxSensitivity, uint64 notBefore, uint64 notAfter, bool allow)\n  args:                  (5, 0x0000000000000000000000000000000000000000000000000000000000000000, 0x0000000000000000000000000000000000000000000000000000000000000000, 5, 0x0000000000000000000000000000000000000000000000000000000000000000, 0, 4, 0, 0, true)\n  sender:    0xf39Fd6e51aad88F6F4ce6aB8827279cffFb92266\n\nDocs: https://viem.sh/docs/contract/writeContract\nDetails: Nonce too low. Expected nonce to be 275 but got 274. Note that transactions can't be queued when automining.\nVersion: viem@2.40.3""}"
w2,86,500,1980.179,,,,"{""error"": ""Internal error"", ""details"": ""Nonce provided for the transaction is lower than the current nonce of the account.\nTry increasing the nonce or find the latest nonce with `getTransactionCount`.\n\nRequest Arguments:\n  from:  0xf39Fd6e51aad88F6F4ce6aB8827279cffFb92266\n  to:    0x9fE46736679d2D9a65F0992F2272dE9f3c7fa6e0\n  data:  0x40d777ba0000000000000000000000000000000000000000000000000000000000000008000000000000000000000000000000000000000000000000000000000000000000000000000000000000000000000000000000000000000000000000000000000000000000000000000000000000000000000000000000000000000000000007000000000000000000000000000000000000000000000000000000000000000000000000000000000000000000000000000000000000000000000000000000000000000000000000000000000000000000000000000000000000000000000003000000000000000000000000000000000000000000000000000000000000000000000000000000000000000000000000000000000000000000000000000000000000000000000000000000000000000000000000000000000000000000000001\n \nContract Call:\n  address:   0x9fE46736679d2D9a65F0992F2272dE9f3c7fa6e0\n  function:  createPolicy(uint8 role, bytes32 orgId, bytes32 jurisdiction, uint8 rType, bytes32 caseId, uint8 action, uint8 maxSensitivity, uint64 notBefore, uint64 notAfter, bool allow)\n  args:                  (8, 0x0000000000000000000000000000000000000000000000000000000000000000, 0x0000000000000000000000000000000000000000000000000000000000000000, 7, 0x0000000000000000000000000000000000000000000000000000000000000000, 0, 3, 0, 0, true)\n  sender:    0xf39Fd6e51aad88F6F4ce6aB8827279cffFb92266\n\nDocs: https://viem.sh/docs/contract/writeContract\nDetails: Nonce too low. Expected nonce to be 275 but got 274. Note that transactions can't be queued when automining.\nVersion: viem@2.40.3""}"
w0,87,500,1967.895,,,,"{""error"": ""Internal error"", ""details"": ""Nonce provided for the transaction is lower than the current nonce of the account.\nTry increasing the nonce or find the latest nonce with `getTransactionCount`.\n\nRequest Arguments:\n  from:  0xf39Fd6e51aad88F6F4ce6aB8827279cffFb92266\n  to:    0x9fE46736679d2D9a65F0992F2272dE9f3c7fa6e0\n  data:  0x40d777ba000000000000000000000000000000000000000000000000000000000000000500000000000000000000000000000000000000000000000000000000000000000000000000000000000000000000000000000000000000000000000000000000000000000000000000000000000000000000000000000000000000000000000a000000000000000000000000000000000000000000000000000000000000000000000000000000000000000000000000000000000000000000000000000000000000000000000000000000000000000000000000000000000000000000000005000000000000000000000000000000000000000000000000000000000000000000000000000000000000000000000000000000000000000000000000000000000000000000000000000000000000000000000000000000000000000000000001\n \nContract Call:\n  address:   0x9fE46736679d2D9a65F0992F2272dE9f3c7fa6e0\n  function:  createPolicy(uint8 role, bytes32 orgId, bytes32 jurisdiction, uint8 rType, bytes32 caseId, uint8 action, uint8 maxSensitivity, uint64 notBefore, uint64 notAfter, bool allow)\n  args:                  (5, 0x0000000000000000000000000000000000000000000000000000000000000000, 0x0000000000000000000000000000000000000000000000000000000000000000, 10, 0x0000000000000000000000000000000000000000000000000000000000000000, 0, 5, 0, 0, true)\n  sender:    0xf39Fd6e51aad88F6F4ce6aB8827279cffFb92266\n\nDocs: https://viem.sh/docs/contract/writeContract\nDetails: Nonce too low. Expected nonce to be 275 but got 274. Note that transactions can't be queued when automining.\nVersion: viem@2.40.3""}"
w1,84,200,2002.272,0x867e8ff24c3c5b8aebfb05a4fed54be24611a418f82c692f5cd3fd82f76b3fdc,134001,32,
w2,89,500,111.737,,,,"{""error"": ""Internal error"", ""details"": ""Nonce provided for the transaction is lower than the current nonce of the account.\nTry increasing the nonce or find the latest nonce with `getTransactionCount`.\n\nRequest Arguments:\n  from:  0xf39Fd6e51aad88F6F4ce6aB8827279cffFb92266\n  to:    0x9fE46736679d2D9a65F0992F2272dE9f3c7fa6e0\n  data:  0x40d777ba0000000000000000000000000000000000000000000000000000000000000005000000000000000000000000000000000000000000000000000000000000000000000000000000000000000000000000000000000000000000000000000000000000000000000000000000000000000000000000000000000000000000000007000000000000000000000000000000000000000000000000000000000000000000000000000000000000000000000000000000000000000000000000000000000000000000000000000000000000000000000000000000000000000000000005000000000000000000000000000000000000000000000000000000000000000000000000000000000000000000000000000000000000000000000000000000000000000000000000000000000000000000000000000000000000000000000001\n \nContract Call:\n  address:   0x9fE46736679d2D9a65F0992F2272dE9f3c7fa6e0\n  function:  createPolicy(uint8 role, bytes32 orgId, bytes32 jurisdiction, uint8 rType, bytes32 caseId, uint8 action, uint8 maxSensitivity, uint64 notBefore, uint64 notAfter, bool allow)\n  args:                  (5, 0x0000000000000000000000000000000000000000000000000000000000000000, 0x0000000000000000000000000000000000000000000000000000000000000000, 7, 0x0000000000000000000000000000000000000000000000000000000000000000, 0, 5, 0, 0, true)\n  sender:    0xf39Fd6e51aad88F6F4ce6aB8827279cffFb92266\n\nDocs: https://viem.sh/docs/contract/writeContract\nDetails: Nonce too low. Expected nonce to be 276 but got 275. Note that transactions can't be queued when automining.\nVersion: viem@2.40.3""}"
w3,88,200,1921.583,0x3110692021732736dee2cb007a967a60aba6d85f0c055e1711cf06bfb4cf7fde,134001,33,
